Format,Player,Runs,Mins,BF,4s,6s,SR,Inns,Unnamed: 8,Opposition,Ground,Start Date,Unnamed: 12
ODI,RG Sharma,264,225,173,33,9,152.6,1,,v Sri Lanka,Eden Gardens,13 Nov 2014,
ODI,V Sehwag,219,208,149,25,7,146.97,1,,v West Indies,Indore,8 Dec 2011,
ODI,Ishan Kishan,210,169,131,24,10,160.3,1,,v Bangladesh,Chattogram,10 Dec 2022,
ODI,RG Sharma,209,222,158,12,16,132.27,1,,v Australia,Bengaluru,2 Nov 2013,
ODI,RG Sharma,208*,212,153,13,12,135.94,1,,v Sri Lanka,Mohali,13 Dec 2017,
ODI,Shubman Gill,208,225,149,19,9,139.59,1,,v New Zealand,Hyderabad,18 Jan 2023,
ODI,SR Tendulkar,200*,226,147,25,3,136.05,1,,v South Africa,Gwalior,24 Feb 2010,
ODI,SR Tendulkar,186*,221,150,20,3,124.0,1,,v New Zealand,Hyderabad (Deccan),8 Nov 1999,
ODI,MS Dhoni,183*,210,145,15,10,126.2,2,,v Sri Lanka,Jaipur,31 Oct 2005,
ODI,SC Ganguly,183,210,158,17,7,115.82,1,,v Sri Lanka,Taunton,26 May 1999,
ODI,V Kohli,183,211,148,22,1,123.64,2,,v Pakistan,Mirpur,18 Mar 2012,
ODI,N Kapil Dev,175*,-,138,16,6,126.81,1,,v Zimbabwe,Tunbridge Wells,18 Jun 1983,
ODI,SR Tendulkar,175,210,141,19,4,124.11,2,,v Australia,Hyderabad,5 Nov 2009,
ODI,V Sehwag,175,198,140,14,5,125.0,1,,v Bangladesh,Mirpur,19 Feb 2011,
ODI,RG Sharma,171*,205,163,13,7,104.9,1,,v Australia,W.A.C.A,12 Jan 2016,
ODI,V Kohli,166*,173,110,13,8,150.9,1,,v Sri Lanka,Thiruvananthapuram,15 Jan 2023,
ODI,SR Tendulkar,163*,206,133,16,5,122.55,1,,v New Zealand,Christchurch,8 Mar 2009,
ODI,RG Sharma,162,-,137,20,4,118.24,1,,v West Indies,Brabourne,29 Oct 2018,
ODI,V Kohli,160*,220,159,12,2,100.62,1,,v South Africa,Cape Town,7 Feb 2018,
ODI,D Mongia,159*,233,147,17,1,108.16,1,,v Zimbabwe,Guwahati,19 Mar 2002,
ODI,RG Sharma,159,-,138,17,5,115.21,1,,v West Indies,Visakhapatnam,18 Dec 2019,
ODI,V Kohli,157*,217,129,13,4,121.7,1,,v West Indies,Visakhapatnam,24 Oct 2018,
ODI,V Kohli,154*,202,134,16,1,114.92,2,,v New Zealand,Mohali,23 Oct 2016,
ODI,M Azharuddin,153*,202,150,17,1,102.0,1,,v Zimbabwe,Cuttack,9 Apr 1998,
ODI,SC Ganguly,153*,225,150,18,3,102.0,1,,v New Zealand,Gwalior,11 Nov 1999,
ODI,R Dravid,153,196,153,15,2,100.0,1,,v New Zealand,Hyderabad (Deccan),8 Nov 1999,
ODI,RG Sharma,152*,-,117,15,8,129.91,2,,v West Indies,Guwahati,21 Oct 2018,
ODI,SR Tendulkar,152,193,151,18,0,100.66,1,,v Namibia,Pietermaritzburg,23 Feb 2003,
ODI,G Gambhir,150*,-,137,14,0,109.48,2,,v Sri Lanka,Eden Gardens,24 Dec 2009,
ODI,G Gambhir,150,214,147,14,1,102.04,1,,v Sri Lanka,Colombo (RPS),5 Feb 2009,
ODI,RG Sharma,150,215,133,13,6,112.78,2,,v South Africa,Kanpur,11 Oct 2015,
ODI,Yuvraj Singh,150,183,127,21,3,118.11,1,,v England,Cuttack,19 Jan 2017,
ODI,MS Dhoni,148,155,123,15,4,120.32,1,,v Pakistan,Visakhapatnam,5 Apr 2005,
ODI,RG Sharma,147,168,138,18,2,106.52,1,,v New Zealand,Kanpur,29 Oct 2017,
ODI,SR Tendulkar,146,200,153,15,2,95.42,1,,v Zimbabwe,Jodhpur,8 Dec 2000,
ODI,SR Tendulkar,146,186,132,17,0,110.6,1,,v Kenya,Paarl,24 Oct 2001,
ODI,V Sehwag,146,166,102,17,6,143.13,1,,v Sri Lanka,Rajkot,15 Dec 2009,
ODI,R Dravid,145,179,129,17,1,112.4,1,,v Sri Lanka,Taunton,26 May 1999,
ODI,SC Ganguly,144,192,152,8,6,94.73,1,,v Zimbabwe,Ahmedabad,5 Dec 2000,
ODI,SR Tendulkar,143,187,131,9,5,109.16,2,,v Australia,Sharjah,22 Apr 1998,
ODI,S Dhawan,143,-,115,18,3,124.34,1,,v Australia,Mohali,10 Mar 2019,
ODI,SC Ganguly,141*,216,142,11,6,99.29,1,,v South Africa,Nairobi (Gym),13 Oct 2000,
ODI,SR Tendulkar,141*,-,148,13,5,95.27,1,,v West Indies,Kuala Lumpur,14 Sep 2006,
ODI,RG Sharma,141*,195,123,17,4,114.63,2,,v Australia,Jaipur,16 Oct 2013,
ODI,SR Tendulkar,141,191,128,13,3,110.15,1,,v Australia,Dhaka,28 Oct 1998,
ODI,SC Ganguly,141,207,144,12,1,97.91,1,,v Pakistan,Adelaide,25 Jan 2000,
ODI,SR Tendulkar,141,173,135,17,1,104.44,2,,v Pakistan,Rawalpindi,16 Mar 2004,
ODI,SR Tendulkar,140*,114,101,16,3,138.61,1,,v Kenya,Bristol,23 May 1999,
ODI,V Kohli,140,-,107,21,2,130.84,2,,v West Indies,Guwahati,21 Oct 2018,
ODI,RG Sharma,140,153,113,14,3,123.89,1,,v Pakistan,Manchester,16 Jun 2019,
ODI,MS Dhoni,139*,169,121,12,5,114.87,1,,v Australia,Mohali,19 Oct 2013,
ODI,V Kohli,139*,192,126,12,3,110.31,2,,v Sri Lanka,Ranchi,16 Nov 2014,
ODI,SC Ganguly,139,197,147,11,5,94.55,1,,v Zimbabwe,Nairobi (Gym),1 Oct 1999,
ODI,SR Tendulkar,139,197,125,19,0,111.2,1,,v Australia,Indore,31 Mar 2001,
ODI,Yuvraj Singh,139,143,122,16,2,113.93,1,,v Australia,Sydney,22 Jan 2004,
ODI,Yuvraj Singh,138*,125,78,16,6,176.92,1,,v England,Rajkot,14 Nov 2008,
ODI,G Gambhir,138*,171,116,18,0,118.96,2,,v New Zealand,Jaipur,1 Dec 2010,
ODI,SR Tendulkar,138,214,133,10,1,103.75,1,,v Sri Lanka,Colombo (RPS),14 Sep 2009,
ODI,RG Sharma,138,228,139,9,4,99.28,1,,v Australia,Melbourne,18 Jan 2015,
ODI,V Kohli,138,202,140,6,5,98.57,1,,v South Africa,Chennai,22 Oct 2015,
ODI,RG Sharma,137*,-,114,15,4,120.17,2,,v England,Nottingham,12 Jul 2018,
ODI,SR Tendulkar,137,198,137,8,5,100.0,1,,v Sri Lanka,Delhi,2 Mar 1996,
ODI,S Dhawan,137,199,146,16,2,93.83,1,,v South Africa,Melbourne,22 Feb 2015,
ODI,RG Sharma,137,223,126,14,3,108.73,1,,v Bangladesh,Melbourne,19 Mar 2015,
ODI,V Kohli,136,157,122,16,2,111.47,2,,v Bangladesh,Fatullah,26 Feb 2014,
ODI,SC Ganguly,135*,-,124,6,7,108.87,2,,v Bangladesh,Dhaka,30 May 2000,
ODI,V Kohli,135,173,120,11,7,112.5,1,,v South Africa,Ranchi,30 Nov 2025,
ODI,NS Sidhu,134*,218,160,15,0,83.75,2,,v England,Gwalior,4 Mar 1993,
ODI,SR Tendulkar,134,195,131,12,3,102.29,2,,v Australia,Sharjah,24 Apr 1998,
ODI,MS Dhoni,134,203,122,10,6,109.83,1,,v England,Cuttack,19 Jan 2017,
ODI,V Kohli,133*,133,86,16,2,154.65,2,,v Sri Lanka,Hobart,28 Feb 2012,
ODI,RG Sharma,133,204,129,10,6,103.1,2,,v Australia,Sydney,12 Jan 2019,
ODI,S Dhawan,132*,-,90,20,3,146.66,2,,v Sri Lanka,Dambulla,20 Aug 2017,
ODI,VVS Laxman,131,203,138,13,1,94.92,1,,v Zimbabwe,Adelaide,24 Jan 2004,
ODI,Yuvraj Singh,131,134,102,10,7,128.43,1,,v West Indies,Kingston,26 Jun 2009,
ODI,V Kohli,131,-,96,17,2,136.45,1,,v Sri Lanka,Colombo (RPS),31 Aug 2017,
ODI,RG Sharma,131,111,84,16,5,155.95,2,,v Afghanistan,Delhi,11 Oct 2023,
ODI,SC Ganguly,130*,229,160,5,2,81.25,1,,v Sri Lanka,Nagpur,22 Mar 1999,
ODI,V Sehwag,130,193,134,15,2,97.01,1,,v New Zealand,Hyderabad (Deccan),15 Nov 2003,
ODI,Shubman Gill,130,145,97,15,1,134.02,1,,v Zimbabwe,Harare,22 Aug 2022,
ODI,V Kohli,129*,123,96,19,2,134.37,2,,v South Africa,Centurion,16 Feb 2018,
ODI,V Kohli,128*,187,119,12,1,107.56,2,,v Sri Lanka,Colombo (RPS),31 Jul 2012,
ODI,SS Iyer,128*,145,94,10,5,136.17,1,,v Netherlands,Bengaluru,12 Nov 2023,
ODI,SR Tendulkar,128,182,131,8,2,97.7,1,,v Sri Lanka,Colombo (RPS),7 Jul 1998,
ODI,SR Tendulkar,127*,175,138,15,1,92.02,2,,v Kenya,Cuttack,18 Feb 1996,
ODI,SR Tendulkar,127*,155,130,13,1,97.69,2,,v Zimbabwe,Bulawayo,26 Sep 1998,
ODI,SC Ganguly,127,150,126,14,5,100.79,1,,v South Africa,Johannesburg,5 Oct 2001,
ODI,V Kohli,127,164,114,13,3,111.4,1,,v West Indies,Dharamsala,17 Oct 2014,
ODI,S Dhawan,127,-,120,15,2,105.83,1,,v Hong Kong,Dubai (DICS),18 Sep 2018,
ODI,G Gambhir,126*,164,117,16,0,107.69,2,,v New Zealand,Vadodara,4 Dec 2010,
ODI,V Sehwag,126,136,104,21,1,121.15,2,,v England,Colombo (RPS),22 Sep 2002,
ODI,S Dhawan,126,154,113,14,2,111.5,2,,v Australia,Canberra,20 Jan 2016,
ODI,V Sehwag,125*,106,74,14,6,168.91,2,,v New Zealand,Hamilton,11 Mar 2009,
ODI,RR Pant,125*,159,113,16,2,110.61,2,,v England,Manchester,17 Jul 2022,
ODI,S Dhawan,125,198,128,15,1,97.65,1,,v Sri Lanka,The Oval,8 Jun 2017,
ODI,RG Sharma,125,165,109,11,5,114.67,2,,v Australia,Nagpur,1 Oct 2017,
ODI,SR Tendulkar,124*,140,92,12,6,134.78,2,,v Zimbabwe,Sharjah,13 Nov 1998,
ODI,AT Rayudu,124*,199,133,12,1,93.23,1,,v Zimbabwe,Harare,10 Jul 2015,
ODI,RG Sharma,124*,-,145,16,2,85.51,2,,v Sri Lanka,Pallekele,27 Aug 2017,
ODI,SC Ganguly,124,-,138,11,1,89.85,2,,v Pakistan,Dhaka,18 Jan 1998,
ODI,MS Dhoni,124,141,107,9,3,115.88,1,,v Australia,Nagpur,28 Oct 2009,
ODI,RG Sharma,124,175,127,11,3,97.63,1,,v Australia,Brisbane,15 Jan 2016,
ODI,V Kohli,124,174,108,10,3,114.81,2,,v New Zealand,Indore,18 Jan 2026,
ODI,R Dravid,123*,201,123,10,1,100.0,1,,v New Zealand,Taupo,9 Jan 1999,
ODI,YK Pathan,123*,128,96,7,7,128.12,2,,v New Zealand,Bengaluru,7 Dec 2010,
ODI,RG Sharma,123*,165,129,15,1,95.34,2,,v Bangladesh,Birmingham,15 Jun 2017,
ODI,K Srikkanth,123,-,103,14,1,119.41,1,,v Pakistan,Eden Gardens,18 Feb 1987,
ODI,SR Tendulkar,123,192,130,12,2,94.61,1,,v Pakistan,Ahmedabad,12 Apr 2005,
ODI,V Kohli,123,179,111,11,2,110.81,2,,v New Zealand,Napier,19 Jan 2014,
ODI,V Kohli,123,-,95,16,1,129.47,2,,v Australia,Ranchi,8 Mar 2019,
ODI,SR Tendulkar,122*,210,131,12,1,93.12,2,,v West Indies,Harare,4 Jul 2001,
ODI,RG Sharma,122*,212,144,13,2,84.72,2,,v South Africa,Southampton,5 Jun 2019,
ODI,V Kohli,122*,147,94,9,3,129.78,1,,v Pakistan,Colombo (RPS),10 Sep 2023,
ODI,SR Tendulkar,122,195,138,12,0,88.4,2,,v South Africa,Vadodara,17 Mar 2000,
ODI,V Kohli,122,147,105,8,5,116.19,2,,v England,Pune,15 Jan 2017,
ODI,AT Rayudu,121*,-,118,10,4,102.54,2,,v Sri Lanka,Ahmedabad,6 Nov 2014,
ODI,RG Sharma,121*,159,125,13,3,96.8,2,,v Australia,Sydney,25 Oct 2025,
ODI,Yuvraj Singh,121,177,115,12,3,105.21,2,,v Australia,Hyderabad,5 Oct 2007,
ODI,V Kohli,121,203,125,9,2,96.8,1,,v New Zealand,Wankhede,22 Oct 2017,
ODI,Shubman Gill,121,185,133,8,5,90.97,2,,v Bangladesh,Colombo (RPS),15 Sep 2023,
ODI,SR Tendulkar,120,191,141,11,2,85.1,1,,v Sri Lanka,Colombo (SSC),29 Aug 1999,
ODI,Yuvraj Singh,120,155,124,12,1,96.77,2,,v Zimbabwe,Harare,4 Sep 2005,
ODI,SR Tendulkar,120,170,115,10,5,104.34,1,,v England,Bengaluru,27 Feb 2011,
ODI,KM Jadhav,120,125,76,12,4,157.89,2,,v England,Pune,15 Jan 2017,
ODI,V Kohli,120,179,125,14,1,96.0,1,,v West Indies,Port of Spain,11 Aug 2019,
ODI,A Jadeja,119,180,121,8,1,98.34,2,,v Sri Lanka,Colombo (RPS),17 Aug 1997,
ODI,V Sehwag,119,150,95,12,5,125.26,2,,v Pakistan,Karachi,26 Jun 2008,
ODI,S Dhawan,119,164,95,20,0,125.26,2,,v West Indies,Kanpur,27 Nov 2013,
ODI,RG Sharma,119,-,128,8,6,92.96,2,,v Australia,Bengaluru,19 Jan 2020,
ODI,RG Sharma,119,142,90,12,7,132.22,2,,v England,Cuttack,9 Feb 2025,
ODI,SR Tendulkar,118*,173,112,14,2,105.35,2,,v Zimbabwe,Sharjah,8 Nov 1998,
ODI,SR Tendulkar,118,-,140,8,2,84.28,1,,v Pakistan,Sharjah,15 Apr 1996,
ODI,Yuvraj Singh,118,153,122,15,2,96.72,1,,v England,Indore,17 Nov 2008,
ODI,V Kohli,118,193,121,11,1,97.52,2,,v Australia,Visakhapatnam,20 Oct 2010,
ODI,SC Ganguly,117*,183,109,12,3,107.33,2,,v England,Colombo (RPS),22 Sep 2002,
ODI,SR Tendulkar,117*,235,120,10,0,97.5,2,,v Australia,Sydney,2 Mar 2008,
ODI,SR Tendulkar,117,188,137,13,2,85.4,2,,v New Zealand,Bengaluru,14 May 1997,
ODI,SC Ganguly,117,177,130,9,4,90.0,1,,v New Zealand,Nairobi (Gym),15 Oct 2000,
ODI,Yuvraj Singh,117,126,95,17,1,123.15,1,,v Sri Lanka,Colombo (RPS),3 Feb 2009,
ODI,V Kohli,117,154,123,14,0,95.12,2,,v West Indies,Visakhapatnam,2 Dec 2011,
ODI,V Kohli,117,174,117,7,2,100.0,1,,v Australia,Melbourne,17 Jan 2016,
ODI,S Dhawan,117,163,109,16,0,107.33,1,,v Australia,The Oval,9 Jun 2019,
ODI,V Kohli,117,149,113,9,2,103.53,1,,v New Zealand,Wankhede,15 Nov 2023,
ODI,A Jadeja,116*,176,121,6,2,95.86,1,,v Zimbabwe,Cuttack,9 Apr 1998,
ODI,SK Raina,116*,144,107,11,3,108.41,2,,v Bangladesh,Karachi,28 Jun 2008,
ODI,YBK Jaiswal,116*,169,121,12,2,95.86,2,,v South Africa,Visakhapatnam,6 Dec 2025,
ODI,R Dravid,116,118,118,12,0,98.3,1,,v Sri Lanka,Nagpur,22 Mar 1999,
ODI,V Sehwag,116,165,90,17,0,128.88,1,,v Sri Lanka,Colombo (RPS),3 Feb 2009,
ODI,S Dhawan,116,209,127,11,2,91.33,1,,v Zimbabwe,Harare,26 Jul 2013,
ODI,V Kohli,116,-,120,10,0,96.66,1,,v Australia,Nagpur,5 Mar 2019,
ODI,Shubman Gill,116,147,97,14,2,119.58,1,,v Sri Lanka,Thiruvananthapuram,15 Jan 2023,
ODI,V Kohli,115*,104,66,18,1,174.24,2,,v Australia,Nagpur,30 Oct 2013,
ODI,SR Tendulkar,115,184,136,9,3,84.55,2,,v New Zealand,Vadodara,28 Oct 1994,
ODI,V Kohli,115,133,108,13,1,106.48,2,,v Zimbabwe,Harare,24 Jul 2013,
ODI,RG Sharma,115,179,126,11,4,91.26,1,,v South Africa,Gqeberha,13 Feb 2018,
ODI,NS Sidhu,114*,125,103,9,2,110.67,1,,v West Indies,Visakhapatnam,7 Nov 1994,
ODI,V Sehwag,114*,-,82,17,2,139.02,2,,v West Indies,Rajkot,12 Nov 2002,
ODI,V Kohli,114*,127,99,14,0,115.15,2,,v West Indies,Port of Spain,14 Aug 2019,
ODI,WV Raman,114,-,148,6,1,77.02,2,,v South Africa,Centurion,11 Dec 1992,
ODI,SR Tendulkar,114,157,126,14,0,90.47,1,,v South Africa,Wankhede,14 Dec 1996,
ODI,V Sehwag,114,127,87,17,3,131.03,1,,v Bermuda,Port of Spain,19 Mar 2007,
ODI,RG Sharma,114,135,119,6,4,95.79,1,,v Zimbabwe,Bulawayo,28 May 2010,
ODI,SR Tendulkar,114,205,147,12,1,77.55,1,,v Bangladesh,Mirpur,16 Mar 2012,
ODI,S Dhawan,114,159,94,12,1,121.27,1,,v South Africa,Cardiff,6 Jun 2013,
ODI,S Dhawan,114,-,100,16,2,114.0,2,,v Pakistan,Dubai (DICS),23 Sep 2018,
ODI,MS Dhoni,113*,177,125,7,3,90.4,1,,v Pakistan,Chennai,30 Dec 2012,
ODI,SS Iyer,113*,155,111,15,0,101.8,2,,v South Africa,Ranchi,9 Oct 2022,
ODI,SC Ganguly,113,185,126,11,0,89.68,1,,v Sri Lanka,Colombo (RPS),20 Aug 1997,
ODI,SR Tendulkar,113,141,102,12,1,110.78,1,,v Sri Lanka,Bristol,11 Jul 2002,
ODI,G Gambhir,113,177,119,9,1,94.95,2,,v Australia,Sydney,24 Feb 2008,
ODI,Yuvraj Singh,113,163,123,10,2,91.86,1,,v West Indies,Chennai,20 Mar 2011,
ODI,S Dhawan,113,159,107,14,3,105.6,1,,v Sri Lanka,Cuttack,2 Nov 2014,
ODI,V Kohli,113,166,106,9,1,106.6,1,,v New Zealand,Kanpur,29 Oct 2017,
ODI,V Kohli,113,174,91,11,2,124.17,1,,v Bangladesh,Chattogram,10 Dec 2022,
ODI,V Kohli,113,117,87,12,1,129.88,1,,v Sri Lanka,Guwahati,10 Jan 2023,
ODI,SR Tendulkar,112*,137,107,15,1,104.67,2,,v Sri Lanka,Sharjah,9 Apr 1995,
ODI,SC Ganguly,112*,173,119,6,4,94.11,1,,v Namibia,Pietermaritzburg,23 Feb 2003,
ODI,V Kohli,112*,134,98,16,0,114.28,2,,v England,Delhi,17 Oct 2011,
ODI,KL Rahul,112*,121,92,11,1,121.73,1,,v New Zealand,Rajkot,14 Jan 2026,
ODI,K Srikkanth,112,-,113,10,5,99.11,1,,v West Indies,Sharjah,16 Oct 1988,
ODI,V Sehwag,112,175,139,11,3,80.57,2,,v New Zealand,Auckland,11 Jan 2003,
ODI,V Kohli,112,164,119,10,0,94.11,2,,v South Africa,Durban,1 Feb 2018,
ODI,KL Rahul,112,150,113,9,2,99.11,1,,v New Zealand,Mount Maunganui,11 Feb 2020,
ODI,Shubman Gill,112,120,78,13,5,143.58,1,,v New Zealand,Indore,24 Jan 2023,
ODI,Shubman Gill,112,141,102,14,3,109.8,1,,v England,Ahmedabad,12 Feb 2025,
ODI,M Azharuddin,111*,190,117,5,0,94.87,2,,v Sri Lanka,Colombo (RPS),17 Aug 1997,
ODI,M Kaif,111*,135,112,8,1,99.1,1,,v Zimbabwe,Colombo (RPS),14 Sep 2002,
ODI,SC Ganguly,111*,140,114,5,5,97.36,1,,v Kenya,Durban,20 Mar 2003,
ODI,V Kohli,111*,-,115,12,2,96.52,2,,v West Indies,Kingston,6 Jul 2017,
ODI,RG Sharma,111*,-,119,7,4,93.27,2,,v Pakistan,Dubai (DICS),23 Sep 2018,
ODI,KL Rahul,111*,141,106,12,2,104.71,1,,v Pakistan,Colombo (RPS),10 Sep 2023,
ODI,SC Ganguly,111,177,124,7,3,89.51,1,,v Kenya,Paarl,24 Oct 2001,
ODI,SR Tendulkar,111,184,101,8,3,109.9,1,,v South Africa,Nagpur,12 Mar 2011,
ODI,AM Rahane,111,170,108,13,2,102.77,1,,v Sri Lanka,Cuttack,2 Nov 2014,
ODI,KL Rahul,111,180,118,11,1,94.06,2,,v Sri Lanka,Leeds,6 Jul 2019,
ODI,SK Raina,110*,141,104,9,4,105.76,2,,v Zimbabwe,Auckland,14 Mar 2015,
ODI,V Kohli,110*,-,116,9,0,94.82,2,,v Sri Lanka,Colombo (RPS),3 Sep 2017,
ODI,SR Tendulkar,110,186,130,8,2,84.61,1,,v Australia,Colombo (RPS),9 Sep 1994,
ODI,SR Tendulkar,110,-,138,5,1,79.71,1,,v Sri Lanka,Colombo (RPS),28 Aug 1996,
ODI,Yuvraj Singh,110,149,114,11,1,96.49,1,,v West Indies,Colombo (RPS),7 Aug 2005,
ODI,V Sehwag,110,136,93,16,1,118.27,1,,v New Zealand,Dambulla,25 Aug 2010,
ODI,R Dravid,109*,201,124,8,0,87.9,2,,v West Indies,Ahmedabad,15 Nov 2002,
ODI,MS Dhoni,109*,121,96,6,6,113.54,1,,v Hong Kong,Karachi,25 Jun 2008,
ODI,RJ Shastri,109,-,149,11,0,73.15,1,,v South Africa,New Delhi,14 Nov 1991,
ODI,SC Ganguly,109,184,136,6,2,80.14,1,,v Sri Lanka,Colombo (RPS),7 Jul 1998,
ODI,S Dhawan,109,163,105,10,2,103.8,1,,v South Africa,Johannesburg,10 Feb 2018,
ODI,M Azharuddin,108*,-,94,8,0,114.89,1,,v Sri Lanka,Wankhede,17 Jan 1987,
ODI,M Azharuddin,108*,93,65,10,3,166.15,2,,v New Zealand,Vadodara,17 Dec 1988,
ODI,NS Sidhu,108,-,121,8,1,89.25,1,,v Pakistan,Sharjah,15 Oct 1989,
ODI,M Azharuddin,108,-,116,7,0,93.1,1,,v Sri Lanka,Sharjah,25 Apr 1990,
ODI,NS Sidhu,108,207,132,8,0,81.81,1,,v Sri Lanka,Rajkot,15 Feb 1994,
ODI,V Sehwag,108,160,119,9,2,90.75,2,,v New Zealand,Napier,29 Dec 2002,
ODI,V Sehwag,108,156,95,9,3,113.68,1,,v Pakistan,Kochi,2 Apr 2005,
ODI,V Kohli,108,148,120,7,0,90.0,1,,v Sri Lanka,Mirpur,13 Mar 2012,
ODI,KL Rahul,108,156,114,7,2,94.73,1,,v England,Pune,26 Mar 2021,
ODI,SV Samson,108,167,114,6,3,94.73,1,,v South Africa,Paarl,21 Dec 2023,
ODI,SC Ganguly,107*,180,129,11,1,82.94,2,,v Zimbabwe,Bulawayo,27 Sep 1998,
ODI,SC Ganguly,107*,196,120,11,2,89.16,2,,v Kenya,Cape Town,7 Mar 2003,
ODI,Yuvraj Singh,107*,155,93,14,0,115.05,2,,v Pakistan,Karachi,19 Feb 2006,
ODI,G Gambhir,107*,144,101,13,1,105.94,2,,v Bangladesh,Mirpur,12 Jun 2008,
ODI,R Dravid,107,199,116,10,0,92.24,2,,v Pakistan,Chennai,21 May 1997,
ODI,VVS Laxman,107,158,104,11,0,102.88,1,,v Pakistan,Lahore,24 Mar 2004,
ODI,MS Dhoni,107,135,111,8,2,96.39,1,,v Sri Lanka,Nagpur,18 Dec 2009,
ODI,V Kohli,107,-,114,11,1,93.85,2,,v Sri Lanka,Eden Gardens,24 Dec 2009,
ODI,V Kohli,107,102,93,9,1,115.05,1,,v England,Cardiff,16 Sep 2011,
ODI,V Kohli,107,168,126,8,0,84.92,1,,v Pakistan,Adelaide,15 Feb 2015,
ODI,V Kohli,107,-,119,10,1,89.91,2,,v West Indies,Pune,27 Oct 2018,
ODI,VVS Laxman,106*,219,130,5,0,81.53,1,,v Australia,Sydney,22 Jan 2004,
ODI,M Prabhakar,106,-,121,13,0,87.6,1,,v Pakistan,Jamshedpur,26 Mar 1987,
ODI,VG Kambli,106,137,110,11,0,96.36,1,,v Zimbabwe,Kanpur,6 Mar 1996,
ODI,SK Raina,106,152,115,10,1,92.17,1,,v Sri Lanka,Mirpur,13 Jan 2010,
ODI,V Kohli,106,158,113,9,0,93.8,1,,v Sri Lanka,Hambantota,21 Jul 2012,
ODI,AM Rahane,106,121,100,10,4,106.0,2,,v England,Birmingham,2 Sep 2014,
ODI,V Kohli,106,131,92,11,1,115.21,2,,v Australia,Canberra,20 Jan 2016,
ODI,A Jadeja,105*,160,109,12,0,96.33,1,,v Australia,Kochi,1 Apr 1998,
ODI,SC Ganguly,105*,202,139,10,4,75.53,2,,v South Africa,Jamshedpur,12 Mar 2000,
ODI,SR Tendulkar,105*,167,108,8,1,97.22,1,,v England,Chester-le-Street,4 Jul 2002,
ODI,KM Jadhav,105*,110,87,12,1,120.68,1,,v Zimbabwe,Harare,14 Jul 2015,
ODI,DB Vengsarkar,105,-,124,10,1,84.67,1,,v England,Pune,5 Dec 1984,
ODI,SV Manjrekar,105,-,82,8,2,128.04,1,,v South Africa,New Delhi,14 Nov 1991,
ODI,SR Tendulkar,105,180,134,10,0,78.35,1,,v West Indies,Jaipur,11 Nov 1994,
ODI,SC Ganguly,105,200,140,8,1,75.0,1,,v New Zealand,Sharjah,17 Apr 1998,
ODI,R Dravid,105,184,102,10,2,102.94,2,,v West Indies,Kingston,18 May 2006,
ODI,V Kohli,105,162,104,10,0,100.96,1,,v New Zealand,Guwahati,28 Nov 2010,
ODI,YK Pathan,105,104,70,8,8,150.0,2,,v South Africa,Centurion,23 Jan 2011,
ODI,SS Iyer,105,118,90,11,3,116.66,1,,v Australia,Indore,24 Sep 2023,
ODI,SS Iyer,105,114,70,4,8,150.0,1,,v New Zealand,Wankhede,15 Nov 2023,
ODI,RD Gaikwad,105,102,83,12,2,126.5,1,,v South Africa,Raipur,3 Dec 2025,
ODI,NS Sidhu,104*,-,109,10,3,95.41,2,,v Bangladesh,Chandigarh,25 Dec 1990,
ODI,R Dravid,104*,158,109,10,0,95.41,1,,v Kenya,Bristol,23 May 1999,
ODI,MK Tiwary,104*,144,126,10,1,82.53,1,,v West Indies,Chennai,11 Dec 2011,
ODI,MK Pandey,104*,129,81,8,1,128.39,2,,v Australia,Sydney,23 Jan 2016,
ODI,A Jadeja,104,182,126,4,3,82.53,2,,v West Indies,Cuttack,9 Nov 1994,
ODI,SR Tendulkar,104,121,97,8,1,107.21,2,,v Zimbabwe,Benoni,9 Feb 1997,
ODI,R Dravid,104,120,93,8,0,111.82,1,,v U.A.E.,Dambulla,16 Jul 2004,
ODI,R Dravid,104,199,139,6,0,74.82,1,,v Pakistan,Kochi,2 Apr 2005,
ODI,RG Sharma,104,-,88,11,3,118.18,1,,v Sri Lanka,Colombo (RPS),31 Aug 2017,
ODI,V Kohli,104,150,112,5,2,92.85,2,,v Australia,Adelaide,15 Jan 2019,
ODI,RG Sharma,104,121,92,7,5,113.04,1,,v Bangladesh,Birmingham,2 Jul 2019,
ODI,Shubman Gill,104,155,97,6,4,107.21,1,,v Australia,Indore,24 Sep 2023,
ODI,SM Gavaskar,103*,149,88,10,3,117.04,2,,v New Zealand,Nagpur,31 Oct 1987,
ODI,A Jadeja,103*,148,102,6,3,100.98,1,,v Sri Lanka,Pune,30 Mar 1999,
ODI,R Dravid,103*,-,124,8,2,83.06,1,,v West Indies,Singapore,8 Sep 1999,
ODI,VVS Laxman,103*,185,113,8,0,91.15,1,,v Australia,Brisbane,18 Jan 2004,
ODI,R Dravid,103*,157,120,8,1,85.83,1,,v Sri Lanka,Ahmedabad,6 Nov 2005,
ODI,V Kohli,103*,113,97,6,4,106.18,2,,v Bangladesh,Pune,19 Oct 2023,
ODI,G Gambhir,103,160,97,13,1,106.18,1,,v Sri Lanka,Ahmedabad,6 Nov 2005,
ODI,Yuvraj Singh,103,192,122,10,3,84.42,1,,v South Africa,Hyderabad,16 Nov 2005,
ODI,Yuvraj Singh,103,114,76,10,3,135.52,1,,v England,Margao,3 Apr 2006,
ODI,AM Rahane,103,-,104,10,2,99.03,1,,v West Indies,Port of Spain,25 Jun 2017,
ODI,RG Sharma,103,133,94,14,2,109.57,2,,v Sri Lanka,Leeds,6 Jul 2019,
ODI,SS Iyer,103,161,107,11,1,96.26,1,,v New Zealand,Hamilton,5 Feb 2020,
ODI,M Amarnath,102*,-,139,6,0,73.38,1,,v New Zealand,Sharjah,27 Mar 1988,
ODI,M Prabhakar,102*,215,154,9,0,66.23,2,,v West Indies,Kanpur,30 Oct 1994,
ODI,Yuvraj Singh,102*,99,85,9,4,120.0,1,,v Bangladesh,Dhaka,11 Apr 2003,
ODI,M Kaif,102*,-,121,11,0,84.29,2,,v New Zealand,Harare,2 Sep 2005,
ODI,G Gambhir,102*,159,101,10,1,100.99,1,,v Sri Lanka,Brisbane,5 Feb 2008,
ODI,V Kohli,102*,128,95,11,0,107.36,2,,v Bangladesh,Mirpur,11 Jan 2010,
ODI,S Dhawan,102*,183,107,10,1,95.32,2,,v West Indies,The Oval,11 Jun 2013,
ODI,RJ Shastri,102,194,141,11,1,72.34,1,,v Australia,Indore,6 Oct 1984,
ODI,RJ Shastri,102,-,142,6,1,71.83,1,,v England,Cuttack,27 Dec 1984,
ODI,K Srikkanth,102,163,104,10,1,98.07,2,,v Australia,Jaipur,7 Sep 1986,
ODI,R Lamba,102,170,120,8,2,85.0,1,,v Australia,Rajkot,7 Oct 1986,
ODI,VVS Laxman,102,196,134,9,0,76.11,1,,v Australia,Gwalior,26 Oct 2003,
ODI,SR Tendulkar,102,124,91,12,1,112.08,1,,v New Zealand,Hyderabad (Deccan),15 Nov 2003,
ODI,G Gambhir,102,166,101,10,0,100.99,2,,v Sri Lanka,Colombo (RPS),28 Jul 2012,
ODI,V Kohli,102,120,83,13,2,122.89,1,,v West Indies,Port of Spain,5 Jul 2013,
ODI,RG Sharma,102,152,109,15,0,93.57,2,,v England,Birmingham,30 Jun 2019,
ODI,KL Rahul,102,-,104,8,3,98.07,1,,v West Indies,Visakhapatnam,18 Dec 2019,
ODI,KL Rahul,102,98,64,11,4,159.37,1,,v Netherlands,Bengaluru,12 Nov 2023,
ODI,V Kohli,102,143,93,7,2,109.67,1,,v South Africa,Raipur,3 Dec 2025,
ODI,C Sharma,101*,-,96,8,1,105.2,2,,v England,Kanpur,25 Oct 1989,
ODI,RJ Shastri,101*,-,147,12,1,68.7,1,,v Sri Lanka,Nagpur,1 Dec 1990,
ODI,MS Dhoni,101*,167,107,9,0,94.39,2,,v Bangladesh,Mirpur,7 Jan 2010,
ODI,RG Sharma,101*,126,100,6,2,101.0,2,,v Sri Lanka,Bulawayo,30 May 2010,
ODI,V Kohli,101*,195,121,10,0,83.47,1,,v South Africa,Eden Gardens,5 Nov 2023,
ODI,Shubman Gill,101*,-,129,9,2,78.29,2,,v Bangladesh,Dubai (DICS),20 Feb 2025,
ODI,K Srikkanth,101,-,106,10,3,95.28,1,,v West Indies,Thiruvananthapuram,25 Jan 1988,
ODI,NS Sidhu,101,-,117,3,3,86.32,1,,v Pakistan,Sharjah,15 Apr 1996,
ODI,M Azharuddin,101,133,111,10,1,90.99,1,,v Pakistan,Toronto,20 Sep 1998,
ODI,SR Tendulkar,101,-,140,3,1,72.14,1,,v Sri Lanka,Sharjah,20 Oct 2000,
ODI,VVS Laxman,101,170,107,10,0,94.39,1,,v Australia,Margao,6 Apr 2001,
ODI,SR Tendulkar,101,209,129,9,0,78.29,1,,v South Africa,Johannesburg,5 Oct 2001,
ODI,G Gambhir,101,153,113,11,0,89.38,1,,v Bangladesh,Mirpur,12 May 2007,
ODI,SK Raina,101,80,68,7,5,148.52,1,,v Hong Kong,Karachi,25 Jun 2008,
ODI,RG Sharma,101,113,85,9,6,118.82,1,,v New Zealand,Indore,24 Jan 2023,
ODI,M Amarnath,100*,-,148,4,1,67.56,1,,v West Indies,Faridabad,19 Jan 1988,
ODI,VG Kambli,100*,202,149,9,1,67.11,1,,v England,Jaipur,18 Jan 1993,
ODI,SR Tendulkar,100*,156,103,13,0,97.08,2,,v Kenya,Eden Gardens,31 May 1998,
ODI,A Jadeja,100*,188,138,7,2,72.46,2,,v Australia,The Oval,4 Jun 1999,
ODI,SR Tendulkar,100*,110,76,10,1,131.57,1,,v West Indies,Vadodara,31 Jan 2007,
ODI,V Kohli,100*,113,83,8,2,120.48,1,,v Bangladesh,Mirpur,19 Feb 2011,
ODI,V Kohli,100*,82,52,8,7,192.3,2,,v Australia,Jaipur,16 Oct 2013,
ODI,KL Rahul,100*,176,115,7,1,86.95,2,,v Zimbabwe,Harare,11 Jun 2016,
ODI,S Dhawan,100*,140,85,13,2,117.64,2,,v Sri Lanka,Visakhapatnam,17 Dec 2017,
ODI,V Kohli,100*,151,111,7,0,90.09,2,,v Pakistan,Dubai (DICS),23 Feb 2025,
ODI,SR Tendulkar,100,-,111,9,1,90.09,1,,v Pakistan,Singapore,5 Apr 1996,
ODI,RR Singh,100,151,102,11,1,98.03,1,,v Sri Lanka,Colombo (SSC),23 Aug 1997,
ODI,M Azharuddin,100,-,111,7,0,90.09,1,,v Pakistan,Dhaka,11 Jan 1998,
ODI,SR Tendulkar,100,132,89,5,7,112.35,2,,v Australia,Kanpur,7 Apr 1998,
ODI,SC Ganguly,100,174,127,10,0,78.74,2,,v Australia,Melbourne,12 Jan 2000,
ODI,HK Badani,100,142,98,10,2,102.04,1,,v Australia,Pune,28 Mar 2001,
ODI,V Sehwag,100,97,70,19,1,142.85,2,,v New Zealand,Colombo (SSC),2 Aug 2001,
ODI,SR Tendulkar,100,158,119,9,1,84.03,1,,v Australia,Gwalior,26 Oct 2003,
ODI,SR Tendulkar,100,188,113,10,1,88.49,1,,v Pakistan,Peshawar,6 Feb 2006,
ODI,G Gambhir,100,171,118,7,0,84.74,1,,v Sri Lanka,Mirpur,13 Mar 2012,
ODI,S Dhawan,100,152,102,11,0,98.03,2,,v Australia,Nagpur,30 Oct 2013,
ODI,SK Raina,100,106,75,12,3,133.33,1,,v England,Cardiff,27 Aug 2014,
ODI,S Dhawan,100,119,85,11,5,117.64,2,,v Ireland,Hamilton,10 Mar 2015,
ODI,AT Rayudu,100,-,81,8,4,123.45,1,,v West Indies,Brabourne,29 Oct 2018,
ODI,V Sehwag,99*,165,100,11,2,99.0,2,,v Sri Lanka,Dambulla,16 Aug 2010,
ODI,K Srikkanth,99,-,111,4,3,89.18,1,,v England,Cuttack,27 Dec 1984,
ODI,VVS Laxman,99,173,110,7,0,90.0,1,,v West Indies,Nagpur,9 Nov 2002,
ODI,R Dravid,99,127,104,8,0,95.19,1,,v Pakistan,Karachi,13 Mar 2004,
ODI,SR Tendulkar,99,199,143,12,0,69.23,1,,v South Africa,Belfast,26 Jun 2007,
ODI,SR Tendulkar,99,158,112,15,1,88.39,1,,v England,Bristol,24 Aug 2007,
ODI,SR Tendulkar,99,130,91,14,1,108.79,1,,v Pakistan,Mohali,8 Nov 2007,
ODI,V Kohli,99,159,100,9,0,99.0,1,,v West Indies,Visakhapatnam,24 Nov 2013,
ODI,RG Sharma,99,142,108,9,1,91.66,2,,v Australia,Sydney,23 Jan 2016,
ODI,Yuvraj Singh,98*,143,110,6,1,89.09,1,,v Sri Lanka,Colombo (SSC),1 Aug 2001,
ODI,Shubman Gill,98*,162,98,7,2,100.0,1,,v West Indies,Port of Spain,27 Jul 2022,
ODI,NS Sidhu,98,-,113,6,1,86.72,1,,v West Indies,Sharjah,19 Oct 1991,
ODI,SR Tendulkar,98,145,75,12,1,130.66,2,,v Pakistan,Centurion,1 Mar 2003,
ODI,SC Ganguly,98,177,110,11,3,89.09,1,,v West Indies,Nagpur,21 Jan 2007,
ODI,S Dhawan,98,180,106,11,2,92.45,1,,v England,Pune,23 Mar 2021,
ODI,S Dhawan,97*,132,81,11,4,119.75,2,,v England,Birmingham,2 Sep 2014,
ODI,KL Rahul,97*,180,115,8,2,84.34,2,,v Australia,Chennai,8 Oct 2023,
ODI,SC Ganguly,97,187,142,11,1,68.3,1,,v South Africa,Hove,15 May 1999,
ODI,SR Tendulkar,97,160,120,7,1,80.83,1,,v Sri Lanka,Johannesburg,10 Mar 2003,
ODI,V Sehwag,97,-,83,9,3,116.86,1,,v West Indies,Basseterre,23 May 2006,
ODI,SR Tendulkar,97,149,102,16,0,95.09,2,,v Pakistan,Gwalior,15 Nov 2007,
ODI,G Gambhir,97,187,122,9,0,79.5,2,,v Sri Lanka,Wankhede,2 Apr 2011,
ODI,S Dhawan,97,149,99,10,3,97.97,1,,v West Indies,Port of Spain,22 Jul 2022,
ODI,SR Tendulkar,96*,187,104,13,0,92.3,2,,v Sri Lanka,Cuttack,21 Dec 2009,
ODI,V Kohli,96*,96,78,13,0,123.07,2,,v Bangladesh,Birmingham,15 Jun 2017,
ODI,SC Ganguly,96,205,136,5,2,70.58,1,,v Pakistan,Toronto,21 Sep 1997,
ODI,MS Dhoni,96,174,106,10,3,90.56,1,,v England,Jamshedpur,12 Apr 2006,
ODI,V Sehwag,96,132,97,10,0,98.96,1,,v Sri Lanka,Hambantota,21 Jul 2012,
ODI,S Dhawan,96,-,90,13,1,106.66,1,,v Australia,Rajkot,17 Jan 2020,
ODI,DB Vengsarkar,95*,-,151,7,0,62.91,1,,v Pakistan,Sharjah,10 Apr 1987,
ODI,M Azharuddin,95*,112,63,12,1,150.79,2,,v England,Gwalior,5 Mar 1993,
ODI,M Kaif,95*,143,103,7,3,92.23,1,,v South Africa,Dhaka,13 Apr 2003,
ODI,Yuvraj Singh,95*,91,83,11,3,114.45,2,,v Sri Lanka,Visakhapatnam,17 Feb 2007,
ODI,K Srikkanth,95,-,66,13,1,143.93,2,,v Sri Lanka,Delhi,15 Sep 1982,
ODI,WV Raman,95,-,123,6,0,77.23,1,,v West Indies,Rajkot,5 Jan 1988,
ODI,SR Tendulkar,95,104,78,6,5,121.79,2,,v Pakistan,Dhaka,14 Jan 1998,
ODI,A Jadeja,95,124,97,4,3,97.93,2,,v New Zealand,Rajkot,5 Nov 1999,
ODI,AB Agarkar,95,135,102,11,2,93.13,1,,v West Indies,Jamshedpur,6 Nov 2002,
ODI,SR Tendulkar,95,157,104,16,1,91.34,2,,v Pakistan,Lahore,13 Feb 2006,
ODI,V Sehwag,95,-,103,10,1,92.23,2,,v West Indies,Port of Spain,28 May 2006,
ODI,MS Dhoni,95,201,130,6,2,73.07,1,,v West Indies,Kingston,28 Jun 2009,
ODI,PA Patel,95,154,107,12,0,88.78,1,,v England,Chester-le-Street,3 Sep 2011,
ODI,RG Sharma,95,151,100,10,1,95.0,2,,v West Indies,Ahmedabad,5 Dec 2011,
ODI,S Dhawan,95,112,86,14,0,110.46,2,,v Australia,Jaipur,16 Oct 2013,
ODI,RG Sharma,95,-,92,7,2,103.26,1,,v Australia,Mohali,10 Mar 2019,
ODI,V Kohli,95,154,104,8,2,91.34,2,,v New Zealand,Dharamsala,22 Oct 2023,
ODI,DB Vengsarkar,94*,-,102,-,-,92.15,1,,v Pakistan,Sialkot,31 Oct 1984,
ODI,SS Dighe,94*,119,96,7,2,97.91,2,,v West Indies,Harare,7 Jul 2001,
ODI,NS Sidhu,94,-,116,4,0,81.03,1,,v Sri Lanka,Singapore,3 Apr 1996,
ODI,M Azharuddin,94,-,104,4,2,90.38,1,,v Australia,Mohali,3 Nov 1996,
ODI,M Azharuddin,94,159,131,3,4,71.75,2,,v Sri Lanka,Sharjah,6 Nov 1998,
ODI,SR Tendulkar,94,120,81,16,1,116.04,2,,v England,The Oval,5 Sep 2007,
ODI,MS Dhoni,94,140,96,4,2,97.91,1,,v Sri Lanka,Colombo (RPS),5 Feb 2009,
ODI,V Kohli,94,135,104,10,0,90.38,1,,v West Indies,Kingston,16 Jun 2011,
ODI,S Dhawan,94,161,114,7,1,82.45,1,,v Sri Lanka,Fatullah,28 Feb 2014,
ODI,M Azharuddin,93*,190,135,4,0,68.88,2,,v Pakistan,Melbourne,20 Feb 1985,
ODI,K Srikkanth,93*,168,115,12,0,80.86,2,,v Australia,Melbourne,3 Mar 1985,
ODI,M Kaif,93*,159,110,8,0,84.54,1,,v New Zealand,Harare,6 Sep 2005,
ODI,M Azharuddin,93,147,102,10,0,91.17,2,,v Australia,Brisbane,1 Mar 1992,
ODI,NS Sidhu,93,160,115,11,0,80.86,1,,v Pakistan,Bengaluru,9 Mar 1996,
ODI,SR Tendulkar,93,157,103,10,0,90.29,2,,v Pakistan,Hobart,21 Jan 2000,
ODI,SR Tendulkar,93,119,89,7,4,104.49,2,,v South Africa,Nagpur,19 Mar 2000,
ODI,SR Tendulkar,93,174,95,10,0,97.89,2,,v Sri Lanka,Dhaka,1 Jun 2000,
ODI,A Jadeja,93,167,103,8,4,90.29,2,,v Pakistan,Dhaka,3 Jun 2000,
ODI,SR Tendulkar,93,149,96,9,2,96.87,1,,v Sri Lanka,Nagpur,25 Oct 2005,
ODI,Yuvraj Singh,93,190,121,8,1,76.85,2,,v West Indies,Kingston,20 May 2006,
ODI,SR Tendulkar,93,140,106,13,2,87.73,2,,v South Africa,Belfast,29 Jun 2007,
ODI,Ishan Kishan,93,116,84,4,7,110.71,2,,v South Africa,Ranchi,9 Oct 2022,
ODI,V Kohli,93,123,91,8,1,102.19,2,,v New Zealand,Vadodara,11 Jan 2026,
ODI,SM Gavaskar,92*,198,144,4,0,63.88,2,,v Australia,Sydney,21 Jan 1986,
ODI,R Dravid,92*,88,63,11,1,146.03,1,,v England,Bristol,24 Aug 2007,
ODI,MS Dhoni,92*,144,86,7,4,106.97,1,,v South Africa,Indore,14 Oct 2015,
ODI,HH Pandya,92*,-,76,7,1,121.05,1,,v Australia,Canberra,2 Dec 2020,
ODI,K Srikkanth,92,-,83,-,-,110.84,2,,v Sri Lanka,Bengaluru,26 Sep 1982,
ODI,SM Gavaskar,92,-,134,6,0,68.65,1,,v Pakistan,Sharjah,18 Apr 1986,
ODI,K Srikkanth,92,-,89,10,2,103.37,2,,v Sri Lanka,Sharjah,27 Nov 1986,
ODI,A Jadeja,92,142,109,8,3,84.4,2,,v South Africa,Kochi,9 Mar 2000,
ODI,R Dravid,92,189,116,10,0,79.31,1,,v Pakistan,Abu Dhabi,19 Apr 2006,
ODI,G Gambhir,92,140,111,7,0,82.88,2,,v Australia,Adelaide,12 Feb 2012,
ODI,V Kohli,92,148,107,8,0,85.98,1,,v Australia,Eden Gardens,21 Sep 2017,
ODI,Shubman Gill,92,136,92,11,2,100.0,1,,v Sri Lanka,Wankhede,2 Nov 2023,
ODI,MS Dhoni,91*,182,106,7,0,85.84,2,,v Bangladesh,Mirpur,10 May 2007,
ODI,MS Dhoni,91*,128,79,8,2,115.18,2,,v Sri Lanka,Wankhede,2 Apr 2011,
ODI,M Prabhakar,91,184,126,4,0,72.22,1,,v Zimbabwe,Indore,18 Nov 1993,
ODI,SR Tendulkar,91,146,87,4,2,104.59,2,,v England,Sharjah,11 Dec 1997,
ODI,SR Tendulkar,91,176,121,7,0,75.2,1,,v Australia,Brisbane,4 Mar 2008,
ODI,V Sehwag,91,116,73,15,1,124.65,2,,v England,Cuttack,26 Nov 2008,
ODI,V Kohli,91,136,102,7,0,89.21,2,,v Bangladesh,Mirpur,7 Jan 2010,
ODI,AM Rahane,91,166,104,6,0,87.5,2,,v England,Mohali,20 Oct 2011,
ODI,G Gambhir,91,168,106,6,0,85.84,2,,v Sri Lanka,Adelaide,14 Feb 2012,
ODI,S Dhawan,91,-,79,8,1,115.18,2,,v Sri Lanka,Hyderabad,9 Nov 2014,
ODI,V Kohli,91,148,97,9,1,93.81,1,,v Australia,W.A.C.A,12 Jan 2016,
ODI,RG Sharma,91,146,119,7,2,76.47,1,,v Pakistan,Birmingham,4 Jun 2017,
ODI,M Azharuddin,90*,121,89,5,2,101.12,2,,v Sri Lanka,Sharjah,14 Apr 1995,
ODI,RG Sharma,90*,131,98,7,2,91.83,2,,v West Indies,Visakhapatnam,2 Dec 2011,
ODI,SM Gavaskar,90,-,117,8,0,76.92,1,,v West Indies,Albion,29 Mar 1983,
ODI,M Azharuddin,90,-,118,7,1,76.27,1,,v South Africa,Eden Gardens,24 Nov 1993,
ODI,A Jadeja,90,176,127,7,0,70.86,1,,v New Zealand,Delhi,3 Nov 1994,
ODI,SR Tendulkar,90,124,84,14,1,107.14,2,,v Australia,Wankhede,27 Feb 1996,
ODI,R Dravid,90,-,114,6,0,78.94,1,,v Pakistan,Toronto,17 Sep 1996,
ODI,SC Ganguly,90,193,128,3,3,70.31,1,,v Pakistan,Sharjah,14 Dec 1997,
ODI,V Sehwag,90,124,102,5,5,88.23,2,,v Zimbabwe,Hobart,14 Jan 2004,
ODI,SC Ganguly,90,152,119,5,3,75.63,1,,v England,Lord's,5 Sep 2004,
ODI,SC Ganguly,90,173,124,8,0,72.58,1,,v Kenya,Southampton,11 Sep 2004,
ODI,G Gambhir,90,134,84,10,1,107.14,2,,v Bangladesh,Karachi,28 Jun 2008,
ODI,KM Jadhav,90,118,75,12,1,120.0,2,,v England,Eden Gardens,22 Jan 2017,
ODI,AT Rayudu,90,150,113,8,4,79.64,1,,v New Zealand,Wellington,3 Feb 2019,
ODI,HH Pandya,90,-,76,7,4,118.42,2,,v Australia,Sydney,27 Nov 2020,
ODI,SR Tendulkar,89*,-,89,9,3,100.0,2,,v Pakistan,Toronto,16 Sep 1996,
ODI,SK Raina,89*,121,79,9,1,112.65,2,,v England,Mohali,23 Jan 2013,
ODI,Yashpal Sharma,89,133,120,9,0,74.16,1,,v West Indies,Manchester,9 Jun 1983,
ODI,DB Vengsarkar,89,-,82,11,1,108.53,2,,v Sri Lanka,Colombo (SSC),25 Aug 1985,
ODI,SC Ganguly,89,117,96,11,0,92.7,2,,v Pakistan,Karachi,30 Sep 1997,
ODI,GK Khoda,89,197,129,8,0,68.99,2,,v Kenya,Bengaluru,20 May 1998,
ODI,SR Tendulkar,89,133,91,12,1,97.8,2,,v Australia,Bengaluru,12 Nov 2003,
ODI,SC Ganguly,89,161,114,6,2,78.07,1,,v Bermuda,Port of Spain,19 Mar 2007,
ODI,V Sehwag,89,126,76,13,1,117.1,1,,v Pakistan,Mirpur,10 Jun 2008,
ODI,AM Rahane,89,107,80,6,1,111.25,1,,v Australia,Brisbane,15 Jan 2016,
ODI,V Kohli,89,-,91,8,0,97.8,2,,v Australia,Bengaluru,19 Jan 2020,
ODI,V Kohli,89,-,87,7,2,102.29,2,,v Australia,Sydney,29 Nov 2020,
ODI,DB Vengsarkar,88*,-,107,9,0,82.24,2,,v England,Jalandhar,20 Dec 1981,
ODI,A Jadeja,88*,81,61,2,6,144.26,1,,v Zimbabwe,Singapore,4 Sep 1999,
ODI,MS Dhoni,88*,124,95,5,1,92.63,1,,v Sri Lanka,Brisbane,5 Feb 2008,
ODI,KL Rahul,88*,102,64,3,6,137.5,1,,v New Zealand,Hamilton,5 Feb 2020,
ODI,NS Sidhu,88,-,98,6,3,89.79,1,,v New Zealand,Sharjah,27 Mar 1988,
ODI,DB Vengsarkar,88,-,120,-,-,73.33,1,,v West Indies,St John's,18 Mar 1989,
ODI,M Amarnath,88,-,80,7,2,110.0,1,,v Pakistan,Sharjah,15 Oct 1989,
ODI,SR Tendulkar,88,147,112,10,0,78.57,2,,v West Indies,Cuttack,9 Nov 1994,
ODI,M Azharuddin,88,-,99,9,0,88.88,1,,v Pakistan,Toronto,17 Sep 1996,
ODI,SR Tendulkar,88,189,111,9,0,79.27,2,,v Australia,Bengaluru,21 Oct 1996,
ODI,G Gambhir,88,173,99,7,0,88.88,1,,v Sri Lanka,Pallekele,4 Aug 2012,
ODI,SS Iyer,88,99,70,9,2,125.71,1,,v Sri Lanka,Mohali,13 Dec 2017,
ODI,V Kohli,88,139,94,11,0,93.61,1,,v Sri Lanka,Wankhede,2 Nov 2023,
ODI,VVS Laxman,87*,176,127,10,0,68.5,2,,v Sri Lanka,Colombo (RPS),28 Jul 2001,
ODI,SR Tendulkar,87*,120,67,13,1,129.85,2,,v England,Kanpur,28 Jan 2002,
ODI,M Kaif,87*,109,75,6,2,116.0,2,,v England,Lord's,13 Jul 2002,
ODI,V Kohli,87*,126,92,7,2,94.56,2,,v South Africa,Gqeberha,21 Jan 2011,
ODI,MS Dhoni,87*,104,70,10,1,124.28,1,,v England,Hyderabad,14 Oct 2011,
ODI,MS Dhoni,87*,-,114,6,0,76.31,2,,v Australia,Melbourne,18 Jan 2019,
ODI,N Kapil Dev,87,-,64,9,2,135.93,2,,v West Indies,Nagpur,8 Dec 1987,
ODI,A Jadeja,87,124,106,12,1,82.07,2,,v Australia,Sharjah,19 Apr 1994,
ODI,SC Ganguly,87,110,84,12,2,103.57,2,,v South Africa,Vadodara,17 Mar 2000,
ODI,Yuvraj Singh,87,82,60,10,6,145.0,1,,v New Zealand,Christchurch,8 Mar 2009,
ODI,RA Jadeja,87,87,68,9,2,127.94,2,,v England,Leeds,5 Sep 2014,
ODI,AM Rahane,87,87,58,9,3,150.0,2,,v South Africa,Wankhede,25 Oct 2015,
ODI,S Dhawan,87,-,92,8,2,94.56,1,,v West Indies,Port of Spain,23 Jun 2017,
ODI,V Kohli,87,-,66,4,4,131.81,1,,v West Indies,Port of Spain,25 Jun 2017,
ODI,RG Sharma,87,116,96,9,3,90.62,1,,v New Zealand,Mount Maunganui,26 Jan 2019,
ODI,HH Pandya,87,122,90,7,1,96.66,1,,v Pakistan,Pallekele,2 Sep 2023,
ODI,RG Sharma,87,162,101,10,3,86.13,1,,v England,Lucknow,29 Oct 2023,
ODI,Shubman Gill,87,133,96,14,0,90.62,2,,v England,Nagpur,6 Feb 2025,
ODI,M Azharuddin,86*,-,106,5,1,81.13,1,,v South Africa,Bloemfontein,15 Dec 1992,
ODI,RG Sharma,86*,137,91,5,2,94.5,2,,v West Indies,North Sound,11 Jun 2011,
ODI,V Kohli,86*,-,99,11,0,86.86,2,,v England,Wankhede,23 Oct 2011,
ODI,S Dhawan,86*,169,95,6,1,90.52,2,,v Sri Lanka,Colombo (RPS),18 Jul 2021,
ODI,SV Samson,86*,118,63,9,3,136.5,2,,v South Africa,Lucknow,6 Oct 2022,
ODI,M Prabhakar,86,-,123,4,0,69.91,2,,v Sri Lanka,Colombo (RPS),12 Aug 1993,
ODI,VG Kambli,86,-,116,10,0,74.13,1,,v South Africa,Mohali,22 Nov 1993,
ODI,SC Ganguly,86,146,110,12,1,78.18,2,,v New Zealand,Delhi,17 Nov 1999,
ODI,SC Ganguly,86,144,83,8,3,103.61,1,,v Zimbabwe,Mohali,10 Mar 2002,
ODI,SR Tendulkar,86,129,95,8,0,90.52,1,,v Australia,Brisbane,18 Jan 2004,
ODI,R Dravid,86,183,115,8,0,74.78,1,,v Pakistan,Kanpur,15 Apr 2005,
ODI,RV Uthappa,86,123,96,12,1,89.58,2,,v England,Indore,15 Apr 2006,
ODI,SC Ganguly,86,161,111,7,2,77.47,2,,v Australia,Nagpur,14 Oct 2007,
ODI,V Kohli,86,120,84,9,2,102.38,2,,v West Indies,Kochi,21 Nov 2013,
ODI,RG Sharma,86,91,63,6,6,136.5,2,,v Pakistan,Ahmedabad,14 Oct 2023,
ODI,R Dravid,85*,76,63,8,1,134.92,1,,v Sri Lanka,Nagpur,25 Oct 2005,
ODI,G Gambhir,85*,-,115,8,1,73.91,2,,v Scotland,Glasgow,16 Aug 2007,
ODI,MS Dhoni,85*,113,76,8,2,111.84,2,,v Zimbabwe,Auckland,14 Mar 2015,
ODI,V Kohli,85*,109,81,9,1,104.93,2,,v New Zealand,Dharamsala,16 Oct 2016,
ODI,M Azharuddin,85,-,103,5,2,82.52,1,,v Sri Lanka,Moratuwa,14 Aug 1993,
ODI,SC Ganguly,85,108,72,7,3,118.05,1,,v Sri Lanka,Colombo (SSC),29 Aug 1999,
ODI,SR Tendulkar,85,114,72,7,3,118.05,1,,v Zimbabwe,Singapore,4 Sep 1999,
ODI,R Dravid,85,-,121,4,0,70.24,1,,v Zimbabwe,Sharjah,22 Oct 2000,
ODI,SC Ganguly,85,174,125,8,1,68.0,2,,v Zimbabwe,Bulawayo,27 Jun 2001,
ODI,SC Ganguly,85,127,95,6,4,89.47,2,,v South Africa,East London,19 Oct 2001,
ODI,V Sehwag,85,108,73,10,3,116.43,1,,v England,Rajkot,14 Nov 2008,
ODI,SR Tendulkar,85,160,115,11,0,73.91,1,,v Pakistan,Mohali,30 Mar 2011,
ODI,V Kohli,85,-,81,9,0,104.93,2,,v West Indies,Cuttack,22 Dec 2019,
ODI,RR Pant,85,94,71,10,2,119.71,1,,v South Africa,Paarl,21 Jan 2022,
ODI,Shubman Gill,85,168,92,11,0,92.39,1,,v West Indies,Tarouba,1 Aug 2023,
ODI,V Kohli,85,171,116,6,0,73.27,2,,v Australia,Chennai,8 Oct 2023,
ODI,PK Amre,84*,-,98,5,0,85.71,2,,v South Africa,East London,19 Dec 1992,
ODI,NS Sidhu,84*,133,106,5,0,79.24,2,,v Sri Lanka,Sharjah,14 Apr 1995,
ODI,MS Dhoni,84*,120,89,6,0,94.38,1,,v New Zealand,Napier,3 Mar 2009,
ODI,G Gambhir,84*,150,90,10,0,93.33,2,,v England,Delhi,17 Oct 2011,
ODI,SM Patil,84,-,60,7,3,140.0,2,,v Pakistan,Multan,17 Dec 1982,
ODI,M Azharuddin,84,166,129,4,1,65.11,2,,v Australia,Sharjah,5 Apr 1987,
ODI,SR Tendulkar,84,122,107,6,0,78.5,1,,v New Zealand,Dunedin,12 Mar 1992,
ODI,R Dravid,84,140,94,5,1,89.36,2,,v South Africa,Durban,13 Feb 1997,
ODI,M Azharuddin,84,167,120,7,0,70.0,2,,v Bangladesh,Dhaka,10 Jan 1998,
ODI,Yuvraj Singh,84,121,80,12,0,105.0,1,,v Australia,Nairobi (Gym),7 Oct 2000,
ODI,R Dravid,84,131,106,3,0,79.24,1,,v Zimbabwe,Brisbane,20 Jan 2004,
ODI,SK Raina,84,110,69,10,3,121.73,2,,v Pakistan,Karachi,26 Jun 2008,
ODI,SK Raina,84,111,75,7,2,112.0,1,,v England,Lord's,11 Sep 2011,
ODI,V Kohli,84,135,98,5,0,85.71,2,,v Australia,Dubai (DICS),4 Mar 2025,
ODI,M Azharuddin,83*,-,154,8,0,53.89,2,,v England,The Oval,24 May 1986,
ODI,M Kaif,83*,130,103,6,0,80.58,1,,v West Indies,Colombo (RPS),7 Aug 2005,
ODI,RG Sharma,83*,-,104,5,3,79.8,2,,v Bangladesh,Dubai (DICS),21 Sep 2018,
ODI,SM Gavaskar,83,-,107,6,3,77.57,2,,v West Indies,Jamshedpur,7 Dec 1983,
ODI,M Prabhakar,83,162,118,6,0,70.33,1,,v New Zealand,Jamshedpur,15 Nov 1995,
ODI,SC Ganguly,83,171,136,6,1,61.02,1,,v South Africa,East London,4 Feb 1997,
ODI,SC Ganguly,83,155,116,8,2,71.55,1,,v West Indies,Dhaka,31 Oct 1998,
ODI,VVS Laxman,83,123,88,6,0,94.31,1,,v Australia,Indore,31 Mar 2001,
ODI,SR Tendulkar,83,166,101,5,1,82.17,1,,v Kenya,Durban,20 Mar 2003,
ODI,IK Pathan,83,104,70,8,4,118.57,1,,v Sri Lanka,Nagpur,25 Oct 2005,
ODI,Yuvraj Singh,83,52,46,3,7,180.43,1,,v Bermuda,Port of Spain,19 Mar 2007,
ODI,G Gambhir,83,139,97,6,1,85.56,2,,v Pakistan,Dambulla,19 Jun 2010,
ODI,RG Sharma,83,135,93,11,1,89.24,2,,v England,Mohali,23 Jan 2013,
ODI,SK Raina,83,149,98,8,2,84.69,1,,v England,Dharamsala,27 Jan 2013,
ODI,HH Pandya,83,86,66,5,5,125.75,1,,v Australia,Chennai,17 Sep 2017,
ODI,RG Sharma,83,105,67,9,3,123.88,1,,v Sri Lanka,Guwahati,10 Jan 2023,
ODI,SR Tendulkar,82*,116,81,6,1,101.23,1,,v England,Jaipur,18 Jan 1993,
ODI,VG Kambli,82*,95,66,4,3,124.24,1,,v U.A.E.,Sharjah,13 Apr 1994,
ODI,SR Tendulkar,82*,110,86,6,0,95.34,2,,v Sri Lanka,Guwahati,22 Dec 1997,
ODI,SR Tendulkar,82*,157,126,10,1,65.07,2,,v Bangladesh,Colombo (SSC),21 Jul 2004,
ODI,Yuvraj Singh,82*,103,89,8,2,92.13,2,,v Pakistan,Rawalpindi,11 Feb 2006,
ODI,V Kohli,82*,-,70,10,1,117.14,2,,v Sri Lanka,Dambulla,20 Aug 2017,
ODI,Shubman Gill,82*,130,72,10,1,113.88,2,,v Zimbabwe,Harare,18 Aug 2022,
ODI,BP Patel,82,-,78,8,2,105.12,1,,v England,Leeds,13 Jul 1974,
ODI,SV Manjrekar,82,182,133,7,0,61.65,2,,v England,Leeds,18 Jul 1990,
ODI,K Srikkanth,82,103,84,10,1,97.61,1,,v West Indies,Adelaide,14 Dec 1991,
ODI,SR Tendulkar,82,69,49,15,2,167.34,2,,v New Zealand,Auckland,27 Mar 1994,
ODI,RR Singh,82,-,83,4,2,98.79,2,,v Pakistan,Dhaka,18 Jan 1998,
ODI,M Azharuddin,82,147,91,10,0,90.1,1,,v Australia,Kochi,1 Apr 1998,
ODI,SC Ganguly,82,180,129,7,1,63.56,1,,v Zimbabwe,Vadodara,5 Apr 1998,
ODI,S Ramesh,82,200,131,8,0,62.59,2,,v Pakistan,Sharjah,13 Apr 1999,
ODI,V Sehwag,82,70,62,14,0,132.25,2,,v England,Kanpur,28 Jan 2002,
ODI,R Dravid,82,130,117,7,0,70.08,1,,v England,Chester-le-Street,4 Jul 2002,
ODI,V Sehwag,82,107,81,10,3,101.23,2,,v Australia,Johannesburg,23 Mar 2003,
ODI,SC Ganguly,82,119,83,6,1,98.79,2,,v Australia,Melbourne,9 Jan 2004,
ODI,R Dravid,82,136,100,8,1,82.0,2,,v Sri Lanka,Dambulla,18 Jul 2004,
ODI,V Kohli,82,125,92,4,0,89.13,2,,v Sri Lanka,Bulawayo,30 May 2010,
ODI,G Gambhir,82,129,101,6,0,81.18,2,,v Bangladesh,Dambulla,16 Jun 2010,
ODI,V Kohli,82,129,78,7,3,105.12,2,,v New Zealand,Wellington,31 Jan 2014,
ODI,V Kohli,82,128,77,4,2,106.49,1,,v Australia,The Oval,9 Jun 2019,
ODI,SS Iyer,82,140,102,6,3,80.39,2,,v Bangladesh,Mirpur,7 Dec 2022,
ODI,Ishan Kishan,82,116,81,9,2,101.23,1,,v Pakistan,Pallekele,2 Sep 2023,
ODI,SS Iyer,82,84,56,3,6,146.42,1,,v Sri Lanka,Wankhede,2 Nov 2023,
ODI,M Azharuddin,81*,122,103,4,2,78.64,1,,v Sri Lanka,Colombo (RPS),18 Jul 1997,
ODI,SR Tendulkar,81*,191,110,8,0,73.63,2,,v West Indies,Bulawayo,30 Jun 2001,
ODI,SK Raina,81*,131,89,8,1,91.01,2,,v England,Faridabad,31 Mar 2006,
ODI,V Kohli,81*,108,68,6,3,119.11,1,,v Pakistan,Birmingham,4 Jun 2017,
ODI,KM Jadhav,81*,-,87,9,1,93.1,2,,v Australia,Hyderabad,2 Mar 2019,
ODI,S Dhawan,81*,130,113,9,0,71.68,2,,v Zimbabwe,Harare,18 Aug 2022,
ODI,SR Tendulkar,81,88,77,8,1,105.19,1,,v Zimbabwe,Hamilton,7 Mar 1992,
ODI,M Azharuddin,81,137,99,4,2,81.81,1,,v U.A.E.,Sharjah,13 Apr 1994,
ODI,M Azharuddin,81,145,84,7,1,96.42,2,,v West Indies,Chennai,23 Oct 1994,
ODI,M Azharuddin,81,110,102,1,2,79.41,1,,v Sri Lanka,Colombo (RPS),26 Jul 1997,
ODI,R Dravid,81,192,121,6,0,66.94,2,,v Pakistan,Sharjah,13 Apr 1999,
ODI,SR Tendulkar,81,122,91,10,0,89.01,1,,v Zimbabwe,Harare,19 Feb 2003,
ODI,V Sehwag,81,144,92,6,2,88.04,1,,v Sri Lanka,Colombo (RPS),27 Jul 2004,
ODI,V Kohli,81,118,103,6,1,78.64,2,,v West Indies,Port of Spain,8 Jun 2011,
ODI,RG Sharma,81,94,57,5,6,142.1,2,,v Australia,Rajkot,27 Sep 2023,
ODI,Yuvraj Singh,80*,74,60,8,1,133.33,2,,v Zimbabwe,Hyderabad (Deccan),16 Mar 2002,
ODI,G Gambhir,80*,132,107,9,0,74.76,2,,v Ireland,Belfast,23 Jun 2007,
ODI,Shubman Gill,80*,116,66,8,3,121.21,1,,v New Zealand,Wankhede,15 Nov 2023,
ODI,SM Gavaskar,80,173,142,5,0,56.33,1,,v Australia,Melbourne,11 Jan 1981,
ODI,M Amarnath,80,-,139,-,-,57.55,2,,v West Indies,The Oval,15 Jun 1983,
ODI,NS Sidhu,80,-,88,5,1,90.9,1,,v Sri Lanka,Ahmedabad,22 Oct 1989,
ODI,VG Kambli,80,-,75,8,1,106.66,1,,v Zimbabwe,Faridabad,19 Mar 1993,
ODI,NS Sidhu,80,162,110,5,0,72.72,2,,v Australia,Sharjah,19 Apr 1994,
ODI,NS Sidhu,80,166,116,5,0,68.96,1,,v Zimbabwe,Kanpur,6 Mar 1996,
ODI,SR Tendulkar,80,136,72,9,0,111.11,2,,v Australia,Sharjah,19 Apr 1998,
ODI,SC Ganguly,80,160,114,7,1,70.17,2,,v Sri Lanka,Colombo (RPS),19 Jun 1998,
ODI,R Dravid,80,144,84,3,1,95.23,1,,v Australia,Bengaluru,25 Mar 2001,
ODI,SC Ganguly,80,128,99,4,4,80.8,2,,v England,Wankhede,3 Feb 2002,
ODI,M Kaif,80,141,111,7,0,72.07,1,,v Bangladesh,Chattogram,23 Dec 2004,
ODI,MS Dhoni,80,106,73,9,3,109.58,2,,v Sri Lanka,Vadodara,12 Nov 2005,
ODI,SK Raina,80,-,62,12,0,129.03,2,,v England,Wankhede,23 Oct 2011,
ODI,V Kohli,80,99,85,5,0,94.11,1,,v West Indies,Chennai,11 Dec 2011,
ODI,MS Dhoni,80,122,91,6,3,87.91,2,,v New Zealand,Mohali,23 Oct 2016,
ODI,KL Rahul,80,-,52,6,3,153.84,1,,v Australia,Rajkot,17 Jan 2020,
ODI,SS Iyer,80,154,111,9,0,72.07,1,,v West Indies,Ahmedabad,11 Feb 2022,
ODI,SS Iyer,80,122,76,4,4,105.26,1,,v New Zealand,Auckland,25 Nov 2022,
ODI,A Jadeja,79*,111,77,5,1,102.59,1,,v Zimbabwe,Vadodara,5 Apr 1998,
ODI,Yuvraj Singh,79*,72,67,9,3,117.91,2,,v Sri Lanka,Rajkot,9 Nov 2005,
ODI,Yuvraj Singh,79*,135,87,10,0,90.8,2,,v Pakistan,Lahore,13 Feb 2006,
ODI,V Kohli,79*,121,104,9,2,75.96,2,,v West Indies,Johannesburg,30 Sep 2009,
ODI,MS Dhoni,79*,111,73,6,3,108.21,1,,v New Zealand,Hamilton,28 Jan 2014,
ODI,M Azharuddin,79,125,77,6,0,102.59,1,,v South Africa,Adelaide,15 Mar 1992,
ODI,NS Sidhu,79,169,113,8,1,69.91,2,,v Sri Lanka,Hyderabad (Deccan),18 Feb 1994,
ODI,SC Ganguly,79,161,108,5,0,73.14,2,,v West Indies,Kingstown,30 Apr 1997,
ODI,R Dravid,79,103,70,11,0,112.85,2,,v South Africa,Nagpur,19 Mar 2000,
ODI,V Sehwag,79,85,57,14,1,138.59,1,,v Pakistan,Karachi,13 Mar 2004,
ODI,SC Ganguly,79,164,120,9,0,65.83,1,,v Sri Lanka,Colombo (RPS),27 Jul 2004,
ODI,VVS Laxman,79,153,99,8,0,79.79,1,,v Kenya,Southampton,11 Sep 2004,
ODI,SR Tendulkar,79,184,119,7,0,66.38,1,,v Australia,Chandigarh,8 Oct 2007,
ODI,KD Karthik,79,124,85,4,3,92.94,1,,v South Africa,Gwalior,24 Feb 2010,
ODI,RG Sharma,79,119,89,7,3,88.76,2,,v Australia,Nagpur,30 Oct 2013,
ODI,RG Sharma,79,131,94,6,4,84.04,1,,v New Zealand,Hamilton,28 Jan 2014,
ODI,S Dhawan,79,-,80,7,1,98.75,2,,v Sri Lanka,Ahmedabad,6 Nov 2014,
ODI,AM Rahane,79,90,60,7,3,131.66,1,,v South Africa,Melbourne,22 Feb 2015,
ODI,MS Dhoni,79,152,88,4,2,89.77,1,,v Australia,Chennai,17 Sep 2017,
ODI,AM Rahane,79,126,86,5,2,91.86,2,,v South Africa,Durban,1 Feb 2018,
ODI,S Dhawan,79,97,84,10,0,94.04,2,,v South Africa,Paarl,19 Jan 2022,
ODI,SS Iyer,79,122,98,4,2,80.61,1,,v New Zealand,Dubai (DICS),2 Mar 2025,
ODI,AD Gaekwad,78*,-,115,-,-,67.82,2,,v Pakistan,Sahiwal,3 Nov 1978,
ODI,SM Gavaskar,78*,185,109,6,1,71.55,2,,v Australia,Sharjah,5 Apr 1987,
ODI,M Azharuddin,78*,-,95,2,2,82.1,2,,v Pakistan,Sharjah,27 Apr 1990,
ODI,R Dravid,78*,186,106,10,0,73.58,2,,v South Africa,Wankhede,28 Nov 2005,
ODI,MS Dhoni,78*,110,71,6,3,109.85,1,,v England,Lord's,11 Sep 2011,
ODI,MS Dhoni,78*,-,79,4,2,98.73,1,,v West Indies,North Sound,30 Jun 2017,
ODI,VG Kambli,78,-,100,9,0,78.0,2,,v Sri Lanka,Kanpur,7 Nov 1993,
ODI,R Dravid,78,100,79,9,0,98.73,1,,v Sri Lanka,Colombo (SSC),23 Aug 1997,
ODI,SC Ganguly,78,130,99,9,0,78.78,1,,v West Indies,Nagpur,9 Nov 2002,
ODI,SR Tendulkar,78,192,103,6,0,75.72,2,,v Pakistan,Colombo (RPS),25 Jul 2004,
ODI,Yuvraj Singh,78,74,62,10,2,125.8,1,,v Pakistan,Eden Gardens,13 Nov 2004,
ODI,M Kaif,78,94,88,9,0,88.63,1,,v Pakistan,Kanpur,15 Apr 2005,
ODI,R Dravid,78,160,109,7,0,71.55,1,,v West Indies,Vadodara,31 Jan 2007,
ODI,V Sehwag,78,58,44,13,2,177.27,1,,v Hong Kong,Karachi,25 Jun 2008,
ODI,Yuvraj Singh,78,146,96,8,2,81.25,2,,v Australia,Delhi,31 Oct 2009,
ODI,RA Jadeja,78,132,89,10,0,87.64,1,,v England,The Oval,9 Sep 2011,
ODI,V Kohli,78,88,65,7,2,120.0,2,,v New Zealand,Hamilton,22 Jan 2014,
ODI,S Dhawan,78,69,56,7,3,139.28,2,,v Australia,Sydney,23 Jan 2016,
ODI,RG Sharma,78,107,79,6,3,98.73,1,,v Sri Lanka,The Oval,8 Jun 2017,
ODI,S Dhawan,78,130,83,12,1,93.97,2,,v South Africa,The Oval,11 Jun 2017,
ODI,HH Pandya,78,98,72,5,4,108.33,2,,v Australia,Indore,24 Sep 2017,
ODI,V Kohli,78,-,76,6,0,102.63,1,,v Australia,Rajkot,17 Jan 2020,
ODI,RR Pant,78,79,62,5,4,125.8,1,,v England,Pune,28 Mar 2021,
ODI,SS Iyer,78,76,64,8,2,121.87,1,,v England,Ahmedabad,12 Feb 2025,
ODI,DB Vengsarkar,77*,106,88,5,0,87.5,2,,v Australia,Melbourne,31 Jan 1986,
ODI,V Sehwag,77*,89,62,11,0,124.19,2,,v South Africa,Bengaluru,19 Nov 2005,
ODI,MS Dhoni,77*,88,56,6,4,137.5,2,,v Pakistan,Karachi,19 Feb 2006,
ODI,V Kohli,77*,110,79,9,2,97.46,2,,v England,Ranchi,19 Jan 2013,
ODI,DB Vengsarkar,77,117,79,7,3,97.46,1,,v Australia,Thiruvananthapuram,1 Oct 1984,
ODI,SM Gavaskar,77,170,110,4,1,70.0,2,,v Australia,Adelaide,26 Jan 1986,
ODI,RJ Shastri,77,-,99,8,1,77.77,2,,v Pakistan,Sharjah,23 Oct 1991,
ODI,SR Tendulkar,77,157,127,5,0,60.62,1,,v West Indies,Brisbane,11 Jan 1992,
ODI,SR Tendulkar,77,157,109,9,0,70.64,1,,v Pakistan,Toronto,20 Sep 1998,
ODI,R Dravid,77,-,87,6,2,88.5,1,,v West Indies,Toronto,14 Sep 1999,
ODI,HK Badani,77,135,99,2,1,77.77,1,,v Zimbabwe,Rajkot,14 Dec 2000,
ODI,R Dravid,77,143,102,6,0,75.49,1,,v South Africa,Durban,26 Oct 2001,
ODI,Yuvraj Singh,77,130,95,4,3,81.05,1,,v Pakistan,Kanpur,11 Nov 2007,
ODI,V Sehwag,77,79,56,11,1,137.5,1,,v New Zealand,Napier,3 Mar 2009,
ODI,V Kohli,77,156,94,8,1,81.91,2,,v Sri Lanka,W.A.C.A,8 Feb 2012,
ODI,STR Binny,77,92,76,6,2,101.31,1,,v Zimbabwe,Harare,10 Jul 2015,
ODI,V Kohli,77,155,99,5,0,77.77,2,,v South Africa,Rajkot,18 Oct 2015,
ODI,V Kohli,77,105,65,7,0,118.46,1,,v Pakistan,Manchester,16 Jun 2019,
ODI,KL Rahul,77,135,92,6,1,83.69,1,,v Bangladesh,Birmingham,2 Jul 2019,
ODI,RA Jadeja,77,84,59,4,4,130.5,2,,v New Zealand,Manchester,9 Jul 2019,
ODI,KL Rahul,77,-,89,8,1,86.51,2,,v West Indies,Cuttack,22 Dec 2019,
ODI,RR Pant,77,79,40,3,7,192.5,1,,v England,Pune,26 Mar 2021,
ODI,Ishan Kishan,77,85,64,8,3,120.31,1,,v West Indies,Tarouba,1 Aug 2023,
ODI,SS Iyer,77,101,87,7,2,88.5,1,,v South Africa,Eden Gardens,5 Nov 2023,
ODI,SM Gavaskar,76*,-,128,4,3,59.37,1,,v West Indies,Sharjah,22 Nov 1985,
ODI,DB Vengsarkar,76*,-,100,6,1,76.0,1,,v West Indies,Sharjah,16 Oct 1988,
ODI,R Dravid,76*,141,92,9,0,82.6,2,,v Pakistan,Lahore,21 Mar 2004,
ODI,V Kohli,76*,136,101,7,1,75.24,2,,v South Africa,The Oval,11 Jun 2017,
ODI,RG Sharma,76*,79,58,7,5,131.03,2,,v England,The Oval,12 Jul 2022,
ODI,NS Sidhu,76,-,87,4,3,87.35,2,,v Sri Lanka,Dhaka,4 Nov 1988,
ODI,NS Sidhu,76,152,107,5,2,71.02,2,,v England,Chandigarh,21 Jan 1993,
ODI,A Jadeja,76,119,109,6,0,69.72,1,,v Pakistan,Lahore,2 Oct 1997,
ODI,A Jadeja,76,134,103,6,2,73.78,1,,v New Zealand,Nottingham,12 Jun 1999,
ODI,Yuvraj Singh,76,115,70,10,1,108.57,2,,v Sri Lanka,Adelaide,19 Feb 2008,
ODI,MS Dhoni,76,150,96,4,0,79.16,1,,v Pakistan,Karachi,2 Jul 2008,
ODI,MS Dhoni,76,99,80,8,0,95.0,1,,v Sri Lanka,Colombo (RPS),24 Aug 2008,
ODI,SK Raina,76,125,78,6,1,97.43,1,,v Sri Lanka,Colombo (RPS),27 Aug 2008,
ODI,R Dravid,76,160,103,4,0,73.78,2,,v Pakistan,Centurion,26 Sep 2009,
ODI,G Gambhir,76,136,80,6,0,95.0,1,,v Australia,Nagpur,28 Oct 2009,
ODI,HH Pandya,76,46,43,4,6,176.74,2,,v Pakistan,The Oval,18 Jun 2017,
ODI,S Dhawan,76,105,63,12,0,120.63,1,,v South Africa,Cape Town,7 Feb 2018,
ODI,KL Rahul,76,-,66,4,5,115.15,2,,v Australia,Sydney,29 Nov 2020,
ODI,RG Sharma,76,102,83,7,3,91.56,2,,v New Zealand,Dubai (DICS),9 Mar 2025,
ODI,SV Manjrekar,75*,-,95,1,0,78.94,2,,v Sri Lanka,Eden Gardens,4 Jan 1991,
ODI,M Azharuddin,75*,-,105,4,2,71.42,2,,v Sri Lanka,Kanpur,7 Nov 1993,
ODI,SC Ganguly,75*,136,75,8,1,100.0,2,,v Pakistan,Toronto,20 Sep 1997,
ODI,MS Dhoni,75*,103,69,3,4,108.69,1,,v England,Eden Gardens,25 Oct 2011,
ODI,S Dhawan,75*,142,103,6,0,72.81,2,,v New Zealand,Napier,23 Jan 2019,
ODI,KL Rahul,75*,176,91,7,1,82.41,2,,v Australia,Wankhede,17 Mar 2023,
ODI,GR Viswanath,75,158,134,7,0,55.97,1,,v West Indies,Birmingham,9 Jun 1979,
ODI,N Kapil Dev,75,81,51,9,3,147.05,1,,v New Zealand,Brisbane,21 Dec 1980,
ODI,K Srikkanth,75,-,80,8,2,93.75,1,,v Pakistan,Sharjah,18 Apr 1986,
ODI,NS Sidhu,75,101,71,4,4,105.63,1,,v New Zealand,Bengaluru,14 Oct 1987,
ODI,K Srikkanth,75,80,58,9,3,129.31,2,,v New Zealand,Nagpur,31 Oct 1987,
ODI,RR Singh,75,124,94,5,3,79.78,2,,v Australia,The Oval,4 Jun 1999,
ODI,RR Singh,75,150,105,4,1,71.42,2,,v Australia,Colombo (SSC),28 Aug 1999,
ODI,VVS Laxman,75,127,99,5,0,75.75,1,,v Zimbabwe,Faridabad,7 Mar 2002,
ODI,Yuvraj Singh,75,81,52,6,3,144.23,1,,v Zimbabwe,Guwahati,19 Mar 2002,
ODI,SC Ganguly,75,117,80,7,2,93.75,1,,v South Africa,Dhaka,13 Apr 2003,
ODI,V Sehwag,75,105,65,12,1,115.38,1,,v New Zealand,Harare,6 Sep 2005,
ODI,S Dhawan,75,118,73,10,0,102.73,1,,v Bangladesh,Mirpur,24 Jun 2015,
ODI,V Kohli,75,119,83,7,1,90.36,1,,v South Africa,Johannesburg,10 Feb 2018,
ODI,V Kohli,75,-,82,7,0,91.46,2,,v England,Nottingham,12 Jul 2018,
ODI,RG Sharma,75,111,73,7,3,102.73,2,,v South Africa,Visakhapatnam,6 Dec 2025,
ODI,M Amarnath,74*,-,122,6,0,60.65,2,,v Pakistan,Dhaka,31 Oct 1988,
ODI,M Azharuddin,74*,127,85,2,2,87.05,1,,v England,Sharjah,9 Apr 1999,
ODI,A Jadeja,74*,89,67,7,0,110.44,1,,v England,Sharjah,11 Apr 1999,
ODI,RG Sharma,74*,87,59,6,5,125.42,2,,v Nepal,Pallekele,4 Sep 2023,
ODI,V Kohli,74*,111,81,7,0,91.35,2,,v Australia,Sydney,25 Oct 2025,
ODI,M Amarnath,74,135,101,3,0,73.26,1,,v New Zealand,Melbourne,23 Jan 1986,
ODI,R Lamba,74,117,68,8,1,108.82,2,,v Australia,Delhi,2 Oct 1986,
ODI,M Azharuddin,74,120,72,6,1,102.77,2,,v England,Gwalior,4 Mar 1993,
ODI,M Prabhakar,74,131,95,7,0,77.89,2,,v New Zealand,Vadodara,28 Oct 1994,
ODI,R Dravid,74,111,105,6,0,70.47,2,,v West Indies,Kingstown,30 Apr 1997,
ODI,SC Ganguly,74,106,83,9,2,89.15,1,,v Australia,Margao,6 Apr 2001,
ODI,SC Ganguly,74,149,95,5,3,77.89,2,,v England,Delhi,31 Jan 2002,
ODI,D Mongia,74,113,104,9,0,71.15,2,,v West Indies,Bridgetown,29 May 2002,
ODI,R Dravid,74,76,64,4,0,115.62,1,,v Australia,Brisbane,18 Jan 2004,
ODI,SR Tendulkar,74,170,100,7,1,74.0,2,,v Sri Lanka,Colombo (RPS),1 Aug 2004,
ODI,V Sehwag,74,67,40,12,2,185.0,1,,v Pakistan,Visakhapatnam,5 Apr 2005,
ODI,R Dravid,74,135,93,6,0,79.56,1,,v South Africa,Belfast,26 Jun 2007,
ODI,Yuvraj Singh,74,127,84,6,2,88.09,1,,v Sri Lanka,Mirpur,5 Jan 2010,
ODI,SK Raina,74,78,56,5,3,132.14,1,,v Pakistan,Adelaide,15 Feb 2015,
ODI,S Dhawan,74,-,91,9,1,81.31,1,,v Australia,Wankhede,14 Jan 2020,
ODI,S Dhawan,74,-,86,10,0,86.04,2,,v Australia,Sydney,27 Nov 2020,
ODI,Shubman Gill,74,110,63,6,2,117.46,2,,v Australia,Mohali,22 Sep 2023,
ODI,RJ Shastri,73*,-,72,11,1,101.38,2,,v West Indies,Gwalior,22 Jan 1988,
ODI,M Azharuddin,73*,77,64,3,2,114.06,1,,v England,Manchester,26 May 1996,
ODI,SC Ganguly,73*,75,52,8,2,140.38,2,,v Bangladesh,Colombo (SSC),24 Jul 1997,
ODI,RR Singh,73*,69,63,5,3,115.87,1,,v West Indies,Dhaka,31 Oct 1998,
ODI,R Dravid,73*,113,86,7,0,84.88,2,,v England,Lord's,29 Jun 2002,
ODI,SC Ganguly,73*,136,99,6,1,73.73,2,,v Ireland,Belfast,23 Jun 2007,
ODI,NS Sidhu,73,-,79,4,5,92.4,2,,v Australia,Chennai,9 Oct 1987,
ODI,M Prabhakar,73,158,112,5,0,65.17,2,,v England,Gwalior,5 Mar 1993,
ODI,SR Tendulkar,73,96,64,10,3,114.06,1,,v Pakistan,Sharjah,15 Apr 1994,
ODI,NS Sidhu,73,162,111,6,0,65.76,1,,v New Zealand,Napier,16 Feb 1995,
ODI,A Jadeja,73,136,101,8,0,72.27,2,,v Bangladesh,Mohali,14 May 1998,
ODI,R Dravid,73,172,109,4,1,66.97,1,,v South Africa,Faridabad,15 Mar 2000,
ODI,V Sehwag,73,116,83,10,1,87.95,1,,v Pakistan,Abu Dhabi,19 Apr 2006,
ODI,Yuvraj Singh,73,86,62,11,1,117.74,2,,v Sri Lanka,Colombo (RPS),8 Feb 2009,
ODI,V Sehwag,73,87,66,12,0,110.6,1,,v South Africa,Nagpur,12 Mar 2011,
ODI,AM Rahane,73,158,83,7,1,87.95,2,,v Bangladesh,Fatullah,26 Feb 2014,
ODI,AM Rahane,73,152,101,3,1,72.27,1,,v England,W.A.C.A,30 Jan 2015,
ODI,S Dhawan,73,136,76,7,1,96.05,1,,v Pakistan,Adelaide,15 Feb 2015,
ODI,AT Rayudu,73,105,80,8,0,91.25,1,,v West Indies,Visakhapatnam,24 Oct 2018,
ODI,KL Rahul,73,133,70,5,4,104.28,1,,v Bangladesh,Mirpur,4 Dec 2022,
ODI,RG Sharma,73,130,97,7,2,75.25,1,,v Australia,Adelaide,23 Oct 2025,
ODI,N Kapil Dev,72*,88,58,4,1,124.13,1,,v New Zealand,Bengaluru,14 Oct 1987,
ODI,M Azharuddin,72*,101,80,4,0,90.0,1,,v Sri Lanka,Delhi,2 Mar 1996,
ODI,R Dravid,72*,103,64,7,0,112.5,2,,v Zimbabwe,Bulawayo,27 Jun 2001,
ODI,MS Dhoni,72*,60,46,13,0,156.52,2,,v Pakistan,Lahore,13 Feb 2006,
ODI,SA Yadav,72*,48,37,6,6,194.59,1,,v Australia,Indore,24 Sep 2023,
ODI,Yashpal Sharma,72,142,105,3,4,68.57,1,,v New Zealand,Adelaide,23 Dec 1980,
ODI,N Kapil Dev,72,-,38,7,3,189.47,1,,v West Indies,Albion,29 Mar 1983,
ODI,SM Gavaskar,72,170,123,3,0,58.53,2,,v Australia,Melbourne,31 Jan 1986,
ODI,RJ Shastri,72,-,66,3,3,109.09,1,,v New Zealand,Sharjah,1 Apr 1988,
ODI,SV Manjrekar,72,-,93,3,0,77.41,1,,v Pakistan,Sharjah,18 Oct 1991,
ODI,A Jadeja,72,129,102,4,1,70.58,1,,v Sri Lanka,Wankhede,17 May 1997,
ODI,SC Ganguly,72,167,104,9,1,69.23,2,,v Australia,Kanpur,7 Apr 1998,
ODI,M Azharuddin,72,115,82,4,1,87.8,2,,v Zimbabwe,Bulawayo,27 Sep 1998,
ODI,SC Ganguly,72,122,83,9,0,86.74,2,,v West Indies,Rajkot,12 Nov 2002,
ODI,SC Ganguly,72,131,104,9,1,69.23,2,,v England,Birmingham,27 Aug 2007,
ODI,Yuvraj Singh,72,72,57,10,2,126.31,1,,v England,Leeds,2 Sep 2007,
ODI,SR Tendulkar,72,105,72,9,1,100.0,2,,v Australia,Nagpur,14 Oct 2007,
ODI,MS Dhoni,72,78,53,7,3,135.84,1,,v Sri Lanka,Rajkot,15 Dec 2009,
ODI,RG Sharma,72,185,99,3,1,72.72,2,,v West Indies,Cuttack,29 Nov 2011,
ODI,MS Dhoni,72,117,66,7,2,109.09,1,,v England,Kochi,15 Jan 2013,
ODI,RG Sharma,72,105,81,8,1,88.88,2,,v West Indies,Kochi,21 Nov 2013,
ODI,M Vijay,72,135,95,1,2,75.78,1,,v Zimbabwe,Harare,12 Jul 2015,
ODI,AM Rahane,72,-,112,4,1,64.28,1,,v West Indies,North Sound,30 Jun 2017,
ODI,V Kohli,72,146,82,8,0,87.8,1,,v West Indies,Manchester,27 Jun 2019,
ODI,S Dhawan,72,100,77,13,0,93.5,1,,v New Zealand,Auckland,25 Nov 2022,
ODI,NS Sidhu,71*,118,77,3,1,92.2,1,,v New Zealand,Wellington,30 Mar 1994,
ODI,A Jadeja,71*,95,69,2,2,102.89,1,,v South Africa,Sharjah,17 Apr 1996,
ODI,SC Ganguly,71*,117,68,12,1,104.41,2,,v Zimbabwe,Kanpur,11 Dec 2000,
ODI,R Dravid,71*,122,87,7,0,81.6,2,,v South Africa,East London,19 Oct 2001,
ODI,M Kaif,71*,79,77,8,0,92.2,2,,v Pakistan,Lahore,21 Mar 2004,
ODI,MS Dhoni,71*,153,95,6,0,74.73,2,,v Australia,Delhi,31 Oct 2009,
ODI,V Kohli,71*,98,68,9,0,104.41,2,,v Sri Lanka,Mirpur,10 Jan 2010,
ODI,SK Raina,71*,76,47,9,1,151.06,2,,v Australia,Visakhapatnam,20 Oct 2010,
ODI,SM Gavaskar,71,-,87,10,0,81.6,2,,v England,Cuttack,27 Jan 1982,
ODI,SM Gavaskar,71,-,109,6,1,65.13,2,,v Sri Lanka,Sharjah,13 Apr 1986,
ODI,A Jadeja,71,85,65,5,1,109.23,1,,v Australia,Dhaka,28 Oct 1998,
ODI,S Ramesh,71,179,123,4,0,57.72,2,,v Australia,Colombo (SSC),28 Aug 1999,
ODI,D Mongia,71,120,75,7,1,94.66,1,,v England,Eden Gardens,19 Jan 2002,
ODI,V Sehwag,71,85,65,9,1,109.23,2,,v England,Lord's,29 Jun 2002,
ODI,R Dravid,71,108,81,6,0,87.65,1,,v Zimbabwe,Colombo (RPS),14 Sep 2002,
ODI,VVS Laxman,71,102,101,4,0,70.29,1,,v West Indies,Vadodara,18 Nov 2002,
ODI,G Gambhir,71,145,89,9,0,79.77,2,,v Bangladesh,Dhaka,16 Apr 2003,
ODI,Yuvraj Singh,71,134,104,5,1,68.26,1,,v England,Manchester,30 Aug 2007,
ODI,SR Tendulkar,71,87,59,13,0,120.33,1,,v England,Leeds,2 Sep 2007,
ODI,MS Dhoni,71,104,80,4,0,88.75,1,,v Sri Lanka,Colombo (RPS),27 Aug 2008,
ODI,G Gambhir,71,129,86,10,0,82.55,2,,v Sri Lanka,Mirpur,10 Jan 2010,
ODI,SK Raina,71,81,58,3,5,122.41,1,,v West Indies,Dharamsala,17 Oct 2014,
ODI,MK Pandey,71,104,86,4,1,82.55,1,,v Zimbabwe,Harare,14 Jul 2015,
ODI,RG Sharma,71,94,62,6,4,114.51,2,,v Australia,Indore,24 Sep 2017,
ODI,V Kohli,71,98,72,8,0,98.61,1,,v England,Leeds,17 Jul 2018,
ODI,SS Iyer,71,101,68,5,1,104.41,1,,v West Indies,Port of Spain,11 Aug 2019,
ODI,RR Pant,71,-,69,7,1,102.89,1,,v West Indies,Chennai,15 Dec 2019,
ODI,HH Pandya,71,81,55,10,0,129.09,2,,v England,Manchester,17 Jul 2022,
ODI,RD Gaikwad,71,92,77,10,0,92.2,2,,v Australia,Mohali,22 Sep 2023,
ODI,SM Gavaskar,70*,-,83,6,1,84.33,2,,v Sri Lanka,Guwahati,11 Jan 1987,
ODI,SR Tendulkar,70*,129,70,13,0,100.0,2,,v Zimbabwe,Harare,24 Jun 2001,
ODI,RG Sharma,70*,93,64,6,1,109.37,1,,v Sri Lanka,Canberra,12 Feb 2008,
ODI,HH Pandya,70*,88,52,4,5,134.61,1,,v West Indies,Tarouba,1 Aug 2023,
ODI,S Abid Ali,70,107,98,5,1,71.42,1,,v New Zealand,Manchester,14 Jun 1975,
ODI,SM Gavaskar,70,-,96,5,1,72.91,2,,v Pakistan,Nagpur,24 Mar 1987,
ODI,K Srikkanth,70,-,83,7,0,84.33,2,,v Australia,Chennai,9 Oct 1987,
ODI,M Amarnath,70,-,83,9,0,84.33,1,,v West Indies,Eden Gardens,2 Jan 1988,
ODI,K Srikkanth,70,-,87,8,0,80.45,2,,v New Zealand,Visakhapatnam,10 Dec 1988,
ODI,SV Manjrekar,70,102,70,4,0,100.0,1,,v Zimbabwe,Harare,25 Oct 1992,
ODI,SR Tendulkar,70,137,91,8,0,76.92,2,,v West Indies,Gwalior,21 Feb 1996,
ODI,SC Ganguly,70,120,94,5,1,74.46,2,,v West Indies,Sharjah,16 Dec 1997,
ODI,V Sehwag,70,85,52,9,2,134.61,1,,v Bangladesh,Dhaka,27 Dec 2004,
ODI,RV Uthappa,70,51,41,11,2,170.73,1,,v West Indies,Chennai,27 Jan 2007,
ODI,G Gambhir,70,132,76,6,1,92.1,1,,v England,Indore,17 Nov 2008,
ODI,RG Sharma,70,107,65,5,3,107.69,1,,v New Zealand,Visakhapatnam,29 Oct 2016,
ODI,AM Rahane,70,103,76,9,0,92.1,2,,v Australia,Indore,24 Sep 2017,
ODI,SS Iyer,70,-,88,5,1,79.54,1,,v West Indies,Chennai,15 Dec 2019,
ODI,Shubman Gill,70,89,60,11,0,116.66,1,,v Sri Lanka,Guwahati,10 Jan 2023,
ODI,M Azharuddin,69*,136,90,8,0,76.66,2,,v New Zealand,Adelaide,25 Jan 1986,
ODI,RJ Shastri,69*,-,74,5,2,93.24,1,,v Pakistan,Hyderabad (Deccan),20 Mar 1987,
ODI,DL Chahar,69*,98,82,7,1,84.14,2,,v Sri Lanka,Colombo (RPS),20 Jul 2021,
ODI,SM Gavaskar,69,-,76,7,1,90.78,2,,v Pakistan,Lahore,31 Dec 1982,
ODI,SM Gavaskar,69,-,94,-,-,73.4,1,,v Sri Lanka,Vadodara,15 Jan 1987,
ODI,SM Gavaskar,69,-,86,5,0,80.23,1,,v Pakistan,Jamshedpur,26 Mar 1987,
ODI,SR Tendulkar,69,116,100,3,0,69.0,2,,v Australia,Sydney,20 Jan 1992,
ODI,NR Mongia,69,-,78,5,1,88.46,2,,v Pakistan,Sharjah,12 Apr 1996,
ODI,R Dravid,69,123,102,6,0,67.64,1,,v Sri Lanka,Colombo (RPS),18 Jul 1997,
ODI,SR Tendulkar,69,103,83,10,1,83.13,1,,v New Zealand,Nairobi (Gym),15 Oct 2000,
ODI,SC Ganguly,69,122,105,7,1,65.71,2,,v Sri Lanka,Colombo (RPS),22 Jul 2001,
ODI,Yuvraj Singh,69,82,63,9,1,109.52,2,,v England,Lord's,13 Jul 2002,
ODI,Yuvraj Singh,69,83,76,3,0,90.78,1,,v Zimbabwe,Brisbane,20 Jan 2004,
ODI,Yuvraj Singh,69,34,32,8,3,215.62,1,,v Bangladesh,Dhaka,27 Dec 2004,
ODI,R Dravid,69,137,99,3,0,69.69,2,,v Sri Lanka,Colombo (RPS),9 Aug 2005,
ODI,Jai P Yadav,69,101,92,11,1,75.0,2,,v New Zealand,Bulawayo,26 Aug 2005,
ODI,R Dravid,69,126,79,9,0,87.34,2,,v England,Indore,15 Apr 2006,
ODI,G Gambhir,69,114,75,10,0,92.0,1,,v West Indies,Nagpur,21 Jan 2007,
ODI,V Sehwag,69,102,57,9,3,121.05,1,,v England,Bengaluru,23 Nov 2008,
ODI,SR Tendulkar,69,91,63,10,1,109.52,1,,v Sri Lanka,Rajkot,15 Dec 2009,
ODI,RG Sharma,69,118,73,7,0,94.52,1,,v Sri Lanka,Dambulla,22 Jun 2010,
ODI,G Gambhir,69,98,75,7,0,92.0,1,,v South Africa,Nagpur,12 Mar 2011,
ODI,MS Dhoni,69,142,103,5,0,66.99,1,,v England,The Oval,9 Sep 2011,
ODI,R Dravid,69,107,79,4,0,87.34,1,,v England,Cardiff,16 Sep 2011,
ODI,S Dhawan,69,102,77,8,2,89.61,1,,v West Indies,Port of Spain,5 Jul 2013,
ODI,KD Karthik,69,105,74,6,0,93.24,1,,v Zimbabwe,Harare,26 Jul 2013,
ODI,MS Dhoni,69,112,77,6,1,89.61,1,,v Bangladesh,Mirpur,24 Jun 2015,
ODI,R Dravid,68*,127,87,7,0,78.16,2,,v Kenya,Nairobi (Gym),3 Oct 2000,
ODI,M Kaif,68*,149,129,8,0,52.71,2,,v New Zealand,Centurion,14 Mar 2003,
ODI,MS Dhoni,68*,37,35,7,4,194.28,1,,v South Africa,Gwalior,24 Feb 2010,
ODI,RG Sharma,68*,131,75,3,1,90.66,2,,v West Indies,Port of Spain,6 Jun 2011,
ODI,V Kohli,68*,128,88,5,1,77.27,2,,v Zimbabwe,Harare,28 Jul 2013,
ODI,K Srikkanth,68,-,86,9,0,79.06,1,,v South Africa,Gwalior,12 Nov 1991,
ODI,VG Kambli,68,-,90,6,0,75.55,1,,v West Indies,Eden Gardens,27 Nov 1993,
ODI,A Jadeja,68,177,132,3,0,51.51,1,,v New Zealand,Christchurch,2 Apr 1994,
ODI,A Jadeja,68,128,80,6,2,85.0,2,,v Zimbabwe,Colombo (SSC),1 Sep 1996,
ODI,A Jadeja,68,106,78,4,0,87.17,1,,v West Indies,Bridgetown,3 May 1997,
ODI,SC Ganguly,68,124,87,8,0,78.16,2,,v Pakistan,Dhaka,14 Jan 1998,
ODI,R Dravid,68,95,71,5,1,95.77,1,,v New Zealand,Wellington,14 Jan 1999,
ODI,SR Tendulkar,68,110,79,10,0,86.07,2,,v England,Chennai,25 Jan 2002,
ODI,M Kaif,68,143,101,3,0,67.32,2,,v Zimbabwe,Hyderabad (Deccan),16 Mar 2002,
ODI,Yuvraj Singh,68,-,69,7,1,98.55,2,,v West Indies,Vijayawada,24 Nov 2002,
ODI,SR Tendulkar,68,113,76,10,0,89.47,2,,v Australia,Wankhede,1 Nov 2003,
ODI,MS Dhoni,68,68,53,11,1,128.3,1,,v Pakistan,Peshawar,6 Feb 2006,
ODI,SC Ganguly,68,111,82,8,1,82.92,1,,v West Indies,Vadodara,31 Jan 2007,
ODI,G Gambhir,68,95,61,11,0,111.47,2,,v Sri Lanka,Karachi,3 Jul 2008,
ODI,V Sehwag,68,109,76,8,1,89.47,2,,v England,Kanpur,20 Nov 2008,
ODI,MS Dhoni,68,76,58,5,2,117.24,1,,v New Zealand,Christchurch,8 Mar 2009,
ODI,G Gambhir,68,132,85,6,1,80.0,2,,v Australia,Vadodara,25 Oct 2009,
ODI,SK Raina,68,78,55,4,3,123.63,1,,v Sri Lanka,Nagpur,18 Dec 2009,
ODI,V Kohli,68,123,95,5,0,71.57,1,,v Sri Lanka,Harare,5 Jun 2010,
ODI,RG Sharma,68,109,83,5,1,81.92,2,,v Pakistan,Mirpur,18 Mar 2012,
ODI,S Dhawan,68,140,92,6,1,73.91,2,,v Sri Lanka,Cardiff,20 Jun 2013,
ODI,V Kohli,68,121,73,9,0,93.15,1,,v Australia,Mohali,19 Oct 2013,
ODI,S Dhawan,68,146,92,9,0,73.91,2,,v West Indies,Kochi,8 Oct 2014,
ODI,AM Rahane,68,102,79,7,0,86.07,1,,v West Indies,Dharamsala,17 Oct 2014,
ODI,S Dhawan,68,108,91,9,0,74.72,1,,v Australia,Melbourne,17 Jan 2016,
ODI,S Dhawan,68,95,65,6,1,104.61,1,,v Pakistan,Birmingham,4 Jun 2017,
ODI,S Dhawan,68,125,84,5,2,80.95,2,,v New Zealand,Pune,25 Oct 2017,
ODI,S Dhawan,68,87,67,9,0,101.49,1,,v Sri Lanka,Mohali,13 Dec 2017,
ODI,AB Agarkar,67*,39,25,7,4,268.0,1,,v Zimbabwe,Rajkot,14 Dec 2000,
ODI,MS Dhoni,67*,90,63,1,3,106.34,2,,v Zimbabwe,Harare,4 Sep 2005,
ODI,SR Tendulkar,67*,87,69,11,0,97.1,2,,v Sri Lanka,Mohali,28 Oct 2005,
ODI,MS Dhoni,67*,91,74,4,0,90.54,2,,v Sri Lanka,Margao,14 Feb 2007,
ODI,MS Dhoni,67*,-,86,4,1,77.9,2,,v Sri Lanka,Pallekele,27 Aug 2017,
ODI,Shubman Gill,67*,87,62,8,1,108.06,2,,v Nepal,Pallekele,4 Sep 2023,
ODI,AL Wadekar,67,-,82,10,0,81.7,1,,v England,Leeds,13 Jul 1974,
ODI,K Srikkanth,67,116,77,6,2,87.01,2,,v Pakistan,Melbourne,10 Mar 1985,
ODI,RJ Shastri,67,-,102,5,0,65.68,2,,v Sri Lanka,Colombo (SSC),25 Aug 1985,
ODI,K Srikkanth,67,-,93,5,0,72.04,1,,v England,Manchester,26 May 1986,
ODI,NS Sidhu,67,160,108,2,1,62.03,2,,v New Zealand,Cuttack,12 Dec 1988,
ODI,M Prabhakar,67,114,87,9,0,77.01,1,,v Sri Lanka,Rajkot,15 Feb 1994,
ODI,SR Tendulkar,67,128,88,6,0,76.13,1,,v South Africa,Wankhede,6 Nov 1996,
ODI,M Azharuddin,67,149,110,4,0,60.9,1,,v Pakistan,Toronto,18 Sep 1997,
ODI,SR Tendulkar,67,-,44,11,0,152.27,1,,v Pakistan,Dhaka,11 Jan 1998,
ODI,RS Sodhi,67,89,75,3,3,89.33,2,,v West Indies,Harare,7 Jul 2001,
ODI,R Dravid,67,158,108,4,0,62.03,1,,v Pakistan,Birmingham,19 Sep 2004,
ODI,V Sehwag,67,83,60,10,1,111.66,2,,v Pakistan,Rawalpindi,11 Feb 2006,
ODI,MS Dhoni,67,78,62,5,1,108.06,2,,v Sri Lanka,Karachi,3 Jul 2008,
ODI,KD Karthik,67,123,77,6,1,87.01,1,,v West Indies,Kingston,26 Jun 2009,
ODI,MS Dhoni,67,140,100,5,1,67.0,2,,v Sri Lanka,Dambulla,28 Aug 2010,
ODI,G Gambhir,67,100,67,11,0,100.0,1,,v West Indies,Indore,8 Dec 2011,
ODI,KM Jadhav,67,95,69,7,1,97.1,2,,v Australia,Bengaluru,28 Sep 2017,
ODI,V Kohli,67,105,63,5,0,106.34,1,,v Afghanistan,Southampton,22 Jun 2019,
ODI,S Dhawan,67,80,56,10,0,119.64,1,,v England,Pune,28 Mar 2021,
ODI,R Dravid,66*,82,59,6,0,111.86,1,,v Zimbabwe,Mohali,10 Mar 2002,
ODI,M Kaif,66*,125,91,3,0,72.52,2,,v West Indies,Kingston,18 May 2006,
ODI,RA Jadeja,66*,77,45,5,4,146.66,2,,v New Zealand,Auckland,25 Jan 2014,
ODI,RA Jadeja,66*,-,50,5,3,132.0,1,,v Australia,Canberra,2 Dec 2020,
ODI,KL Rahul,66*,65,43,6,2,153.48,1,,v South Africa,Raipur,3 Dec 2025,
ODI,DB Vengsarkar,66,114,77,6,0,85.71,2,,v New Zealand,Brisbane,18 Jan 1981,
ODI,WV Raman,66,119,86,7,2,76.74,2,,v Zimbabwe,Pune,25 Mar 1993,
ODI,SR Tendulkar,66,101,68,8,0,97.05,1,,v West Indies,Eden Gardens,5 Nov 1994,
ODI,VG Kambli,66,95,64,4,1,103.12,1,,v West Indies,Jaipur,11 Nov 1994,
ODI,M Azharuddin,66,116,88,6,0,75.0,1,,v Pakistan,Dhaka,16 Jan 1998,
ODI,SC Ganguly,66,136,101,7,2,65.34,2,,v Kenya,Nairobi (Gym),3 Oct 2000,
ODI,SC Ganguly,66,-,98,4,1,67.34,2,,v Zimbabwe,Sharjah,26 Oct 2000,
ODI,VVS Laxman,66,116,74,8,0,89.18,2,,v West Indies,Ahmedabad,15 Nov 2002,
ODI,V Sehwag,66,110,76,5,3,86.84,1,,v Sri Lanka,Johannesburg,10 Mar 2003,
ODI,R Dravid,66,109,82,4,1,80.48,2,,v Sri Lanka,Margao,14 Feb 2007,
ODI,SC Ganguly,66,178,129,4,0,51.16,1,,v Bangladesh,Port of Spain,17 Mar 2007,
ODI,RG Sharma,66,108,87,6,0,75.86,2,,v Australia,Sydney,2 Mar 2008,
ODI,Yuvraj Singh,66,100,88,7,1,75.0,1,,v Sri Lanka,Colombo (RPS),31 Jan 2009,
ODI,SK Raina,66,49,39,5,4,169.23,1,,v New Zealand,Napier,3 Mar 2009,
ODI,KD Karthik,66,126,84,9,0,78.57,1,,v Sri Lanka,Dambulla,24 Jun 2010,
ODI,V Kohli,66,116,83,2,0,79.51,2,,v Sri Lanka,Brisbane,21 Feb 2012,
ODI,V Kohli,66,126,82,5,0,80.48,1,,v Bangladesh,Mirpur,16 Mar 2012,
ODI,V Kohli,66,109,64,6,0,103.12,1,,v Sri Lanka,Eden Gardens,13 Nov 2014,
ODI,S Dhawan,66,99,67,9,0,98.5,1,,v New Zealand,Mount Maunganui,26 Jan 2019,
ODI,V Kohli,66,103,76,7,0,86.84,2,,v England,Birmingham,30 Jun 2019,
ODI,V Kohli,66,110,79,3,1,83.54,1,,v England,Pune,26 Mar 2021,
ODI,KL Rahul,66,133,107,1,0,61.68,1,,v Australia,Ahmedabad,19 Nov 2023,
ODI,SM Gavaskar,65*,85,86,9,0,75.58,2,,v East Africa,Leeds,11 Jun 1975,
ODI,SM Gavaskar,65*,-,132,5,0,49.24,2,,v England,The Oval,24 May 1986,
ODI,NS Sidhu,65*,155,102,4,2,63.72,2,,v West Indies,Wankhede,20 Oct 1994,
ODI,SR Tendulkar,65*,111,70,7,0,92.85,2,,v West Indies,Port of Spain,27 Apr 1997,
ODI,SK Raina,65*,77,45,6,1,144.44,2,,v Sri Lanka,Colombo (RPS),28 Jul 2012,
ODI,SK Raina,65*,84,71,6,0,91.54,2,,v Zimbabwe,Bulawayo,1 Aug 2013,
ODI,V Kohli,65*,57,45,6,3,144.44,2,,v South Africa,Visakhapatnam,6 Dec 2025,
ODI,RJ Shastri,65,-,125,5,-,52.0,1,,v West Indies,Vadodara,9 Nov 1983,
ODI,AO Malhotra,65,-,62,7,0,104.83,2,,v West Indies,Jamshedpur,7 Dec 1983,
ODI,K Srikkanth,65,-,75,6,0,86.66,2,,v Pakistan,Eden Gardens,28 Oct 1989,
ODI,SR Tendulkar,65,96,59,9,1,110.16,2,,v New Zealand,Nagpur,26 Nov 1995,
ODI,SR Tendulkar,65,96,88,9,0,73.86,2,,v Sri Lanka,Eden Gardens,13 Mar 1996,
ODI,VG Kambli,65,113,80,4,0,81.25,2,,v Pakistan,Chennai,21 May 1997,
ODI,M Azharuddin,65,100,68,4,0,95.58,2,,v Sri Lanka,Colombo (SSC),24 Aug 1997,
ODI,SR Tendulkar,65,79,50,9,0,130.0,2,,v Sri Lanka,Colombo (RPS),19 Jun 1998,
ODI,SC Ganguly,65,146,91,6,1,71.42,1,,v Sri Lanka,Pune,30 Mar 1999,
ODI,R Dravid,65,145,106,6,0,61.32,1,,v Australia,W.A.C.A,30 Jan 2000,
ODI,SR Tendulkar,65,110,70,3,1,92.85,1,,v West Indies,Port of Spain,2 Jun 2002,
ODI,Yuvraj Singh,65,99,76,7,1,85.52,1,,v Pakistan,Peshawar,19 Mar 2004,
ODI,M Kaif,65,-,122,7,0,53.27,1,,v Zimbabwe,Harare,29 Aug 2005,
ODI,IK Pathan,65,74,65,12,1,100.0,1,,v Pakistan,Peshawar,6 Feb 2006,
ODI,R Dravid,65,109,73,9,0,89.04,2,,v England,Kochi,6 Apr 2006,
ODI,SR Tendulkar,65,154,102,7,0,63.72,1,,v West Indies,Kuala Lumpur,20 Sep 2006,
ODI,V Sehwag,65,136,90,9,0,72.22,1,,v Australia,Mohali,29 Oct 2006,
ODI,G Gambhir,65,158,96,4,0,67.7,1,,v Sri Lanka,Hambantota,24 Jul 2012,
ODI,MK Tiwary,65,81,68,6,0,95.58,1,,v Sri Lanka,Pallekele,4 Aug 2012,
ODI,RG Sharma,65,96,81,8,1,80.24,1,,v South Africa,Cardiff,6 Jun 2013,
ODI,MS Dhoni,65,125,71,8,1,91.54,2,,v South Africa,Johannesburg,5 Dec 2013,
ODI,R Ashwin,65,78,46,8,1,141.3,2,,v New Zealand,Auckland,25 Jan 2014,
ODI,SK Raina,65,81,57,7,1,114.03,1,,v Bangladesh,Melbourne,19 Mar 2015,
ODI,MS Dhoni,65,94,65,3,2,100.0,2,,v Australia,Sydney,26 Mar 2015,
ODI,RG Sharma,65,95,74,7,2,87.83,2,,v South Africa,Rajkot,18 Oct 2015,
ODI,V Kohli,65,152,76,2,1,85.52,1,,v New Zealand,Visakhapatnam,29 Oct 2016,
ODI,RG Sharma,65,93,55,1,5,118.18,2,,v Australia,Bengaluru,28 Sep 2017,
ODI,MS Dhoni,65,129,87,10,2,74.71,1,,v Sri Lanka,Dharamsala,10 Dec 2017,
ODI,SS Iyer,65,82,63,8,1,103.17,2,,v Sri Lanka,Visakhapatnam,17 Dec 2017,
ODI,SS Iyer,65,65,41,3,5,158.53,2,,v West Indies,Port of Spain,14 Aug 2019,
ODI,V Kohli,65,112,84,5,0,77.38,2,,v South Africa,Cape Town,23 Jan 2022,
ODI,Yuvraj Singh,64*,93,65,7,0,98.46,2,,v England,Lord's,29 Jun 2002,
ODI,RG Sharma,64*,123,90,5,1,71.11,2,,v Zimbabwe,Bulawayo,1 Aug 2013,
ODI,AT Rayudu,64*,101,78,6,0,82.05,2,,v England,Nottingham,30 Aug 2014,
ODI,KD Karthik,64*,138,92,4,0,69.56,2,,v New Zealand,Pune,25 Oct 2017,
ODI,AR Patel,64*,66,35,3,5,182.85,2,,v West Indies,Port of Spain,24 Jul 2022,
ODI,KL Rahul,64*,156,103,6,0,62.13,2,,v Sri Lanka,Eden Gardens,12 Jan 2023,
ODI,SM Patil,64,104,70,4,0,91.42,1,,v Australia,Melbourne,6 Dec 1980,
ODI,SM Patil,64,-,55,7,0,116.36,2,,v England,Cuttack,27 Jan 1982,
ODI,SM Patil,64,-,48,-,-,133.33,2,,v Sri Lanka,Delhi,15 Sep 1982,
ODI,R Lamba,64,94,53,8,1,120.75,2,,v Australia,Jaipur,7 Sep 1986,
ODI,N Kapil Dev,64,-,54,5,1,118.51,2,,v England,Sharjah,2 Apr 1987,
ODI,M Azharuddin,64,-,74,7,0,86.48,2,,v England,Wankhede,5 Nov 1987,
ODI,NS Sidhu,64,-,73,4,0,87.67,1,,v Sri Lanka,Sharjah,25 Apr 1990,
ODI,SR Tendulkar,64,133,93,3,0,68.81,2,,v South Africa,Jaipur,23 Oct 1996,
ODI,R Dravid,64,126,98,3,0,65.3,2,,v Zimbabwe,Bulawayo,26 Sep 1998,
ODI,A Jadeja,64,162,117,1,1,54.7,1,,v Sri Lanka,Sharjah,9 Nov 1998,
ODI,SC Ganguly,64,134,103,7,0,62.13,2,,v New Zealand,Colombo (SSC),2 Aug 2001,
ODI,R Dravid,64,144,95,5,1,67.36,2,,v Sri Lanka,Birmingham,6 Jul 2002,
ODI,M Kaif,64,136,108,5,0,59.25,1,,v New Zealand,Cuttack,6 Nov 2003,
ODI,IK Pathan,64,87,80,2,4,80.0,2,,v Pakistan,Jamshedpur,9 Apr 2005,
ODI,IK Pathan,64,-,68,6,2,94.11,1,,v West Indies,Kuala Lumpur,14 Sep 2006,
ODI,MS Dhoni,64,95,59,3,2,108.47,2,,v Pakistan,Mirpur,14 Jun 2008,
ODI,V Kohli,64,78,73,8,0,87.67,2,,v New Zealand,Jaipur,1 Dec 2010,
ODI,AM Rahane,64,93,70,5,2,91.42,2,,v Bangladesh,Mirpur,15 Jun 2014,
ODI,RG Sharma,64,99,66,3,3,96.96,2,,v Ireland,Hamilton,10 Mar 2015,
ODI,HH Pandya,64,63,44,5,4,145.45,1,,v England,Pune,28 Mar 2021,
ODI,SA Yadav,64,118,83,5,0,77.1,1,,v West Indies,Ahmedabad,9 Feb 2022,
ODI,Shubman Gill,64,83,53,6,2,120.75,1,,v West Indies,Port of Spain,22 Jul 2022,
ODI,RG Sharma,64,58,44,5,4,145.45,2,,v Sri Lanka,Colombo (RPS),4 Aug 2024,
ODI,DB Vengsarkar,63*,77,59,4,0,106.77,2,,v New Zealand,Sydney,5 Mar 1985,
ODI,RJ Shastri,63*,191,148,3,0,42.56,2,,v Pakistan,Melbourne,10 Mar 1985,
ODI,M Azharuddin,63*,73,44,7,0,143.18,2,,v England,Nottingham,20 Jul 1990,
ODI,SC Ganguly,63*,140,90,4,3,70.0,2,,v Zimbabwe,Sharjah,13 Nov 1998,
ODI,Yuvraj Singh,63*,91,57,6,0,110.52,2,,v England,Indore,15 Apr 2006,
ODI,D Mongia,63*,140,90,5,0,70.0,2,,v Australia,Kuala Lumpur,22 Sep 2006,
ODI,G Gambhir,63*,125,89,5,0,70.78,2,,v Sri Lanka,Hobart,26 Feb 2008,
ODI,G Gambhir,63*,106,67,6,0,94.02,2,,v New Zealand,Hamilton,11 Mar 2009,
ODI,V Kohli,63*,83,70,6,2,90.0,2,,v New Zealand,Vadodara,4 Dec 2010,
ODI,AT Rayudu,63*,117,84,4,0,75.0,2,,v Zimbabwe,Harare,24 Jul 2013,
ODI,KL Rahul,63*,99,70,4,2,90.0,2,,v Zimbabwe,Harare,15 Jun 2016,
ODI,RG Sharma,63*,65,56,5,4,112.5,2,,v West Indies,Thiruvananthapuram,1 Nov 2018,
ODI,SM Gavaskar,63,-,105,3,0,60.0,2,,v Pakistan,Sharjah,17 Nov 1985,
ODI,SM Gavaskar,63,-,107,2,0,58.87,2,,v West Indies,Sharjah,30 Nov 1986,
ODI,K Srikkanth,63,-,63,-,-,100.0,1,,v Sri Lanka,Vadodara,15 Jan 1987,
ODI,DB Vengsarkar,63,84,60,3,2,105.0,1,,v Australia,Delhi,22 Oct 1987,
ODI,SR Tendulkar,63,91,75,9,0,84.0,1,,v New Zealand,Wellington,30 Mar 1994,
ODI,SR Tendulkar,63,125,77,7,1,81.81,1,,v U.A.E.,Sharjah,13 Apr 1994,
ODI,M Azharuddin,63,93,83,3,1,75.9,2,,v New Zealand,Christchurch,19 Jan 1999,
ODI,R Dravid,63,135,92,6,0,68.47,1,,v England,Sharjah,11 Apr 1999,
ODI,MSK Prasad,63,127,90,6,0,70.0,2,,v South Africa,Nairobi (Gym),3 Oct 1999,
ODI,R Dravid,63,97,82,10,0,76.82,2,,v Australia,Adelaide,26 Jan 2000,
ODI,V Sehwag,63,63,51,11,1,123.52,1,,v Bangladesh,Dhaka,11 Apr 2003,
ODI,SR Tendulkar,63,117,69,8,1,91.3,2,,v Australia,Melbourne,9 Jan 2004,
ODI,R Dravid,63,103,72,7,0,87.5,2,,v Sri Lanka,Pune,3 Nov 2005,
ODI,R Dravid,63,179,103,4,1,61.16,2,,v South Africa,Cape Town,26 Nov 2006,
ODI,KD Karthik,63,126,87,7,0,72.41,1,,v West Indies,Cuttack,24 Jan 2007,
ODI,MS Dhoni,63,106,77,8,0,81.81,2,,v Pakistan,Guwahati,5 Nov 2007,
ODI,SR Tendulkar,63,92,54,10,0,116.66,2,,v Sri Lanka,Hobart,26 Feb 2008,
ODI,G Gambhir,63,97,64,4,0,98.43,2,,v Sri Lanka,Hobart,28 Feb 2012,
ODI,RG Sharma,63,100,68,4,1,92.64,2,,v Bangladesh,Mirpur,18 Jun 2015,
ODI,AM Rahane,63,101,83,7,0,75.9,1,,v Zimbabwe,Harare,12 Jul 2015,
ODI,MS Dhoni,63,78,52,7,2,121.15,1,,v Sri Lanka,The Oval,8 Jun 2017,
ODI,S Dhawan,63,-,59,10,0,106.77,1,,v West Indies,Port of Spain,25 Jun 2017,
ODI,KM Jadhav,63,-,73,7,0,86.3,2,,v Sri Lanka,Colombo (RPS),3 Sep 2017,
ODI,RG Sharma,63,-,63,8,1,100.0,2,,v West Indies,Cuttack,22 Dec 2019,
ODI,V Kohli,63,-,78,5,0,80.76,1,,v Australia,Canberra,2 Dec 2020,
ODI,SS Iyer,63,98,71,4,1,88.73,2,,v West Indies,Port of Spain,24 Jul 2022,
ODI,RJ Shastri,62*,-,72,4,0,86.11,1,,v England,Manchester,26 May 1986,
ODI,MS Dhoni,62*,56,42,3,4,147.61,1,,v West Indies,Nagpur,21 Jan 2007,
ODI,RA Jadeja,62*,78,54,8,2,114.81,1,,v New Zealand,Hamilton,28 Jan 2014,
ODI,AT Rayudu,62*,156,120,5,0,51.66,2,,v Zimbabwe,Harare,11 Jun 2016,
ODI,KL Rahul,62*,84,43,4,4,144.18,1,,v England,Pune,23 Mar 2021,
ODI,S Amarnath,62,-,75,-,-,82.66,2,,v Pakistan,Sahiwal,3 Nov 1978,
ODI,SR Tendulkar,62,-,73,8,1,84.93,2,,v South Africa,Eden Gardens,10 Nov 1991,
ODI,M Azharuddin,62,-,89,2,2,69.66,2,,v Sri Lanka,Colombo (RPS),12 Aug 1993,
ODI,SR Tendulkar,62,80,54,13,0,114.81,1,,v New Zealand,Delhi,3 Nov 1994,
ODI,SV Manjrekar,62,103,91,7,0,68.13,2,,v Australia,Wankhede,27 Feb 1996,
ODI,R Dravid,62,114,87,6,0,71.26,2,,v South Africa,Hyderabad (Deccan),17 Oct 1996,
ODI,SR Tendulkar,62,-,61,8,0,101.63,1,,v Australia,Mohali,3 Nov 1996,
ODI,SC Ganguly,62,145,87,8,1,71.26,2,,v New Zealand,Bengaluru,14 May 1997,
ODI,NS Sidhu,62,123,78,6,0,79.48,2,,v Pakistan,Toronto,19 Sep 1998,
ODI,R Dravid,62,146,88,3,0,70.45,1,,v Zimbabwe,Ahmedabad,5 Dec 2000,
ODI,SR Tendulkar,62,113,86,9,0,72.09,2,,v Zimbabwe,Kanpur,11 Dec 2000,
ODI,SR Tendulkar,62,68,38,11,0,163.15,2,,v Australia,Visakhapatnam,3 Apr 2001,
ODI,SC Ganguly,62,87,87,10,1,71.26,2,,v West Indies,Harare,4 Jul 2001,
ODI,Yuvraj Singh,62,84,72,6,0,86.11,1,,v South Africa,Colombo (RPS),25 Sep 2002,
ODI,R Dravid,62,110,72,3,1,86.11,1,,v England,Durban,26 Feb 2003,
ODI,M Kaif,62,-,84,5,0,73.8,1,,v West Indies,Port of Spain,26 May 2006,
ODI,SC Ganguly,62,136,79,6,1,78.48,2,,v Sri Lanka,Rajkot,11 Feb 2007,
ODI,G Gambhir,62,113,62,6,0,100.0,1,,v Pakistan,Mirpur,10 Jun 2008,
ODI,G Gambhir,62,105,68,5,0,91.17,2,,v Sri Lanka,Dambulla,28 Jan 2009,
ODI,SK Raina,62,68,50,6,1,124.0,1,,v Australia,Nagpur,28 Oct 2009,
ODI,MS Dhoni,62,73,38,7,2,163.15,1,,v Australia,Bengaluru,2 Nov 2013,
ODI,V Kohli,62,124,78,5,0,79.48,1,,v West Indies,Delhi,11 Oct 2014,
ODI,SK Raina,62,83,60,5,2,103.33,1,,v West Indies,Delhi,11 Oct 2014,
ODI,AM Rahane,62,-,78,8,0,79.48,1,,v West Indies,Port of Spain,23 Jun 2017,
ODI,RG Sharma,62,115,77,3,2,80.51,2,,v New Zealand,Mount Maunganui,28 Jan 2019,
ODI,SS Iyer,62,102,63,9,0,98.41,1,,v New Zealand,Mount Maunganui,11 Feb 2020,
ODI,B Sai Sudharsan,62,112,83,7,1,74.69,1,,v South Africa,Gqeberha,19 Dec 2023,
ODI,SB Joshi,61*,78,56,2,3,108.92,2,,v New Zealand,Guwahati,14 Nov 1999,
ODI,Y Venugopal Rao,61*,117,93,3,0,65.59,1,,v Pakistan,Abu Dhabi,18 Apr 2006,
ODI,Yuvraj Singh,61*,94,82,6,1,74.39,2,,v South Africa,Belfast,1 Jul 2007,
ODI,MS Dhoni,61*,85,65,5,0,93.84,2,,v Sri Lanka,Dambulla,28 Jan 2009,
ODI,RA Jadeja,61*,79,61,5,0,100.0,1,,v Zimbabwe,Bulawayo,28 May 2010,
ODI,RA Jadeja,61*,60,37,8,2,164.86,1,,v England,Kochi,15 Jan 2013,
ODI,KM Jadhav,61*,-,57,7,0,107.01,2,,v Australia,Melbourne,18 Jan 2019,
ODI,Yashpal Sharma,61,143,115,3,2,53.04,2,,v England,Manchester,22 Jun 1983,
ODI,M Amarnath,61,93,73,9,1,83.56,2,,v New Zealand,Brisbane,11 Jan 1986,
ODI,SM Gavaskar,61,99,72,7,0,84.72,1,,v Australia,Delhi,22 Oct 1987,
ODI,R Lamba,61,-,80,5,1,76.25,2,,v West Indies,Delhi,23 Oct 1989,
ODI,NS Sidhu,61,-,67,2,1,91.04,2,,v England,Kanpur,25 Oct 1989,
ODI,NS Sidhu,61,-,91,4,1,67.03,1,,v South Africa,Gwalior,12 Nov 1991,
ODI,RJ Shastri,61,135,115,3,0,53.04,2,,v Australia,Sydney,20 Jan 1992,
ODI,M Azharuddin,61,89,84,4,0,72.61,1,,v West Indies,Wellington,10 Mar 1992,
ODI,A Jadeja,61,69,45,5,2,135.55,2,,v New Zealand,Nagpur,26 Nov 1995,
ODI,R Dravid,61,135,103,8,0,59.22,1,,v Sri Lanka,Wankhede,17 May 1997,
ODI,SC Ganguly,61,137,86,4,1,70.93,1,,v Sri Lanka,Margao,28 Dec 1997,
ODI,A Jadeja,61,164,95,6,0,64.21,2,,v Pakistan,Jaipur,24 Mar 1999,
ODI,R Dravid,61,119,89,4,0,68.53,1,,v Pakistan,Manchester,8 Jun 1999,
ODI,N Chopra,61,-,60,3,3,101.66,1,,v West Indies,Singapore,8 Sep 1999,
ODI,SC Ganguly,61,173,101,5,0,60.39,1,,v Pakistan,Brisbane,10 Jan 2000,
ODI,SR Tendulkar,61,-,54,7,0,112.96,2,,v Sri Lanka,Sharjah,27 Oct 2000,
ODI,SC Ganguly,61,116,83,6,1,73.49,1,,v South Africa,Dhaka,18 Apr 2003,
ODI,SK Raina,61,95,68,5,1,89.7,1,,v England,Margao,3 Apr 2006,
ODI,M Kaif,61,-,89,2,0,68.53,1,,v West Indies,Basseterre,23 May 2006,
ODI,SR Tendulkar,61,100,69,7,1,88.4,1,,v New Zealand,Wellington,6 Mar 2009,
ODI,SK Raina,61,91,55,5,2,110.9,1,,v England,Hyderabad,14 Oct 2011,
ODI,Yuvraj Singh,61,63,54,8,1,112.96,2,,v England,Rajkot,11 Jan 2013,
ODI,V Kohli,61,121,85,6,0,71.76,2,,v Australia,Pune,13 Oct 2013,
ODI,AM Rahane,61,93,74,7,0,82.43,2,,v Australia,Nagpur,1 Oct 2017,
ODI,S Dhawan,61,96,73,5,1,83.56,2,,v South Africa,Cape Town,23 Jan 2022,
ODI,RG Sharma,61,74,54,8,2,112.96,1,,v Netherlands,Bengaluru,12 Nov 2023,
ODI,SS Iyer,61,110,77,7,0,79.22,1,,v Australia,Adelaide,23 Oct 2025,
ODI,M Amarnath,60*,-,118,5,0,50.84,2,,v Pakistan,Hyderabad (Deccan),10 Sep 1983,
ODI,HK Badani,60*,120,81,4,0,74.07,1,,v Australia,Melbourne,6 Feb 2004,
ODI,RA Jadeja,60*,91,77,5,0,77.92,2,,v Sri Lanka,Colombo (RPS),8 Feb 2009,
ODI,N Kapil Dev,60,-,37,5,3,162.16,1,,v England,Leeds,2 Jun 1982,
ODI,K Srikkanth,60,99,60,8,0,100.0,1,,v Australia,W.A.C.A,8 Dec 1991,
ODI,K Srikkanth,60,119,84,6,1,71.42,2,,v West Indies,Melbourne,16 Jan 1992,
ODI,M Prabhakar,60,112,79,7,0,75.94,2,,v Sri Lanka,Sharjah,9 Apr 1995,
ODI,M Azharuddin,60,131,81,2,0,74.07,1,,v South Africa,Durban,12 Feb 1997,
ODI,SC Ganguly,60,108,88,7,0,68.18,1,,v New Zealand,Taupo,9 Jan 1999,
ODI,SC Ganguly,60,64,50,11,0,120.0,2,,v New Zealand,Christchurch,19 Jan 1999,
ODI,S Ramesh,60,131,97,6,0,61.85,1,,v England,Sharjah,9 Apr 1999,
ODI,R Dravid,60,149,85,2,0,70.58,2,,v Australia,Melbourne,12 Jan 2000,
ODI,VG Kambli,60,-,76,4,1,78.94,2,,v Zimbabwe,Sharjah,26 Oct 2000,
ODI,VVS Laxman,60,148,103,5,0,58.25,2,,v New Zealand,Colombo (RPS),20 Jul 2001,
ODI,SC Ganguly,60,68,43,10,1,139.53,2,,v England,Lord's,13 Jul 2002,
ODI,SC Ganguly,60,142,100,3,3,60.0,2,,v Bangladesh,Colombo (SSC),21 Jul 2004,
ODI,R Dravid,60,87,68,5,0,88.23,1,,v Bangladesh,Dhaka,27 Dec 2004,
ODI,SR Tendulkar,60,112,66,2,0,90.9,1,,v West Indies,Chennai,27 Jan 2007,
ODI,R Dravid,60,111,82,6,0,73.17,2,,v Sri Lanka,Port of Spain,23 Mar 2007,
ODI,V Sehwag,60,46,36,12,0,166.66,2,,v Sri Lanka,Karachi,6 Jul 2008,
ODI,RG Sharma,60,129,89,4,1,67.41,1,,v West Indies,Kingston,30 Jun 2013,
ODI,S Dhawan,60,82,57,9,0,105.26,1,,v Australia,Bengaluru,2 Nov 2013,
ODI,S Dhawan,60,98,78,4,1,76.92,2,,v Afghanistan,Mirpur,5 Mar 2014,
ODI,AM Rahane,60,117,82,5,0,73.17,2,,v South Africa,Kanpur,11 Oct 2015,
ODI,S Dhawan,60,100,59,8,0,101.69,2,,v South Africa,Wankhede,25 Oct 2015,
ODI,AM Rahane,60,-,91,7,0,65.93,2,,v West Indies,North Sound,2 Jul 2017,
ODI,AT Rayudu,60,-,70,3,2,85.71,1,,v Hong Kong,Dubai (DICS),18 Sep 2018,
ODI,KL Rahul,60,-,66,5,1,90.9,2,,v Afghanistan,Dubai (DICS),25 Sep 2018,
ODI,V Kohli,60,94,74,6,1,81.08,2,,v New Zealand,Mount Maunganui,28 Jan 2019,
ODI,RG Sharma,60,60,51,10,1,117.64,2,,v West Indies,Ahmedabad,6 Feb 2022,
ODI,Shubman Gill,60,83,52,9,1,115.38,2,,v England,Cuttack,9 Feb 2025,
ODI,KL Rahul,60,87,56,2,3,107.14,1,,v South Africa,Ranchi,30 Nov 2025,
ODI,AK Sharma,59*,68,55,8,0,107.27,2,,v Zimbabwe,Pune,25 Mar 1993,
ODI,YK Pathan,59*,40,38,4,3,155.26,1,,v Sri Lanka,Colombo (RPS),3 Feb 2009,
ODI,MS Dhoni,59*,-,72,6,1,81.94,2,,v Australia,Hyderabad,2 Mar 2019,
ODI,SM Patil,59,-,83,-,-,71.08,1,,v Pakistan,Sialkot,31 Oct 1984,
ODI,SM Gavaskar,59,132,99,2,0,59.59,2,,v Australia,Melbourne,16 Jan 1986,
ODI,K Srikkanth,59,-,63,5,1,93.65,2,,v Sri Lanka,Sharjah,13 Apr 1986,
ODI,N Kapil Dev,59,-,52,6,1,113.46,1,,v Pakistan,Hyderabad (Deccan),20 Mar 1987,
ODI,SV Manjrekar,59,113,94,4,0,62.76,2,,v England,Nottingham,20 Jul 1990,
ODI,A Jadeja,59,124,93,4,0,63.44,2,,v New Zealand,Napier,25 Mar 1994,
ODI,SV Manjrekar,59,-,84,2,1,70.23,2,,v Pakistan,Sharjah,12 Apr 1996,
ODI,SC Ganguly,59,102,75,7,0,78.66,1,,v Australia,Colombo (SSC),6 Sep 1996,
ODI,M Azharuddin,59,97,77,3,1,76.62,1,,v Pakistan,Manchester,8 Jun 1999,
ODI,V Sehwag,59,87,58,10,0,101.72,1,,v South Africa,Colombo (RPS),25 Sep 2002,
ODI,R Dravid,59,96,70,8,0,84.28,2,,v Australia,Wankhede,1 Nov 2003,
ODI,R Dravid,59,113,72,9,0,81.94,2,,v Pakistan,Multan,16 Feb 2006,
ODI,MS Dhoni,59,80,72,5,0,81.94,1,,v Pakistan,Abu Dhabi,19 Apr 2006,
ODI,SC Ganguly,59,119,79,7,2,74.68,1,,v England,Leeds,2 Sep 2007,
ODI,V Sehwag,59,46,32,7,2,184.37,2,,v Bangladesh,Mirpur,12 Jun 2008,
ODI,SK Raina,59,76,59,3,3,100.0,2,,v Australia,Hyderabad,5 Nov 2009,
ODI,YK Pathan,59,69,50,6,3,118.0,2,,v South Africa,Cape Town,18 Jan 2011,
ODI,V Kohli,59,128,76,5,0,77.63,1,,v West Indies,Chennai,20 Mar 2011,
ODI,AT Rayudu,59,98,69,8,1,85.5,2,,v Sri Lanka,Ranchi,16 Nov 2014,
ODI,V Kohli,59,84,67,4,0,88.05,1,,v Australia,Brisbane,15 Jan 2016,
ODI,Ishan Kishan,59,56,42,8,2,140.47,2,,v Sri Lanka,Colombo (RPS),18 Jul 2021,
ODI,SS Iyer,59,44,36,9,2,163.88,2,,v England,Nagpur,6 Feb 2025,
ODI,M Amarnath,58*,103,77,6,0,75.32,2,,v Australia,Melbourne,16 Jan 1986,
ODI,M Azharuddin,58*,75,45,6,0,128.88,1,,v New Zealand,Delhi,3 Nov 1994,
ODI,VG Kambli,58*,57,40,4,2,145.0,1,,v West Indies,Eden Gardens,5 Nov 1994,
ODI,HK Badani,58*,109,69,3,1,84.05,2,,v Zimbabwe,Cuttack,2 Dec 2000,
ODI,Yuvraj Singh,58*,71,64,7,0,90.62,2,,v Kenya,Cape Town,7 Mar 2003,
ODI,SC Ganguly,58*,114,74,3,3,78.37,2,,v Sri Lanka,Visakhapatnam,17 Feb 2007,
ODI,KD Karthik,58*,79,60,4,0,96.66,2,,v Bangladesh,Mirpur,10 May 2007,
ODI,MS Dhoni,58*,113,69,3,1,84.05,2,,v Sri Lanka,Adelaide,14 Feb 2012,
ODI,SK Raina,58*,78,51,4,1,113.72,2,,v Sri Lanka,Colombo (RPS),31 Jul 2012,
ODI,V Kohli,58*,80,64,4,1,90.62,2,,v Sri Lanka,Cardiff,20 Jun 2013,
ODI,KH Pandya,58*,52,31,7,2,187.09,1,,v England,Pune,23 Mar 2021,
ODI,KL Rahul,58*,114,63,4,1,92.06,2,,v Australia,Mohali,22 Sep 2023,
ODI,N Kapil Dev,58,38,31,5,2,187.09,1,,v Australia,Rajkot,7 Oct 1986,
ODI,M Amarnath,58,-,75,3,1,77.33,1,,v New Zealand,Sharjah,1 Apr 1988,
ODI,K Srikkanth,58,105,65,6,1,89.23,2,,v Australia,Bengaluru,27 Oct 1989,
ODI,WV Raman,58,116,86,7,1,67.44,1,,v Australia,Hamilton,8 Mar 1990,
ODI,A Jadeja,58,133,100,4,1,58.0,1,,v West Indies,Eden Gardens,5 Nov 1994,
ODI,M Azharuddin,58,95,68,5,0,85.29,2,,v New Zealand,Pune,24 Nov 1995,
ODI,M Azharuddin,58,-,99,1,0,58.58,1,,v Sri Lanka,Colombo (RPS),28 Aug 1996,
ODI,M Azharuddin,58,101,64,5,0,90.62,2,,v Australia,Sharjah,24 Apr 1998,
ODI,R Dravid,58,106,71,9,0,81.69,1,,v South Africa,Nairobi (Gym),13 Oct 2000,
ODI,V Sehwag,58,62,54,8,0,107.4,1,,v Australia,Bengaluru,25 Mar 2001,
ODI,R Dravid,58,110,82,5,0,70.73,2,,v West Indies,Jodhpur,21 Nov 2002,
ODI,MS Dhoni,58,134,88,2,2,65.9,2,,v Australia,Kochi,2 Oct 2007,
ODI,Yuvraj Singh,58,83,74,6,1,78.37,2,,v Pakistan,Guwahati,5 Nov 2007,
ODI,RG Sharma,58,81,71,4,0,81.69,1,,v Pakistan,Karachi,2 Jul 2008,
ODI,SK Raina,58,-,63,6,1,92.06,1,,v South Africa,Jaipur,21 Feb 2010,
ODI,Yuvraj Singh,58,108,87,5,0,66.66,2,,v Australia,Visakhapatnam,20 Oct 2010,
ODI,Yuvraj Singh,58,76,50,9,0,116.0,1,,v England,Bengaluru,27 Feb 2011,
ODI,G Gambhir,58,76,60,3,1,96.66,2,,v England,Mohali,20 Oct 2011,
ODI,MS Dhoni,58,57,38,8,1,152.63,1,,v Sri Lanka,Pallekele,4 Aug 2012,
ODI,RG Sharma,58,146,89,5,1,65.16,2,,v Sri Lanka,Port of Spain,11 Jul 2013,
ODI,AT Rayudu,58,117,62,4,1,93.54,1,,v Pakistan,Mirpur,2 Mar 2014,
ODI,S Dhawan,58,101,74,7,0,78.37,1,,v West Indies,Port of Spain,27 Jul 2022,
ODI,Shubman Gill,58,83,52,10,0,111.53,1,,v Pakistan,Colombo (RPS),10 Sep 2023,
ODI,RG Sharma,58,55,47,7,3,123.4,2,,v Sri Lanka,Colombo (RPS),2 Aug 2024,
ODI,R Lamba,57*,-,56,-,-,101.78,2,,v Sri Lanka,Delhi,13 Jan 1987,
ODI,SR Tendulkar,57*,118,88,2,0,64.77,2,,v West Indies,Melbourne,16 Jan 1992,
ODI,R Dravid,57*,76,56,6,0,101.78,2,,v New Zealand,Colombo (SSC),2 Aug 2001,
ODI,SB Bangar,57*,55,41,5,2,139.02,2,,v West Indies,Ahmedabad,15 Nov 2002,
ODI,SR Tendulkar,57*,46,29,2,4,196.55,1,,v Bermuda,Port of Spain,19 Mar 2007,
ODI,Yuvraj Singh,57*,90,65,8,0,87.69,2,,v Australia,Ahmedabad,24 Mar 2011,
ODI,RG Sharma,57*,77,55,10,1,103.63,2,,v U.A.E.,W.A.C.A,28 Feb 2015,
ODI,K Srikkanth,57,-,43,10,1,132.55,1,,v Sri Lanka,Amritsar,12 Sep 1982,
ODI,RMH Binny,57,121,88,8,0,64.77,1,,v Australia,Ahmedabad,5 Oct 1984,
ODI,K Srikkanth,57,67,53,10,0,107.54,1,,v England,Sydney,26 Feb 1985,
ODI,R Lamba,57,127,92,5,0,61.95,2,,v Australia,Bengaluru,27 Oct 1989,
ODI,R Lamba,57,-,63,4,3,90.47,2,,v Pakistan,Eden Gardens,28 Oct 1989,
ODI,SV Manjrekar,57,141,99,1,0,57.57,1,,v Australia,Hobart,10 Dec 1991,
ODI,SR Tendulkar,57,111,107,3,0,53.27,1,,v Australia,Hobart,10 Dec 1991,
ODI,RJ Shastri,57,151,112,2,0,50.89,2,,v England,W.A.C.A,22 Feb 1992,
ODI,SR Tendulkar,57,104,71,6,0,80.28,2,,v South Africa,Sharjah,19 Apr 1996,
ODI,M Azharuddin,57,122,93,3,0,61.29,1,,v South Africa,Gqeberha,2 Feb 1997,
ODI,HH Kanitkar,57,70,55,6,0,103.63,1,,v Australia,Kochi,1 Apr 1998,
ODI,AR Khurasiya,57,67,45,4,2,126.66,1,,v Sri Lanka,Pune,30 Mar 1999,
ODI,SC Ganguly,57,140,90,4,0,63.33,1,,v Pakistan,Mohali,1 Apr 1999,
ODI,SC Ganguly,57,102,70,6,2,81.42,1,,v Zimbabwe,Faridabad,7 Mar 2002,
ODI,S Sriram,57,114,91,7,0,62.63,2,,v Bangladesh,Dhaka,26 Dec 2004,
ODI,R Dravid,57,72,67,6,0,85.07,1,,v West Indies,Chennai,27 Jan 2007,
ODI,G Gambhir,57,135,68,7,0,83.82,1,,v Pakistan,Mohali,8 Nov 2007,
ODI,G Gambhir,57,59,46,7,2,123.91,2,,v Pakistan,Centurion,26 Sep 2009,
ODI,RA Jadeja,57,148,103,6,0,55.33,1,,v Australia,Guwahati,8 Nov 2009,
ODI,V Kohli,57,-,71,4,1,80.28,2,,v South Africa,Ahmedabad,27 Feb 2010,
ODI,RG Sharma,57,105,72,2,1,79.16,1,,v West Indies,Kingston,16 Jun 2011,
ODI,AM Rahane,57,108,70,5,1,81.42,2,,v New Zealand,Ranchi,26 Oct 2016,
ODI,AT Rayudu,57,-,49,4,4,116.32,2,,v Afghanistan,Dubai (DICS),25 Sep 2018,
ODI,RG Sharma,57,101,70,3,1,81.42,1,,v Australia,The Oval,9 Jun 2019,
ODI,KL Rahul,57,94,78,3,2,73.07,1,,v Pakistan,Manchester,16 Jun 2019,
ODI,RG Sharma,57,91,51,5,3,111.76,1,,v South Africa,Ranchi,30 Nov 2025,
ODI,Yashpal Sharma,56*,-,52,4,2,107.69,2,,v Pakistan,Gujranwala,3 Dec 1982,
ODI,VG Kambli,56*,109,84,2,0,66.66,2,,v Sri Lanka,Hyderabad (Deccan),18 Feb 1994,
ODI,NS Sidhu,56*,67,51,7,0,109.8,2,,v Bangladesh,Sharjah,5 Apr 1995,
ODI,M Azharuddin,56*,91,60,5,0,93.33,2,,v South Africa,Jaipur,23 Oct 1996,
ODI,A Jadeja,56*,97,66,1,1,84.84,2,,v Zimbabwe,Benoni,9 Feb 1997,
ODI,Yuvraj Singh,56*,75,41,6,1,136.58,1,,v Sri Lanka,Colombo (RPS),14 Sep 2009,
ODI,PA Patel,56*,76,70,6,1,80.0,2,,v New Zealand,Chennai,10 Dec 2010,
ODI,MS Dhoni,56*,99,61,3,2,91.8,1,,v West Indies,Manchester,27 Jun 2019,
ODI,GR Viswanath,56,98,88,5,0,63.63,1,,v New Zealand,Christchurch,21 Feb 1976,
ODI,SC Khanna,56,-,72,3,2,77.77,1,,v Pakistan,Sharjah,13 Apr 1984,
ODI,DB Vengsarkar,56,-,68,6,-,82.35,2,,v Sri Lanka,Delhi,13 Jan 1987,
ODI,K Srikkanth,56,-,73,5,1,76.71,2,,v England,Sharjah,2 Apr 1987,
ODI,M Amarnath,56,-,87,3,1,64.36,1,,v West Indies,Thiruvananthapuram,25 Jan 1988,
ODI,SV Manjrekar,56,-,81,2,0,69.13,1,,v West Indies,Sharjah,19 Oct 1991,
ODI,M Prabhakar,56,103,80,5,0,70.0,1,,v Zimbabwe,Faridabad,19 Mar 1993,
ODI,NS Sidhu,56,132,83,2,0,67.46,1,,v Zimbabwe,Faridabad,19 Mar 1993,
ODI,A Jadeja,56,135,90,2,1,62.22,1,,v New Zealand,Wellington,30 Mar 1994,
ODI,VG Kambli,56,112,99,1,0,56.56,2,,v Pakistan,Sharjah,22 Apr 1994,
ODI,R Dravid,56,-,68,3,0,82.35,1,,v Australia,Mohali,3 Nov 1996,
ODI,RR Singh,56,82,65,2,3,86.15,2,,v Zimbabwe,Harare,30 Sep 1998,
ODI,SC Ganguly,56,78,54,8,1,103.7,1,,v South Africa,Faridabad,15 Mar 2000,
ODI,M Kaif,56,120,78,2,1,71.79,1,,v Zimbabwe,Kochi,13 Mar 2002,
ODI,SC Ganguly,56,129,80,5,0,70.0,1,,v West Indies,Port of Spain,2 Jun 2002,
ODI,R Dravid,56,95,72,4,0,77.77,1,,v Zimbabwe,Adelaide,24 Jan 2004,
ODI,SC Ganguly,56,147,102,2,0,54.9,1,,v U.A.E.,Dambulla,16 Jul 2004,
ODI,MS Dhoni,56,-,46,2,4,121.73,1,,v Zimbabwe,Harare,29 Aug 2005,
ODI,R Dravid,56,100,61,5,0,91.8,2,,v Pakistan,Rawalpindi,11 Feb 2006,
ODI,R Dravid,56,72,61,7,1,91.8,2,,v England,Birmingham,27 Aug 2007,
ODI,Yuvraj Singh,56,83,59,5,1,94.91,2,,v Pakistan,Mirpur,14 Jun 2008,
ODI,MS Dhoni,56,82,62,3,0,90.32,1,,v Sri Lanka,Colombo (RPS),14 Sep 2009,
ODI,MS Dhoni,56,91,71,2,1,78.87,2,,v Pakistan,Dambulla,19 Jun 2010,
ODI,PA Patel,56,108,64,2,2,87.5,2,,v West Indies,Port of Spain,8 Jun 2011,
ODI,MS Dhoni,56,115,84,2,1,66.66,2,,v Australia,Brisbane,19 Feb 2012,
ODI,MS Dhoni,56,81,44,7,1,127.27,2,,v New Zealand,Hamilton,22 Jan 2014,
ODI,RG Sharma,56,86,58,7,2,96.55,1,,v Pakistan,Mirpur,2 Mar 2014,
ODI,AM Rahane,56,90,66,5,0,84.84,2,,v Afghanistan,Mirpur,5 Mar 2014,
ODI,HH Pandya,56,67,43,4,2,130.23,2,,v England,Eden Gardens,22 Jan 2017,
ODI,RG Sharma,56,-,89,4,0,62.92,2,,v Australia,Delhi,13 Mar 2019,
ODI,V Kohli,56,65,60,6,0,93.33,1,,v England,Pune,23 Mar 2021,
ODI,RR Pant,56,91,54,6,1,103.7,1,,v West Indies,Ahmedabad,11 Feb 2022,
ODI,AR Patel,56,80,56,2,3,100.0,2,,v Bangladesh,Mirpur,7 Dec 2022,
ODI,RG Sharma,56,77,49,6,4,114.28,1,,v Pakistan,Colombo (RPS),10 Sep 2023,
ODI,V Kohli,56,63,61,5,1,91.8,2,,v Australia,Rajkot,27 Sep 2023,
ODI,KL Rahul,56,95,64,7,0,87.5,1,,v South Africa,Gqeberha,19 Dec 2023,
ODI,SS Iyer,56,80,67,5,1,83.58,2,,v Pakistan,Dubai (DICS),23 Feb 2025,
ODI,Shubman Gill,56,107,71,3,2,78.87,2,,v New Zealand,Vadodara,11 Jan 2026,
ODI,Shubman Gill,56,70,53,9,1,105.66,1,,v New Zealand,Rajkot,14 Jan 2026,
ODI,M Azharuddin,55*,80,50,5,0,110.0,2,,v England,Leeds,18 Jul 1990,
ODI,M Azharuddin,55*,101,81,1,1,67.9,2,,v Sri Lanka,Colombo (RPS),19 Jun 1998,
ODI,S Ramesh,55*,-,97,8,0,56.7,2,,v West Indies,Toronto,11 Sep 1999,
ODI,V Sehwag,55*,50,43,11,0,127.9,2,,v Kenya,Bloemfontein,12 Oct 2001,
ODI,V Sehwag,55*,35,23,7,3,239.13,1,,v Kenya,Paarl,24 Oct 2001,
ODI,D Mongia,55*,50,38,6,0,144.73,1,,v South Africa,Dhaka,13 Apr 2003,
ODI,FY Fazal,55*,99,61,7,1,90.16,2,,v Zimbabwe,Harare,15 Jun 2016,
ODI,MS Dhoni,55*,96,54,0,2,101.85,2,,v Australia,Adelaide,15 Jan 2019,
ODI,V Kohli,55*,64,56,6,0,98.21,2,,v Afghanistan,Delhi,11 Oct 2023,
ODI,B Sai Sudharsan,55*,70,43,9,0,127.9,2,,v South Africa,Johannesburg,17 Dec 2023,
ODI,SM Gavaskar,55,170,144,5,0,38.19,1,,v New Zealand,Leeds,13 Jun 1979,
ODI,M Amarnath,55,-,122,4,0,45.08,1,,v West Indies,Indore,1 Dec 1983,
ODI,DB Vengsarkar,55,-,55,3,0,100.0,1,,v Sri Lanka,Colombo (PSS),22 Sep 1985,
ODI,RJ Shastri,55,67,62,4,1,88.7,2,,v Australia,Adelaide,26 Jan 1986,
ODI,NS Sidhu,55,-,61,5,1,90.16,2,,v Zimbabwe,Ahmedabad,26 Oct 1987,
ODI,PK Amre,55,-,74,8,1,74.32,2,,v South Africa,Eden Gardens,10 Nov 1991,
ODI,SV Manjrekar,55,124,98,1,0,56.12,1,,v West Indies,Adelaide,14 Dec 1991,
ODI,M Azharuddin,55,127,98,3,1,56.12,1,,v New Zealand,Dunedin,12 Mar 1992,
ODI,VG Kambli,55,130,96,1,0,57.29,1,,v Zimbabwe,Indore,18 Nov 1993,
ODI,SS Karim,55,77,48,3,1,114.58,2,,v South Africa,Bloemfontein,23 Jan 1997,
ODI,S Ramesh,55,134,77,3,1,71.42,2,,v Zimbabwe,Leicester,19 May 1999,
ODI,SC Ganguly,55,98,80,2,2,68.75,1,,v Bangladesh,Dhaka,27 Dec 2004,
ODI,MS Dhoni,55,61,48,3,4,114.58,2,,v South Africa,Cape Town,26 Nov 2006,
ODI,SR Tendulkar,55,134,97,8,0,56.7,1,,v South Africa,Centurion,3 Dec 2006,
ODI,RV Uthappa,55,-,62,8,1,88.7,2,,v Scotland,Glasgow,16 Aug 2007,
ODI,SR Tendulkar,55,128,86,9,0,63.95,1,,v England,Manchester,30 Aug 2007,
ODI,Yuvraj Singh,55,94,54,3,3,101.85,1,,v Pakistan,Mirpur,10 Jun 2008,
ODI,V Kohli,55,92,73,4,0,75.34,1,,v England,Chester-le-Street,3 Sep 2011,
ODI,SK Raina,55,76,44,6,0,125.0,1,,v West Indies,Indore,8 Dec 2011,
ODI,SK Raina,55,96,78,2,2,70.51,1,,v England,Kochi,15 Jan 2013,
ODI,Yuvraj Singh,55,91,74,7,0,74.32,2,,v West Indies,Kanpur,27 Nov 2013,
ODI,V Kohli,55,81,63,8,0,87.3,2,,v England,Eden Gardens,22 Jan 2017,
ODI,AM Rahane,55,110,64,7,0,85.93,1,,v Australia,Eden Gardens,21 Sep 2017,
ODI,RA Jadeja,55,130,73,2,1,75.34,2,,v New Zealand,Auckland,8 Feb 2020,
ODI,KL Rahul,55,148,79,4,0,69.62,1,,v South Africa,Paarl,21 Jan 2022,
ODI,Ishan Kishan,55,79,55,6,1,100.0,1,,v West Indies,Bridgetown,29 Jul 2023,
ODI,FM Engineer,54*,85,93,7,0,58.06,2,,v East Africa,Leeds,11 Jun 1975,
ODI,N Kapil Dev,54*,52,37,5,0,145.94,2,,v New Zealand,Sydney,5 Mar 1985,
ODI,N Kapil Dev,54*,79,53,5,0,101.88,2,,v New Zealand,Brisbane,11 Jan 1986,
ODI,DB Vengsarkar,54*,-,42,6,0,128.57,1,,v Pakistan,Jamshedpur,26 Mar 1987,
ODI,M Azharuddin,54*,-,45,5,1,120.0,1,,v Australia,Delhi,22 Oct 1987,
ODI,M Azharuddin,54*,-,39,4,1,138.46,2,,v Sri Lanka,Eden Gardens,4 Jan 1991,
ODI,SR Tendulkar,54*,91,62,3,0,87.09,1,,v Pakistan,Sydney,4 Mar 1992,
ODI,M Azharuddin,54*,65,56,4,1,96.42,1,,v Zimbabwe,Indore,18 Nov 1993,
ODI,A Jadeja,54*,54,44,2,4,122.72,1,,v South Africa,Wankhede,14 Dec 1996,
ODI,SC Ganguly,54*,129,72,8,0,75.0,2,,v Pakistan,Toronto,12 Sep 1998,
ODI,SC Ganguly,54*,-,69,7,1,78.26,2,,v West Indies,Toronto,11 Sep 1999,
ODI,R Dravid,54*,48,35,4,3,154.28,1,,v West Indies,Nagpur,21 Jan 2007,
ODI,P Kumar,54*,80,51,7,1,105.88,1,,v Australia,Guwahati,8 Nov 2009,
ODI,MS Dhoni,54*,121,89,4,1,60.67,2,,v Pakistan,Eden Gardens,3 Jan 2013,
ODI,DB Vengsarkar,54,-,59,5,2,91.52,1,,v West Indies,St George's,7 Apr 1983,
ODI,N Kapil Dev,54,-,41,3,4,131.7,2,,v England,Nagpur,23 Jan 1985,
ODI,SM Gavaskar,54,135,92,1,0,58.69,2,,v Pakistan,Melbourne,20 Feb 1985,
ODI,DB Vengsarkar,54,91,62,3,2,87.09,2,,v England,Nottingham,20 Jul 1990,
ODI,SR Tendulkar,54,130,64,5,0,84.37,1,,v West Indies,Visakhapatnam,7 Nov 1994,
ODI,NS Sidhu,54,89,70,4,1,77.14,2,,v Australia,Dunedin,22 Feb 1995,
ODI,NS Sidhu,54,108,81,7,0,66.66,2,,v Pakistan,Sharjah,7 Apr 1995,
ODI,V Rathour,54,121,95,5,0,56.84,1,,v England,Manchester,26 May 1996,
ODI,SC Ganguly,54,165,104,3,0,51.92,2,,v South Africa,Jaipur,23 Oct 1996,
ODI,NS Sidhu,54,97,64,5,0,84.37,1,,v Pakistan,Sharjah,14 Dec 1997,
ODI,SR Tendulkar,54,104,76,4,0,71.05,2,,v Bangladesh,Dhaka,10 Jan 1998,
ODI,R Dravid,54,103,75,5,0,72.0,1,,v South Africa,Hove,15 May 1999,
ODI,M Azharuddin,54,124,89,7,0,60.67,2,,v Pakistan,Sharjah,23 Mar 2000,
ODI,R Dravid,54,107,79,5,0,68.35,1,,v South Africa,Centurion,10 Oct 2001,
ODI,Yuvraj Singh,54,79,64,7,0,84.37,2,,v West Indies,Jodhpur,21 Nov 2002,
ODI,Yuvraj Singh,54,124,85,8,0,63.52,2,,v New Zealand,Wellington,8 Jan 2003,
ODI,RS Gavaskar,54,78,62,3,1,87.09,1,,v Zimbabwe,Adelaide,24 Jan 2004,
ODI,R Dravid,54,116,96,6,0,56.25,1,,v Sri Lanka,Dambulla,30 Jul 2005,
ODI,RR Powar,54,118,83,4,1,65.06,1,,v England,Jamshedpur,12 Apr 2006,
ODI,SR Tendulkar,54,94,61,9,0,88.52,2,,v Sri Lanka,Rajkot,11 Feb 2007,
ODI,SK Raina,54,109,66,3,0,81.81,2,,v Sri Lanka,Karachi,3 Jul 2008,
ODI,V Kohli,54,87,66,7,0,81.81,1,,v Sri Lanka,Colombo (RPS),27 Aug 2008,
ODI,SK Raina,54,100,71,3,1,76.05,2,,v Sri Lanka,Dambulla,28 Jan 2009,
ODI,V Sehwag,54,60,36,9,1,150.0,1,,v New Zealand,Wellington,6 Mar 2009,
ODI,V Kohli,54,93,65,7,0,83.07,1,,v Sri Lanka,Nagpur,18 Dec 2009,
ODI,V Kohli,54,122,70,2,1,77.14,2,,v South Africa,Durban,12 Jan 2011,
ODI,AM Rahane,54,89,47,5,1,114.89,1,,v England,Southampton,6 Sep 2011,
ODI,MS Dhoni,54,-,114,1,0,47.36,2,,v West Indies,North Sound,2 Jul 2017,
ODI,RG Sharma,54,-,45,5,3,120.0,2,,v Sri Lanka,Pallekele,24 Aug 2017,
ODI,DL Chahar,54,57,34,5,2,158.82,2,,v South Africa,Cape Town,23 Jan 2022,
ODI,SS Iyer,54,76,57,5,2,94.73,1,,v West Indies,Port of Spain,22 Jul 2022,
ODI,SV Samson,54,102,51,3,3,105.88,2,,v West Indies,Port of Spain,24 Jul 2022,
ODI,HH Pandya,54,55,38,3,3,142.1,1,,v New Zealand,Indore,24 Jan 2023,
ODI,V Kohli,54,118,72,2,1,75.0,2,,v Australia,Chennai,22 Mar 2023,
ODI,V Kohli,54,99,63,4,0,85.71,1,,v Australia,Ahmedabad,19 Nov 2023,
ODI,S Madan Lal,53*,-,75,4,1,70.66,2,,v England,The Oval,4 Jun 1982,
ODI,M Prabhakar,53*,105,87,5,0,60.91,2,,v Bangladesh,Sharjah,5 Apr 1995,
ODI,M Azharuddin,53*,75,53,4,0,100.0,2,,v New Zealand,Colombo (RPS),23 Jun 1998,
ODI,RS Sodhi,53*,101,67,4,1,79.1,1,,v Zimbabwe,Rajkot,14 Dec 2000,
ODI,R Dravid,53*,143,89,7,0,59.55,2,,v New Zealand,Centurion,14 Mar 2003,
ODI,Yuvraj Singh,53*,-,71,3,1,74.64,1,,v Zimbabwe,Harare,29 Aug 2005,
ODI,Yuvraj Singh,53*,85,65,4,1,81.53,2,,v Pakistan,Gwalior,15 Nov 2007,
ODI,SK Raina,53*,98,53,8,0,100.0,2,,v England,Cuttack,26 Nov 2008,
ODI,B Kumar,53*,-,80,4,1,66.25,2,,v Sri Lanka,Pallekele,24 Aug 2017,
ODI,SS Iyer,53*,80,62,3,2,85.48,2,,v Pakistan,Ahmedabad,14 Oct 2023,
ODI,DB Vengsarkar,53,-,66,-,-,80.3,2,,v Sri Lanka,Delhi,15 Sep 1982,
ODI,RJ Shastri,53,-,45,5,0,117.77,2,,v England,Chandigarh,27 Jan 1985,
ODI,RJ Shastri,53,117,84,2,0,63.09,2,,v New Zealand,Sydney,5 Mar 1985,
ODI,RJ Shastri,53,90,54,6,0,98.14,1,,v Australia,Ahmedabad,5 Oct 1986,
ODI,K Srikkanth,53,-,71,5,1,74.64,2,,v West Indies,Ahmedabad,7 Jan 1988,
ODI,VB Chandrasekhar,53,121,77,7,0,68.83,1,,v New Zealand,Indore,15 Dec 1988,
ODI,RJ Shastri,53,-,88,4,0,60.22,2,,v Sri Lanka,Pune,5 Dec 1990,
ODI,SR Tendulkar,53,-,41,7,1,129.26,2,,v Sri Lanka,Pune,5 Dec 1990,
ODI,SR Tendulkar,53,-,70,2,0,75.71,2,,v Sri Lanka,Eden Gardens,4 Jan 1991,
ODI,K Srikkanth,53,-,61,8,0,86.88,1,,v South Africa,New Delhi,14 Nov 1991,
ODI,M Azharuddin,53,-,57,2,1,92.98,1,,v Sri Lanka,Colombo (RPS),25 Jul 1993,
ODI,A Jadeja,53,134,85,4,1,62.35,2,,v Kenya,Cuttack,18 Feb 1996,
ODI,SV Manjrekar,53,118,80,3,1,66.25,2,,v South Africa,Sharjah,14 Apr 1996,
ODI,J Srinath,53,83,69,4,1,76.81,1,,v South Africa,Rajkot,29 Oct 1996,
ODI,R Dravid,53,102,71,5,0,74.64,1,,v South Africa,East London,4 Feb 1997,
ODI,SR Tendulkar,53,109,67,2,0,79.1,1,,v Sri Lanka,Colombo (RPS),26 Jul 1997,
ODI,VG Kambli,53,102,76,7,0,69.73,2,,v Pakistan,Karachi,30 Sep 1997,
ODI,A Jadeja,53,133,108,5,0,49.07,1,,v Sri Lanka,Margao,28 Dec 1997,
ODI,SR Tendulkar,53,43,36,3,3,147.22,2,,v New Zealand,Colombo (RPS),23 Jun 1998,
ODI,R Dravid,53,116,82,6,0,64.63,1,,v England,Birmingham,29 May 1999,
ODI,SC Ganguly,53,99,55,8,0,96.36,1,,v West Indies,Vadodara,18 Nov 2002,
ODI,AB Agarkar,53,70,62,4,2,85.48,1,,v Australia,Melbourne,6 Feb 2004,
ODI,V Sehwag,53,102,65,6,2,81.53,1,,v Pakistan,Eden Gardens,13 Nov 2004,
ODI,R Dravid,53,121,80,5,0,66.25,1,,v Bangladesh,Chattogram,23 Dec 2004,
ODI,Yuvraj Singh,53,103,78,7,0,67.94,1,,v South Africa,Eden Gardens,25 Nov 2005,
ODI,SK Raina,53,83,66,2,1,80.3,2,,v England,Indore,15 Apr 2006,
ODI,SC Ganguly,53,105,60,7,1,88.33,2,,v England,The Oval,5 Sep 2007,
ODI,SK Raina,53,109,80,4,1,66.25,1,,v Sri Lanka,Colombo (RPS),24 Aug 2008,
ODI,MS Dhoni,53,85,58,1,2,91.37,2,,v Sri Lanka,Colombo (RPS),8 Feb 2009,
ODI,PA Patel,53,87,57,8,0,92.98,2,,v New Zealand,Bengaluru,7 Dec 2010,
ODI,Yuvraj Singh,53,74,68,4,0,77.94,1,,v South Africa,Johannesburg,15 Jan 2011,
ODI,SR Tendulkar,53,93,68,7,0,77.94,2,,v Australia,Ahmedabad,24 Mar 2011,
ODI,AT Rayudu,53,89,65,3,2,81.53,2,,v England,Leeds,5 Sep 2014,
ODI,V Kohli,53,-,61,4,1,86.88,2,,v Sri Lanka,Hyderabad,9 Nov 2014,
ODI,S Dhawan,53,88,60,7,0,88.33,1,,v Bangladesh,Mirpur,21 Jun 2015,
ODI,SK Raina,53,87,52,3,1,101.92,1,,v South Africa,Chennai,22 Oct 2015,
ODI,Yuvraj Singh,53,49,32,8,1,165.62,1,,v Pakistan,Birmingham,4 Jun 2017,
ODI,AM Rahane,53,75,66,6,1,80.3,2,,v Australia,Bengaluru,28 Sep 2017,
ODI,SS Iyer,53,-,32,3,4,165.62,1,,v West Indies,Visakhapatnam,18 Dec 2019,
ODI,SA Yadav,53,78,44,6,0,120.45,2,,v Sri Lanka,Colombo (RPS),20 Jul 2021,
ODI,RG Sharma,53,73,48,7,2,110.41,1,,v Sri Lanka,Colombo (RPS),12 Sep 2023,
ODI,Shubman Gill,53,80,55,5,2,96.36,2,,v Bangladesh,Pune,19 Oct 2023,
ODI,K Nitish Kumar Reddy,53,54,57,2,2,92.98,2,,v New Zealand,Indore,18 Jan 2026,
ODI,AK Sharma,52*,31,47,3,3,110.63,1,,v New Zealand,Indore,15 Dec 1988,
ODI,M Azharuddin,52*,-,49,5,0,106.12,2,,v Sri Lanka,Pune,5 Dec 1990,
ODI,SR Tendulkar,52*,-,40,5,0,130.0,1,,v Pakistan,Sharjah,18 Oct 1991,
ODI,SV Manjrekar,52*,-,52,4,0,100.0,1,,v South Africa,Gwalior,12 Nov 1991,
ODI,HK Badani,52*,125,85,5,1,61.17,2,,v Zimbabwe,Harare,24 Jun 2001,
ODI,R Dravid,52*,97,65,7,0,80.0,2,,v West Indies,Dambulla,31 Jul 2005,
ODI,RA Jadeja,52*,62,49,4,2,106.12,1,,v Pakistan,Mirpur,2 Mar 2014,
ODI,DB Vengsarkar,52,111,74,5,0,70.27,2,,v Australia,Sydney,15 Jan 1981,
ODI,SM Gavaskar,52,-,82,4,0,63.41,2,,v England,Nagpur,23 Jan 1985,
ODI,SM Gavaskar,52,113,56,5,2,92.85,1,,v Australia,Srinagar,9 Sep 1986,
ODI,DB Vengsarkar,52,-,49,3,1,106.12,1,,v Sri Lanka,Wankhede,17 Jan 1987,
ODI,RJ Shastri,52,-,39,3,4,133.33,2,,v Pakistan,Nagpur,24 Mar 1987,
ODI,N Kapil Dev,52,-,42,8,1,123.8,2,,v West Indies,Gwalior,22 Jan 1988,
ODI,SV Manjrekar,52,116,69,2,0,75.36,2,,v New Zealand,Vadodara,17 Dec 1988,
ODI,NS Sidhu,52,-,80,6,0,65.0,1,,v Sri Lanka,Nagpur,1 Dec 1990,
ODI,SV Manjrekar,52,-,69,3,2,75.36,2,,v Pakistan,Sharjah,25 Oct 1991,
ODI,SR Tendulkar,52,83,63,3,0,82.53,1,,v Sri Lanka,Jalandhar,20 Feb 1994,
ODI,NS Sidhu,52,133,87,7,0,59.77,2,,v West Indies,Faridabad,17 Oct 1994,
ODI,M Azharuddin,52,101,59,2,1,88.13,2,,v South Africa,Bloemfontein,23 Jan 1997,
ODI,M Azharuddin,52,121,87,0,0,59.77,1,,v Pakistan,Toronto,13 Sep 1997,
ODI,M Azharuddin,52,63,44,3,1,118.18,1,,v New Zealand,Wellington,14 Jan 1999,
ODI,VVS Laxman,52,100,72,3,0,72.22,1,,v Zimbabwe,Mohali,10 Mar 2002,
ODI,V Sehwag,52,57,39,9,1,133.33,1,,v West Indies,Vadodara,18 Nov 2002,
ODI,SR Tendulkar,52,91,72,7,0,72.22,1,,v Netherlands,Paarl,12 Feb 2003,
ODI,R Dravid,52,126,92,3,0,56.52,1,,v England,Lord's,5 Sep 2004,
ODI,R Dravid,52,83,59,3,0,88.13,1,,v Pakistan,Visakhapatnam,5 Apr 2005,
ODI,Yuvraj Singh,52,-,78,5,0,66.66,1,,v West Indies,Port of Spain,26 May 2006,
ODI,R Dravid,52,91,63,6,0,82.53,1,,v Australia,Mohali,29 Oct 2006,
ODI,RV Uthappa,52,53,37,9,1,140.54,2,,v Sri Lanka,Visakhapatnam,17 Feb 2007,
ODI,RG Sharma,52,82,61,3,1,85.24,2,,v Pakistan,Jaipur,18 Nov 2007,
ODI,SR Tendulkar,52,93,48,5,1,108.33,2,,v Pakistan,Mirpur,18 Mar 2012,
ODI,G Gambhir,52,74,52,7,0,100.0,2,,v England,Rajkot,11 Jan 2013,
ODI,RG Sharma,52,78,56,7,0,92.85,2,,v West Indies,The Oval,11 Jun 2013,
ODI,RG Sharma,52,126,87,4,1,59.77,1,,v England,Cardiff,27 Aug 2014,
ODI,MS Dhoni,52,94,51,6,0,101.96,1,,v England,Cardiff,27 Aug 2014,
ODI,SK Raina,52,36,34,4,3,152.94,1,,v Sri Lanka,Cuttack,2 Nov 2014,
ODI,RG Sharma,52,-,39,6,3,133.33,2,,v Pakistan,Dubai (DICS),19 Sep 2018,
ODI,KM Jadhav,52,88,68,3,1,76.47,1,,v Afghanistan,Southampton,22 Jun 2019,
ODI,SS Iyer,52,101,57,7,1,91.22,2,,v New Zealand,Auckland,8 Feb 2020,
ODI,Ishan Kishan,52,73,46,7,1,113.04,2,,v West Indies,Bridgetown,27 Jul 2023,
ODI,KL Rahul,52,80,38,3,3,136.84,1,,v Australia,Indore,24 Sep 2023,
ODI,SS Iyer,52,48,45,6,1,115.55,2,,v South Africa,Johannesburg,17 Dec 2023,
ODI,NT Tilak Varma,52,85,77,5,1,67.53,1,,v South Africa,Paarl,21 Dec 2023,
ODI,AR Patel,52,67,47,6,1,110.63,2,,v England,Nagpur,6 Feb 2025,
ODI,V Kohli,52,74,55,7,1,94.54,1,,v England,Ahmedabad,12 Feb 2025,
ODI,Harshit Rana,52,50,43,4,4,120.93,2,,v New Zealand,Indore,18 Jan 2026,
ODI,SM Patil,51*,49,32,8,0,159.37,2,,v England,Manchester,22 Jun 1983,
ODI,SC Khanna,51*,-,69,6,0,73.91,2,,v Sri Lanka,Sharjah,8 Apr 1984,
ODI,VG Kambli,51*,82,55,5,0,92.72,2,,v Australia,Dunedin,22 Feb 1995,
ODI,SK Raina,51*,57,43,5,1,118.6,2,,v Bangladesh,Mirpur,7 Jan 2010,
ODI,Yuvraj Singh,51*,93,73,7,0,69.86,2,,v Netherlands,Delhi,9 Mar 2011,
ODI,KD Karthik,51*,84,54,8,0,94.44,2,,v West Indies,The Oval,11 Jun 2013,
ODI,MS Dhoni,51*,61,40,3,4,127.5,1,,v West Indies,Visakhapatnam,24 Nov 2013,
ODI,MS Dhoni,51*,66,40,5,1,127.5,1,,v West Indies,Delhi,11 Oct 2014,
ODI,S Dhawan,51*,84,56,9,0,91.07,2,,v South Africa,Centurion,4 Feb 2018,
ODI,RG Sharma,51*,40,28,3,5,182.14,2,,v Bangladesh,Mirpur,7 Dec 2022,
ODI,M Amarnath,51,-,61,5,0,83.6,1,,v Pakistan,Quetta,1 Oct 1978,
ODI,M Amarnath,51,-,62,0,0,82.25,2,,v Pakistan,Gujranwala,3 Dec 1982,
ODI,SM Patil,51,-,51,3,2,100.0,2,,v Pakistan,Lahore,31 Dec 1982,
ODI,SM Patil,51,-,28,7,2,182.14,2,,v Pakistan,Jaipur,2 Oct 1983,
ODI,RJ Shastri,51,133,94,5,0,54.25,2,,v Australia,Melbourne,3 Mar 1985,
ODI,N Kapil Dev,51,-,45,5,0,113.33,1,,v England,Manchester,26 May 1986,
ODI,NS Sidhu,51,88,70,2,0,72.85,1,,v Australia,Delhi,22 Oct 1987,
ODI,J Arun Lal,51,-,67,5,0,76.11,1,,v West Indies,Eden Gardens,2 Jan 1988,
ODI,DB Vengsarkar,51,-,71,1,0,71.83,2,,v Pakistan,Sharjah,19 Oct 1988,
ODI,K Srikkanth,51,-,70,4,0,72.85,1,,v Pakistan,Sharjah,15 Oct 1989,
ODI,M Prabhakar,51,100,80,2,0,63.75,2,,v Zimbabwe,Guwahati,22 Mar 1993,
ODI,AC Bedade,51,98,55,7,0,92.72,2,,v West Indies,Faridabad,17 Oct 1994,
ODI,RR Singh,51,74,52,4,1,98.07,1,,v Sri Lanka,Wankhede,17 May 1997,
ODI,SR Tendulkar,51,106,64,4,1,79.68,1,,v Pakistan,Toronto,21 Sep 1997,
ODI,NR Mongia,51,96,63,5,1,80.95,2,,v Sri Lanka,Sharjah,6 Nov 1998,
ODI,R Dravid,51,95,71,5,1,71.83,2,,v New Zealand,Auckland,16 Jan 1999,
ODI,RR Singh,51,132,102,2,0,50.0,2,,v Pakistan,W.A.C.A,28 Jan 2000,
ODI,V Dahiya,51,53,39,6,1,130.76,1,,v Australia,Bengaluru,25 Mar 2001,
ODI,VVS Laxman,51,112,86,3,0,59.3,1,,v Australia,Pune,28 Mar 2001,
ODI,V Sehwag,51,81,58,8,0,87.93,2,,v England,Chennai,25 Jan 2002,
ODI,R Dravid,51,63,42,6,0,121.42,1,,v West Indies,Nagpur,9 Nov 2002,
ODI,M Kaif,51,94,73,8,0,69.86,2,,v England,The Oval,3 Sep 2004,
ODI,SC Ganguly,51,139,110,5,0,46.36,1,,v Sri Lanka,Dambulla,3 Aug 2005,
ODI,MS Dhoni,51,82,65,1,2,78.46,1,,v West Indies,Ahmedabad,26 Oct 2006,
ODI,G Gambhir,51,90,66,5,0,77.27,1,,v England,Leeds,2 Sep 2007,
ODI,RV Uthappa,51,95,46,4,1,110.86,2,,v Australia,Sydney,24 Feb 2008,
ODI,G Gambhir,51,75,54,7,0,94.44,1,,v Hong Kong,Karachi,25 Jun 2008,
ODI,G Gambhir,51,91,63,8,0,80.95,1,,v England,Rajkot,14 Nov 2008,
ODI,RA Jadeja,51,100,72,3,2,70.83,1,,v Zimbabwe,Harare,3 Jun 2010,
ODI,G Gambhir,51,95,61,5,0,83.6,1,,v England,Bengaluru,27 Feb 2011,
ODI,S Dhawan,51,105,76,3,1,67.1,2,,v West Indies,Port of Spain,6 Jun 2011,
ODI,SK Raina,51,48,38,5,2,134.21,1,,v Bangladesh,Mirpur,16 Mar 2012,
ODI,SK Raina,51,105,63,6,0,80.95,1,,v Australia,Melbourne,18 Jan 2015,
ODI,AM Rahane,51,94,63,6,0,80.95,1,,v South Africa,Indore,14 Oct 2015,
ODI,MS Dhoni,51,110,96,3,1,53.12,2,,v Australia,Sydney,12 Jan 2019,
ODI,V Kohli,51,88,63,6,0,80.95,1,,v New Zealand,Hamilton,5 Feb 2020,
ODI,V Kohli,51,79,63,3,0,80.95,2,,v South Africa,Paarl,19 Jan 2022,
ODI,Washington Sundar,51,104,64,5,1,79.68,1,,v New Zealand,Christchurch,30 Nov 2022,
ODI,RG Sharma,51,65,50,7,2,102.0,2,,v New Zealand,Raipur,21 Jan 2023,
ODI,SV Samson,51,39,41,2,4,124.39,1,,v West Indies,Tarouba,1 Aug 2023,
ODI,Shubman Gill,51,49,32,3,4,159.37,1,,v Netherlands,Bengaluru,12 Nov 2023,
ODI,V Kohli,51,69,56,5,1,91.07,1,,v Netherlands,Bengaluru,12 Nov 2023,
ODI,M Azharuddin,50*,-,79,0,0,63.29,2,,v Sri Lanka,Sharjah,27 Nov 1986,
ODI,NS Sidhu,50*,-,71,4,1,70.42,2,,v Bangladesh,Chattogram,27 Oct 1988,
ODI,DB Vengsarkar,50*,-,81,0,0,61.72,2,,v Sri Lanka,Dhaka,4 Nov 1988,
ODI,A Jadeja,50*,66,65,2,0,76.92,2,,v Kenya,Eden Gardens,31 May 1998,
ODI,Yuvraj Singh,50*,91,53,6,0,94.33,2,,v Pakistan,Centurion,1 Mar 2003,
ODI,R Dravid,50*,29,22,5,3,227.27,1,,v New Zealand,Hyderabad (Deccan),15 Nov 2003,
ODI,MS Dhoni,50*,59,35,5,1,142.85,1,,v Australia,Chandigarh,8 Oct 2007,
ODI,MS Dhoni,50*,140,68,0,0,73.52,2,,v Sri Lanka,Adelaide,19 Feb 2008,
ODI,YK Pathan,50*,55,29,2,4,172.41,1,,v England,Indore,17 Nov 2008,
ODI,Yuvraj Singh,50*,108,75,3,0,66.66,2,,v Ireland,Bengaluru,6 Mar 2011,
ODI,MS Dhoni,50*,35,26,5,2,192.3,1,,v England,Cardiff,16 Sep 2011,
ODI,KD Karthik,50*,-,52,5,0,96.15,2,,v West Indies,Kingston,6 Jul 2017,
ODI,MK Pandey,50*,-,42,4,0,119.04,1,,v Sri Lanka,Colombo (RPS),31 Aug 2017,
ODI,SN Thakur,50*,63,43,5,1,116.27,2,,v South Africa,Paarl,19 Jan 2022,
ODI,N Kapil Dev,50,-,68,4,1,73.52,2,,v New Zealand,Auckland,14 Feb 1981,
ODI,SM Patil,50,-,54,7,1,92.59,2,,v Zimbabwe,Leicester,11 Jun 1983,
ODI,K Srikkanth,50,-,72,6,0,69.44,1,,v England,Pune,5 Dec 1984,
ODI,DB Vengsarkar,50,-,46,5,0,108.69,2,,v Sri Lanka,Colombo (PSS),21 Sep 1985,
ODI,K Srikkanth,50,90,69,7,0,72.46,2,,v New Zealand,Brisbane,11 Jan 1986,
ODI,DB Vengsarkar,50,-,64,0,1,78.12,1,,v Pakistan,Sharjah,18 Apr 1986,
ODI,RJ Shastri,50,-,68,5,1,73.52,1,,v Pakistan,Indore,27 Jan 1987,
ODI,SM Gavaskar,50,-,114,3,0,43.85,2,,v Zimbabwe,Ahmedabad,26 Oct 1987,
ODI,NS Sidhu,50,-,55,3,0,90.9,2,,v Sri Lanka,Dhaka,29 Oct 1988,
ODI,AK Sharma,50,77,36,5,0,138.88,2,,v New Zealand,Vadodara,17 Dec 1988,
ODI,NS Sidhu,50,-,92,2,1,54.34,1,,v West Indies,Port of Spain,11 Mar 1989,
ODI,M Prabhakar,50,71,68,7,0,73.52,2,,v Australia,Dunedin,22 Feb 1995,
ODI,SV Manjrekar,50,88,73,1,2,68.49,2,,v Pakistan,Sharjah,7 Apr 1995,
ODI,V Rathour,50,120,91,4,0,54.94,1,,v South Africa,Sharjah,17 Apr 1996,
ODI,R Dravid,50,152,104,3,1,48.07,1,,v South Africa,Gqeberha,2 Feb 1997,
ODI,M Azharuddin,50,82,65,6,0,76.92,1,,v Pakistan,Toronto,21 Sep 1997,
ODI,R Dravid,50,109,81,2,0,61.72,1,,v Pakistan,Hyderabad (Sind),28 Sep 1997,
ODI,A Jadeja,50,76,69,1,0,72.46,2,,v England,Sharjah,11 Dec 1997,
ODI,A Jadeja,50,60,52,3,1,96.15,2,,v Kenya,Bengaluru,20 May 1998,
ODI,RR Singh,50,102,74,1,1,67.56,2,,v Sri Lanka,Colombo (SSC),1 Jul 1998,
ODI,SC Ganguly,50,115,74,6,0,67.56,2,,v New Zealand,Auckland,16 Jan 1999,
ODI,SC Ganguly,50,169,96,2,0,52.08,1,,v Pakistan,Sharjah,16 Apr 1999,
ODI,S Ramesh,50,-,117,4,0,42.73,1,,v Kenya,Nairobi (Gym),29 Sep 1999,
ODI,RR Singh,50,112,84,4,0,59.52,1,,v Pakistan,Brisbane,10 Jan 2000,
ODI,SR Tendulkar,50,78,52,8,1,96.15,1,,v England,Durban,26 Feb 2003,
ODI,Yuvraj Singh,50,55,46,4,0,108.69,1,,v Sri Lanka,Colombo (RPS),27 Jul 2004,
ODI,M Kaif,50,107,79,4,0,63.29,1,,v England,Nottingham,1 Sep 2004,
ODI,IK Pathan,50,92,61,3,1,81.96,2,,v New Zealand,Bulawayo,26 Aug 2005,
ODI,R Dravid,50,128,82,6,0,60.97,2,,v Pakistan,Karachi,19 Feb 2006,
ODI,MS Dhoni,50,98,72,4,1,69.44,1,,v England,Lord's,8 Sep 2007,
ODI,Yuvraj Singh,50,120,62,3,1,80.64,2,,v Pakistan,Jaipur,18 Nov 2007,
ODI,SR Tendulkar,50,99,57,6,0,87.71,2,,v England,Cuttack,26 Nov 2008,
ODI,MS Dhoni,50,87,61,5,0,81.96,2,,v England,Cuttack,26 Nov 2008,
ODI,G Gambhir,50,116,64,2,0,78.12,2,,v Australia,Ahmedabad,24 Mar 2011,
ODI,SK Raina,50,75,45,3,1,111.11,1,,v Sri Lanka,Hambantota,21 Jul 2012,
ODI,SK Raina,50,75,49,7,0,102.04,2,,v England,Rajkot,11 Jan 2013,
ODI,AM Rahane,50,106,66,4,1,75.75,2,,v Zimbabwe,Bulawayo,3 Aug 2013,
ODI,MS Dhoni,50,79,60,2,3,83.33,2,,v New Zealand,Auckland,25 Jan 2014,
ODI,RV Uthappa,50,67,44,3,3,113.63,2,,v Bangladesh,Mirpur,15 Jun 2014,
ODI,AM Rahane,50,72,55,4,1,90.9,1,,v Australia,Melbourne,17 Jan 2016,
ODI,MS Dhoni,50,114,72,1,1,69.44,2,,v New Zealand,Manchester,9 Jul 2019,
ODI,Ishan Kishan,50,82,61,6,0,81.96,1,,v Zimbabwe,Harare,22 Aug 2022,
ODI,SS Iyer,50,53,37,8,0,135.13,2,,v South Africa,Lucknow,6 Oct 2022,
ODI,Shubman Gill,50,93,65,1,3,76.92,1,,v New Zealand,Auckland,25 Nov 2022,
ODI,SA Yadav,50,66,49,5,1,102.04,2,,v Australia,Mohali,22 Sep 2023,
ODI,N Kapil Dev,49*,-,26,3,2,188.46,1,,v New Zealand,Sharjah,1 Apr 1988,
ODI,RR Singh,49*,156,75,2,1,65.33,2,,v Zimbabwe,Sharjah,11 Nov 1998,
ODI,R Dravid,49*,126,81,0,0,60.49,2,,v Sri Lanka,Colombo (RPS),22 Jul 2001,
ODI,M Kaif,49*,30,29,5,0,168.96,1,,v Kenya,Southampton,11 Sep 2004,
ODI,Yuvraj Singh,49*,83,63,4,1,77.77,2,,v South Africa,Belfast,29 Jun 2007,
ODI,SK Raina,49*,65,37,4,1,132.43,1,,v Sri Lanka,Colombo (RPS),5 Feb 2009,
ODI,RA Jadeja,49*,76,62,4,1,79.03,2,,v Sri Lanka,Kingston,2 Jul 2013,
ODI,MS Dhoni,49*,-,42,5,1,116.66,1,,v Sri Lanka,Colombo (RPS),31 Aug 2017,
ODI,N Kapil Dev,49,-,31,3,1,158.06,1,,v Sri Lanka,Amritsar,12 Sep 1982,
ODI,RJ Shastri,49,74,52,0,0,94.23,1,,v Australia,Melbourne,9 Feb 1986,
ODI,M Azharuddin,49,-,86,4,0,56.97,1,,v Pakistan,Sharjah,5 Dec 1986,
ODI,M Azharuddin,49,-,62,4,0,79.03,1,,v Pakistan,Eden Gardens,18 Feb 1987,
ODI,SV Manjrekar,49,-,67,1,0,73.13,2,,v Pakistan,Sharjah,23 Oct 1991,
ODI,SR Tendulkar,49,-,38,3,2,128.94,2,,v Pakistan,Sharjah,23 Oct 1991,
ODI,M Azharuddin,49,-,84,3,0,58.33,1,,v South Africa,Johannesburg,13 Dec 1992,
ODI,A Jadeja,49,65,54,1,4,90.74,1,,v Pakistan,Toronto,13 Sep 1997,
ODI,R Dravid,49,89,62,4,0,79.03,2,,v Kenya,Bengaluru,20 May 1998,
ODI,A Jadeja,49,97,85,2,1,57.64,1,,v Sri Lanka,Colombo (RPS),25 Aug 1999,
ODI,D Mongia,49,127,82,4,0,59.75,2,,v England,Cuttack,22 Jan 2002,
ODI,SR Tendulkar,49,123,70,3,1,70.0,2,,v Sri Lanka,The Oval,30 Jun 2002,
ODI,R Dravid,49,82,67,2,0,73.13,1,,v South Africa,Colombo (RPS),25 Sep 2002,
ODI,R Dravid,49,113,69,4,0,71.01,2,,v Australia,Eden Gardens,18 Nov 2003,
ODI,M Kaif,49,105,56,5,0,87.5,2,,v Bangladesh,Dhaka,26 Dec 2004,
ODI,Yuvraj Singh,49,78,64,7,0,76.56,2,,v South Africa,Wankhede,28 Nov 2005,
ODI,R Dravid,49,115,67,6,0,73.13,1,,v West Indies,Ahmedabad,26 Oct 2006,
ODI,Yuvraj Singh,49,94,53,6,0,92.45,1,,v England,Bristol,24 Aug 2007,
ODI,MS Dhoni,49,61,52,4,2,94.23,1,,v Pakistan,Kanpur,11 Nov 2007,
ODI,V Sehwag,49,64,33,6,2,148.48,1,,v Pakistan,Karachi,2 Jul 2008,
ODI,MS Dhoni,49,104,74,4,0,66.21,2,,v Sri Lanka,Karachi,6 Jul 2008,
ODI,Harbhajan Singh,49,48,31,4,3,158.06,2,,v Australia,Vadodara,25 Oct 2009,
ODI,SK Raina,49,-,30,5,1,163.33,2,,v South Africa,Ahmedabad,27 Feb 2010,
ODI,V Kohli,49,-,44,2,2,111.36,2,,v Sri Lanka,Ahmedabad,6 Nov 2014,
ODI,S Dhawan,49,-,50,6,1,98.0,2,,v Sri Lanka,Pallekele,24 Aug 2017,
ODI,PP Shaw,49,71,49,8,0,100.0,1,,v Sri Lanka,Colombo (RPS),23 Jul 2021,
ODI,KL Rahul,49,86,48,4,2,102.08,1,,v West Indies,Ahmedabad,9 Feb 2022,
ODI,Shubman Gill,49,82,57,8,0,85.96,2,,v South Africa,Delhi,11 Oct 2022,
ODI,SS Iyer,49,81,59,8,0,83.05,1,,v New Zealand,Christchurch,30 Nov 2022,
ODI,SA Yadav,49,75,47,4,1,104.25,1,,v England,Lucknow,29 Oct 2023,
ODI,SS Iyer,49,68,47,4,1,104.25,2,,v New Zealand,Vadodara,11 Jan 2026,
ODI,SMH Kirmani,48*,64,52,4,0,92.3,1,,v Australia,Melbourne,6 Dec 1980,
ODI,M Azharuddin,48*,-,74,3,0,64.86,2,,v New Zealand,Visakhapatnam,10 Dec 1988,
ODI,N Kapil Dev,48*,58,53,4,1,90.56,1,,v Australia,Hamilton,8 Mar 1990,
ODI,SR Tendulkar,48*,119,66,5,0,72.72,1,,v New Zealand,Chennai,23 Oct 2003,
ODI,RG Sharma,48*,126,83,2,1,57.83,1,,v Sri Lanka,Port of Spain,9 Jul 2013,
ODI,RA Jadeja,48*,85,77,4,2,62.33,2,,v Zimbabwe,Bulawayo,3 Aug 2013,
ODI,MS Dhoni,48*,48,33,5,1,145.45,1,,v New Zealand,Mount Maunganui,26 Jan 2019,
ODI,SM Patil,48,57,53,3,2,90.56,2,,v New Zealand,Brisbane,18 Jan 1981,
ODI,K Srikkanth,48,-,76,5,0,63.15,1,,v Pakistan,Karachi,21 Jan 1983,
ODI,N Kapil Dev,48,-,43,3,2,111.62,1,,v Sri Lanka,Sharjah,25 Mar 1988,
ODI,SR Tendulkar,48,62,57,2,0,84.21,1,,v West Indies,Adelaide,14 Dec 1991,
ODI,A Jadeja,48,-,69,3,0,69.56,1,,v South Africa,Cape Town,7 Dec 1992,
ODI,PK Amre,48,-,90,1,0,53.33,1,,v South Africa,Eden Gardens,24 Nov 1993,
ODI,SR Tendulkar,48,37,30,9,1,160.0,2,,v Bangladesh,Sharjah,5 Apr 1995,
ODI,VG Kambli,48,45,34,8,0,141.17,2,,v New Zealand,Brabourne,29 Nov 1995,
ODI,SB Joshi,48,70,67,5,0,71.64,1,,v Australia,Colombo (SSC),6 Sep 1996,
ODI,RR Singh,48,57,31,2,2,154.83,2,,v Zimbabwe,Paarl,27 Jan 1997,
ODI,A Jadeja,48,73,49,5,0,97.95,1,,v Australia,Delhi,14 Apr 1998,
ODI,R Dravid,48,92,80,3,0,60.0,1,,v Australia,Dhaka,28 Oct 1998,
ODI,D Mongia,48,91,63,6,0,76.19,1,,v Sri Lanka,Bristol,11 Jul 2002,
ODI,V Sehwag,48,65,36,8,0,133.33,1,,v Zimbabwe,Colombo (RPS),14 Sep 2002,
ODI,SC Ganguly,48,68,53,2,2,90.56,1,,v Sri Lanka,Johannesburg,10 Mar 2003,
ODI,SC Ganguly,48,99,70,1,2,68.57,1,,v Pakistan,Eden Gardens,13 Nov 2004,
ODI,V Sehwag,48,31,22,9,1,218.18,2,,v Sri Lanka,Colombo (RPS),9 Aug 2005,
ODI,V Sehwag,48,95,58,7,0,82.75,2,,v Sri Lanka,Pune,3 Nov 2005,
ODI,Yuvraj Singh,48,73,55,6,0,87.27,2,,v England,Kochi,6 Apr 2006,
ODI,MS Dhoni,48,95,68,1,0,70.58,2,,v Sri Lanka,Rajkot,11 Feb 2007,
ODI,SC Ganguly,48,101,72,6,0,66.66,2,,v Sri Lanka,Margao,14 Feb 2007,
ODI,V Sehwag,48,79,46,5,1,104.34,2,,v Sri Lanka,Port of Spain,23 Mar 2007,
ODI,Yuvraj Singh,48,54,47,1,3,102.12,2,,v Pakistan,Karachi,26 Jun 2008,
ODI,KD Karthik,48,55,40,9,0,120.0,2,,v Sri Lanka,Mirpur,10 Jan 2010,
ODI,RG Sharma,48,-,61,3,0,78.68,2,,v South Africa,Ahmedabad,27 Feb 2010,
ODI,SR Tendulkar,48,87,63,5,0,76.19,2,,v Sri Lanka,W.A.C.A,8 Feb 2012,
ODI,S Dhawan,48,70,41,5,0,117.07,2,,v Pakistan,Birmingham,15 Jun 2013,
ODI,V Kohli,48,66,51,4,1,94.11,1,,v Sri Lanka,Fatullah,28 Feb 2014,
ODI,RG Sharma,48,-,55,3,3,87.27,2,,v Bangladesh,Dubai (DICS),28 Sep 2018,
ODI,HH Pandya,48,41,27,4,3,177.77,1,,v Australia,The Oval,9 Jun 2019,
ODI,KL Rahul,48,91,64,6,0,75.0,1,,v West Indies,Manchester,27 Jun 2019,
ODI,RR Pant,48,56,41,6,1,117.07,1,,v Bangladesh,Birmingham,2 Jul 2019,
ODI,SS Iyer,48,74,43,1,2,111.62,2,,v Australia,Rajkot,27 Sep 2023,
ODI,RG Sharma,48,51,40,7,2,120.0,2,,v Bangladesh,Pune,19 Oct 2023,
ODI,SS Iyer,48,68,62,2,2,77.41,2,,v New Zealand,Dubai (DICS),9 Mar 2025,
ODI,M Azharuddin,47*,-,37,6,0,127.02,1,,v England,Bengaluru,20 Jan 1985,
ODI,VG Kambli,47*,82,62,5,0,75.8,2,,v Zimbabwe,Pune,25 Mar 1993,
ODI,M Azharuddin,47*,56,39,5,0,120.51,2,,v New Zealand,Vadodara,28 Oct 1994,
ODI,SV Manjrekar,47*,92,56,3,0,83.92,2,,v New Zealand,Pune,24 Nov 1995,
ODI,IK Pathan,47*,94,55,4,2,85.45,2,,v South Africa,Gqeberha,29 Nov 2006,
ODI,RV Uthappa,47*,44,33,8,0,142.42,2,,v England,The Oval,5 Sep 2007,
ODI,RA Jadeja,47*,37,29,7,1,162.06,1,,v South Africa,Cardiff,6 Jun 2013,
ODI,N Kapil Dev,47,-,62,4,1,75.8,2,,v England,The Oval,4 Jun 1982,
ODI,M Azharuddin,47,-,55,2,2,85.45,2,,v England,Nagpur,23 Jan 1985,
ODI,M Azharuddin,47,-,93,3,0,50.53,1,,v Pakistan,Sharjah,22 Mar 1985,
ODI,N Kapil Dev,47,56,39,0,0,120.51,1,,v New Zealand,Melbourne,23 Jan 1986,
ODI,SV Manjrekar,47,50,42,3,1,111.9,2,,v Australia,Brisbane,1 Mar 1992,
ODI,WV Raman,47,-,103,3,0,45.63,1,,v South Africa,Cape Town,7 Dec 1992,
ODI,NS Sidhu,47,99,68,3,0,69.11,1,,v Pakistan,Sharjah,15 Apr 1994,
ODI,SR Tendulkar,47,65,40,7,0,117.5,2,,v Australia,Dunedin,22 Feb 1995,
ODI,A Jadeja,47,-,84,3,0,55.95,2,,v Pakistan,Toronto,21 Sep 1996,
ODI,R Dravid,47,122,88,3,0,53.4,1,,v Sri Lanka,Colombo (SSC),1 Aug 2001,
ODI,VVS Laxman,47,77,67,4,0,70.14,1,,v West Indies,Jamshedpur,6 Nov 2002,
ODI,R Dravid,47,87,57,2,0,82.45,2,,v Australia,Johannesburg,23 Mar 2003,
ODI,Yuvraj Singh,47,91,62,5,0,75.8,1,,v Australia,W.A.C.A,1 Feb 2004,
ODI,Yuvraj Singh,47,107,78,4,0,60.25,2,,v Sri Lanka,Dambulla,18 Jul 2004,
ODI,AB Agarkar,47,63,50,3,1,94.0,1,,v Pakistan,Birmingham,19 Sep 2004,
ODI,SR Tendulkar,47,60,42,9,0,111.9,1,,v Bangladesh,Dhaka,27 Dec 2004,
ODI,MS Dhoni,47,90,64,4,1,73.43,1,,v Pakistan,Ahmedabad,12 Apr 2005,
ODI,Yuvraj Singh,47,60,58,3,1,81.03,1,,v Bangladesh,Port of Spain,17 Mar 2007,
ODI,G Gambhir,47,65,57,3,1,82.45,2,,v England,The Oval,5 Sep 2007,
ODI,SR Tendulkar,47,128,73,9,0,64.38,1,,v Australia,Vadodara,11 Oct 2007,
ODI,RV Uthappa,47,100,59,4,2,79.66,2,,v Australia,Wankhede,17 Oct 2007,
ODI,KD Karthik,47,60,43,5,1,109.3,2,,v West Indies,Gros Islet,3 Jul 2009,
ODI,R Dravid,47,93,56,3,1,83.92,2,,v Sri Lanka,Colombo (RPS),12 Sep 2009,
ODI,V Sehwag,47,44,31,9,0,151.61,1,,v Sri Lanka,Mirpur,5 Jan 2010,
ODI,IK Pathan,47,51,34,7,0,138.23,2,,v Sri Lanka,Brisbane,21 Feb 2012,
ODI,AM Rahane,47,65,57,6,0,82.45,2,,v England,Rajkot,11 Jan 2013,
ODI,MS Dhoni,47,79,72,3,0,65.27,2,,v New Zealand,Wellington,31 Jan 2014,
ODI,MS Dhoni,47,112,75,3,0,62.66,1,,v Bangladesh,Mirpur,21 Jun 2015,
ODI,MS Dhoni,47,85,61,5,0,77.04,2,,v South Africa,Rajkot,18 Oct 2015,
ODI,AT Rayudu,47,71,49,3,1,95.91,1,,v New Zealand,Mount Maunganui,26 Jan 2019,
ODI,KL Rahul,47,-,61,4,0,77.04,1,,v Australia,Wankhede,14 Jan 2020,
ODI,Ishan Kishan,47,78,47,5,2,100.0,2,,v Afghanistan,Delhi,11 Oct 2023,
ODI,RG Sharma,47,40,29,4,4,162.06,1,,v New Zealand,Wankhede,15 Nov 2023,
ODI,RG Sharma,47,44,31,4,3,151.61,1,,v Australia,Ahmedabad,19 Nov 2023,
ODI,DB Vengsarkar,46*,-,37,4,3,124.32,2,,v Zimbabwe,Wankhede,17 Oct 1987,
ODI,R Dravid,46*,82,42,2,0,109.52,1,,v West Indies,Jamshedpur,6 Nov 2002,
ODI,MS Dhoni,46*,-,58,6,0,79.31,1,,v West Indies,Port of Spain,26 May 2006,
ODI,MS Dhoni,46*,50,34,2,1,135.29,2,,v West Indies,Gros Islet,3 Jul 2009,
ODI,MS Dhoni,46*,38,26,6,1,176.92,1,,v Sri Lanka,Mirpur,13 Mar 2012,
ODI,V Kohli,46*,64,50,4,1,92.0,2,,v South Africa,Centurion,4 Feb 2018,
ODI,CPS Chauhan,46,112,69,4,0,66.66,1,,v New Zealand,Brisbane,21 Dec 1980,
ODI,DB Vengsarkar,46,88,60,3,0,76.66,1,,v Australia,Melbourne,11 Jan 1981,
ODI,DB Vengsarkar,46,-,85,4,0,54.11,1,,v England,Ahmedabad,25 Nov 1981,
ODI,M Amarnath,46,110,92,4,1,50.0,2,,v England,Manchester,22 Jun 1983,
ODI,K Srikkanth,46,-,27,8,0,170.37,1,,v Sri Lanka,Wankhede,17 Jan 1987,
ODI,N Kapil Dev,46,59,38,4,1,121.05,1,,v New Zealand,Wellington,6 Mar 1990,
ODI,A Jadeja,46,118,77,2,0,59.74,1,,v Pakistan,Sydney,4 Mar 1992,
ODI,NS Sidhu,46,114,79,4,1,58.22,1,,v Sri Lanka,Jalandhar,20 Feb 1994,
ODI,SC Ganguly,46,117,83,3,0,55.42,1,,v England,Manchester,26 May 1996,
ODI,R Dravid,46,-,93,3,0,49.46,1,,v Pakistan,Toronto,18 Sep 1996,
ODI,SC Ganguly,46,-,67,6,0,68.65,1,,v West Indies,Singapore,8 Sep 1999,
ODI,Harbhajan Singh,46,37,34,3,3,135.29,2,,v Australia,Visakhapatnam,3 Apr 2001,
ODI,M Kaif,46,83,64,3,0,71.87,2,,v England,Delhi,31 Jan 2002,
ODI,V Sehwag,46,42,41,8,1,112.19,2,,v England,The Oval,9 Jul 2002,
ODI,M Kaif,46,72,56,4,0,82.14,1,,v Pakistan,Karachi,13 Mar 2004,
ODI,IK Pathan,46,78,63,6,0,73.01,1,,v South Africa,Hyderabad,16 Nov 2005,
ODI,M Kaif,46,83,63,4,0,73.01,1,,v South Africa,Eden Gardens,25 Nov 2005,
ODI,R Dravid,46,101,59,6,0,77.96,1,,v England,Margao,3 Apr 2006,
ODI,IK Pathan,46,78,56,6,1,82.14,2,,v England,Kochi,6 Apr 2006,
ODI,V Sehwag,46,82,44,7,0,104.54,2,,v Sri Lanka,Visakhapatnam,17 Feb 2007,
ODI,R Dravid,46,112,72,2,1,63.88,2,,v England,Southampton,21 Aug 2007,
ODI,SR Tendulkar,46,81,55,6,0,83.63,2,,v New Zealand,Colombo (RPS),11 Sep 2009,
ODI,SK Raina,46,49,41,5,2,112.19,2,,v Pakistan,Centurion,26 Sep 2009,
ODI,V Sehwag,46,-,37,6,2,124.32,1,,v South Africa,Jaipur,21 Feb 2010,
ODI,PA Patel,46,84,56,4,1,82.14,2,,v West Indies,North Sound,11 Jun 2011,
ODI,RG Sharma,46,124,78,5,0,58.97,1,,v West Indies,Port of Spain,5 Jul 2013,
ODI,V Kohli,46,106,60,3,0,76.66,1,,v South Africa,Melbourne,22 Feb 2015,
ODI,S Dhawan,46,67,34,7,1,135.29,2,,v Bangladesh,Birmingham,15 Jun 2017,
ODI,SK Raina,46,-,63,1,0,73.01,2,,v England,Lord's,14 Jul 2018,
ODI,S Dhawan,46,-,54,6,1,85.18,2,,v Pakistan,Dubai (DICS),19 Sep 2018,
ODI,V Kohli,46,-,62,3,0,74.19,2,,v Australia,Melbourne,18 Jan 2019,
ODI,V Shankar,46,-,41,5,1,112.19,1,,v Australia,Nagpur,5 Mar 2019,
ODI,B Kumar,46,-,54,3,2,85.18,2,,v Australia,Delhi,13 Mar 2019,
ODI,HH Pandya,46,48,38,5,0,121.05,1,,v West Indies,Manchester,27 Jun 2019,
ODI,SV Samson,46,70,46,5,1,100.0,1,,v Sri Lanka,Colombo (RPS),23 Jul 2021,
ODI,RG Sharma,46,44,40,4,4,115.0,2,,v New Zealand,Dharamsala,22 Oct 2023,
ODI,Shubman Gill,46,75,52,7,0,88.46,2,,v Pakistan,Dubai (DICS),23 Feb 2025,
ODI,RR Singh,45*,52,34,1,3,132.35,1,,v New Zealand,Gwalior,11 Nov 1999,
ODI,MS Dhoni,45*,65,43,1,2,104.65,2,,v Sri Lanka,Pune,3 Nov 2005,
ODI,MS Dhoni,45*,72,45,3,1,100.0,2,,v Pakistan,Gwalior,15 Nov 2007,
ODI,SK Raina,45*,69,54,3,2,83.33,2,,v New Zealand,Colombo (RPS),11 Sep 2009,
ODI,MS Dhoni,45*,98,52,5,2,86.53,2,,v Sri Lanka,Port of Spain,11 Jul 2013,
ODI,MS Dhoni,45*,96,56,3,1,80.35,2,,v West Indies,W.A.C.A,6 Mar 2015,
ODI,MS Dhoni,45*,-,68,1,0,66.17,2,,v Sri Lanka,Pallekele,24 Aug 2017,
ODI,Shubman Gill,45*,-,42,4,1,107.14,1,,v New Zealand,Hamilton,27 Nov 2022,
ODI,RA Jadeja,45*,101,69,5,0,65.21,2,,v Australia,Wankhede,17 Mar 2023,
ODI,RJ Shastri,45,134,82,4,0,54.87,1,,v Australia,Ahmedabad,5 Oct 1984,
ODI,M Azharuddin,45,68,67,1,0,67.16,1,,v England,Sydney,26 Feb 1985,
ODI,RJ Shastri,45,-,69,2,0,65.21,1,,v Sri Lanka,Colombo (PSS),22 Sep 1985,
ODI,DB Vengsarkar,45,93,81,0,1,55.55,2,,v Australia,Sydney,5 Feb 1986,
ODI,N Kapil Dev,45,-,44,4,0,102.27,1,,v West Indies,Faridabad,19 Jan 1988,
ODI,NS Sidhu,45,104,74,5,0,60.81,2,,v Zimbabwe,Pune,25 Mar 1993,
ODI,M Azharuddin,45,58,51,1,1,88.23,2,,v Sri Lanka,Colombo (SSC),17 Sep 1994,
ODI,M Azharuddin,45,46,42,4,0,107.14,1,,v West Indies,Visakhapatnam,7 Nov 1994,
ODI,A Jadeja,45,41,25,4,2,180.0,1,,v Pakistan,Bengaluru,9 Mar 1996,
ODI,SR Tendulkar,45,48,33,7,1,136.36,2,,v South Africa,Durban,13 Feb 1997,
ODI,M Azharuddin,45,62,44,2,0,102.27,2,,v South Africa,Durban,13 Feb 1997,
ODI,RR Singh,45,100,62,3,0,72.58,1,,v Zimbabwe,Bulawayo,15 Feb 1997,
ODI,NS Sidhu,45,108,67,6,0,67.16,2,,v Pakistan,Toronto,12 Sep 1998,
ODI,SR Tendulkar,45,68,42,2,2,107.14,1,,v New Zealand,Wellington,14 Jan 1999,
ODI,SR Tendulkar,45,92,65,5,0,69.23,1,,v Pakistan,Manchester,8 Jun 1999,
ODI,RR Singh,45,93,51,2,0,88.23,1,,v Australia,W.A.C.A,30 Jan 2000,
ODI,VVS Laxman,45,48,34,7,1,132.35,1,,v Australia,Bengaluru,25 Mar 2001,
ODI,SR Tendulkar,45,101,60,6,0,75.0,2,,v England,Cuttack,22 Jan 2002,
ODI,D Mongia,45,83,52,9,0,86.53,1,,v Zimbabwe,Mohali,10 Mar 2002,
ODI,V Sehwag,45,77,49,7,0,91.83,2,,v England,Lord's,13 Jul 2002,
ODI,V Sehwag,45,63,40,9,0,112.5,2,,v New Zealand,Wellington,8 Jan 2003,
ODI,SR Tendulkar,45,104,66,5,0,68.18,2,,v Australia,Eden Gardens,18 Nov 2003,
ODI,SC Ganguly,45,82,47,3,2,95.74,1,,v Pakistan,Karachi,13 Mar 2004,
ODI,SC Ganguly,45,69,64,5,0,70.31,1,,v Pakistan,Lahore,24 Mar 2004,
ODI,V Sehwag,45,-,34,6,0,132.35,2,,v New Zealand,Harare,2 Sep 2005,
ODI,Yuvraj Singh,45,67,39,4,1,115.38,2,,v England,Birmingham,27 Aug 2007,
ODI,AM Rahane,45,71,56,6,1,80.35,2,,v England,Nottingham,30 Aug 2014,
ODI,S Dhawan,45,57,41,6,1,109.75,2,,v Australia,Sydney,26 Mar 2015,
ODI,AM Rahane,45,79,53,4,0,84.9,1,,v South Africa,Chennai,22 Oct 2015,
ODI,V Kohli,45,64,51,2,1,88.23,2,,v New Zealand,Ranchi,26 Oct 2016,
ODI,Yuvraj Singh,45,82,57,5,1,78.94,2,,v England,Eden Gardens,22 Jan 2017,
ODI,V Kohli,45,-,56,2,0,80.35,2,,v England,Lord's,14 Jul 2018,
ODI,V Kohli,45,59,59,3,0,76.27,2,,v New Zealand,Napier,23 Jan 2019,
ODI,V Shankar,45,84,64,4,0,70.31,1,,v New Zealand,Wellington,3 Feb 2019,
ODI,HH Pandya,45,27,22,2,5,204.54,1,,v New Zealand,Wellington,3 Feb 2019,
ODI,HH Pandya,45,49,33,4,0,136.36,2,,v England,Birmingham,30 Jun 2019,
ODI,NA Saini,45,58,49,5,2,91.83,2,,v New Zealand,Auckland,8 Feb 2020,
ODI,HH Pandya,45,59,45,4,2,100.0,1,,v New Zealand,Dubai (DICS),2 Mar 2025,
ODI,SS Iyer,45,60,62,3,0,72.58,2,,v Australia,Dubai (DICS),4 Mar 2025,
ODI,AO Malhotra,44*,-,56,-,-,78.57,2,,v Sri Lanka,Delhi,15 Sep 1982,
ODI,N Kapil Dev,44*,-,44,4,2,100.0,2,,v West Indies,Jamshedpur,7 Dec 1983,
ODI,SV Manjrekar,44*,101,78,5,0,56.41,2,,v New Zealand,Amritsar,18 Nov 1995,
ODI,A Jadeja,44*,39,27,3,2,162.96,1,,v Zimbabwe,Kanpur,6 Mar 1996,
ODI,R Dravid,44*,124,76,2,0,57.89,2,,v Pakistan,Centurion,1 Mar 2003,
ODI,KD Karthik,44*,77,45,4,0,97.77,2,,v England,Southampton,21 Aug 2007,
ODI,MS Dhoni,44*,76,58,0,1,75.86,2,,v Australia,Adelaide,12 Feb 2012,
ODI,V Kohli,44*,64,42,4,1,104.76,2,,v Ireland,Hamilton,10 Mar 2015,
ODI,SS Iyer,44*,-,35,6,1,125.71,2,,v Australia,Bengaluru,19 Jan 2020,
ODI,AV Mankad,44,-,61,3,0,72.13,1,,v England,The Oval,15 Jul 1974,
ODI,BP Patel,44,-,51,5,1,86.27,2,,v New Zealand,Auckland,22 Feb 1976,
ODI,M Amarnath,44,-,79,4,0,55.69,2,,v Zimbabwe,Leicester,11 Jun 1983,
ODI,M Azharuddin,44,-,57,2,1,77.19,1,,v West Indies,Eden Gardens,2 Jan 1988,
ODI,N Kapil Dev,44,-,47,4,0,93.61,1,,v West Indies,Port of Spain,9 Mar 1989,
ODI,RJ Shastri,44,-,67,-,-,65.67,1,,v West Indies,St John's,18 Mar 1989,
ODI,WV Raman,44,-,101,2,0,43.56,2,,v Bangladesh,Chandigarh,25 Dec 1990,
ODI,NS Sidhu,44,-,99,3,0,44.44,2,,v West Indies,Sharjah,22 Oct 1991,
ODI,AC Bedade,44,58,45,1,4,97.77,2,,v Pakistan,Sharjah,22 Apr 1994,
ODI,SV Manjrekar,44,51,45,6,0,97.77,2,,v New Zealand,Nagpur,26 Nov 1995,
ODI,M Azharuddin,44,70,67,1,1,65.67,1,,v Zimbabwe,Centurion,7 Feb 1997,
ODI,SR Tendulkar,44,57,43,10,0,102.32,1,,v West Indies,Port of Spain,26 Apr 1997,
ODI,M Azharuddin,44,79,63,4,0,69.84,1,,v Australia,Delhi,14 Apr 1998,
ODI,S Ramesh,44,97,66,7,0,66.66,1,,v Kenya,Bristol,23 May 1999,
ODI,SC Ganguly,44,102,79,3,0,55.69,2,,v Zimbabwe,Cuttack,2 Dec 2000,
ODI,SR Tendulkar,44,90,49,7,0,89.79,2,,v Zimbabwe,Cuttack,2 Dec 2000,
ODI,Yuvraj Singh,44,44,33,6,1,133.33,1,,v Australia,Gwalior,26 Oct 2003,
ODI,SR Tendulkar,44,107,59,6,0,74.57,2,,v Zimbabwe,Hobart,14 Jan 2004,
ODI,MS Dhoni,44,75,49,2,2,89.79,1,,v South Africa,Centurion,3 Dec 2006,
ODI,RV Uthappa,44,33,28,5,2,157.14,2,,v Australia,Nagpur,14 Oct 2007,
ODI,G Gambhir,44,87,51,7,0,86.27,2,,v Pakistan,Guwahati,5 Nov 2007,
ODI,SR Tendulkar,44,123,54,3,0,81.48,2,,v Australia,Melbourne,10 Feb 2008,
ODI,G Gambhir,44,73,38,2,0,115.78,2,,v West Indies,Gros Islet,3 Jul 2009,
ODI,V Sehwag,44,30,28,9,0,157.14,2,,v Sri Lanka,Cuttack,21 Dec 2009,
ODI,KD Karthik,44,-,56,5,1,78.57,1,,v South Africa,Jaipur,21 Feb 2010,
ODI,YK Pathan,44,63,41,6,1,107.31,1,,v Sri Lanka,Harare,5 Jun 2010,
ODI,RG Sharma,44,56,48,4,1,91.66,2,,v New Zealand,Bengaluru,7 Dec 2010,
ODI,SK Raina,44,76,55,4,0,80.0,1,,v West Indies,Kingston,30 Jun 2013,
ODI,STR Binny,44,84,55,3,2,80.0,1,,v England,Brisbane,20 Jan 2015,
ODI,AM Rahane,44,87,68,2,0,64.7,2,,v Australia,Sydney,26 Mar 2015,
ODI,AT Rayudu,44,74,49,3,0,89.79,1,,v Bangladesh,Mirpur,24 Jun 2015,
ODI,S Dhawan,44,75,49,7,0,89.79,1,,v England,Leeds,17 Jul 2018,
ODI,KD Karthik,44,-,66,4,0,66.66,2,,v Afghanistan,Dubai (DICS),25 Sep 2018,
ODI,V Kohli,44,-,45,6,1,97.77,2,,v Australia,Hyderabad,2 Mar 2019,
ODI,KM Jadhav,44,-,57,4,1,77.19,2,,v Australia,Delhi,13 Mar 2019,
ODI,SS Iyer,44,47,34,4,1,129.41,1,,v West Indies,Port of Spain,27 Jul 2022,
ODI,AR Patel,44,69,44,4,2,100.0,2,,v Sri Lanka,Colombo (RPS),4 Aug 2024,
ODI,SS Iyer,44,72,47,3,1,93.61,2,,v England,Cuttack,9 Feb 2025,
ODI,AR Patel,44,67,41,5,0,107.31,1,,v Australia,Adelaide,23 Oct 2025,
ODI,DB Vengsarkar,43*,-,62,4,0,69.35,2,,v Sri Lanka,Guwahati,11 Jan 1987,
ODI,AK Sharma,43*,-,48,2,2,89.58,2,,v West Indies,Bridgetown,7 Mar 1989,
ODI,VG Kambli,43*,67,47,0,1,91.48,1,,v Australia,Colombo (RPS),9 Sep 1994,
ODI,A Jadeja,43*,56,42,2,2,102.38,1,,v South Africa,Wankhede,6 Nov 1996,
ODI,A Jadeja,43*,125,79,3,0,54.43,1,,v South Africa,Sharjah,22 Mar 2000,
ODI,R Dravid,43*,87,55,2,0,78.18,1,,v Zimbabwe,Harare,19 Feb 2003,
ODI,RG Sharma,43*,106,74,1,1,58.1,1,,v New Zealand,Auckland,14 Mar 2009,
ODI,SV Samson,43*,51,39,3,4,110.25,2,,v Zimbabwe,Harare,20 Aug 2022,
ODI,DB Vengsarkar,43,-,54,8,0,79.62,2,,v New Zealand,Auckland,22 Feb 1976,
ODI,GR Viswanath,43,137,80,2,0,53.75,1,,v Australia,Sydney,18 Dec 1980,
ODI,CPS Chauhan,43,116,92,1,0,46.73,1,,v New Zealand,Adelaide,23 Dec 1980,
ODI,SM Patil,43,-,50,5,1,86.0,1,,v Pakistan,Sharjah,13 Apr 1984,
ODI,DB Vengsarkar,43,83,62,1,0,69.35,1,,v England,Sydney,26 Feb 1985,
ODI,DB Vengsarkar,43,73,60,2,0,71.66,1,,v New Zealand,Melbourne,23 Jan 1986,
ODI,SM Gavaskar,43,-,52,9,0,82.69,2,,v Zimbabwe,Wankhede,17 Oct 1987,
ODI,SV Manjrekar,43,-,80,4,0,53.75,2,,v West Indies,Sharjah,22 Oct 1991,
ODI,A Jadeja,43,-,35,4,1,122.85,2,,v Pakistan,Sharjah,12 Apr 1996,
ODI,J Srinath,43,36,40,2,3,107.5,2,,v Pakistan,Toronto,16 Sep 1998,
ODI,A Jadeja,43,108,76,3,0,56.57,2,,v Zimbabwe,Leicester,19 May 1999,
ODI,SC Ganguly,43,84,55,5,0,78.18,2,,v Pakistan,Hobart,21 Jan 2000,
ODI,R Dravid,43,86,79,3,0,54.43,2,,v Sri Lanka,Colombo (RPS),28 Jul 2001,
ODI,SC Ganguly,43,125,67,4,0,64.17,2,,v England,Lord's,29 Jun 2002,
ODI,V Sehwag,43,51,44,8,0,97.72,2,,v Bangladesh,Dhaka,16 Apr 2003,
ODI,VVS Laxman,43,60,44,5,0,97.72,1,,v Pakistan,Eden Gardens,13 Nov 2004,
ODI,SR Tendulkar,43,119,71,6,0,60.56,2,,v Australia,Hyderabad,5 Oct 2007,
ODI,V Sehwag,43,93,49,4,1,87.75,2,,v Pakistan,Gwalior,15 Nov 2007,
ODI,IK Pathan,43,61,39,4,1,110.25,2,,v Pakistan,Jaipur,18 Nov 2007,
ODI,SK Raina,43,77,44,0,3,97.72,1,,v England,Rajkot,14 Nov 2008,
ODI,SR Tendulkar,43,76,52,4,0,82.69,1,,v Sri Lanka,Nagpur,18 Dec 2009,
ODI,SK Raina,43,65,50,4,0,86.0,2,,v West Indies,Port of Spain,6 Jun 2011,
ODI,SK Raina,43,116,88,2,0,48.86,1,,v Pakistan,Chennai,30 Dec 2012,
ODI,V Kohli,43,66,34,4,1,126.47,1,,v England,Birmingham,23 Jun 2013,
ODI,RG Sharma,43,71,52,2,2,82.69,2,,v Australia,Adelaide,15 Jan 2019,
ODI,V Kohli,43,59,45,5,0,95.55,1,,v New Zealand,Mount Maunganui,26 Jan 2019,
ODI,PP Shaw,43,32,24,9,0,179.16,2,,v Sri Lanka,Colombo (RPS),18 Jul 2021,
ODI,Shubman Gill,43,70,49,5,0,87.75,2,,v West Indies,Port of Spain,24 Jul 2022,
ODI,KS More,42*,47,26,5,0,161.53,1,,v New Zealand,Bengaluru,14 Oct 1987,
ODI,RR Singh,42*,93,43,2,0,97.67,2,,v South Africa,Kochi,9 Mar 2000,
ODI,R Dravid,42*,82,47,1,0,89.36,1,,v Bangladesh,Mirpur,12 May 2007,
ODI,Yuvraj Singh,42*,63,46,6,2,91.3,2,,v New Zealand,Chennai,10 Dec 2010,
ODI,MS Dhoni,42*,66,43,3,1,97.67,1,,v South Africa,Johannesburg,10 Feb 2018,
ODI,MS Dhoni,42*,54,31,4,1,135.48,2,,v England,Birmingham,30 Jun 2019,
ODI,KL Rahul,42*,60,34,2,2,123.52,2,,v Australia,Dubai (DICS),4 Mar 2025,
ODI,DB Vengsarkar,42,-,61,-,-,68.85,2,,v Sri Lanka,Bengaluru,26 Sep 1982,
ODI,GAHM Parkar,42,-,50,-,-,84.0,1,,v West Indies,Guwahati,17 Dec 1983,
ODI,K Srikkanth,42,-,54,4,0,77.77,2,,v Sri Lanka,Dhaka,29 Oct 1988,
ODI,K Srikkanth,42,89,56,5,0,75.0,1,,v Australia,Sydney,14 Jan 1992,
ODI,N Kapil Dev,42,33,29,3,1,144.82,1,,v South Africa,Adelaide,15 Mar 1992,
ODI,VG Kambli,42,92,65,3,0,64.61,2,,v New Zealand,Pune,24 Nov 1995,
ODI,A Jadeja,42,60,48,3,1,87.5,2,,v South Africa,Sharjah,14 Apr 1996,
ODI,RR Singh,42,82,47,4,2,89.36,1,,v Sri Lanka,Colombo (RPS),20 Aug 1997,
ODI,R Dravid,42,87,68,4,0,61.76,2,,v Sri Lanka,Colombo (SSC),24 Aug 1997,
ODI,RR Singh,42,139,67,1,0,62.68,1,,v Pakistan,Mohali,1 Apr 1999,
ODI,M Azharuddin,42,94,51,2,1,82.35,2,,v South Africa,Kochi,9 Mar 2000,
ODI,HK Badani,42,-,56,2,0,75.0,2,,v Sri Lanka,Sharjah,27 Oct 2000,
ODI,Yuvraj Singh,42,79,55,4,1,76.36,1,,v South Africa,Centurion,10 Oct 2001,
ODI,SC Ganguly,42,86,58,4,1,72.41,1,,v England,Eden Gardens,19 Jan 2002,
ODI,V Sehwag,42,49,36,7,0,116.66,2,,v England,Delhi,31 Jan 2002,
ODI,D Mongia,42,78,49,2,0,85.71,1,,v Netherlands,Paarl,12 Feb 2003,
ODI,Yuvraj Singh,42,38,38,4,1,110.52,1,,v England,Durban,26 Feb 2003,
ODI,Yuvraj Singh,42,75,58,2,0,72.41,2,,v Sri Lanka,Colombo (RPS),9 Aug 2005,
ODI,SR Tendulkar,42,71,43,8,0,97.67,2,,v Pakistan,Rawalpindi,11 Feb 2006,
ODI,SC Ganguly,42,122,75,3,1,56.0,2,,v South Africa,Belfast,29 Jun 2007,
ODI,V Sehwag,42,53,34,6,1,123.52,2,,v Sri Lanka,Karachi,3 Jul 2008,
ODI,V Sehwag,42,58,26,7,0,161.53,1,,v Sri Lanka,Colombo (RPS),31 Jan 2009,
ODI,V Sehwag,42,52,27,7,0,155.55,1,,v Sri Lanka,Mirpur,13 Jan 2010,
ODI,Yuvraj Singh,42,77,64,7,0,65.62,1,,v New Zealand,Guwahati,28 Nov 2010,
ODI,AM Rahane,42,80,61,6,0,68.85,1,,v England,Eden Gardens,25 Oct 2011,
ODI,RG Sharma,42,62,47,6,0,89.36,2,,v Australia,Pune,13 Oct 2013,
ODI,SK Raina,42,66,42,5,0,100.0,2,,v England,Nottingham,30 Aug 2014,
ODI,MS Dhoni,42,90,66,4,0,63.63,1,,v England,Leeds,17 Jul 2018,
ODI,RG Sharma,42,-,44,6,0,95.45,1,,v Australia,Rajkot,17 Jan 2020,
ODI,MK Pandey,42,75,48,2,0,87.5,1,,v New Zealand,Mount Maunganui,11 Feb 2020,
ODI,RG Sharma,42,63,49,2,3,85.71,1,,v Sri Lanka,Thiruvananthapuram,15 Jan 2023,
ODI,AR Patel,42,61,34,3,2,123.52,2,,v Bangladesh,Colombo (RPS),15 Sep 2023,
ODI,AR Patel,42,84,61,3,1,68.85,1,,v New Zealand,Dubai (DICS),2 Mar 2025,
ODI,RJ Shastri,41*,-,36,2,2,113.88,1,,v West Indies,Indore,1 Dec 1983,
ODI,N Kapil Dev,41*,-,25,2,3,164.0,2,,v Zimbabwe,Ahmedabad,26 Oct 1987,
ODI,M Azharuddin,41*,68,51,5,0,80.39,2,,v New Zealand,Nagpur,31 Oct 1987,
ODI,R Vijay Bharadwaj,41*,-,30,3,1,136.66,1,,v Kenya,Nairobi (Gym),29 Sep 1999,
ODI,Harbhajan Singh,41*,48,39,5,1,105.12,2,,v England,The Oval,3 Sep 2004,
ODI,AT Rayudu,41*,48,44,7,0,93.18,2,,v Zimbabwe,Harare,13 Jun 2016,
ODI,AR Patel,41*,61,43,4,0,95.34,2,,v England,Cuttack,9 Feb 2025,
ODI,KL Rahul,41*,-,47,1,2,87.23,2,,v Bangladesh,Dubai (DICS),20 Feb 2025,
ODI,DB Vengsarkar,41,116,80,3,0,51.25,2,,v New Zealand,Hamilton,15 Feb 1981,
ODI,SM Gavaskar,41,-,82,5,0,50.0,2,,v Pakistan,Jaipur,2 Oct 1983,
ODI,DB Vengsarkar,41,81,66,4,0,62.12,1,,v Australia,Melbourne,9 Feb 1986,
ODI,R Lamba,41,-,73,4,0,56.16,1,,v Pakistan,Hyderabad (Deccan),20 Mar 1987,
ODI,N Kapil Dev,41,-,50,2,1,82.0,1,,v West Indies,Sharjah,16 Oct 1989,
ODI,K Srikkanth,41,69,49,4,0,83.67,2,,v Australia,Melbourne,18 Jan 1992,
ODI,M Azharuddin,41,-,73,3,1,56.16,2,,v South Africa,Durban,17 Dec 1992,
ODI,M Azharuddin,41,63,38,3,0,107.89,1,,v West Indies,Eden Gardens,5 Nov 1994,
ODI,SR Tendulkar,41,51,41,5,0,100.0,2,,v Sri Lanka,Sharjah,14 Apr 1995,
ODI,SV Manjrekar,41,-,56,2,0,73.21,1,,v Pakistan,Singapore,5 Apr 1996,
ODI,SV Manjrekar,41,75,47,1,0,87.23,2,,v South Africa,Sharjah,19 Apr 1996,
ODI,SR Tendulkar,41,81,56,1,1,73.21,1,,v Zimbabwe,Centurion,7 Feb 1997,
ODI,A Jadeja,41,77,77,3,0,53.24,1,,v Pakistan,Hyderabad (Sind),28 Sep 1997,
ODI,SR Tendulkar,41,-,26,7,1,157.69,2,,v Pakistan,Dhaka,18 Jan 1998,
ODI,NS Sidhu,41,77,52,7,0,78.84,2,,v Bangladesh,Wankhede,25 May 1998,
ODI,NR Mongia,41,126,58,6,0,70.68,2,,v Pakistan,Toronto,13 Sep 1998,
ODI,A Jadeja,41,113,62,3,0,66.12,2,,v Pakistan,Bengaluru,4 Apr 1999,
ODI,RR Singh,41,78,62,4,1,66.12,1,,v Zimbabwe,Nairobi (Gym),1 Oct 1999,
ODI,SC Ganguly,41,64,44,7,0,93.18,2,,v New Zealand,Rajkot,5 Nov 1999,
ODI,SR Tendulkar,41,69,46,5,0,89.13,1,,v Pakistan,Adelaide,25 Jan 2000,
ODI,Yuvraj Singh,41,39,35,6,0,117.14,1,,v South Africa,Nairobi (Gym),13 Oct 2000,
ODI,SC Ganguly,41,108,65,5,0,63.07,2,,v West Indies,Bridgetown,29 May 2002,
ODI,M Kaif,41,53,43,3,0,95.34,1,,v Sri Lanka,Bristol,11 Jul 2002,
ODI,HK Badani,41,70,45,4,0,91.11,1,,v New Zealand,Cuttack,6 Nov 2003,
ODI,D Mongia,41,132,89,3,0,46.06,1,,v South Africa,Centurion,3 Dec 2006,
ODI,RV Uthappa,41,59,30,4,2,136.66,2,,v Australia,Kochi,2 Oct 2007,
ODI,SC Ganguly,41,95,59,6,0,69.49,1,,v Australia,Chandigarh,8 Oct 2007,
ODI,MS Dhoni,41,81,46,2,1,89.13,1,,v West Indies,Kingston,26 Jun 2009,
ODI,G Gambhir,41,69,46,5,0,89.13,2,,v Bangladesh,Mirpur,11 Jan 2010,
ODI,MS Dhoni,41,59,53,6,0,77.35,1,,v Sri Lanka,Dambulla,22 Jun 2010,
ODI,RG Sharma,41,80,52,3,0,78.84,1,,v Sri Lanka,Dambulla,24 Jun 2010,
ODI,Harbhajan Singh,41,79,64,1,1,64.06,2,,v West Indies,North Sound,11 Jun 2011,
ODI,S Dhawan,41,48,38,6,1,107.89,2,,v Zimbabwe,Bulawayo,3 Aug 2013,
ODI,AM Rahane,41,70,47,4,0,87.23,1,,v England,Cardiff,27 Aug 2014,
ODI,AT Rayudu,41,71,50,3,0,82.0,1,,v Zimbabwe,Harare,12 Jul 2015,
ODI,RG Sharma,41,28,25,2,3,164.0,2,,v Australia,Canberra,20 Jan 2016,
ODI,KM Jadhav,41,47,37,2,2,110.81,2,,v New Zealand,Delhi,20 Oct 2016,
ODI,MS Dhoni,41,64,59,4,1,69.49,1,,v New Zealand,Visakhapatnam,29 Oct 2016,
ODI,HH Pandya,41,64,40,1,3,102.5,2,,v Australia,Bengaluru,28 Sep 2017,
ODI,RG Sharma,41,-,36,7,0,113.88,2,,v Bangladesh,Dubai (DICS),20 Feb 2025,
ODI,NR Mongia,40*,56,39,5,0,102.56,1,,v New Zealand,Christchurch,2 Apr 1994,
ODI,VG Kambli,40*,57,35,2,0,114.28,2,,v West Indies,Cuttack,9 Nov 1994,
ODI,M Azharuddin,40*,65,54,5,0,74.07,2,,v Zimbabwe,Colombo (SSC),1 Sep 1996,
ODI,AB Agarkar,40*,26,19,6,1,210.52,1,,v Zimbabwe,Faridabad,7 Mar 2002,
ODI,Yuvraj Singh,40*,24,19,4,1,210.52,1,,v England,Chester-le-Street,4 Jul 2002,
ODI,MS Dhoni,40*,31,20,1,3,200.0,1,,v West Indies,Vadodara,31 Jan 2007,
ODI,YK Pathan,40*,53,38,2,2,105.26,1,,v West Indies,Kingston,26 Jun 2009,
ODI,P Kumar,40*,41,32,5,1,125.0,2,,v Australia,Vadodara,25 Oct 2009,
ODI,SK Raina,40*,53,24,3,1,166.66,2,,v Sri Lanka,Hobart,28 Feb 2012,
ODI,HH Pandya,40*,60,37,3,1,108.1,2,,v England,Pune,15 Jan 2017,
ODI,KM Jadhav,40*,-,26,4,1,153.84,1,,v West Indies,North Sound,30 Jun 2017,
ODI,AT Rayudu,40*,63,42,5,1,95.23,2,,v New Zealand,Mount Maunganui,28 Jan 2019,
ODI,SN Thakur,40*,60,38,3,1,105.26,1,,v South Africa,Paarl,21 Jan 2022,
ODI,Shubman Gill,40*,88,53,6,0,75.47,2,,v New Zealand,Raipur,21 Jan 2023,
ODI,AO Malhotra,40,-,60,-,-,66.66,1,,v Sri Lanka,Amritsar,12 Sep 1982,
ODI,N Kapil Dev,40,-,27,2,1,148.14,2,,v Australia,Nottingham,13 Jun 1983,
ODI,Yashpal Sharma,40,-,40,1,0,100.0,1,,v Australia,Chelmsford,20 Jun 1983,
ODI,K Srikkanth,40,-,91,-,-,43.95,1,,v West Indies,Srinagar,13 Oct 1983,
ODI,AO Malhotra,40,-,44,7,0,90.9,1,,v West Indies,Indore,1 Dec 1983,
ODI,SM Gavaskar,40,92,46,3,0,86.95,1,,v Australia,Indore,6 Oct 1984,
ODI,SM Gavaskar,40,-,58,3,0,68.96,1,,v England,Bengaluru,20 Jan 1985,
ODI,DB Vengsarkar,40,-,66,2,0,60.6,2,,v England,Sharjah,2 Apr 1987,
ODI,K Srikkanth,40,-,56,4,0,71.42,1,,v West Indies,Sharjah,16 Oct 1989,
ODI,M Azharuddin,40,-,61,2,0,65.57,2,,v Sri Lanka,Cuttack,28 Dec 1990,
ODI,VG Kambli,40,-,75,4,0,53.33,2,,v Pakistan,Sharjah,23 Oct 1991,
ODI,K Srikkanth,40,101,70,2,0,57.14,1,,v West Indies,Wellington,10 Mar 1992,
ODI,NS Sidhu,40,150,57,4,0,70.17,2,,v England,Bengaluru,26 Feb 1993,
ODI,SR Tendulkar,40,34,26,8,0,153.84,1,,v New Zealand,Christchurch,2 Apr 1994,
ODI,M Azharuddin,40,82,68,2,1,58.82,1,,v England,Leeds,25 May 1996,
ODI,SR Tendulkar,40,60,46,8,0,86.95,2,,v Zimbabwe,Colombo (SSC),1 Sep 1996,
ODI,SC Ganguly,40,97,64,6,0,62.5,2,,v South Africa,Bloemfontein,23 Jan 1997,
ODI,M Azharuddin,40,93,69,3,0,57.97,1,,v West Indies,Bridgetown,3 May 1997,
ODI,SR Tendulkar,40,62,41,5,1,97.56,1,,v New Zealand,Sharjah,17 Apr 1998,
ODI,M Azharuddin,40,70,56,3,0,71.42,2,,v Pakistan,Toronto,19 Sep 1998,
ODI,SC Ganguly,40,92,61,5,0,65.57,2,,v Zimbabwe,Harare,30 Sep 1998,
ODI,SC Ganguly,40,99,59,6,0,67.79,1,,v England,Birmingham,29 May 1999,
ODI,SR Tendulkar,40,97,65,6,0,61.53,1,,v West Indies,Singapore,7 Sep 1999,
ODI,V Dahiya,40,-,58,2,0,68.96,2,,v Sri Lanka,Sharjah,27 Oct 2000,
ODI,SK Raina,40,85,67,3,0,59.7,1,,v Pakistan,Abu Dhabi,18 Apr 2006,
ODI,AB Agarkar,40,74,47,4,0,85.1,1,,v West Indies,Cuttack,24 Jan 2007,
ODI,G Gambhir,40,62,33,4,1,121.21,2,,v Pakistan,Mirpur,14 Jun 2008,
ODI,G Gambhir,40,70,37,7,0,108.1,1,,v England,Bengaluru,23 Nov 2008,
ODI,V Sehwag,40,57,27,3,3,148.14,1,,v New Zealand,Auckland,14 Mar 2009,
ODI,V Sehwag,40,49,31,6,1,129.03,1,,v Australia,Nagpur,28 Oct 2009,
ODI,SR Tendulkar,40,86,68,6,0,58.82,2,,v Australia,Mohali,2 Nov 2009,
ODI,KD Karthik,40,71,43,6,0,93.02,1,,v Sri Lanka,Dambulla,22 Jun 2010,
ODI,AM Rahane,40,65,44,6,0,90.9,1,,v England,Chester-le-Street,3 Sep 2011,
ODI,SK Raina,40,30,19,3,3,210.52,1,,v England,Southampton,6 Sep 2011,
ODI,MS Dhoni,40,72,46,2,2,86.95,2,,v New Zealand,Napier,19 Jan 2014,
ODI,V Kohli,40,67,50,2,1,80.0,2,,v England,Nottingham,30 Aug 2014,
ODI,SK Raina,40,71,40,1,2,100.0,2,,v Bangladesh,Mirpur,18 Jun 2015,
ODI,KM Jadhav,40,72,54,5,0,74.07,1,,v Australia,Chennai,17 Sep 2017,
ODI,S Dhawan,40,-,27,8,0,148.14,2,,v England,Nottingham,12 Jul 2018,
ODI,S Dhawan,40,-,47,4,1,85.1,2,,v Bangladesh,Dubai (DICS),21 Sep 2018,
ODI,KM Jadhav,40,-,35,3,1,114.28,1,,v West Indies,Chennai,15 Dec 2019,
ODI,PP Shaw,40,53,42,3,2,95.23,1,,v New Zealand,Mount Maunganui,11 Feb 2020,
ODI,SA Yadav,40,63,37,7,0,108.1,1,,v Sri Lanka,Colombo (RPS),23 Jul 2021,
ODI,S Dhawan,40,89,68,5,0,58.82,1,,v Zimbabwe,Harare,22 Aug 2022,
ODI,HH Pandya,40,78,40,3,1,100.0,2,,v Australia,Chennai,22 Mar 2023,
ODI,RG Sharma,40,32,24,6,2,166.66,1,,v South Africa,Eden Gardens,5 Nov 2023,
ODI,KL Rahul,40,54,29,3,1,137.93,1,,v England,Ahmedabad,12 Feb 2025,
ODI,SMH Kirmani,39*,45,29,4,0,134.48,1,,v New Zealand,Adelaide,23 Dec 1980,
ODI,KBJ Azad,39*,40,30,2,4,130.0,1,,v Australia,Ahmedabad,5 Oct 1984,
ODI,SM Gavaskar,39*,-,44,3,0,88.63,1,,v Sri Lanka,Colombo (PSS),22 Sep 1985,
ODI,SC Ganguly,39*,111,77,2,0,50.64,2,,v West Indies,Port of Spain,27 Apr 1997,
ODI,VG Kambli,39*,44,33,7,0,118.18,2,,v Kenya,Nairobi (Gym),3 Oct 2000,
ODI,M Kaif,39*,67,45,4,0,86.66,1,,v Zimbabwe,Faridabad,7 Mar 2002,
ODI,SK Raina,39*,47,30,2,0,130.0,2,,v Sri Lanka,Pune,3 Nov 2005,
ODI,RG Sharma,39*,86,61,2,0,63.93,2,,v Australia,Melbourne,10 Feb 2008,
ODI,KM Jadhav,39*,52,37,2,1,105.4,1,,v New Zealand,Visakhapatnam,29 Oct 2016,
ODI,RA Jadeja,39*,-,31,4,0,125.8,2,,v West Indies,Cuttack,22 Dec 2019,
ODI,RA Jadeja,39*,63,44,3,1,88.63,2,,v New Zealand,Dharamsala,22 Oct 2023,
ODI,KL Rahul,39*,29,20,5,2,195.0,1,,v New Zealand,Wankhede,15 Nov 2023,
ODI,SM Patil,39,78,73,3,0,53.42,1,,v New Zealand,W.A.C.A,9 Dec 1980,
ODI,DB Vengsarkar,39,-,47,5,0,82.97,2,,v Pakistan,Gujranwala,3 Dec 1982,
ODI,K Srikkanth,39,-,29,3,3,134.48,2,,v Pakistan,Lahore,31 Dec 1982,
ODI,K Srikkanth,39,-,63,6,0,61.9,2,,v Australia,Nottingham,13 Jun 1983,
ODI,N Kapil Dev,39,63,47,6,0,82.97,2,,v Australia,New Delhi,28 Sep 1984,
ODI,AO Malhotra,39,91,72,4,1,54.16,1,,v New Zealand,Launceston,2 Feb 1986,
ODI,R Lamba,39,-,37,4,1,105.4,1,,v Sri Lanka,Wankhede,17 Jan 1987,
ODI,NS Sidhu,39,100,70,5,0,55.71,2,,v England,Leeds,18 Jul 1990,
ODI,N Kapil Dev,39,73,56,1,0,69.64,1,,v Australia,Adelaide,15 Dec 1991,
ODI,K Srikkanth,39,63,50,7,0,78.0,2,,v England,W.A.C.A,22 Feb 1992,
ODI,SR Tendulkar,39,92,56,7,0,69.64,1,,v Zimbabwe,Harare,25 Oct 1992,
ODI,M Prabhakar,39,-,77,2,0,50.64,1,,v Sri Lanka,Colombo (RPS),25 Jul 1993,
ODI,NS Sidhu,39,-,69,3,0,56.52,1,,v Sri Lanka,Colombo (RPS),25 Jul 1993,
ODI,A Jadeja,39,-,62,6,0,62.9,1,,v South Africa,Mohali,22 Nov 1993,
ODI,M Prabhakar,39,106,68,5,0,57.35,2,,v Sri Lanka,Hyderabad (Deccan),18 Feb 1994,
ODI,SR Tendulkar,39,79,51,4,0,76.47,2,,v New Zealand,Amritsar,18 Nov 1995,
ODI,M Azharuddin,39,51,43,3,0,90.69,2,,v South Africa,Sharjah,19 Apr 1996,
ODI,R Dravid,39,-,50,3,0,78.0,2,,v Pakistan,Toronto,16 Sep 1996,
ODI,SR Tendulkar,39,41,32,3,2,121.87,2,,v Sri Lanka,Colombo (SSC),24 Aug 1997,
ODI,M Azharuddin,39,73,57,0,0,68.42,1,,v Pakistan,Sharjah,14 Dec 1997,
ODI,VG Kambli,39,72,45,2,1,86.66,1,,v Zimbabwe,Vadodara,5 Apr 1998,
ODI,N Chopra,39,59,62,3,0,62.9,2,,v Zimbabwe,Sharjah,11 Nov 1998,
ODI,A Jadeja,39,39,30,5,0,130.0,1,,v England,Birmingham,29 May 1999,
ODI,R Dravid,39,80,49,3,0,79.59,2,,v West Indies,Singapore,5 Sep 1999,
ODI,R Dravid,39,56,43,3,0,90.69,2,,v New Zealand,Rajkot,5 Nov 1999,
ODI,JJ Martin,39,89,71,4,0,54.92,2,,v Pakistan,W.A.C.A,28 Jan 2000,
ODI,M Azharuddin,39,82,49,3,0,79.59,2,,v South Africa,Vadodara,17 Mar 2000,
ODI,SR Tendulkar,39,117,68,3,0,57.35,1,,v South Africa,Sharjah,27 Mar 2000,
ODI,SR Tendulkar,39,61,50,4,0,78.0,1,,v South Africa,Nairobi (Gym),13 Oct 2000,
ODI,SC Ganguly,39,61,44,5,1,88.63,1,,v West Indies,Port of Spain,1 Jun 2002,
ODI,V Sehwag,39,61,40,6,0,97.5,1,,v Sri Lanka,Bristol,11 Jul 2002,
ODI,V Sehwag,39,80,53,3,1,73.58,2,,v Australia,Bengaluru,12 Nov 2003,
ODI,SC Ganguly,39,64,41,5,1,95.12,1,,v Pakistan,Peshawar,19 Mar 2004,
ODI,SC Ganguly,39,52,45,5,1,86.66,2,,v Pakistan,Colombo (RPS),25 Jul 2004,
ODI,R Dravid,39,-,61,5,0,63.93,2,,v New Zealand,Harare,2 Sep 2005,
ODI,V Sehwag,39,67,37,3,0,105.4,2,,v Sri Lanka,Jaipur,31 Oct 2005,
ODI,SR Tendulkar,39,76,48,8,0,81.25,2,,v Sri Lanka,Vadodara,12 Nov 2005,
ODI,Yuvraj Singh,39,28,28,4,1,139.28,1,,v Pakistan,Peshawar,6 Feb 2006,
ODI,SC Ganguly,39,100,54,5,1,72.22,1,,v England,Bristol,24 Aug 2007,
ODI,Yuvraj Singh,39,61,55,5,0,70.9,1,,v Australia,Chandigarh,8 Oct 2007,
ODI,SC Ganguly,39,87,55,6,1,70.9,2,,v Pakistan,Guwahati,5 Nov 2007,
ODI,SC Ganguly,39,79,46,4,1,84.78,1,,v Pakistan,Kanpur,11 Nov 2007,
ODI,G Gambhir,39,74,51,4,0,76.47,1,,v Australia,Brisbane,3 Feb 2008,
ODI,MS Dhoni,39,88,54,3,0,72.22,2,,v Sri Lanka,Dambulla,20 Aug 2008,
ODI,MS Dhoni,39,46,32,3,1,121.87,1,,v England,Rajkot,14 Nov 2008,
ODI,R Dravid,39,80,56,2,1,69.64,1,,v Sri Lanka,Colombo (RPS),14 Sep 2009,
ODI,RA Jadeja,39,41,34,3,1,114.7,1,,v Sri Lanka,Mirpur,5 Jan 2010,
ODI,G Gambhir,39,49,39,3,0,100.0,1,,v Bangladesh,Mirpur,19 Feb 2011,
ODI,V Sehwag,39,36,26,5,2,150.0,2,,v Netherlands,Delhi,9 Mar 2011,
ODI,RG Sharma,39,60,47,0,1,82.97,2,,v West Indies,North Sound,13 Jun 2011,
ODI,PA Patel,39,60,35,7,0,111.42,2,,v West Indies,Ahmedabad,5 Dec 2011,
ODI,SR Tendulkar,39,45,30,5,0,130.0,2,,v Sri Lanka,Hobart,28 Feb 2012,
ODI,RA Jadeja,39,65,65,1,2,60.0,1,,v England,Dharamsala,27 Jan 2013,
ODI,SK Raina,39,56,45,2,1,86.66,2,,v Australia,Pune,13 Oct 2013,
ODI,RG Sharma,39,65,38,1,4,102.63,2,,v New Zealand,Auckland,25 Jan 2014,
ODI,KK Nair,39,112,68,5,0,57.35,2,,v Zimbabwe,Harare,13 Jun 2016,
ODI,MS Dhoni,39,95,65,3,0,60.0,2,,v New Zealand,Delhi,20 Oct 2016,
ODI,Yuvraj Singh,39,-,55,4,0,70.9,1,,v West Indies,North Sound,30 Jun 2017,
ODI,AM Rahane,39,-,51,5,0,76.47,2,,v West Indies,Kingston,6 Jul 2017,
ODI,V Kohli,39,73,55,2,0,70.9,2,,v Australia,Nagpur,1 Oct 2017,
ODI,RR Pant,39,-,16,3,4,243.75,1,,v West Indies,Visakhapatnam,18 Dec 2019,
ODI,SA Yadav,39,42,32,4,1,121.87,2,,v South Africa,Cape Town,23 Jan 2022,
ODI,KL Rahul,39,38,29,4,1,134.48,1,,v Sri Lanka,Guwahati,10 Jan 2023,
ODI,KL Rahul,39,56,44,2,0,88.63,1,,v Sri Lanka,Colombo (RPS),12 Sep 2023,
ODI,KL Rahul,39,77,58,3,0,67.24,1,,v England,Lucknow,29 Oct 2023,
ODI,C Sharma,38*,54,37,3,1,102.7,1,,v New Zealand,Launceston,2 Feb 1986,
ODI,RR Singh,38*,65,29,1,1,131.03,2,,v Zimbabwe,Benoni,9 Feb 1997,
ODI,SB Joshi,38*,48,48,3,1,79.16,2,,v Pakistan,Sharjah,8 Apr 1999,
ODI,M Kaif,38*,57,44,4,0,86.36,2,,v Sri Lanka,The Oval,30 Jun 2002,
ODI,M Kaif,38*,108,71,3,0,53.52,2,,v Sri Lanka,Rajkot,9 Nov 2005,
ODI,Harbhajan Singh,38*,27,20,2,2,190.0,1,,v Pakistan,Mohali,8 Nov 2007,
ODI,IK Pathan,38*,34,25,4,0,152.0,1,,v Pakistan,Karachi,2 Jul 2008,
ODI,SK Raina,38*,22,18,0,5,211.11,1,,v New Zealand,Christchurch,8 Mar 2009,
ODI,MS Dhoni,38*,63,45,3,1,84.44,2,,v Bangladesh,Dambulla,16 Jun 2010,
ODI,KD Karthik,38*,52,38,5,1,100.0,2,,v New Zealand,Mount Maunganui,28 Jan 2019,
ODI,BP Patel,38,44,60,5,0,63.33,1,,v New Zealand,Leeds,13 Jun 1979,
ODI,SM Gavaskar,38,-,61,4,0,62.29,1,,v England,Leeds,2 Jun 1982,
ODI,K Srikkanth,38,82,57,7,1,66.66,1,,v West Indies,Lord's,25 Jun 1983,
ODI,M Azharuddin,38,-,67,1,0,56.71,2,,v West Indies,Sharjah,30 Nov 1986,
ODI,S Madan Lal,38,-,26,4,1,146.15,1,,v Pakistan,Indore,27 Jan 1987,
ODI,NS Sidhu,38,-,58,3,0,65.51,2,,v Pakistan,Sharjah,19 Oct 1988,
ODI,DB Vengsarkar,38,-,43,3,0,88.37,1,,v West Indies,Port of Spain,11 Mar 1989,
ODI,N Kapil Dev,38,-,48,3,0,79.16,2,,v West Indies,Georgetown,21 Mar 1989,
ODI,M Azharuddin,38,-,56,3,0,67.85,1,,v West Indies,Wankhede,30 Oct 1989,
ODI,NS Sidhu,38,-,63,4,1,60.31,2,,v Sri Lanka,Pune,5 Dec 1990,
ODI,NS Sidhu,38,-,66,2,0,57.57,1,,v Pakistan,Sharjah,18 Oct 1991,
ODI,M Azharuddin,38,-,43,3,0,88.37,1,,v West Indies,Eden Gardens,27 Nov 1993,
ODI,M Prabhakar,38,93,62,6,0,61.29,2,,v West Indies,Chennai,23 Oct 1994,
ODI,A Jadeja,38,58,54,5,0,70.37,1,,v West Indies,Visakhapatnam,7 Nov 1994,
ODI,NR Mongia,38,45,30,8,0,126.66,1,,v Australia,Colombo (SSC),6 Sep 1996,
ODI,M Azharuddin,38,-,68,3,0,55.88,1,,v Pakistan,Toronto,18 Sep 1996,
ODI,SC Ganguly,38,123,79,3,0,48.1,2,,v Zimbabwe,Paarl,27 Jan 1997,
ODI,SS Karim,38,37,46,1,0,82.6,2,,v Zimbabwe,Paarl,27 Jan 1997,
ODI,NS Sidhu,38,72,52,4,0,73.07,1,,v Australia,Delhi,14 Apr 1998,
ODI,SR Tendulkar,38,93,58,2,0,65.51,1,,v New Zealand,Sharjah,20 Apr 1998,
ODI,NR Mongia,38,137,68,3,0,55.88,2,,v Pakistan,Toronto,16 Sep 1998,
ODI,SC Ganguly,38,77,60,3,0,63.33,2,,v New Zealand,Napier,12 Jan 1999,
ODI,R Dravid,38,97,65,4,0,58.46,2,,v New Zealand,Napier,12 Jan 1999,
ODI,RR Singh,38,60,52,1,1,73.07,1,,v Australia,Galle,23 Aug 1999,
ODI,SC Ganguly,38,71,51,6,0,74.5,2,,v South Africa,Nairobi (Gym),26 Sep 1999,
ODI,SR Tendulkar,38,58,37,3,3,102.7,1,,v Australia,Nairobi (Gym),7 Oct 2000,
ODI,SR Tendulkar,38,82,57,5,0,66.66,1,,v South Africa,Centurion,10 Oct 2001,
ODI,IK Pathan,38,77,75,2,0,50.66,2,,v Pakistan,Colombo (RPS),25 Jul 2004,
ODI,Y Venugopal Rao,38,88,74,3,0,51.35,1,,v Sri Lanka,Dambulla,30 Jul 2005,
ODI,MS Dhoni,38,33,28,3,2,135.71,1,,v Sri Lanka,Nagpur,25 Oct 2005,
ODI,V Sehwag,38,46,29,5,1,131.03,2,,v Sri Lanka,Mohali,28 Oct 2005,
ODI,Y Venugopal Rao,38,37,41,4,1,92.68,2,,v Sri Lanka,Pune,3 Nov 2005,
ODI,G Gambhir,38,69,50,7,0,76.0,2,,v South Africa,Bengaluru,19 Nov 2005,
ODI,G Gambhir,38,61,50,6,0,76.0,2,,v Pakistan,Karachi,19 Feb 2006,
ODI,MS Dhoni,38,99,55,2,0,69.09,2,,v England,Faridabad,31 Mar 2006,
ODI,Yuvraj Singh,38,-,28,5,1,135.71,2,,v Scotland,Glasgow,16 Aug 2007,
ODI,Yuvraj Singh,38,27,38,2,2,100.0,1,,v Australia,Brisbane,4 Mar 2008,
ODI,Yuvraj Singh,38,62,31,2,1,122.58,2,,v England,Kanpur,20 Nov 2008,
ODI,V Sehwag,38,37,30,5,1,126.66,2,,v Australia,Hyderabad,5 Nov 2009,
ODI,RA Jadeja,38,93,64,0,0,59.37,1,,v Sri Lanka,Mirpur,13 Jan 2010,
ODI,R Ashwin,38,70,32,4,1,118.75,1,,v Sri Lanka,Harare,5 Jun 2010,
ODI,MS Dhoni,38,51,50,2,1,76.0,1,,v Sri Lanka,Dambulla,24 Jun 2010,
ODI,Yuvraj Singh,38,-,64,5,1,59.37,1,,v Sri Lanka,Dambulla,22 Aug 2010,
ODI,MS Dhoni,38,96,75,3,0,50.66,1,,v New Zealand,Dambulla,25 Aug 2010,
ODI,G Gambhir,38,78,38,6,0,100.0,1,,v New Zealand,Guwahati,28 Nov 2010,
ODI,MS Dhoni,38,101,61,1,0,62.29,1,,v South Africa,Johannesburg,15 Jan 2011,
ODI,PA Patel,38,52,34,6,0,111.76,2,,v South Africa,Centurion,23 Jan 2011,
ODI,SR Tendulkar,38,91,56,4,0,67.85,2,,v Ireland,Bengaluru,6 Mar 2011,
ODI,V Sehwag,38,32,25,9,0,152.0,1,,v Pakistan,Mohali,30 Mar 2011,
ODI,SK Raina,38,48,29,2,2,131.03,1,,v England,Chester-le-Street,3 Sep 2011,
ODI,AM Rahane,38,60,53,5,1,71.69,1,,v England,Lord's,11 Sep 2011,
ODI,PA Patel,38,67,46,3,0,82.6,2,,v England,Mohali,20 Oct 2011,
ODI,G Gambhir,38,70,46,4,0,82.6,1,,v England,Eden Gardens,25 Oct 2011,
ODI,SK Raina,38,82,46,5,0,82.6,1,,v England,Eden Gardens,25 Oct 2011,
ODI,RA Jadeja,38,73,62,3,0,61.29,2,,v West Indies,Cuttack,29 Nov 2011,
ODI,SK Raina,38,65,30,3,1,126.66,2,,v Australia,Adelaide,12 Feb 2012,
ODI,V Kohli,38,80,65,2,0,58.46,2,,v Sri Lanka,Colombo (RPS),28 Jul 2012,
ODI,S Dhawan,38,85,65,4,0,58.46,1,,v England,W.A.C.A,30 Jan 2015,
ODI,V Kohli,38,71,48,4,0,79.16,2,,v Zimbabwe,Auckland,14 Mar 2015,
ODI,SK Raina,38,26,21,3,2,180.95,1,,v Bangladesh,Mirpur,24 Jun 2015,
ODI,AR Patel,38,77,40,3,1,95.0,2,,v New Zealand,Ranchi,26 Oct 2016,
ODI,S Dhawan,38,-,40,4,2,95.0,1,,v West Indies,Brabourne,29 Oct 2018,
ODI,SS Iyer,38,-,36,5,0,105.55,2,,v Australia,Sydney,29 Nov 2020,
ODI,DL Chahar,38,32,38,4,2,100.0,1,,v West Indies,Ahmedabad,11 Feb 2022,
ODI,SS Iyer,38,64,32,2,1,118.75,1,,v Sri Lanka,Thiruvananthapuram,15 Jan 2023,
ODI,RK Singh,38,41,27,3,2,140.74,1,,v South Africa,Paarl,21 Dec 2023,
ODI,KL Rahul,38,53,31,2,2,122.58,1,,v Australia,Perth,19 Oct 2025,
ODI,Yashpal Sharma,37*,-,37,-,-,100.0,1,,v Sri Lanka,Amritsar,12 Sep 1982,
ODI,A Jadeja,37*,88,48,3,0,77.08,2,,v Pakistan,Toronto,20 Sep 1997,
ODI,MS Dhoni,37*,-,27,3,2,137.03,2,,v New Zealand,Harare,2 Sep 2005,
ODI,Harbhajan Singh,37*,16,17,4,2,217.64,1,,v South Africa,Hyderabad,16 Nov 2005,
ODI,SS Tiwary,37*,77,39,3,1,94.87,2,,v New Zealand,Bengaluru,7 Dec 2010,
ODI,Washington Sundar,37*,22,16,3,3,231.25,1,,v New Zealand,Auckland,25 Nov 2022,
ODI,GR Viswanath,37,-,59,5,0,62.71,2,,v England,Lord's,7 Jun 1975,
ODI,AD Gaekwad,37,73,51,3,0,72.54,1,,v New Zealand,Manchester,14 Jun 1975,
ODI,S Amarnath,37,-,41,4,0,90.24,1,,v Pakistan,Quetta,1 Oct 1978,
ODI,DB Vengsarkar,37,-,50,1,0,74.0,2,,v Pakistan,Multan,17 Dec 1982,
ODI,RMH Binny,37,54,33,6,1,112.12,1,,v Australia,Indore,6 Oct 1984,
ODI,Yashpal Sharma,37,-,53,4,0,69.81,1,,v England,Pune,5 Dec 1984,
ODI,K Srikkanth,37,85,71,2,0,52.11,1,,v Australia,Melbourne,9 Feb 1986,
ODI,RJ Shastri,37,71,52,3,0,71.15,1,,v Australia,Srinagar,9 Sep 1986,
ODI,DB Vengsarkar,37,101,53,2,1,69.81,2,,v Australia,Delhi,2 Oct 1986,
ODI,SM Gavaskar,37,-,32,6,1,115.62,2,,v Australia,Chennai,9 Oct 1987,
ODI,M Azharuddin,37,67,47,2,1,78.72,1,,v Australia,Hamilton,8 Mar 1990,
ODI,A Jadeja,37,100,62,4,0,59.67,1,,v Sri Lanka,Jalandhar,20 Feb 1994,
ODI,VG Kambli,37,87,59,1,0,62.71,2,,v New Zealand,Napier,25 Mar 1994,
ODI,SR Tendulkar,37,75,51,3,1,72.54,2,,v South Africa,Hamilton,18 Feb 1995,
ODI,J Srinath,37,50,25,1,2,148.0,2,,v South Africa,Hamilton,18 Feb 1995,
ODI,J Srinath,37,62,45,4,0,82.22,2,,v South Africa,Bloemfontein,23 Jan 1997,
ODI,SR Tendulkar,37,105,58,1,0,63.79,1,,v Sri Lanka,Colombo (RPS),25 Aug 1999,
ODI,D Mongia,37,72,49,5,0,75.51,2,,v Zimbabwe,Bulawayo,27 Jun 2001,
ODI,VVS Laxman,37,84,51,5,0,72.54,2,,v Sri Lanka,Colombo (RPS),5 Aug 2001,
ODI,Harbhajan Singh,37,50,32,4,1,115.62,2,,v Kenya,Gqeberha,17 Oct 2001,
ODI,SR Tendulkar,37,68,35,5,0,105.71,2,,v South Africa,East London,19 Oct 2001,
ODI,Yuvraj Singh,37,87,68,4,1,54.41,2,,v Sri Lanka,Birmingham,6 Jul 2002,
ODI,Yuvraj Singh,37,87,56,3,0,66.07,1,,v Netherlands,Paarl,12 Feb 2003,
ODI,V Sehwag,37,81,44,6,0,84.09,1,,v South Africa,Dhaka,13 Apr 2003,
ODI,SC Ganguly,37,45,31,4,1,119.35,2,,v Australia,Bengaluru,12 Nov 2003,
ODI,SR Tendulkar,37,60,48,7,0,77.08,1,,v Pakistan,Lahore,24 Mar 2004,
ODI,V Sehwag,37,50,39,5,0,94.87,2,,v Sri Lanka,Dambulla,18 Jul 2004,
ODI,VVS Laxman,37,73,51,2,1,72.54,2,,v Pakistan,Amstelveen,21 Aug 2004,
ODI,IK Pathan,37,85,58,4,1,63.79,2,,v South Africa,Bengaluru,19 Nov 2005,
ODI,Yuvraj Singh,37,72,57,6,0,64.91,2,,v Pakistan,Multan,16 Feb 2006,
ODI,Harbhajan Singh,37,47,46,3,1,80.43,1,,v England,Delhi,28 Mar 2006,
ODI,Harbhajan Singh,37,56,60,1,2,61.66,1,,v West Indies,Kuala Lumpur,20 Sep 2006,
ODI,MS Dhoni,37,102,61,1,0,60.65,1,,v Australia,Brisbane,3 Feb 2008,
ODI,MS Dhoni,37,97,50,1,0,74.0,2,,v Australia,Adelaide,17 Feb 2008,
ODI,Yuvraj Singh,37,38,32,4,1,115.62,1,,v Pakistan,Karachi,2 Jul 2008,
ODI,V Kohli,37,82,67,6,0,55.22,2,,v Sri Lanka,Dambulla,20 Aug 2008,
ODI,MS Dhoni,37,85,70,3,0,52.85,1,,v Sri Lanka,Mirpur,5 Jan 2010,
ODI,SK Raina,37,56,53,2,0,69.81,1,,v Zimbabwe,Bulawayo,28 May 2010,
ODI,V Kohli,37,98,57,5,0,64.91,2,,v Sri Lanka,Dambulla,28 Aug 2010,
ODI,SK Raina,37,74,47,4,0,78.72,2,,v South Africa,Cape Town,18 Jan 2011,
ODI,V Kohli,37,70,63,0,0,58.73,1,,v England,Hyderabad,14 Oct 2011,
ODI,V Kohli,37,86,54,1,1,68.51,1,,v England,Kochi,15 Jan 2013,
ODI,AT Rayudu,37,64,58,3,2,63.79,1,,v New Zealand,Hamilton,28 Jan 2014,
ODI,KD Karthik,37,58,47,4,0,78.72,1,,v New Zealand,Wankhede,22 Oct 2017,
ODI,MS Dhoni,37,-,59,2,0,62.71,2,,v England,Lord's,14 Jul 2018,
ODI,KD Karthik,37,-,61,1,1,60.65,2,,v Bangladesh,Dubai (DICS),28 Sep 2018,
ODI,RG Sharma,37,-,66,5,0,56.06,2,,v Australia,Hyderabad,2 Mar 2019,
ODI,RG Sharma,37,71,37,6,0,100.0,1,,v England,Pune,28 Mar 2021,
ODI,MK Pandey,37,64,31,3,0,119.35,2,,v Sri Lanka,Colombo (RPS),20 Jul 2021,
ODI,Washington Sundar,37,34,27,4,1,137.03,1,,v Bangladesh,Chattogram,10 Dec 2022,
ODI,Shubman Gill,37,62,49,4,1,75.51,2,,v Australia,Chennai,22 Mar 2023,
ODI,SM Gavaskar,36*,-,174,1,0,20.68,2,,v England,Lord's,7 Jun 1975,
ODI,SM Gavaskar,36*,-,55,2,0,65.45,1,,v Pakistan,Sharjah,13 Apr 1984,
ODI,SM Gavaskar,36*,-,34,3,0,105.88,2,,v Sri Lanka,Colombo (PSS),21 Sep 1985,
ODI,RJ Shastri,36*,59,41,0,0,87.8,2,,v New Zealand,Brisbane,11 Jan 1986,
ODI,M Azharuddin,36*,65,37,2,0,97.29,2,,v Australia,Sharjah,19 Apr 1994,
ODI,VG Kambli,36*,41,22,2,2,163.63,1,,v New Zealand,Delhi,3 Nov 1994,
ODI,NR Mongia,36*,41,30,7,0,120.0,2,,v New Zealand,Pune,24 Nov 1995,
ODI,SS Dighe,36*,50,38,2,0,94.73,1,,v Australia,W.A.C.A,30 Jan 2000,
ODI,AB Agarkar,36*,30,24,4,0,150.0,2,,v England,Delhi,31 Jan 2002,
ODI,IK Pathan,36*,36,28,5,0,128.57,1,,v Sri Lanka,Dambulla,3 Aug 2005,
ODI,Yuvraj Singh,36*,52,35,2,2,102.85,2,,v Bangladesh,Karachi,28 Jun 2008,
ODI,Yuvraj Singh,36*,48,31,3,1,116.12,2,,v Sri Lanka,Karachi,3 Jul 2008,
ODI,SK Raina,36*,69,39,3,0,92.3,1,,v Pakistan,Mohali,30 Mar 2011,
ODI,R Ashwin,36*,32,19,5,0,189.47,1,,v England,The Oval,9 Sep 2011,
ODI,MK Pandey,36*,44,32,6,0,112.5,2,,v Australia,Indore,24 Sep 2017,
ODI,DB Vengsarkar,36,-,57,3,0,63.15,2,,v Sri Lanka,Manchester,16 Jun 1979,
ODI,SM Patil,36,-,52,-,-,69.23,1,,v West Indies,Manchester,9 Jun 1983,
ODI,N Kapil Dev,36,-,46,-,-,78.26,2,,v West Indies,The Oval,15 Jun 1983,
ODI,N Kapil Dev,36,58,37,2,0,97.29,2,,v Australia,Delhi,2 Oct 1986,
ODI,N Kapil Dev,36,-,30,4,0,120.0,1,,v Pakistan,Sharjah,5 Dec 1986,
ODI,SM Gavaskar,36,-,67,-,-,53.73,2,,v Sri Lanka,Delhi,13 Jan 1987,
ODI,M Azharuddin,36,-,33,4,0,109.09,1,,v West Indies,Thiruvananthapuram,25 Jan 1988,
ODI,M Azharuddin,36,-,32,5,0,112.5,1,,v West Indies,Port of Spain,11 Mar 1989,
ODI,M Prabhakar,36,83,59,4,0,61.01,1,,v New Zealand,Wellington,6 Mar 1990,
ODI,SV Manjrekar,36,102,82,2,0,43.9,1,,v New Zealand,Wellington,6 Mar 1990,
ODI,SR Tendulkar,36,51,39,5,0,92.3,1,,v New Zealand,Wellington,6 Mar 1990,
ODI,SR Tendulkar,36,-,22,3,2,163.63,1,,v Sri Lanka,Nagpur,1 Dec 1990,
ODI,SR Tendulkar,36,79,65,3,0,55.38,1,,v Australia,W.A.C.A,8 Dec 1991,
ODI,PK Amre,36,57,55,0,1,65.45,1,,v Zimbabwe,Harare,25 Oct 1992,
ODI,M Prabhakar,36,-,57,3,0,63.15,1,,v South Africa,Bloemfontein,15 Dec 1992,
ODI,M Prabhakar,36,91,59,4,0,61.01,2,,v England,Chandigarh,21 Jan 1993,
ODI,M Azharuddin,36,79,44,3,0,81.81,2,,v England,Chandigarh,21 Jan 1993,
ODI,NS Sidhu,36,98,61,5,0,59.01,2,,v Pakistan,Sharjah,22 Apr 1994,
ODI,SC Ganguly,36,59,52,3,1,69.23,2,,v Zimbabwe,Colombo (SSC),1 Sep 1996,
ODI,A Jadeja,36,49,40,2,1,90.0,1,,v Zimbabwe,Centurion,7 Feb 1997,
ODI,NS Sidhu,36,72,50,4,0,72.0,2,,v Sri Lanka,Guwahati,22 Dec 1997,
ODI,NS Sidhu,36,-,42,3,0,85.71,1,,v Pakistan,Dhaka,11 Jan 1998,
ODI,SC Ganguly,36,66,45,5,0,80.0,2,,v Kenya,Eden Gardens,31 May 1998,
ODI,A Jadeja,36,55,41,2,3,87.8,2,,v New Zealand,Auckland,16 Jan 1999,
ODI,S Ramesh,36,45,33,7,0,109.09,2,,v South Africa,Nairobi (Gym),26 Sep 1999,
ODI,R Dravid,36,81,59,4,0,61.01,2,,v South Africa,Jamshedpur,12 Mar 2000,
ODI,M Azharuddin,36,75,65,5,0,55.38,1,,v South Africa,Sharjah,27 Mar 2000,
ODI,SR Tendulkar,36,55,25,4,2,144.0,2,,v Bangladesh,Dhaka,30 May 2000,
ODI,JJ Martin,36,107,70,5,0,51.42,2,,v Kenya,Gqeberha,17 Oct 2001,
ODI,SR Tendulkar,36,71,43,6,0,83.72,1,,v England,Eden Gardens,19 Jan 2002,
ODI,SB Bangar,36,87,67,3,0,53.73,1,,v Zimbabwe,Kochi,13 Mar 2002,
ODI,SR Tendulkar,36,60,29,5,0,124.13,2,,v England,The Oval,9 Jul 2002,
ODI,SR Tendulkar,36,127,59,3,0,61.01,1,,v Australia,Centurion,15 Feb 2003,
ODI,V Sehwag,36,78,38,6,0,94.73,1,,v Zimbabwe,Harare,19 Feb 2003,
ODI,R Dravid,36,74,45,2,0,80.0,2,,v Pakistan,Rawalpindi,16 Mar 2004,
ODI,Yuvraj Singh,36,44,35,5,0,102.85,2,,v Pakistan,Lahore,21 Mar 2004,
ODI,IK Pathan,36,95,63,3,1,57.14,1,,v England,Margao,3 Apr 2006,
ODI,MS Dhoni,36,73,54,4,0,66.66,1,,v Bangladesh,Mirpur,12 May 2007,
ODI,R Dravid,36,87,49,4,0,73.46,2,,v South Africa,Belfast,1 Jul 2007,
ODI,MS Dhoni,36,84,66,4,0,54.54,2,,v Australia,Sydney,24 Feb 2008,
ODI,Yuvraj Singh,36,31,35,4,1,102.85,2,,v Sri Lanka,Hobart,26 Feb 2008,
ODI,MS Dhoni,36,52,37,2,1,97.29,1,,v Australia,Brisbane,4 Mar 2008,
ODI,YK Pathan,36,47,23,4,2,156.52,1,,v South Africa,Gwalior,24 Feb 2010,
ODI,RA Jadeja,36,-,35,2,1,102.85,2,,v South Africa,Ahmedabad,27 Feb 2010,
ODI,MS Dhoni,36,77,55,1,3,65.45,1,,v Pakistan,Delhi,6 Jan 2013,
ODI,SK Raina,36,64,50,3,0,72.0,2,,v South Africa,Durban,8 Dec 2013,
ODI,AM Rahane,36,52,42,4,0,85.71,2,,v New Zealand,Hamilton,22 Jan 2014,
ODI,HH Pandya,36,51,32,3,0,112.5,2,,v New Zealand,Delhi,20 Oct 2016,
ODI,MK Pandey,36,-,53,2,0,67.92,2,,v Sri Lanka,Colombo (RPS),3 Sep 2017,
ODI,V Kohli,36,76,54,2,0,66.66,1,,v South Africa,Gqeberha,13 Feb 2018,
ODI,S Dhawan,36,-,30,6,0,120.0,2,,v England,Lord's,14 Jul 2018,
ODI,MS Dhoni,36,-,67,3,0,53.73,2,,v Bangladesh,Dubai (DICS),28 Sep 2018,
ODI,RR Pant,36,-,24,4,1,150.0,1,,v Australia,Mohali,10 Mar 2019,
ODI,S Dhawan,36,53,36,5,0,100.0,2,,v West Indies,Port of Spain,14 Aug 2019,
ODI,RG Sharma,36,-,56,6,0,64.28,1,,v West Indies,Chennai,15 Dec 2019,
ODI,SV Samson,36,58,38,4,0,94.73,1,,v New Zealand,Auckland,25 Nov 2022,
ODI,HH Pandya,36,86,53,4,0,67.92,2,,v Sri Lanka,Eden Gardens,12 Jan 2023,
ODI,V Kohli,36,44,27,3,1,133.33,1,,v New Zealand,Indore,24 Jan 2023,
ODI,A Jadeja,35*,79,56,5,0,62.5,2,,v New Zealand,Brabourne,29 Nov 1995,
ODI,M Azharuddin,35*,-,43,4,0,81.39,2,,v Bangladesh,Dhaka,30 May 2000,
ODI,HK Badani,35*,51,38,3,2,92.1,2,,v New Zealand,Colombo (SSC),2 Aug 2001,
ODI,Yuvraj Singh,35*,35,26,5,0,134.61,1,,v Pakistan,Ahmedabad,12 Apr 2005,
ODI,SK Raina,35*,37,34,6,0,102.94,2,,v Pakistan,Multan,16 Feb 2006,
ODI,MS Dhoni,35*,70,45,1,0,77.77,1,,v Sri Lanka,Colombo (RPS),3 Feb 2009,
ODI,MS Dhoni,35*,86,65,4,0,53.84,2,,v New Zealand,Colombo (RPS),11 Sep 2009,
ODI,MS Dhoni,35*,53,31,3,0,112.9,2,,v England,Mohali,20 Oct 2011,
ODI,RMH Binny,35,62,52,5,0,67.3,2,,v New Zealand,Brisbane,18 Jan 1981,
ODI,N Kapil Dev,35,-,21,2,2,166.66,2,,v Pakistan,Multan,17 Dec 1982,
ODI,DB Vengsarkar,35,71,43,6,0,81.39,2,,v Australia,Sharjah,29 Mar 1985,
ODI,M Azharuddin,35,-,72,2,0,48.61,1,,v West Indies,Sharjah,22 Nov 1985,
ODI,M Azharuddin,35,81,57,3,0,61.4,1,,v Australia,Brisbane,12 Jan 1986,
ODI,RJ Shastri,35,-,90,2,0,38.88,1,,v West Indies,Sharjah,21 Oct 1988,
ODI,DB Vengsarkar,35,-,75,1,0,46.66,2,,v Pakistan,Sharjah,20 Oct 1989,
ODI,DB Vengsarkar,35,71,56,6,0,62.5,2,,v Australia,Christchurch,3 Mar 1990,
ODI,K Srikkanth,35,-,51,1,0,68.62,2,,v Pakistan,Sharjah,27 Apr 1990,
ODI,SR Tendulkar,35,51,44,5,0,79.54,2,,v England,W.A.C.A,22 Feb 1992,
ODI,N Kapil Dev,35,34,26,2,1,134.61,1,,v Pakistan,Sydney,4 Mar 1992,
ODI,NS Sidhu,35,61,52,1,1,67.3,1,,v New Zealand,Delhi,3 Nov 1994,
ODI,J Srinath,35,42,31,1,2,112.9,2,,v South Africa,Sharjah,14 Apr 1996,
ODI,RR Singh,35,37,26,2,1,134.61,2,,v Pakistan,Chennai,21 May 1997,
ODI,HH Kanitkar,35,42,31,2,1,112.9,1,,v Zimbabwe,Vadodara,5 Apr 1998,
ODI,HH Kanitkar,35,51,54,2,0,64.81,2,,v Australia,Sharjah,19 Apr 1998,
ODI,NR Mongia,35,55,46,4,1,76.08,2,,v Australia,Sharjah,22 Apr 1998,
ODI,M Azharuddin,35,68,41,4,1,85.36,2,,v New Zealand,Auckland,16 Jan 1999,
ODI,RR Singh,35,75,47,1,0,74.46,2,,v Zimbabwe,Leicester,19 May 1999,
ODI,HK Badani,35,-,51,3,0,68.62,2,,v Bangladesh,Dhaka,30 May 2000,
ODI,RR Singh,35,-,61,1,0,57.37,1,,v Sri Lanka,Sharjah,20 Oct 2000,
ODI,V Dahiya,35,44,35,3,1,100.0,2,,v Zimbabwe,Cuttack,2 Dec 2000,
ODI,SR Tendulkar,35,47,26,6,1,134.61,1,,v Australia,Bengaluru,25 Mar 2001,
ODI,HK Badani,35,58,33,3,0,106.06,1,,v England,Eden Gardens,19 Jan 2002,
ODI,D Mongia,35,61,56,3,0,62.5,2,,v England,Wankhede,3 Feb 2002,
ODI,M Kaif,35,82,60,5,0,58.33,2,,v Pakistan,Centurion,1 Mar 2003,
ODI,V Sehwag,35,85,59,3,0,59.32,2,,v Australia,Melbourne,9 Jan 2004,
ODI,SK Raina,35,61,42,6,0,83.33,2,,v West Indies,Dambulla,31 Jul 2005,
ODI,V Sehwag,35,35,24,6,0,145.83,2,,v Sri Lanka,Vadodara,12 Nov 2005,
ODI,IK Pathan,35,32,23,4,2,152.17,2,,v Sri Lanka,Vadodara,12 Nov 2005,
ODI,SR Tendulkar,35,87,41,5,0,85.36,2,,v England,Jaipur,15 Oct 2006,
ODI,SR Tendulkar,35,79,51,5,0,68.62,2,,v South Africa,Durban,22 Nov 2006,
ODI,MS Dhoni,35,50,37,3,0,94.59,2,,v England,The Oval,5 Sep 2007,
ODI,SR Tendulkar,35,70,52,2,0,67.3,1,,v Sri Lanka,Brisbane,5 Feb 2008,
ODI,G Gambhir,35,58,33,3,0,106.06,1,,v Sri Lanka,Canberra,12 Feb 2008,
ODI,G Gambhir,35,57,32,4,0,109.37,1,,v Pakistan,Karachi,2 Jul 2008,
ODI,Yuvraj Singh,35,47,33,5,1,106.06,1,,v West Indies,Kingston,28 Jun 2009,
ODI,SK Raina,35,66,46,4,0,76.08,1,,v Sri Lanka,Mirpur,5 Jan 2010,
ODI,V Sehwag,35,34,26,6,0,134.61,1,,v England,Bengaluru,27 Feb 2011,
ODI,V Kohli,35,69,49,4,0,71.42,2,,v Sri Lanka,Wankhede,2 Apr 2011,
ODI,V Kohli,35,42,30,5,0,116.66,2,,v England,Mohali,20 Oct 2011,
ODI,MS Dhoni,35,49,29,3,1,120.68,1,,v Sri Lanka,Hambantota,21 Jul 2012,
ODI,S Dhawan,35,62,32,5,0,109.37,2,,v Zimbabwe,Harare,28 Jul 2013,
ODI,S Dhawan,35,62,37,5,0,94.59,1,,v West Indies,Visakhapatnam,24 Nov 2013,
ODI,SK Raina,35,36,22,6,0,159.09,2,,v New Zealand,Hamilton,22 Jan 2014,
ODI,S Dhawan,35,51,35,6,1,100.0,1,,v West Indies,Dharamsala,17 Oct 2014,
ODI,AT Rayudu,35,-,46,3,0,76.08,2,,v Sri Lanka,Hyderabad,9 Nov 2014,
ODI,S Dhawan,35,53,29,6,0,120.68,2,,v South Africa,Durban,1 Feb 2018,
ODI,S Dhawan,35,-,45,5,0,77.77,2,,v West Indies,Pune,27 Oct 2018,
ODI,MS Dhoni,35,52,33,4,0,106.06,1,,v Bangladesh,Birmingham,2 Jul 2019,
ODI,HH Pandya,35,30,16,1,4,218.75,1,,v England,Pune,26 Mar 2021,
ODI,KH Pandya,35,79,54,3,0,64.81,2,,v Sri Lanka,Colombo (RPS),20 Jul 2021,
ODI,SA Yadav,35,43,30,2,2,116.66,1,,v West Indies,Tarouba,1 Aug 2023,
ODI,RA Jadeja,35,48,36,3,1,97.22,2,,v Australia,Rajkot,27 Sep 2023,
ODI,RA Jadeja,35,41,24,1,1,145.83,1,,v Sri Lanka,Wankhede,2 Nov 2023,
ODI,Shubman Gill,35,76,44,3,0,79.54,2,,v Sri Lanka,Colombo (RPS),4 Aug 2024,
ODI,RG Sharma,35,32,20,6,1,175.0,2,,v Sri Lanka,Colombo (RPS),7 Aug 2024,
ODI,M Amarnath,34*,-,85,-,-,40.0,1,,v Pakistan,Sialkot,13 Oct 1978,
ODI,Yashpal Sharma,34*,-,48,3,0,70.83,2,,v England,Cuttack,27 Jan 1982,
ODI,N Kapil Dev,34*,-,36,3,0,94.44,2,,v Sri Lanka,Sharjah,27 Nov 1986,
ODI,V Yadav,34*,-,22,2,0,154.54,2,,v South Africa,East London,19 Dec 1992,
ODI,SR Tendulkar,34*,64,45,2,0,75.55,2,,v West Indies,Bridgetown,29 May 2002,
ODI,Z Khan,34*,65,42,3,1,80.95,2,,v New Zealand,Wellington,8 Jan 2003,
ODI,HK Badani,34*,83,59,5,0,57.62,2,,v Zimbabwe,W.A.C.A,3 Feb 2004,
ODI,SK Raina,34*,48,28,2,1,121.42,2,,v Australia,Ahmedabad,24 Mar 2011,
ODI,IK Pathan,34*,61,31,3,0,109.67,2,,v Sri Lanka,Colombo (RPS),28 Jul 2012,
ODI,AM Rahane,34*,81,50,3,0,68.0,2,,v South Africa,Centurion,16 Feb 2018,
ODI,V Kohli,34*,61,41,3,0,82.92,2,,v Sri Lanka,Leeds,6 Jul 2019,
ODI,SA Yadav,34*,47,36,5,0,94.44,2,,v West Indies,Ahmedabad,6 Feb 2022,
ODI,SA Yadav,34*,-,25,2,3,136.0,1,,v New Zealand,Hamilton,27 Nov 2022,
ODI,KL Rahul,34*,44,34,3,1,100.0,2,,v Bangladesh,Pune,19 Oct 2023,
ODI,KL Rahul,34*,47,33,1,1,103.03,2,,v New Zealand,Dubai (DICS),9 Mar 2025,
ODI,DB Vengsarkar,34,-,57,3,1,59.64,1,,v Pakistan,Quetta,1 Oct 1978,
ODI,Yashpal Sharma,34,78,61,2,0,55.73,1,,v Australia,Sydney,18 Dec 1980,
ODI,RMH Binny,34,53,45,4,0,75.55,2,,v Australia,Sydney,15 Jan 1981,
ODI,DB Vengsarkar,34,-,35,2,1,97.14,2,,v Pakistan,Nagpur,24 Mar 1987,
ODI,DB Vengsarkar,34,-,24,2,1,141.66,2,,v Sri Lanka,Dhaka,29 Oct 1988,
ODI,M Azharuddin,34,-,38,1,2,89.47,2,,v Sri Lanka,Dhaka,29 Oct 1988,
ODI,SV Manjrekar,34,57,34,2,0,100.0,1,,v Zimbabwe,Hamilton,7 Mar 1992,
ODI,SR Tendulkar,34,42,30,2,1,113.33,2,,v England,Gwalior,5 Mar 1993,
ODI,NS Sidhu,34,66,42,4,0,80.95,2,,v New Zealand,Napier,25 Mar 1994,
ODI,M Azharuddin,34,76,37,3,0,91.89,2,,v West Indies,Wankhede,20 Oct 1994,
ODI,SR Tendulkar,34,53,47,7,0,72.34,2,,v West Indies,Kanpur,30 Oct 1994,
ODI,V Rathour,34,87,53,3,0,64.15,1,,v Zimbabwe,Bulawayo,15 Feb 1997,
ODI,SC Ganguly,34,86,55,5,0,61.81,1,,v Sri Lanka,Colombo (RPS),26 Jul 1997,
ODI,M Azharuddin,34,40,41,0,1,82.92,1,,v Sri Lanka,Colombo (SSC),23 Aug 1997,
ODI,A Jadeja,34,77,66,1,0,51.51,1,,v Pakistan,Dhaka,16 Jan 1998,
ODI,SC Ganguly,34,-,63,5,0,53.96,1,,v West Indies,Toronto,14 Sep 1999,
ODI,Yuvraj Singh,34,-,39,1,2,87.17,1,,v Zimbabwe,Sharjah,22 Oct 2000,
ODI,V Sehwag,34,80,58,4,1,58.62,1,,v South Africa,Durban,26 Oct 2001,
ODI,R Dravid,34,49,34,3,0,100.0,2,,v Australia,Bengaluru,12 Nov 2003,
ODI,M Kaif,34,53,48,1,0,70.83,1,,v Sri Lanka,Dambulla,3 Aug 2005,
ODI,R Dravid,34,77,50,7,0,68.0,1,,v England,Delhi,28 Mar 2006,
ODI,SK Raina,34,32,29,4,0,117.24,1,,v West Indies,Kuala Lumpur,14 Sep 2006,
ODI,Yuvraj Singh,34,54,44,3,0,77.27,1,,v Pakistan,Mohali,8 Nov 2007,
ODI,G Gambhir,34,77,42,3,0,80.95,2,,v Australia,Adelaide,17 Feb 2008,
ODI,KD Karthik,34,123,79,4,0,43.03,2,,v West Indies,Johannesburg,30 Sep 2009,
ODI,MS Dhoni,34,75,46,4,0,73.91,2,,v Australia,Vadodara,25 Oct 2009,
ODI,KD Karthik,34,53,39,3,1,87.17,2,,v Bangladesh,Mirpur,11 Jan 2010,
ODI,SK Raina,34,47,27,2,2,125.92,2,,v Pakistan,Dambulla,19 Jun 2010,
ODI,V Kohli,34,82,53,3,0,64.15,2,,v Ireland,Bengaluru,6 Mar 2011,
ODI,MS Dhoni,34,68,50,2,0,68.0,2,,v Ireland,Bengaluru,6 Mar 2011,
ODI,V Sehwag,34,46,29,6,0,117.24,2,,v Sri Lanka,Colombo (RPS),31 Jul 2012,
ODI,SK Raina,34,55,43,3,0,79.06,2,,v West Indies,Kanpur,27 Nov 2013,
ODI,MS Dhoni,34,70,61,1,0,55.73,1,,v England,Brisbane,20 Jan 2015,
ODI,RG Sharma,34,83,48,1,2,70.83,2,,v Australia,Sydney,26 Mar 2015,
ODI,SK Raina,34,57,55,3,0,61.81,1,,v Bangladesh,Mirpur,21 Jun 2015,
ODI,AM Rahane,34,80,49,5,0,69.38,1,,v Zimbabwe,Harare,10 Jul 2015,
ODI,MS Dhoni,34,64,42,1,1,80.95,2,,v Australia,Sydney,23 Jan 2016,
ODI,S Dhawan,34,30,23,8,0,147.82,1,,v South Africa,Gqeberha,13 Feb 2018,
ODI,KM Jadhav,34,55,45,3,0,75.55,1,,v New Zealand,Wellington,3 Feb 2019,
ODI,MS Dhoni,34,69,46,2,0,73.91,2,,v South Africa,Southampton,5 Jun 2019,
ODI,RG Sharma,34,49,38,4,2,89.47,1,,v New Zealand,Hyderabad,18 Jan 2023,
ODI,Shubman Gill,34,72,49,5,0,69.38,1,,v West Indies,Bridgetown,29 Jul 2023,
ODI,CS Pandit,33*,52,34,4,0,97.05,2,,v New Zealand,Sharjah,10 Apr 1986,
ODI,CS Pandit,33*,-,40,2,0,82.5,1,,v Pakistan,Indore,27 Jan 1987,
ODI,DB Vengsarkar,33*,-,43,1,0,76.74,2,,v Zimbabwe,Ahmedabad,26 Oct 1987,
ODI,VG Kambli,33*,83,48,4,1,68.75,2,,v West Indies,Gwalior,21 Feb 1996,
ODI,RR Singh,33*,71,35,1,1,94.28,2,,v Australia,Melbourne,12 Jan 2000,
ODI,Z Khan,33*,16,13,3,2,253.84,1,,v New Zealand,Cuttack,6 Nov 2003,
ODI,D Mongia,33*,35,28,0,2,117.85,1,,v Pakistan,Kanpur,15 Apr 2005,
ODI,RA Jadeja,33*,35,25,2,2,132.0,1,,v England,Birmingham,23 Jun 2013,
ODI,RA Jadeja,33*,80,36,2,1,91.66,2,,v West Indies,Kochi,8 Oct 2014,
ODI,V Kohli,33*,49,41,5,0,80.48,2,,v U.A.E.,W.A.C.A,28 Feb 2015,
ODI,AM Rahane,33*,44,28,6,0,117.85,2,,v Ireland,Hamilton,10 Mar 2015,
ODI,V Kohli,33*,57,29,6,0,113.79,2,,v West Indies,Thiruvananthapuram,1 Nov 2018,
ODI,AD Gaekwad,33,-,52,2,0,63.46,2,,v Sri Lanka,Manchester,16 Jun 1979,
ODI,GR Viswanath,33,62,52,3,0,63.46,1,,v New Zealand,Melbourne,10 Jan 1981,
ODI,SM Gavaskar,33,-,60,4,0,55.0,2,,v Pakistan,Hyderabad (Deccan),10 Sep 1983,
ODI,RMH Binny,33,-,45,-,-,73.33,1,,v West Indies,Guwahati,17 Dec 1983,
ODI,DB Vengsarkar,33,82,86,3,0,38.37,2,,v Australia,New Delhi,28 Sep 1984,
ODI,RJ Shastri,33,-,43,1,0,76.74,1,,v England,Bengaluru,20 Jan 1985,
ODI,AO Malhotra,33,57,54,3,0,61.11,2,,v New Zealand,Adelaide,25 Jan 1986,
ODI,M Prabhakar,33,-,51,2,0,64.7,1,,v Pakistan,Sharjah,10 Apr 1987,
ODI,KS More,33,-,36,6,0,91.66,2,,v West Indies,Nagpur,8 Dec 1987,
ODI,M Amarnath,33,-,70,2,0,47.14,2,,v West Indies,Guwahati,23 Dec 1987,
ODI,NS Sidhu,33,-,53,3,0,62.26,1,,v New Zealand,Sharjah,1 Apr 1988,
ODI,RJ Shastri,33,-,40,2,0,82.5,2,,v Pakistan,Sharjah,19 Oct 1988,
ODI,SV Manjrekar,33,81,70,1,0,47.14,1,,v Australia,Hamilton,8 Mar 1990,
ODI,RJ Shastri,33,82,57,3,0,57.89,2,,v England,Nottingham,20 Jul 1990,
ODI,RJ Shastri,33,123,110,2,0,30.0,1,,v West Indies,W.A.C.A,6 Dec 1991,
ODI,PK Amre,33,67,53,1,0,62.26,1,,v Australia,W.A.C.A,8 Dec 1991,
ODI,N Kapil Dev,33,27,16,5,0,206.25,1,,v New Zealand,Dunedin,12 Mar 1992,
ODI,WV Raman,33,-,60,5,0,55.0,1,,v South Africa,Gqeberha,9 Dec 1992,
ODI,VG Kambli,33,73,60,4,0,55.0,2,,v England,Bengaluru,26 Feb 1993,
ODI,A Jadeja,33,37,27,3,0,122.22,1,,v England,Leeds,25 May 1996,
ODI,R Dravid,33,68,70,3,0,47.14,1,,v South Africa,Durban,12 Feb 1997,
ODI,SC Ganguly,33,51,28,7,0,117.85,2,,v Pakistan,Chennai,21 May 1997,
ODI,VG Kambli,33,49,32,5,0,103.12,1,,v Australia,Kochi,1 Apr 1998,
ODI,SR Tendulkar,33,48,29,6,0,113.79,2,,v Bangladesh,Wankhede,25 May 1998,
ODI,R Dravid,33,62,53,2,0,62.26,2,,v Kenya,Gwalior,28 May 1998,
ODI,JJ Martin,33,-,73,3,0,45.2,1,,v West Indies,Toronto,14 Sep 1999,
ODI,V Sehwag,33,59,54,3,0,61.11,2,,v New Zealand,Colombo (RPS),26 Jul 2001,
ODI,V Sehwag,33,32,27,4,1,122.22,1,,v South Africa,Centurion,10 Oct 2001,
ODI,D Mongia,33,91,55,3,1,60.0,2,,v Sri Lanka,The Oval,30 Jun 2002,
ODI,R Dravid,33,37,36,3,0,91.66,1,,v West Indies,Vadodara,18 Nov 2002,
ODI,Yuvraj Singh,33,82,58,4,0,56.89,1,,v New Zealand,Hamilton,14 Jan 2003,
ODI,V Sehwag,33,81,56,3,0,58.92,1,,v Kenya,Durban,20 Mar 2003,
ODI,SC Ganguly,33,54,31,4,0,106.45,1,,v New Zealand,Hyderabad (Deccan),15 Nov 2003,
ODI,SC Ganguly,33,68,43,4,0,76.74,1,,v Zimbabwe,Brisbane,20 Jan 2004,
ODI,R Dravid,33,106,86,4,0,38.37,1,,v Pakistan,Peshawar,19 Mar 2004,
ODI,VVS Laxman,33,81,43,5,0,76.74,2,,v England,The Oval,3 Sep 2004,
ODI,MS Dhoni,33,49,37,4,0,89.18,2,,v Australia,Hyderabad,5 Oct 2007,
ODI,V Sehwag,33,87,39,2,1,84.61,1,,v Sri Lanka,Brisbane,5 Feb 2008,
ODI,KD Karthik,33,66,47,4,0,70.21,1,,v Zimbabwe,Harare,3 Jun 2010,
ODI,M Vijay,33,66,58,2,0,56.89,2,,v New Zealand,Jaipur,1 Dec 2010,
ODI,MS Dhoni,33,41,36,2,0,91.66,1,,v England,Chester-le-Street,3 Sep 2011,
ODI,RG Sharma,33,49,41,1,1,80.48,2,,v Australia,Adelaide,12 Feb 2012,
ODI,G Gambhir,33,80,53,4,0,62.26,2,,v England,Ranchi,19 Jan 2013,
ODI,RG Sharma,33,77,50,4,0,66.0,2,,v Sri Lanka,Cardiff,20 Jun 2013,
ODI,SK Raina,33,66,33,4,0,100.0,2,,v Sri Lanka,Kingston,2 Jul 2013,
ODI,AT Rayudu,33,62,54,2,0,61.11,2,,v Zimbabwe,Harare,28 Jul 2013,
ODI,AM Rahane,33,60,40,1,1,82.5,1,,v England,Brisbane,20 Jan 2015,
ODI,V Kohli,33,51,36,5,0,91.66,2,,v West Indies,W.A.C.A,6 Mar 2015,
ODI,KL Rahul,33,66,50,4,0,66.0,2,,v Zimbabwe,Harare,13 Jun 2016,
ODI,AM Rahane,33,59,34,4,2,97.05,2,,v New Zealand,Dharamsala,16 Oct 2016,
ODI,MK Pandey,33,40,25,3,1,132.0,2,,v Australia,Bengaluru,28 Sep 2017,
ODI,KD Karthik,33,-,38,3,0,86.84,1,,v Hong Kong,Dubai (DICS),18 Sep 2018,
ODI,MS Dhoni,33,-,37,3,0,89.18,2,,v Bangladesh,Dubai (DICS),21 Sep 2018,
ODI,Shubman Gill,33,-,39,3,1,84.61,1,,v Australia,Canberra,2 Dec 2020,
ODI,Washington Sundar,33,71,34,2,1,97.05,1,,v West Indies,Ahmedabad,11 Feb 2022,
ODI,DJ Hooda,33,61,36,2,0,91.66,2,,v West Indies,Port of Spain,24 Jul 2022,
ODI,S Dhawan,33,34,21,4,0,157.14,2,,v Zimbabwe,Harare,20 Aug 2022,
ODI,Shubman Gill,33,62,34,6,0,97.05,2,,v Zimbabwe,Harare,20 Aug 2022,
ODI,SN Thakur,33,55,31,5,0,106.45,2,,v South Africa,Lucknow,6 Oct 2022,
ODI,Ishan Kishan,33,82,61,1,1,54.09,1,,v Sri Lanka,Colombo (RPS),12 Sep 2023,
ODI,SS Iyer,33,32,29,6,0,113.79,2,,v New Zealand,Dharamsala,22 Oct 2023,
ODI,AR Patel,33,66,57,2,1,57.89,2,,v Sri Lanka,Colombo (RPS),2 Aug 2024,
ODI,DB Vengsarkar,32*,-,59,-,-,54.23,2,,v West Indies,The Oval,15 Jun 1983,
ODI,GAHM Parkar,32*,-,68,3,0,47.05,2,,v Sri Lanka,Sharjah,8 Apr 1984,
ODI,M Prabhakar,32*,150,92,3,0,34.78,2,,v New Zealand,Brabourne,29 Nov 1995,
ODI,RR Singh,32*,33,21,3,0,152.38,1,,v South Africa,East London,4 Feb 1997,
ODI,RR Singh,32*,39,29,2,2,110.34,1,,v Pakistan,Toronto,18 Sep 1997,
ODI,Z Khan,32*,16,11,0,4,290.9,1,,v Zimbabwe,Jodhpur,8 Dec 2000,
ODI,SB Bangar,32*,53,38,3,0,84.21,2,,v West Indies,Jodhpur,21 Nov 2002,
ODI,SC Ganguly,32*,27,26,4,1,123.07,2,,v Zimbabwe,Hobart,14 Jan 2004,
ODI,M Kartik,32*,51,41,2,0,78.04,1,,v Australia,W.A.C.A,1 Feb 2004,
ODI,KD Karthik,32*,73,37,1,0,86.48,2,,v South Africa,Belfast,29 Jun 2007,
ODI,KD Karthik,32*,44,31,4,1,103.22,2,,v Sri Lanka,Cuttack,21 Dec 2009,
ODI,V Kohli,32*,-,47,1,0,68.08,1,,v West Indies,Port of Spain,23 Jun 2017,
ODI,B Kumar,32*,45,30,5,0,106.66,1,,v Australia,Chennai,17 Sep 2017,
ODI,FM Engineer,32,-,51,3,0,62.74,1,,v England,Leeds,13 Jul 1974,
ODI,GR Viswanath,32,-,59,1,0,54.23,1,,v England,The Oval,15 Jul 1974,
ODI,DB Vengsarkar,32,69,57,4,0,56.14,2,,v New Zealand,Adelaide,25 Jan 1986,
ODI,SM Gavaskar,32,66,58,1,0,55.17,2,,v Australia,Sydney,5 Feb 1986,
ODI,K Srikkanth,32,-,55,4,0,58.18,1,,v West Indies,Rajkot,5 Jan 1988,
ODI,K Srikkanth,32,-,38,3,1,84.21,1,,v Sri Lanka,Sharjah,25 Mar 1988,
ODI,M Azharuddin,32,30,28,1,2,114.28,2,,v New Zealand,Cuttack,12 Dec 1988,
ODI,KS More,32,-,32,0,0,100.0,2,,v West Indies,Bridgetown,7 Mar 1989,
ODI,K Srikkanth,32,-,48,5,0,66.66,2,,v England,Kanpur,25 Oct 1989,
ODI,AK Sharma,32,38,26,1,2,123.07,2,,v Australia,Bengaluru,27 Oct 1989,
ODI,WV Raman,32,71,38,5,0,84.21,2,,v New Zealand,Dunedin,1 Mar 1990,
ODI,N Kapil Dev,32,-,35,3,0,91.42,2,,v Sri Lanka,Cuttack,28 Dec 1990,
ODI,M Azharuddin,32,-,36,1,0,88.88,1,,v Pakistan,Sharjah,18 Oct 1991,
ODI,M Azharuddin,32,61,48,4,0,66.66,1,,v Pakistan,Sydney,4 Mar 1992,
ODI,K Srikkanth,32,50,32,5,0,100.0,1,,v Zimbabwe,Hamilton,7 Mar 1992,
ODI,KS More,32,-,69,3,0,46.37,1,,v South Africa,Gqeberha,9 Dec 1992,
ODI,SR Tendulkar,32,-,52,1,0,61.53,1,,v South Africa,Bloemfontein,15 Dec 1992,
ODI,N Kapil Dev,32,67,44,3,0,72.72,2,,v England,Bengaluru,26 Feb 1993,
ODI,VG Kambli,32,52,43,0,0,74.41,2,,v Zimbabwe,Guwahati,22 Mar 1993,
ODI,M Azharuddin,32,52,45,3,0,71.11,1,,v New Zealand,Jamshedpur,15 Nov 1995,
ODI,M Azharuddin,32,83,59,4,0,54.23,2,,v West Indies,Gwalior,21 Feb 1996,
ODI,SV Manjrekar,32,56,46,2,1,69.56,1,,v Sri Lanka,Delhi,2 Mar 1996,
ODI,M Azharuddin,32,60,55,3,0,58.18,2,,v South Africa,Hyderabad (Deccan),17 Oct 1996,
ODI,A Jadeja,32,66,58,0,0,55.17,2,,v Zimbabwe,Paarl,27 Jan 1997,
ODI,SR Tendulkar,32,55,27,6,0,118.51,1,,v South Africa,Durban,12 Feb 1997,
ODI,SC Ganguly,32,122,86,4,0,37.2,2,,v Pakistan,Toronto,14 Sep 1997,
ODI,RK Chauhan,32,43,32,0,2,100.0,1,,v Pakistan,Lahore,2 Oct 1997,
ODI,S Ramesh,32,61,35,6,0,91.42,1,,v Sri Lanka,Colombo (SSC),29 Aug 1999,
ODI,SC Ganguly,32,75,46,4,0,69.56,2,,v West Indies,Singapore,5 Sep 1999,
ODI,SR Tendulkar,32,61,31,2,1,103.22,2,,v New Zealand,Rajkot,5 Nov 1999,
ODI,R Dravid,32,81,58,1,0,55.17,1,,v Pakistan,Adelaide,25 Jan 2000,
ODI,V Dahiya,32,-,23,3,1,139.13,1,,v Zimbabwe,Sharjah,22 Oct 2000,
ODI,SR Tendulkar,32,35,29,6,1,110.34,1,,v Australia,Pune,28 Mar 2001,
ODI,R Dravid,32,81,56,0,0,57.14,2,,v Zimbabwe,Hyderabad (Deccan),16 Mar 2002,
ODI,V Sehwag,32,38,32,6,0,100.0,1,,v West Indies,Port of Spain,2 Jun 2002,
ODI,D Mongia,32,83,66,3,0,48.48,1,,v England,Durban,26 Feb 2003,
ODI,R Dravid,32,91,73,3,0,43.83,2,,v Kenya,Cape Town,7 Mar 2003,
ODI,V Sehwag,32,51,34,6,0,94.11,1,,v Australia,W.A.C.A,1 Feb 2004,
ODI,VVS Laxman,32,100,46,5,0,69.56,2,,v Zimbabwe,W.A.C.A,3 Feb 2004,
ODI,M Kaif,32,65,36,2,0,88.88,2,,v Pakistan,Jamshedpur,9 Apr 2005,
ODI,V Sehwag,32,70,39,5,0,82.05,1,,v Sri Lanka,Dambulla,3 Aug 2005,
ODI,SR Tendulkar,32,41,30,4,0,106.66,1,,v Sri Lanka,Canberra,12 Feb 2008,
ODI,RG Sharma,32,39,32,3,0,100.0,1,,v Sri Lanka,Colombo (RPS),24 Aug 2008,
ODI,SR Tendulkar,32,63,47,2,0,68.08,2,,v Australia,Delhi,31 Oct 2009,
ODI,G Gambhir,32,64,52,3,0,61.53,2,,v Sri Lanka,Cuttack,21 Dec 2009,
ODI,MS Dhoni,32,53,35,3,0,91.42,2,,v Bangladesh,Mirpur,11 Jan 2010,
ODI,RG Sharma,32,43,40,1,0,80.0,1,,v Sri Lanka,Harare,5 Jun 2010,
ODI,SK Raina,32,49,36,2,1,88.88,2,,v South Africa,Durban,12 Jan 2011,
ODI,R Dravid,32,50,31,2,0,103.22,1,,v England,Southampton,6 Sep 2011,
ODI,G Gambhir,32,57,33,4,0,96.96,1,,v England,Hyderabad,14 Oct 2011,
ODI,SK Raina,32,78,55,1,0,58.18,2,,v Sri Lanka,Brisbane,21 Feb 2012,
ODI,MS Dhoni,32,54,25,0,4,128.0,2,,v England,Rajkot,11 Jan 2013,
ODI,Yuvraj Singh,32,47,37,5,0,86.48,1,,v England,Kochi,15 Jan 2013,
ODI,SK Raina,32,51,27,1,1,118.51,2,,v Sri Lanka,Port of Spain,11 Jul 2013,
ODI,S Dhawan,32,84,46,3,0,69.56,2,,v New Zealand,Napier,19 Jan 2014,
ODI,AT Rayudu,32,72,54,3,0,59.25,1,,v West Indies,Delhi,11 Oct 2014,
ODI,RA Jadeja,32,56,42,2,0,76.19,2,,v Bangladesh,Mirpur,18 Jun 2015,
ODI,S Dhawan,32,31,28,5,0,114.28,2,,v Australia,Adelaide,15 Jan 2019,
ODI,V Shankar,32,-,30,4,0,106.66,2,,v Australia,Ranchi,8 Mar 2019,
ODI,RR Pant,32,58,29,4,0,110.34,2,,v England,Birmingham,30 Jun 2019,
ODI,RR Pant,32,89,56,4,0,57.14,2,,v New Zealand,Manchester,9 Jul 2019,
ODI,HH Pandya,32,81,62,2,0,51.61,2,,v New Zealand,Manchester,9 Jul 2019,
ODI,MA Agarwal,32,41,31,6,0,103.22,1,,v New Zealand,Hamilton,5 Feb 2020,
ODI,KL Rahul,32,66,50,2,1,64.0,2,,v Australia,Chennai,22 Mar 2023,
ODI,RA Jadeja,32,36,20,2,1,160.0,1,,v South Africa,Ranchi,30 Nov 2025,
ODI,Arshad Ayub,31*,-,43,2,0,72.09,1,,v Sri Lanka,Sharjah,25 Mar 1988,
ODI,CS Pandit,31*,-,52,0,0,59.61,1,,v West Indies,Sharjah,21 Oct 1988,
ODI,M Azharuddin,31*,38,28,0,0,110.71,1,,v West Indies,Adelaide,14 Dec 1991,
ODI,RR Singh,31*,73,32,1,1,96.87,2,,v Pakistan,Karachi,30 Sep 1997,
ODI,M Kaif,31*,19,18,5,0,172.22,1,,v West Indies,Jamshedpur,6 Nov 2002,
ODI,M Kaif,31*,32,30,2,0,103.33,1,,v U.A.E.,Dambulla,16 Jul 2004,
ODI,R Dravid,31*,67,48,2,0,64.58,2,,v Sri Lanka,Vadodara,12 Nov 2005,
ODI,Z Khan,31*,66,43,3,1,72.09,2,,v Australia,Wankhede,17 Oct 2007,
ODI,R Ashwin,31*,78,39,2,0,79.48,1,,v Pakistan,Chennai,30 Dec 2012,
ODI,AT Rayudu,31*,-,46,3,0,67.39,2,,v Pakistan,Dubai (DICS),19 Sep 2018,
ODI,KD Karthik,31*,-,37,2,1,83.78,2,,v Pakistan,Dubai (DICS),19 Sep 2018,
ODI,SA Yadav,31*,26,20,5,0,155.0,2,,v Sri Lanka,Colombo (RPS),18 Jul 2021,
ODI,S Dhawan,31*,79,54,4,0,57.4,2,,v England,The Oval,12 Jul 2022,
ODI,RMH Binny,31,77,53,4,0,58.49,1,,v Australia,Sydney,18 Dec 1980,
ODI,CPS Chauhan,31,-,73,1,0,42.46,2,,v New Zealand,Hamilton,15 Feb 1981,
ODI,SM Patil,31,-,49,-,-,63.26,1,,v West Indies,Vadodara,9 Nov 1983,
ODI,SC Khanna,31,-,37,4,0,83.78,2,,v Pakistan,Quetta,12 Oct 1984,
ODI,K Srikkanth,31,-,38,4,0,81.57,2,,v Zimbabwe,Wankhede,17 Oct 1987,
ODI,K Srikkanth,31,-,55,4,0,56.36,2,,v England,Wankhede,5 Nov 1987,
ODI,M Amarnath,31,-,34,2,1,91.17,2,,v Sri Lanka,Dhaka,29 Oct 1988,
ODI,DB Vengsarkar,31,-,45,4,0,68.88,2,,v England,Kanpur,25 Oct 1989,
ODI,K Srikkanth,31,-,63,2,0,49.2,2,,v Pakistan,Lahore,22 Dec 1989,
ODI,SR Tendulkar,31,31,26,3,0,119.23,2,,v England,Nottingham,20 Jul 1990,
ODI,SR Tendulkar,31,64,44,1,0,70.45,1,,v Australia,Sydney,14 Jan 1992,
ODI,M Azharuddin,31,-,50,3,0,62.0,1,,v South Africa,Mohali,22 Nov 1993,
ODI,M Azharuddin,31,37,30,2,0,103.33,1,,v Australia,Colombo (RPS),9 Sep 1994,
ODI,A Jadeja,31,105,63,4,0,49.2,1,,v West Indies,Jaipur,11 Nov 1994,
ODI,SR Tendulkar,31,103,59,3,0,52.54,1,,v Pakistan,Bengaluru,9 Mar 1996,
ODI,NS Sidhu,31,-,43,3,0,72.09,2,,v Pakistan,Sharjah,12 Apr 1996,
ODI,SB Joshi,31,-,32,1,2,96.87,1,,v Pakistan,Toronto,18 Sep 1996,
ODI,SC Ganguly,31,53,42,3,1,73.8,2,,v South Africa,Hyderabad (Deccan),17 Oct 1996,
ODI,R Dravid,31,52,41,2,0,75.6,1,,v South Africa,Wankhede,6 Nov 1996,
ODI,SC Ganguly,31,83,44,3,0,70.45,1,,v Zimbabwe,Centurion,7 Feb 1997,
ODI,SC Ganguly,31,36,26,4,0,119.23,2,,v Sri Lanka,Colombo (RPS),17 Aug 1997,
ODI,M Azharuddin,31,103,67,3,0,46.26,1,,v Pakistan,Hyderabad (Sind),28 Sep 1997,
ODI,R Dravid,31,48,45,1,0,68.88,2,,v West Indies,Sharjah,16 Dec 1997,
ODI,M Azharuddin,31,69,54,2,0,57.4,1,,v New Zealand,Sharjah,17 Apr 1998,
ODI,SC Ganguly,31,54,36,4,0,86.11,1,,v New Zealand,Sharjah,20 Apr 1998,
ODI,M Azharuddin,31,53,41,6,0,75.6,2,,v Bangladesh,Mohali,14 May 1998,
ODI,A Jadeja,31,-,32,0,2,96.87,1,,v Kenya,Nairobi (Gym),29 Sep 1999,
ODI,S Ramesh,31,76,49,3,0,63.26,1,,v Zimbabwe,Nairobi (Gym),1 Oct 1999,
ODI,SC Ganguly,31,36,28,6,0,110.71,2,,v South Africa,Kochi,9 Mar 2000,
ODI,A Jadeja,31,76,56,0,0,55.35,1,,v South Africa,Faridabad,15 Mar 2000,
ODI,RR Singh,31,-,48,6,0,64.58,2,,v Sri Lanka,Sharjah,27 Oct 2000,
ODI,R Dravid,31,65,45,1,0,68.88,1,,v Australia,Margao,6 Apr 2001,
ODI,V Sehwag,31,59,29,4,1,106.89,2,,v England,Wankhede,3 Feb 2002,
ODI,Yuvraj Singh,31,68,44,3,0,70.45,2,,v Sri Lanka,The Oval,30 Jun 2002,
ODI,V Sehwag,31,39,29,5,1,106.89,1,,v New Zealand,Chennai,23 Oct 2003,
ODI,VVS Laxman,31,88,46,4,0,67.39,1,,v New Zealand,Cuttack,6 Nov 2003,
ODI,R Dravid,31,45,41,2,0,75.6,1,,v New Zealand,Cuttack,6 Nov 2003,
ODI,M Kaif,31,56,36,3,0,86.11,2,,v Sri Lanka,Colombo (RPS),9 Aug 2005,
ODI,SC Ganguly,31,56,44,5,0,70.45,1,,v New Zealand,Harare,6 Sep 2005,
ODI,SR Tendulkar,31,54,38,3,0,81.57,1,,v West Indies,Nagpur,21 Jan 2007,
ODI,KD Karthik,31,55,49,1,0,63.26,2,,v Sri Lanka,Rajkot,11 Feb 2007,
ODI,R Dravid,31,57,48,3,1,64.58,2,,v Australia,Kochi,2 Oct 2007,
ODI,MS Dhoni,31,33,26,3,0,119.23,1,,v Sri Lanka,Canberra,12 Feb 2008,
ODI,IK Pathan,31,62,41,4,0,75.6,2,,v Sri Lanka,Adelaide,19 Feb 2008,
ODI,V Kohli,31,45,46,3,1,67.39,2,,v Sri Lanka,Colombo (RPS),29 Aug 2008,
ODI,Harbhajan Singh,31,33,25,5,1,124.0,2,,v Australia,Mohali,2 Nov 2009,
ODI,V Kohli,31,-,46,1,0,67.39,1,,v South Africa,Jaipur,21 Feb 2010,
ODI,MS Dhoni,31,38,25,3,1,124.0,1,,v England,Bengaluru,27 Feb 2011,
ODI,R Ashwin,31,74,64,1,0,48.43,2,,v West Indies,Ahmedabad,5 Dec 2011,
ODI,G Gambhir,31,73,41,2,0,75.6,1,,v West Indies,Chennai,11 Dec 2011,
ODI,V Kohli,31,30,34,3,0,91.17,2,,v Australia,Melbourne,5 Feb 2012,
ODI,MS Dhoni,31,60,49,1,0,63.26,2,,v Sri Lanka,Colombo (RPS),28 Jul 2012,
ODI,V Sehwag,31,70,43,3,0,72.09,2,,v Pakistan,Eden Gardens,3 Jan 2013,
ODI,SK Raina,31,81,60,2,1,51.66,1,,v Pakistan,Delhi,6 Jan 2013,
ODI,B Kumar,31,27,30,5,0,103.33,1,,v England,Dharamsala,27 Jan 2013,
ODI,V Kohli,31,46,41,2,0,75.6,1,,v South Africa,Cardiff,6 Jun 2013,
ODI,S Dhawan,31,40,24,2,1,129.16,1,,v England,Birmingham,23 Jun 2013,
ODI,V Kohli,31,62,52,4,0,59.61,1,,v Sri Lanka,Port of Spain,9 Jul 2013,
ODI,V Kohli,31,41,35,5,0,88.57,2,,v South Africa,Johannesburg,5 Dec 2013,
ODI,SK Raina,31,59,39,3,0,79.48,2,,v New Zealand,Auckland,25 Jan 2014,
ODI,S Dhawan,31,54,44,4,1,70.45,2,,v England,Leeds,5 Sep 2014,
ODI,AM Rahane,31,-,47,5,0,65.95,2,,v Sri Lanka,Hyderabad,9 Nov 2014,
ODI,RV Uthappa,31,68,44,3,0,70.45,1,,v Zimbabwe,Harare,14 Jul 2015,
ODI,MS Dhoni,31,54,30,1,0,103.33,2,,v South Africa,Kanpur,11 Oct 2015,
ODI,SA Yadav,31,39,26,4,0,119.23,1,,v New Zealand,Hyderabad,18 Jan 2023,
ODI,V Kohli,31,79,35,4,0,88.57,1,,v Australia,Visakhapatnam,19 Mar 2023,
ODI,Ishan Kishan,31,30,18,2,2,172.22,1,,v Australia,Indore,24 Sep 2023,
ODI,KL Rahul,31,67,43,2,0,72.09,2,,v Sri Lanka,Colombo (RPS),2 Aug 2024,
ODI,Shubman Gill,31,75,50,0,1,62.0,2,,v New Zealand,Dubai (DICS),9 Mar 2025,
ODI,AR Patel,31,56,38,3,0,81.57,1,,v Australia,Perth,19 Oct 2025,
ODI,Yashpal Sharma,30*,-,27,-,-,111.11,2,,v Sri Lanka,Bengaluru,26 Sep 1982,
ODI,SM Gavaskar,30*,45,31,2,0,96.77,1,,v England,Sydney,26 Feb 1985,
ODI,M Amarnath,30*,-,35,2,1,85.71,2,,v Pakistan,Sharjah,20 Oct 1989,
ODI,VG Kambli,30*,55,39,0,0,76.92,1,,v Sri Lanka,Colombo (RPS),5 Sep 1994,
ODI,M Azharuddin,30*,-,29,1,2,103.44,2,,v Pakistan,Toronto,16 Sep 1996,
ODI,J Srinath,30*,36,23,2,1,130.43,2,,v Australia,Bengaluru,21 Oct 1996,
ODI,M Azharuddin,30*,45,38,2,0,78.94,2,,v Pakistan,Dhaka,14 Jan 1998,
ODI,NR Mongia,30*,42,32,1,0,93.75,2,,v New Zealand,Napier,12 Jan 1999,
ODI,R Dravid,30*,22,16,3,1,187.5,1,,v Kenya,Southampton,11 Sep 2004,
ODI,RV Uthappa,30*,16,18,6,0,166.66,1,,v Australia,Chandigarh,8 Oct 2007,
ODI,RA Jadeja,30*,28,17,1,2,176.47,1,,v Sri Lanka,Rajkot,15 Dec 2009,
ODI,YK Pathan,30*,23,24,2,3,125.0,2,,v Ireland,Bengaluru,6 Mar 2011,
ODI,R Ashwin,30*,45,38,3,0,78.94,2,,v Sri Lanka,W.A.C.A,8 Feb 2012,
ODI,SK Raina,30*,35,17,3,1,176.47,1,,v Sri Lanka,Mirpur,13 Mar 2012,
ODI,SV Samson,30*,51,36,1,1,83.33,2,,v South Africa,Ranchi,9 Oct 2022,
ODI,KBJ Azad,30,-,58,2,1,51.72,1,,v England,Ahmedabad,25 Nov 1981,
ODI,RJ Shastri,30,-,56,1,0,53.57,1,,v West Indies,Albion,29 Mar 1983,
ODI,M Amarnath,30,-,34,2,0,88.23,1,,v West Indies,Albion,29 Mar 1983,
ODI,SM Patil,30,-,25,4,0,120.0,1,,v Australia,Chelmsford,20 Jun 1983,
ODI,N Kapil Dev,30,-,44,4,0,68.18,1,,v Pakistan,Sharjah,22 Mar 1985,
ODI,M Amarnath,30,88,71,2,0,42.25,1,,v New Zealand,W.A.C.A,18 Jan 1986,
ODI,KBJ Azad,30,80,61,0,2,49.18,2,,v New Zealand,Sharjah,10 Apr 1986,
ODI,M Azharuddin,30,-,65,1,0,46.15,2,,v Sri Lanka,Sharjah,13 Apr 1986,
ODI,S Madan Lal,30,58,54,3,0,55.55,1,,v Australia,Ahmedabad,5 Oct 1986,
ODI,N Kapil Dev,30,-,22,3,0,136.36,2,,v England,Wankhede,5 Nov 1987,
ODI,KS More,30,-,56,1,0,53.57,1,,v West Indies,Sharjah,21 Oct 1988,
ODI,CS Pandit,30,56,44,3,0,68.18,2,,v New Zealand,Vadodara,17 Dec 1988,
ODI,AK Sharma,30,-,35,2,1,85.71,2,,v West Indies,Georgetown,21 Mar 1989,
ODI,SR Tendulkar,30,-,29,1,2,103.44,1,,v Sri Lanka,Margao,8 Dec 1990,
ODI,VG Kambli,30,-,45,2,0,66.66,2,,v Pakistan,Sharjah,25 Oct 1991,
ODI,PK Amre,30,-,49,1,0,61.22,1,,v South Africa,Gqeberha,9 Dec 1992,
ODI,N Kapil Dev,30,-,37,5,0,81.08,2,,v South Africa,Durban,17 Dec 1992,
ODI,A Jadeja,30,-,63,2,1,47.61,1,,v West Indies,Eden Gardens,27 Nov 1993,
ODI,VG Kambli,30,60,49,0,1,61.22,2,,v South Africa,Hamilton,18 Feb 1995,
ODI,SR Tendulkar,30,30,20,5,0,150.0,1,,v New Zealand,Jamshedpur,15 Nov 1995,
ODI,SR Tendulkar,30,30,19,5,1,157.89,2,,v England,The Oval,23 May 1996,
ODI,R Dravid,30,77,61,4,0,49.18,1,,v West Indies,Bridgetown,3 May 1997,
ODI,AB Agarkar,30,52,47,2,1,63.82,2,,v Sri Lanka,Colombo (SSC),1 Jul 1998,
ODI,M Azharuddin,30,67,43,2,0,69.76,1,,v New Zealand,Nottingham,12 Jun 1999,
ODI,A Jadeja,30,65,54,2,0,55.55,1,,v Australia,Galle,23 Aug 1999,
ODI,R Dravid,30,-,56,2,0,53.57,1,,v Kenya,Nairobi (Gym),29 Sep 1999,
ODI,R Dravid,30,88,65,3,0,46.15,2,,v South Africa,Nairobi (Gym),3 Oct 1999,
ODI,A Jadeja,30,45,32,2,1,93.75,2,,v South Africa,Nairobi (Gym),3 Oct 1999,
ODI,DJ Gandhi,30,116,67,5,0,44.77,2,,v New Zealand,Delhi,17 Nov 1999,
ODI,HH Kanitkar,30,57,49,3,0,61.22,1,,v Australia,W.A.C.A,30 Jan 2000,
ODI,J Srinath,30,66,58,3,1,51.72,1,,v South Africa,Sharjah,22 Mar 2000,
ODI,R Dravid,30,87,53,3,0,56.6,1,,v Zimbabwe,Jodhpur,8 Dec 2000,
ODI,R Dravid,30,43,32,6,0,93.75,2,,v West Indies,Harare,7 Jul 2001,
ODI,RS Sodhi,30,37,37,1,0,81.08,1,,v Sri Lanka,Colombo (SSC),1 Aug 2001,
ODI,A Ratra,30,36,40,3,0,75.0,2,,v England,Cuttack,22 Jan 2002,
ODI,D Mongia,30,50,32,5,0,93.75,2,,v Zimbabwe,Hyderabad (Deccan),16 Mar 2002,
ODI,Yuvraj Singh,30,43,30,1,1,100.0,2,,v West Indies,Ahmedabad,15 Nov 2002,
ODI,SS Das,30,70,60,2,1,50.0,1,,v New Zealand,Auckland,26 Dec 2002,
ODI,SC Ganguly,30,45,45,1,2,66.66,1,,v Bangladesh,Dhaka,11 Apr 2003,
ODI,M Kaif,30,65,49,4,0,61.22,1,,v South Africa,Dhaka,18 Apr 2003,
ODI,HK Badani,30,45,36,5,0,83.33,2,,v Australia,Eden Gardens,18 Nov 2003,
ODI,IK Pathan,30,53,41,6,0,73.17,2,,v Australia,Sydney,8 Feb 2004,
ODI,V Sehwag,30,31,21,6,0,142.85,1,,v South Africa,Eden Gardens,25 Nov 2005,
ODI,SR Tendulkar,30,77,44,5,0,68.18,2,,v South Africa,Wankhede,28 Nov 2005,
ODI,M Kaif,30,57,43,2,0,69.76,1,,v Australia,Mohali,29 Oct 2006,
ODI,V Sehwag,30,38,21,7,0,142.85,2,,v Bangladesh,Mirpur,10 May 2007,
ODI,SR Tendulkar,30,80,46,4,0,65.21,1,,v England,Lord's,8 Sep 2007,
ODI,SR Tendulkar,30,54,27,6,0,111.11,2,,v Pakistan,Jaipur,18 Nov 2007,
ODI,RV Uthappa,30,99,49,1,0,61.22,1,,v Australia,Brisbane,4 Mar 2008,
ODI,G Gambhir,30,65,36,2,0,83.33,1,,v New Zealand,Wellington,6 Mar 2009,
ODI,V Kohli,30,53,41,3,0,73.17,2,,v Australia,Vadodara,25 Oct 2009,
ODI,V Sehwag,30,30,19,7,0,157.89,2,,v Australia,Mohali,2 Nov 2009,
ODI,M Vijay,30,80,50,3,1,60.0,2,,v New Zealand,Vadodara,4 Dec 2010,
ODI,YK Pathan,30,37,29,2,1,103.44,1,,v West Indies,Kingston,16 Jun 2011,
ODI,V Sehwag,30,29,16,5,1,187.5,2,,v Sri Lanka,Hobart,28 Feb 2012,
ODI,Yuvraj Singh,30,31,21,6,0,142.85,2,,v England,Ranchi,19 Jan 2013,
ODI,M Vijay,30,58,46,2,0,65.21,2,,v Sri Lanka,Kingston,2 Jul 2013,
ODI,S Dhawan,30,74,50,3,0,60.0,1,,v Bangladesh,Melbourne,19 Mar 2015,
ODI,S Dhawan,30,74,38,3,0,78.94,2,,v Bangladesh,Mirpur,18 Jun 2015,
ODI,HH Pandya,30,48,31,2,1,96.77,2,,v New Zealand,Pune,25 Oct 2017,
ODI,SS Iyer,30,57,37,2,0,81.08,1,,v South Africa,Gqeberha,13 Feb 2018,
ODI,KL Rahul,30,56,53,2,0,56.6,1,,v Afghanistan,Southampton,22 Jun 2019,
ODI,S Dhawan,30,-,23,5,0,130.43,2,,v Australia,Sydney,29 Nov 2020,
ODI,SN Thakur,30,35,21,1,3,142.85,1,,v England,Pune,28 Mar 2021,
ODI,KL Rahul,30,64,46,1,1,65.21,1,,v Zimbabwe,Harare,22 Aug 2022,
ODI,RG Sharma,30,44,17,2,2,176.47,2,,v Australia,Chennai,22 Mar 2023,
ODI,Washington Sundar,30,36,25,2,3,120.0,2,,v Sri Lanka,Colombo (RPS),7 Aug 2024,
ODI,RJ Shastri,29*,58,26,3,1,111.53,2,,v Australia,Delhi,2 Oct 1986,
ODI,M Azharuddin,29*,-,10,2,2,290.0,1,,v Pakistan,Sharjah,15 Apr 1996,
ODI,VG Kambli,29*,56,36,4,0,80.55,2,,v Zimbabwe,Colombo (SSC),1 Sep 1996,
ODI,R Dravid,29*,67,53,3,2,54.71,2,,v New Zealand,Delhi,17 Nov 1999,
ODI,A Ratra,29*,46,32,4,0,90.62,2,,v England,Chennai,25 Jan 2002,
ODI,Yuvraj Singh,29*,46,38,4,0,76.31,1,,v New Zealand,Chennai,23 Oct 2003,
ODI,Joginder Sharma,29*,34,22,4,0,131.81,2,,v Bangladesh,Dhaka,26 Dec 2004,
ODI,M Kaif,29*,52,24,2,0,120.83,1,,v Bangladesh,Dhaka,27 Dec 2004,
ODI,MS Dhoni,29*,70,51,4,0,56.86,2,,v England,Kanpur,20 Nov 2008,
ODI,IK Pathan,29*,54,28,2,0,103.57,1,,v Sri Lanka,Pallekele,4 Aug 2012,
ODI,B Kumar,29*,28,23,4,0,126.08,2,,v Australia,Sydney,12 Jan 2019,
ODI,NA Saini,29*,-,35,1,1,82.85,2,,v Australia,Sydney,27 Nov 2020,
ODI,AR Patel,29*,56,29,1,2,100.0,1,,v Australia,Visakhapatnam,19 Mar 2023,
ODI,RA Jadeja,29*,21,15,3,1,193.33,1,,v South Africa,Eden Gardens,5 Nov 2023,
ODI,KL Rahul,29*,53,21,2,1,138.09,2,,v New Zealand,Vadodara,11 Jan 2026,
ODI,KBJ Azad,29,52,29,3,0,100.0,1,,v New Zealand,W.A.C.A,9 Dec 1980,
ODI,AO Malhotra,29,-,27,-,-,107.4,1,,v West Indies,Vadodara,9 Nov 1983,
ODI,K Srikkanth,29,-,56,2,1,51.78,1,,v England,Bengaluru,20 Jan 1985,
ODI,N Kapil Dev,29,33,23,0,1,126.08,1,,v England,Sydney,26 Feb 1985,
ODI,K Srikkanth,29,-,37,2,1,78.37,2,,v Sri Lanka,Colombo (SSC),25 Aug 1985,
ODI,DB Vengsarkar,29,-,46,2,0,63.04,1,,v England,Manchester,26 May 1986,
ODI,DB Vengsarkar,29,-,45,2,0,64.44,2,,v Australia,Chennai,9 Oct 1987,
ODI,M Azharuddin,29,-,22,2,0,131.81,1,,v New Zealand,Sharjah,27 Mar 1988,
ODI,RJ Shastri,29,-,18,1,1,161.11,1,,v New Zealand,Sharjah,27 Mar 1988,
ODI,AK Sharma,29,-,22,-,-,131.81,1,,v West Indies,St John's,18 Mar 1989,
ODI,M Amarnath,29,-,63,2,0,46.03,1,,v West Indies,Sharjah,16 Oct 1989,
ODI,R Lamba,29,-,45,4,0,64.44,1,,v West Indies,Wankhede,30 Oct 1989,
ODI,M Azharuddin,29,58,36,2,0,80.55,1,,v New Zealand,Wellington,6 Mar 1990,
ODI,M Azharuddin,29,81,58,3,0,50.0,1,,v Zimbabwe,Harare,25 Oct 1992,
ODI,M Azharuddin,29,27,34,2,1,85.29,1,,v Pakistan,Sharjah,15 Apr 1994,
ODI,A Jadeja,29,98,91,2,0,31.86,2,,v South Africa,Hamilton,18 Feb 1995,
ODI,M Azharuddin,29,-,51,0,0,56.86,1,,v Pakistan,Singapore,5 Apr 1996,
ODI,A Jadeja,29,40,32,1,1,90.62,1,,v England,Manchester,26 May 1996,
ODI,VG Kambli,29,-,43,2,1,67.44,1,,v Pakistan,Toronto,18 Sep 1996,
ODI,WV Raman,29,83,51,2,1,56.86,1,,v South Africa,Wankhede,14 Dec 1996,
ODI,NR Mongia,29,109,75,0,0,38.66,1,,v West Indies,Port of Spain,26 Apr 1997,
ODI,RR Singh,29,62,56,1,0,51.78,1,,v West Indies,Bridgetown,3 May 1997,
ODI,SS Karim,29,47,34,5,0,85.29,2,,v England,Sharjah,11 Dec 1997,
ODI,SC Ganguly,29,54,41,4,0,70.73,2,,v England,Sharjah,11 Dec 1997,
ODI,SC Ganguly,29,64,54,4,0,53.7,1,,v Australia,Delhi,14 Apr 1998,
ODI,SR Tendulkar,29,33,21,4,1,138.09,2,,v Zimbabwe,Bulawayo,27 Sep 1998,
ODI,R Dravid,29,58,35,2,0,82.85,2,,v New Zealand,Christchurch,19 Jan 1999,
ODI,SC Ganguly,29,109,62,0,0,46.77,1,,v New Zealand,Nottingham,12 Jun 1999,
ODI,R Dravid,29,45,35,5,0,82.85,1,,v New Zealand,Nottingham,12 Jun 1999,
ODI,AR Khurasiya,29,71,48,1,0,60.41,1,,v Sri Lanka,Colombo (RPS),25 Aug 1999,
ODI,R Dravid,29,71,58,4,0,50.0,1,,v West Indies,Singapore,7 Sep 1999,
ODI,M Azharuddin,29,63,45,2,0,64.44,2,,v South Africa,Jamshedpur,12 Mar 2000,
ODI,RR Singh,29,53,35,2,0,82.85,2,,v South Africa,Nagpur,19 Mar 2000,
ODI,R Dravid,29,72,46,3,0,63.04,2,,v Pakistan,Sharjah,26 Mar 2000,
ODI,VG Kambli,29,45,40,4,0,72.5,1,,v Australia,Nairobi (Gym),7 Oct 2000,
ODI,Yuvraj Singh,29,31,23,5,0,126.08,1,,v Zimbabwe,Rajkot,14 Dec 2000,
ODI,Z Khan,29,40,28,3,1,103.57,2,,v Australia,Visakhapatnam,3 Apr 2001,
ODI,V Sehwag,29,42,37,5,0,78.37,1,,v England,Eden Gardens,19 Jan 2002,
ODI,AB Agarkar,29,65,26,3,0,111.53,2,,v England,Cuttack,22 Jan 2002,
ODI,D Mongia,29,77,46,0,0,63.04,1,,v South Africa,Dhaka,18 Apr 2003,
ODI,VVS Laxman,29,49,35,4,0,82.85,1,,v England,Nottingham,1 Sep 2004,
ODI,V Sehwag,29,51,32,4,0,90.62,1,,v Pakistan,Ahmedabad,12 Apr 2005,
ODI,G Gambhir,29,80,45,4,0,64.44,2,,v England,Faridabad,31 Mar 2006,
ODI,SR Tendulkar,29,81,45,4,0,64.44,1,,v West Indies,Ahmedabad,26 Oct 2006,
ODI,MS Dhoni,29,34,25,2,1,116.0,1,,v Bermuda,Port of Spain,19 Mar 2007,
ODI,IK Pathan,29,41,29,3,2,100.0,2,,v Australia,Nagpur,14 Oct 2007,
ODI,SR Tendulkar,29,54,27,5,0,107.4,1,,v Pakistan,Kanpur,11 Nov 2007,
ODI,RG Sharma,29,68,43,5,0,67.44,1,,v Australia,Brisbane,3 Feb 2008,
ODI,SK Raina,29,74,43,0,1,67.44,1,,v Sri Lanka,Colombo (RPS),31 Jan 2009,
ODI,SK Raina,29,32,31,3,0,93.54,1,,v Sri Lanka,Dambulla,24 Jun 2010,
ODI,SK Raina,29,37,28,1,2,103.57,2,,v Sri Lanka,Dambulla,28 Aug 2010,
ODI,M Vijay,29,36,32,5,0,90.62,1,,v New Zealand,Guwahati,28 Nov 2010,
ODI,YK Pathan,29,42,19,3,1,152.63,1,,v New Zealand,Guwahati,28 Nov 2010,
ODI,MS Dhoni,29,61,38,1,0,76.31,2,,v Australia,Melbourne,5 Feb 2012,
ODI,G Gambhir,29,46,34,4,0,85.29,2,,v Sri Lanka,Brisbane,21 Feb 2012,
ODI,RA Jadeja,29,36,30,6,0,96.66,2,,v South Africa,Johannesburg,5 Dec 2013,
ODI,MS Dhoni,29,63,42,1,1,69.04,2,,v England,Leeds,5 Sep 2014,
ODI,RG Sharma,29,34,29,2,1,100.0,1,,v Bangladesh,Mirpur,24 Jun 2015,
ODI,V Kohli,29,40,29,3,1,100.0,2,,v New Zealand,Pune,25 Oct 2017,
ODI,S Dhawan,29,40,30,4,1,96.66,1,,v West Indies,Visakhapatnam,24 Oct 2018,
ODI,V Shankar,29,49,41,2,0,70.73,1,,v Afghanistan,Southampton,22 Jun 2019,
ODI,S Dhawan,29,61,38,6,0,76.31,2,,v Sri Lanka,Colombo (RPS),20 Jul 2021,
ODI,S Dhawan,29,55,38,5,0,76.31,1,,v South Africa,Paarl,21 Jan 2022,
ODI,DJ Hooda,29,45,25,2,0,116.0,1,,v West Indies,Ahmedabad,9 Feb 2022,
ODI,HH Pandya,29,68,44,2,0,65.9,2,,v England,Lord's,14 Jul 2022,
ODI,RA Jadeja,29,65,44,1,1,65.9,2,,v England,Lord's,14 Jul 2022,
ODI,AR Patel,29,58,40,1,1,72.5,2,,v New Zealand,Dubai (DICS),9 Mar 2025,
ODI,Harshit Rana,29,30,23,2,1,126.08,2,,v New Zealand,Vadodara,11 Jan 2026,
ODI,Yashpal Sharma,28*,-,46,1,1,60.86,2,,v England,Jalandhar,20 Dec 1981,
ODI,AO Malhotra,28*,-,24,3,0,116.66,2,,v England,Cuttack,27 Jan 1982,
ODI,N Kapil Dev,28*,-,25,2,0,112.0,1,,v West Indies,Sharjah,22 Nov 1985,
ODI,SR Tendulkar,28*,-,43,2,0,65.11,1,,v West Indies,Eden Gardens,27 Nov 1993,
ODI,VG Kambli,28*,14,17,3,2,164.7,2,,v Australia,Sharjah,19 Apr 1994,
ODI,J Srinath,28*,-,32,1,1,87.5,1,,v Sri Lanka,Singapore,3 Apr 1996,
ODI,M Azharuddin,28*,52,46,3,0,60.86,2,,v Sri Lanka,Guwahati,22 Dec 1997,
ODI,Z Khan,28*,27,24,1,2,116.66,2,,v Sri Lanka,Colombo (RPS),1 Aug 2004,
ODI,MS Dhoni,28*,17,13,1,2,215.38,1,,v West Indies,Colombo (RPS),7 Aug 2005,
ODI,SK Raina,28*,30,18,3,0,155.55,2,,v Zimbabwe,Harare,28 Jul 2013,
ODI,AM Rahane,28*,61,50,2,0,56.0,1,,v Australia,Sydney,26 Jan 2015,
ODI,MK Pandey,28*,55,34,3,0,82.35,2,,v New Zealand,Mohali,23 Oct 2016,
ODI,KM Jadhav,28*,-,27,0,1,103.7,1,,v Hong Kong,Dubai (DICS),18 Sep 2018,
ODI,SS Iyer,28*,40,23,3,2,121.73,2,,v South Africa,Delhi,11 Oct 2022,
ODI,SM Gavaskar,28,-,35,3,1,80.0,1,,v England,Leeds,13 Jul 1974,
ODI,N Kapil Dev,28,-,32,3,0,87.5,1,,v Australia,Chelmsford,20 Jun 1983,
ODI,DB Vengsarkar,28,-,39,3,0,71.79,1,,v West Indies,Srinagar,13 Oct 1983,
ODI,N Kapil Dev,28,-,25,3,1,112.0,1,,v West Indies,Indore,1 Dec 1983,
ODI,N Kapil Dev,28,39,31,2,1,90.32,1,,v Australia,Ahmedabad,5 Oct 1984,
ODI,N Kapil Dev,28,50,39,0,1,71.79,2,,v Australia,Sydney,21 Jan 1986,
ODI,M Azharuddin,28,70,56,2,0,50.0,1,,v Australia,Rajkot,7 Oct 1986,
ODI,K Srikkanth,28,-,41,-,-,68.29,2,,v Sri Lanka,Delhi,13 Jan 1987,
ODI,K Srikkanth,28,-,44,4,0,63.63,1,,v West Indies,Faridabad,19 Jan 1988,
ODI,RJ Shastri,28,-,30,3,0,93.33,1,,v West Indies,Faridabad,19 Jan 1988,
ODI,SK Sharma,28,-,26,2,0,107.69,2,,v Sri Lanka,Dhaka,29 Oct 1988,
ODI,DB Vengsarkar,28,68,46,1,0,60.86,2,,v New Zealand,Vadodara,17 Dec 1988,
ODI,NS Sidhu,28,-,51,4,0,54.9,1,,v West Indies,Sharjah,13 Oct 1989,
ODI,M Azharuddin,28,-,57,0,0,49.12,1,,v West Indies,Sharjah,16 Oct 1989,
ODI,NS Sidhu,28,-,40,2,0,70.0,2,,v Pakistan,Sharjah,20 Oct 1989,
ODI,M Amarnath,28,-,39,-,-,71.79,1,,v Sri Lanka,Ahmedabad,22 Oct 1989,
ODI,N Kapil Dev,28,70,58,2,0,48.27,1,,v West Indies,Brisbane,11 Jan 1992,
ODI,SV Manjrekar,28,72,53,0,0,52.83,1,,v South Africa,Adelaide,15 Mar 1992,
ODI,NS Sidhu,28,54,51,0,1,54.9,1,,v West Indies,Eden Gardens,5 Nov 1994,
ODI,M Azharuddin,28,76,66,2,0,42.42,1,,v New Zealand,Napier,16 Feb 1995,
ODI,SR Tendulkar,28,-,31,3,1,90.32,1,,v Sri Lanka,Singapore,3 Apr 1996,
ODI,M Azharuddin,28,88,62,1,0,45.16,2,,v South Africa,Sharjah,14 Apr 1996,
ODI,SR Tendulkar,28,55,38,5,0,73.68,1,,v South Africa,Rajkot,29 Oct 1996,
ODI,SR Tendulkar,28,36,21,5,0,133.33,2,,v Bangladesh,Colombo (SSC),24 Jul 1997,
ODI,A Jadeja,28,41,38,2,0,73.68,1,,v Sri Lanka,Colombo (RPS),20 Aug 1997,
ODI,RR Singh,28,54,41,3,1,68.29,2,,v Sri Lanka,Colombo (SSC),24 Aug 1997,
ODI,NR Mongia,28,69,41,3,0,68.29,2,,v Australia,Sharjah,24 Apr 1998,
ODI,M Azharuddin,28,76,48,3,0,58.33,2,,v Pakistan,Toronto,12 Sep 1998,
ODI,R Dravid,28,52,42,1,0,66.66,2,,v Zimbabwe,Harare,30 Sep 1998,
ODI,SC Ganguly,28,61,49,5,0,57.14,2,,v Zimbabwe,Sharjah,8 Nov 1998,
ODI,M Azharuddin,28,77,56,0,0,50.0,2,,v Zimbabwe,Sharjah,8 Nov 1998,
ODI,R Dravid,28,119,79,0,0,35.44,2,,v Pakistan,Sharjah,8 Apr 1999,
ODI,J Srinath,28,38,29,3,0,96.55,1,,v England,Sharjah,11 Apr 1999,
ODI,SR Tendulkar,28,71,46,5,0,60.86,1,,v South Africa,Hove,15 May 1999,
ODI,NR Mongia,28,32,24,2,1,116.66,2,,v Zimbabwe,Leicester,19 May 1999,
ODI,RR Singh,28,68,45,1,0,62.22,1,,v South Africa,Sharjah,27 Mar 2000,
ODI,SC Ganguly,28,38,32,3,1,87.5,2,,v West Indies,Harare,7 Jul 2001,
ODI,Yuvraj Singh,28,50,51,3,0,54.9,2,,v New Zealand,Colombo (RPS),26 Jul 2001,
ODI,SC Ganguly,28,50,31,4,0,90.32,1,,v Zimbabwe,Guwahati,19 Mar 2002,
ODI,R Dravid,28,50,36,2,1,77.77,1,,v West Indies,Port of Spain,1 Jun 2002,
ODI,D Mongia,28,54,37,2,1,75.67,1,,v West Indies,Port of Spain,2 Jun 2002,
ODI,V Sehwag,28,38,26,4,0,107.69,1,,v West Indies,Jamshedpur,6 Nov 2002,
ODI,SC Ganguly,28,32,16,3,1,175.0,2,,v West Indies,Ahmedabad,15 Nov 2002,
ODI,Harbhajan Singh,28,36,32,4,1,87.5,1,,v Australia,Centurion,15 Feb 2003,
ODI,PA Patel,28,64,33,4,0,84.84,1,,v Australia,Sydney,22 Jan 2004,
ODI,SR Tendulkar,28,49,35,4,1,80.0,1,,v Pakistan,Karachi,13 Mar 2004,
ODI,Yuvraj Singh,28,37,29,4,0,96.55,2,,v Pakistan,Colombo (RPS),25 Jul 2004,
ODI,MS Dhoni,28,36,24,5,0,116.66,2,,v Pakistan,Jamshedpur,9 Apr 2005,
ODI,R Dravid,28,52,30,4,0,93.33,2,,v Pakistan,Jamshedpur,9 Apr 2005,
ODI,Yuvraj Singh,28,81,58,3,0,48.27,2,,v West Indies,Dambulla,31 Jul 2005,
ODI,R Dravid,28,55,34,2,0,82.35,2,,v Sri Lanka,Jaipur,31 Oct 2005,
ODI,G Gambhir,28,36,27,6,0,103.7,2,,v Sri Lanka,Rajkot,9 Nov 2005,
ODI,IK Pathan,28,65,43,4,0,65.11,1,,v England,Delhi,28 Mar 2006,
ODI,MS Dhoni,28,44,23,2,0,121.73,1,,v Australia,Mohali,29 Oct 2006,
ODI,RV Uthappa,28,28,17,3,2,164.7,1,,v West Indies,Vadodara,31 Jan 2007,
ODI,Yuvraj Singh,28,77,48,1,1,58.33,1,,v England,Lord's,8 Sep 2007,
ODI,Z Khan,28,51,44,0,2,63.63,1,,v Australia,Vadodara,11 Oct 2007,
ODI,IK Pathan,28,52,35,1,1,80.0,2,,v Pakistan,Mirpur,14 Jun 2008,
ODI,RG Sharma,28,54,41,3,0,68.29,2,,v England,Kanpur,20 Nov 2008,
ODI,V Kohli,28,57,34,4,0,82.35,1,,v Sri Lanka,Dambulla,24 Jun 2010,
ODI,V Sehwag,28,30,22,6,0,127.27,2,,v Sri Lanka,Dambulla,28 Aug 2010,
ODI,V Kohli,28,51,41,5,0,68.29,2,,v South Africa,Cape Town,18 Jan 2011,
ODI,SR Tendulkar,28,46,29,4,0,96.55,1,,v Bangladesh,Mirpur,19 Feb 2011,
ODI,G Gambhir,28,57,28,3,0,100.0,2,,v Netherlands,Delhi,9 Mar 2011,
ODI,PA Patel,28,15,18,3,2,155.55,1,,v England,Southampton,6 Sep 2011,
ODI,SK Raina,28,76,41,1,1,68.29,2,,v Australia,Brisbane,19 Feb 2012,
ODI,R Ashwin,28,55,35,3,0,80.0,1,,v Australia,Mohali,19 Oct 2013,
ODI,SK Raina,28,40,30,2,0,93.33,1,,v Australia,Bengaluru,2 Nov 2013,
ODI,Yuvraj Singh,28,55,49,3,1,57.14,1,,v West Indies,Visakhapatnam,24 Nov 2013,
ODI,S Dhawan,28,46,25,4,1,112.0,2,,v New Zealand,Auckland,25 Jan 2014,
ODI,S Dhawan,28,50,44,5,0,63.63,2,,v Bangladesh,Fatullah,26 Feb 2014,
ODI,AM Rahane,28,33,24,6,0,116.66,1,,v Sri Lanka,Eden Gardens,13 Nov 2014,
ODI,AM Rahane,28,75,49,3,0,57.14,2,,v New Zealand,Delhi,20 Oct 2016,
ODI,RG Sharma,28,81,44,3,0,63.63,1,,v Australia,Chennai,17 Sep 2017,
ODI,V Kohli,28,58,35,2,0,80.0,2,,v Australia,Indore,24 Sep 2017,
ODI,S Dhawan,28,32,27,6,0,103.7,2,,v New Zealand,Mount Maunganui,28 Jan 2019,
ODI,MS Dhoni,28,75,52,3,0,53.84,1,,v Afghanistan,Southampton,22 Jun 2019,
ODI,RR Pant,28,-,33,2,1,84.84,1,,v Australia,Wankhede,14 Jan 2020,
ODI,MA Agarwal,28,-,26,4,0,107.69,2,,v Australia,Sydney,29 Nov 2020,
ODI,HH Pandya,28,-,31,1,1,90.32,2,,v Australia,Sydney,29 Nov 2020,
ODI,RG Sharma,28,79,42,4,0,66.66,1,,v England,Pune,23 Mar 2021,
ODI,Ishan Kishan,28,82,36,2,1,77.77,2,,v West Indies,Ahmedabad,6 Feb 2022,
ODI,Shubman Gill,28,34,26,5,0,107.69,2,,v South Africa,Ranchi,9 Oct 2022,
ODI,S Dhawan,28,54,45,3,1,62.22,1,,v New Zealand,Christchurch,30 Nov 2022,
ODI,SS Iyer,28,24,24,3,1,116.66,1,,v Sri Lanka,Guwahati,10 Jan 2023,
ODI,SS Iyer,28,46,33,5,0,84.84,2,,v Sri Lanka,Eden Gardens,12 Jan 2023,
ODI,HH Pandya,28,56,38,3,0,73.68,1,,v New Zealand,Hyderabad,18 Jan 2023,
ODI,RG Sharma,28,33,29,3,1,96.55,2,,v Australia,Dubai (DICS),4 Mar 2025,
ODI,HH Pandya,28,24,24,1,3,116.66,2,,v Australia,Dubai (DICS),4 Mar 2025,
ODI,AO Malhotra,27*,-,44,-,-,61.36,2,,v Sri Lanka,Bengaluru,26 Sep 1982,
ODI,SMH Kirmani,27*,-,41,1,0,65.85,2,,v Pakistan,Gujranwala,3 Dec 1982,
ODI,N Kapil Dev,27*,47,41,1,1,65.85,2,,v New Zealand,Cuttack,12 Dec 1988,
ODI,RJ Shastri,27*,-,16,4,0,168.75,2,,v South Africa,Centurion,11 Dec 1992,
ODI,RR Singh,27*,76,37,1,0,72.97,2,,v Bangladesh,Mohali,14 May 1998,
ODI,NR Mongia,27*,79,51,2,0,52.94,2,,v Pakistan,Bengaluru,4 Apr 1999,
ODI,HK Badani,27*,65,32,2,0,84.37,2,,v England,Wankhede,3 Feb 2002,
ODI,Z Khan,27*,43,35,2,2,77.14,2,,v Pakistan,Jamshedpur,9 Apr 2005,
ODI,Yuvraj Singh,27*,88,61,4,0,44.26,2,,v England,Jaipur,15 Oct 2006,
ODI,S Badrinath,27*,83,57,1,0,47.36,2,,v Sri Lanka,Dambulla,20 Aug 2008,
ODI,R Vinay Kumar,27*,20,12,2,2,225.0,1,,v Zimbabwe,Harare,26 Jul 2013,
ODI,Shubman Gill,27*,26,19,6,0,142.1,2,,v Sri Lanka,Colombo (RPS),17 Sep 2023,
ODI,N Kapil Dev,27,31,20,5,0,135.0,1,,v New Zealand,Adelaide,23 Dec 1980,
ODI,SM Patil,27,51,42,2,0,64.28,2,,v Australia,Sydney,15 Jan 1981,
ODI,Yashpal Sharma,27,-,42,1,0,64.28,1,,v Pakistan,Karachi,21 Jan 1983,
ODI,M Amarnath,27,-,33,1,0,81.81,2,,v West Indies,Port of Spain,9 Mar 1983,
ODI,DB Vengsarkar,27,-,26,1,1,103.84,2,,v West Indies,Port of Spain,9 Mar 1983,
ODI,RMH Binny,27,-,38,-,-,71.05,1,,v West Indies,Manchester,9 Jun 1983,
ODI,S Madan Lal,27,-,39,2,0,69.23,2,,v Australia,Nottingham,13 Jun 1983,
ODI,SM Patil,27,48,29,0,1,93.1,1,,v West Indies,Lord's,25 Jun 1983,
ODI,DB Vengsarkar,27,-,53,2,0,50.94,2,,v Pakistan,Sharjah,17 Nov 1985,
ODI,SM Gavaskar,27,19,17,4,1,158.82,2,,v New Zealand,Brisbane,11 Jan 1986,
ODI,SMH Kirmani,27,40,33,4,0,81.81,1,,v Australia,Brisbane,12 Jan 1986,
ODI,K Srikkanth,27,55,34,5,0,79.41,2,,v Australia,Melbourne,31 Jan 1986,
ODI,SM Gavaskar,27,-,43,2,0,62.79,2,,v Sri Lanka,Sharjah,27 Nov 1986,
ODI,R Lamba,27,-,62,3,0,43.54,1,,v Pakistan,Pune,22 Mar 1987,
ODI,M Azharuddin,27,-,36,-,-,75.0,1,,v West Indies,St John's,18 Mar 1989,
ODI,N Kapil Dev,27,43,31,2,0,87.09,2,,v Australia,Christchurch,3 Mar 1990,
ODI,M Prabhakar,27,-,54,2,0,50.0,2,,v Pakistan,Sharjah,27 Apr 1990,
ODI,KS More,27,-,34,1,0,79.41,2,,v Sri Lanka,Cuttack,28 Dec 1990,
ODI,A Jadeja,27,64,61,2,0,44.26,1,,v West Indies,Wellington,10 Mar 1992,
ODI,SV Manjrekar,27,53,40,0,0,67.5,1,,v West Indies,Wellington,10 Mar 1992,
ODI,N Kapil Dev,27,-,27,2,1,100.0,1,,v South Africa,Cape Town,7 Dec 1992,
ODI,N Kapil Dev,27,-,31,2,1,87.09,1,,v Sri Lanka,Colombo (RPS),25 Jul 1993,
ODI,V Yadav,27,-,15,1,2,180.0,1,,v Sri Lanka,Moratuwa,14 Aug 1993,
ODI,NR Mongia,27,35,32,3,0,84.37,2,,v Australia,Wankhede,27 Feb 1996,
ODI,M Azharuddin,27,27,22,1,1,122.72,1,,v Pakistan,Bengaluru,9 Mar 1996,
ODI,A Jadeja,27,68,62,2,0,43.54,2,,v Australia,Bengaluru,21 Oct 1996,
ODI,SR Tendulkar,27,55,28,3,0,96.42,2,,v Sri Lanka,Colombo (RPS),17 Aug 1997,
ODI,SR Tendulkar,27,47,31,4,0,87.09,1,,v Sri Lanka,Colombo (SSC),23 Aug 1997,
ODI,NS Sidhu,27,68,40,1,0,67.5,2,,v Kenya,Gwalior,28 May 1998,
ODI,JV Paranjpe,27,48,46,1,0,58.69,2,,v Kenya,Gwalior,28 May 1998,
ODI,RR Singh,27,40,31,2,0,87.09,1,,v New Zealand,Taupo,9 Jan 1999,
ODI,RR Singh,27,33,29,1,1,93.1,1,,v New Zealand,Nottingham,12 Jun 1999,
ODI,A Jadeja,27,74,45,3,0,60.0,2,,v New Zealand,Guwahati,14 Nov 1999,
ODI,R Vijay Bharadwaj,27,64,58,3,0,46.55,2,,v New Zealand,Guwahati,14 Nov 1999,
ODI,SC Ganguly,27,44,29,4,0,93.1,1,,v South Africa,Sharjah,22 Mar 2000,
ODI,SR Tendulkar,27,38,38,5,0,71.05,1,,v Zimbabwe,Rajkot,14 Dec 2000,
ODI,HK Badani,27,79,59,2,0,45.76,2,,v West Indies,Bulawayo,30 Jun 2001,
ODI,R Dravid,27,111,57,1,0,47.36,2,,v New Zealand,Colombo (RPS),26 Jul 2001,
ODI,V Sehwag,27,60,41,5,0,65.85,2,,v Sri Lanka,Colombo (RPS),28 Jul 2001,
ODI,D Mongia,27,46,38,3,0,71.05,1,,v England,Chester-le-Street,4 Jul 2002,
ODI,SB Bangar,27,33,20,2,0,135.0,1,,v West Indies,Vadodara,18 Nov 2002,
ODI,PA Patel,27,47,51,3,0,52.94,2,,v Bangladesh,Dhaka,16 Apr 2003,
ODI,SR Tendulkar,27,38,40,4,0,67.5,2,,v Australia,Sydney,8 Feb 2004,
ODI,M Kaif,27,69,59,3,0,45.76,1,,v Pakistan,Birmingham,19 Sep 2004,
ODI,Y Venugopal Rao,27,62,48,3,0,56.25,2,,v Zimbabwe,Harare,4 Sep 2005,
ODI,V Sehwag,27,24,20,4,1,135.0,2,,v South Africa,Wankhede,28 Nov 2005,
ODI,SK Raina,27,69,55,1,0,49.09,2,,v West Indies,Kingston,20 May 2006,
ODI,Yuvraj Singh,27,55,43,4,0,62.79,1,,v West Indies,Ahmedabad,26 Oct 2006,
ODI,Harbhajan Singh,27,27,19,3,0,142.1,1,,v Australia,Brisbane,3 Feb 2008,
ODI,G Gambhir,27,31,28,4,0,96.42,1,,v Sri Lanka,Colombo (RPS),31 Jan 2009,
ODI,SR Tendulkar,27,63,33,5,0,81.81,2,,v Sri Lanka,Colombo (RPS),12 Sep 2009,
ODI,V Kohli,27,20,19,4,0,142.1,1,,v Sri Lanka,Rajkot,15 Dec 2009,
ODI,KD Karthik,27,42,34,5,0,79.41,1,,v Sri Lanka,Harare,5 Jun 2010,
ODI,G Gambhir,27,41,24,4,0,112.5,2,,v New Zealand,Bengaluru,7 Dec 2010,
ODI,SR Tendulkar,27,45,22,6,0,122.72,2,,v Netherlands,Delhi,9 Mar 2011,
ODI,G Gambhir,27,55,32,2,0,84.37,1,,v Pakistan,Mohali,30 Mar 2011,
ODI,PA Patel,27,69,32,3,1,84.37,1,,v England,Lord's,11 Sep 2011,
ODI,RA Jadeja,27,32,22,1,2,122.72,1,,v England,Hyderabad,14 Oct 2011,
ODI,RG Sharma,27,21,16,3,0,168.75,1,,v West Indies,Indore,8 Dec 2011,
ODI,RA Jadeja,27,71,39,0,2,69.23,1,,v Pakistan,Delhi,6 Jan 2013,
ODI,MS Dhoni,27,42,26,3,0,103.84,1,,v South Africa,Cardiff,6 Jun 2013,
ODI,MS Dhoni,27,66,35,1,0,77.14,1,,v West Indies,Kingston,30 Jun 2013,
ODI,M Vijay,27,21,18,5,0,150.0,1,,v West Indies,Port of Spain,5 Jul 2013,
ODI,SK Raina,27,44,23,3,0,117.39,1,,v Bangladesh,Mirpur,17 Jun 2014,
ODI,CA Pujara,27,108,63,2,0,42.85,1,,v Bangladesh,Mirpur,19 Jun 2014,
ODI,AT Rayudu,27,22,20,3,0,135.0,1,,v Sri Lanka,Cuttack,2 Nov 2014,
ODI,MS Dhoni,27,50,29,3,0,93.1,2,,v South Africa,Wankhede,25 Oct 2015,
ODI,MS Dhoni,27,20,14,3,1,192.85,1,,v Australia,The Oval,9 Jun 2019,
ODI,SA Yadav,27,45,29,1,1,93.1,2,,v England,Lord's,14 Jul 2022,
ODI,DJ Hooda,27,53,32,1,1,84.37,1,,v West Indies,Port of Spain,22 Jul 2022,
ODI,RG Sharma,27,47,31,4,1,87.09,1,,v Bangladesh,Mirpur,4 Dec 2022,
ODI,KL Rahul,27,43,35,3,0,77.14,2,,v New Zealand,Dharamsala,22 Oct 2023,
ODI,AR Patel,27,27,30,1,1,90.0,2,,v Australia,Dubai (DICS),4 Mar 2025,
ODI,RA Jadeja,27,58,44,1,0,61.36,1,,v New Zealand,Rajkot,14 Jan 2026,
ODI,S Venkataraghavan,26*,48,58,3,0,44.82,1,,v New Zealand,Manchester,14 Jun 1975,
ODI,N Kapil Dev,26*,40,13,3,2,200.0,2,,v Australia,Jaipur,7 Sep 1986,
ODI,KS More,26*,-,35,4,0,74.28,2,,v Pakistan,Sharjah,25 Oct 1991,
ODI,SR Tendulkar,26*,-,30,4,0,86.66,2,,v Sri Lanka,Kanpur,7 Nov 1993,
ODI,RK Chauhan,26*,35,27,2,0,96.29,1,,v Sri Lanka,Jalandhar,20 Feb 1994,
ODI,A Jadeja,26*,80,66,2,0,39.39,2,,v New Zealand,Amritsar,18 Nov 1995,
ODI,AB Agarkar,26*,13,12,1,2,216.66,2,,v Sri Lanka,Sharjah,6 Nov 1998,
ODI,A Jadeja,26*,35,23,2,0,113.04,1,,v New Zealand,Wellington,14 Jan 1999,
ODI,AB Agarkar,26*,35,23,1,2,113.04,2,,v Australia,Eden Gardens,18 Nov 2003,
ODI,MS Dhoni,26*,38,30,0,1,86.66,2,,v Pakistan,Karachi,26 Jun 2008,
ODI,SK Raina,26*,32,19,1,1,136.84,2,,v West Indies,Port of Spain,8 Jun 2011,
ODI,RA Jadeja,26*,38,24,2,0,108.33,2,,v England,Mohali,20 Oct 2011,
ODI,KD Karthik,26*,42,31,3,0,83.87,2,,v Sri Lanka,Visakhapatnam,17 Dec 2017,
ODI,KM Jadhav,26*,26,15,3,1,173.33,1,,v New Zealand,Hamilton,5 Feb 2020,
ODI,DJ Hooda,26*,42,32,2,0,81.25,2,,v West Indies,Ahmedabad,6 Feb 2022,
ODI,M Amarnath,26,-,57,-,-,45.61,1,,v New Zealand,Christchurch,21 Feb 1976,
ODI,SM Gavaskar,26,71,54,2,0,48.14,2,,v Sri Lanka,Manchester,16 Jun 1979,
ODI,M Amarnath,26,108,80,3,0,32.5,1,,v West Indies,Lord's,25 Jun 1983,
ODI,AO Malhotra,26,-,42,-,-,61.9,1,,v West Indies,Guwahati,17 Dec 1983,
ODI,M Azharuddin,26,-,30,2,0,86.66,2,,v Sri Lanka,Colombo (PSS),21 Sep 1985,
ODI,SM Gavaskar,26,87,56,3,0,46.42,2,,v Australia,Jaipur,7 Sep 1986,
ODI,K Srikkanth,26,70,51,1,0,50.98,1,,v Australia,Ahmedabad,5 Oct 1986,
ODI,K Srikkanth,26,41,37,3,0,70.27,1,,v Australia,Delhi,22 Oct 1987,
ODI,RJ Shastri,26,-,40,0,1,65.0,1,,v Sri Lanka,Sharjah,25 Mar 1988,
ODI,M Azharuddin,26,-,50,0,0,52.0,2,,v Pakistan,Sharjah,19 Oct 1988,
ODI,M Azharuddin,26,-,43,-,-,60.46,1,,v Sri Lanka,Ahmedabad,22 Oct 1989,
ODI,M Azharuddin,26,81,61,2,0,42.62,2,,v Australia,Christchurch,3 Mar 1990,
ODI,SV Manjrekar,26,-,54,0,0,48.14,2,,v Sri Lanka,Cuttack,28 Dec 1990,
ODI,M Azharuddin,26,41,34,2,0,76.47,2,,v West Indies,Kanpur,30 Oct 1994,
ODI,NR Mongia,26,34,29,2,0,89.65,1,,v New Zealand,Jamshedpur,15 Nov 1995,
ODI,NS Sidhu,26,50,44,2,0,59.09,2,,v South Africa,Sharjah,19 Apr 1996,
ODI,A Jadeja,26,72,46,3,0,56.52,1,,v South Africa,Rajkot,29 Oct 1996,
ODI,M Azharuddin,26,46,40,2,0,65.0,1,,v South Africa,Wankhede,6 Nov 1996,
ODI,SS Karim,26,54,32,2,0,81.25,2,,v Pakistan,Karachi,30 Sep 1997,
ODI,SC Ganguly,26,58,36,3,0,72.22,1,,v Pakistan,Lahore,2 Oct 1997,
ODI,SS Karim,26,30,22,1,1,118.18,2,,v West Indies,Sharjah,16 Dec 1997,
ODI,SC Ganguly,26,93,43,2,0,60.46,1,,v Pakistan,Dhaka,16 Jan 1998,
ODI,GK Khoda,26,99,56,3,0,46.42,2,,v Bangladesh,Mohali,14 May 1998,
ODI,SC Ganguly,26,36,27,5,0,96.29,2,,v Sri Lanka,Colombo (SSC),1 Jul 1998,
ODI,A Jadeja,26,64,38,2,0,68.42,2,,v Sri Lanka,Sharjah,6 Nov 1998,
ODI,M Azharuddin,26,59,48,0,0,54.16,1,,v Sri Lanka,Sharjah,9 Nov 1998,
ODI,A Jadeja,26,90,58,3,0,44.82,2,,v Zimbabwe,Sharjah,11 Nov 1998,
ODI,A Jadeja,26,74,58,3,0,44.82,2,,v New Zealand,Napier,12 Jan 1999,
ODI,SC Ganguly,26,67,46,1,0,56.52,2,,v Pakistan,Sharjah,8 Apr 1999,
ODI,RR Singh,26,74,60,1,0,43.33,2,,v Pakistan,Sharjah,8 Apr 1999,
ODI,M Azharuddin,26,37,35,3,0,74.28,1,,v England,Birmingham,29 May 1999,
ODI,VG Kambli,26,-,43,3,0,60.46,1,,v West Indies,Toronto,14 Sep 1999,
ODI,A Kumble,26,62,44,0,0,59.09,2,,v Australia,Adelaide,26 Jan 2000,
ODI,SR Tendulkar,26,66,25,4,0,104.0,2,,v South Africa,Kochi,9 Mar 2000,
ODI,R Dravid,26,109,70,3,0,37.14,2,,v Pakistan,Sharjah,23 Mar 2000,
ODI,R Dravid,26,60,60,2,0,43.33,1,,v South Africa,Sharjah,27 Mar 2000,
ODI,R Dravid,26,34,32,3,0,81.25,2,,v Pakistan,Dhaka,3 Jun 2000,
ODI,VVS Laxman,26,67,53,2,0,49.05,2,,v England,Chennai,25 Jan 2002,
ODI,SC Ganguly,26,26,32,5,0,81.25,2,,v England,Kanpur,28 Jan 2002,
ODI,R Dravid,26,34,33,1,0,78.78,1,,v Zimbabwe,Guwahati,19 Mar 2002,
ODI,V Sehwag,26,35,21,4,0,123.8,2,,v Pakistan,Rawalpindi,16 Mar 2004,
ODI,V Sehwag,26,53,29,5,0,89.65,2,,v Pakistan,Lahore,21 Mar 2004,
ODI,SC Ganguly,26,75,45,2,0,57.77,2,,v Sri Lanka,Colombo (RPS),9 Aug 2005,
ODI,V Sehwag,26,63,45,4,0,57.77,2,,v England,Faridabad,31 Mar 2006,
ODI,V Sehwag,26,47,33,4,0,78.78,2,,v England,Kochi,6 Apr 2006,
ODI,IK Pathan,26,61,49,3,0,53.06,1,,v Pakistan,Abu Dhabi,18 Apr 2006,
ODI,SK Raina,26,-,28,4,0,92.85,1,,v West Indies,Basseterre,23 May 2006,
ODI,Yuvraj Singh,26,-,30,2,0,86.66,2,,v West Indies,Port of Spain,28 May 2006,
ODI,Harbhajan Singh,26,-,33,3,0,78.78,2,,v West Indies,Port of Spain,28 May 2006,
ODI,R Dravid,26,76,38,3,0,68.42,1,,v West Indies,Kuala Lumpur,14 Sep 2006,
ODI,SK Raina,26,48,36,2,1,72.22,2,,v Australia,Kuala Lumpur,22 Sep 2006,
ODI,MS Dhoni,26,36,21,4,1,123.8,2,,v South Africa,Gqeberha,29 Nov 2006,
ODI,IK Pathan,26,84,63,2,1,41.26,1,,v Australia,Vadodara,11 Oct 2007,
ODI,MS Dhoni,26,44,29,2,1,89.65,2,,v Australia,Nagpur,14 Oct 2007,
ODI,Yuvraj Singh,26,65,44,3,1,59.09,2,,v Australia,Adelaide,17 Feb 2008,
ODI,SK Raina,26,47,22,0,2,118.18,1,,v Pakistan,Mirpur,10 Jun 2008,
ODI,RG Sharma,26,50,43,1,1,60.46,2,,v Bangladesh,Mirpur,12 Jun 2008,
ODI,Yuvraj Singh,26,37,33,1,1,78.78,2,,v Bangladesh,Mirpur,12 Jun 2008,
ODI,MS Dhoni,26,58,46,2,0,56.52,2,,v Australia,Mohali,2 Nov 2009,
ODI,MS Dhoni,26,-,29,2,0,89.65,1,,v South Africa,Jaipur,21 Feb 2010,
ODI,Yuvraj Singh,26,46,31,4,0,83.87,2,,v Sri Lanka,Dambulla,28 Aug 2010,
ODI,PA Patel,26,37,32,3,0,81.25,2,,v West Indies,North Sound,13 Jun 2011,
ODI,AM Rahane,26,54,47,3,0,55.31,1,,v England,Cardiff,16 Sep 2011,
ODI,V Sehwag,26,71,35,3,0,74.28,2,,v West Indies,Visakhapatnam,2 Dec 2011,
ODI,R Ashwin,26,47,37,2,0,70.27,2,,v Australia,Sydney,26 Feb 2012,
ODI,V Kohli,26,44,33,3,0,78.78,2,,v England,Mohali,23 Jan 2013,
ODI,RA Jadeja,26,63,34,1,1,76.47,2,,v South Africa,Durban,8 Dec 2013,
ODI,B Kumar,26,20,15,2,2,173.33,1,,v New Zealand,Wankhede,22 Oct 2017,
ODI,MS Dhoni,26,-,42,2,1,61.9,2,,v Australia,Ranchi,8 Mar 2019,
ODI,KM Jadhav,26,-,39,3,0,66.66,2,,v Australia,Ranchi,8 Mar 2019,
ODI,KL Rahul,26,-,31,1,0,83.87,1,,v Australia,Mohali,10 Mar 2019,
ODI,V Shankar,26,-,15,1,2,173.33,1,,v Australia,Mohali,10 Mar 2019,
ODI,KL Rahul,26,71,42,2,0,61.9,2,,v South Africa,Southampton,5 Jun 2019,
ODI,HH Pandya,26,24,19,2,1,136.84,1,,v Pakistan,Manchester,16 Jun 2019,
ODI,V Kohli,26,45,27,3,0,96.29,1,,v Bangladesh,Birmingham,2 Jul 2019,
ODI,MK Pandey,26,54,40,1,1,65.0,2,,v Sri Lanka,Colombo (RPS),18 Jul 2021,
ODI,SS Iyer,26,56,34,2,0,76.47,2,,v South Africa,Cape Town,23 Jan 2022,
ODI,AR Patel,26,58,36,0,1,72.22,1,,v Sri Lanka,Colombo (RPS),12 Sep 2023,
ODI,SA Yadav,26,37,34,3,0,76.47,2,,v Bangladesh,Colombo (RPS),15 Sep 2023,
ODI,KL Rahul,26,37,30,2,0,86.66,2,,v Australia,Rajkot,27 Sep 2023,
ODI,Shubman Gill,26,53,31,5,0,83.87,2,,v New Zealand,Dharamsala,22 Oct 2023,
ODI,RG Sharma,26,37,29,3,2,89.65,2,,v New Zealand,Vadodara,11 Jan 2026,
ODI,N Kapil Dev,25*,44,37,1,0,67.56,1,,v Australia,W.A.C.A,8 Dec 1991,
ODI,ST Banerjee,25*,28,16,1,1,156.25,2,,v England,W.A.C.A,22 Feb 1992,
ODI,A Jadeja,25*,-,19,1,1,131.57,1,,v Australia,Mohali,3 Nov 1996,
ODI,SR Tendulkar,25*,66,45,3,0,55.55,2,,v Pakistan,Toronto,14 Sep 1997,
ODI,SB Joshi,25*,-,30,2,0,83.33,2,,v Zimbabwe,Sharjah,26 Oct 2000,
ODI,V Sehwag,25*,48,22,3,1,113.63,2,,v Sri Lanka,Colombo (RPS),30 Sep 2002,
ODI,Yuvraj Singh,25*,16,11,0,3,227.27,1,,v England,Bengaluru,23 Nov 2008,
ODI,RG Sharma,25*,44,30,3,0,83.33,2,,v Sri Lanka,Dambulla,28 Jan 2009,
ODI,RA Jadeja,25*,48,27,1,0,92.59,1,,v Sri Lanka,Dambulla,24 Jun 2010,
ODI,P Kumar,25*,24,15,1,2,166.66,2,,v West Indies,North Sound,11 Jun 2011,
ODI,R Ashwin,25*,34,18,3,0,138.88,1,,v West Indies,Port of Spain,5 Jul 2013,
ODI,MS Dhoni,25*,35,23,2,0,108.69,2,,v Australia,Nagpur,30 Oct 2013,
ODI,STR Binny,25*,46,36,4,0,69.44,1,,v Bangladesh,Mirpur,19 Jun 2014,
ODI,B Kumar,25*,38,21,2,1,119.04,2,,v Bangladesh,Mirpur,18 Jun 2015,
ODI,DS Kulkarni,25*,29,26,2,1,96.15,2,,v New Zealand,Ranchi,26 Oct 2016,
ODI,KM Jadhav,25*,19,13,3,1,192.3,1,,v Sri Lanka,The Oval,8 Jun 2017,
ODI,KD Karthik,25*,33,14,2,0,178.57,2,,v Australia,Adelaide,15 Jan 2019,
ODI,R Ashwin,25*,27,24,1,1,104.16,1,,v South Africa,Paarl,21 Jan 2022,
ODI,SS Iyer,25*,31,23,1,1,108.69,2,,v Afghanistan,Delhi,11 Oct 2023,
ODI,N Kapil Dev,25,30,24,3,0,104.16,1,,v New Zealand,Leeds,13 Jun 1979,
ODI,Yashpal Sharma,25,24,34,2,0,73.52,2,,v Australia,Sydney,15 Jan 1981,
ODI,SM Gavaskar,25,-,59,3,0,42.37,2,,v West Indies,Port of Spain,9 Mar 1983,
ODI,Yashpal Sharma,25,-,64,-,-,39.06,1,,v West Indies,St George's,7 Apr 1983,
ODI,SM Gavaskar,25,58,41,3,0,60.97,2,,v England,Manchester,22 Jun 1983,
ODI,SM Gavaskar,25,89,54,0,0,46.29,2,,v Australia,New Delhi,28 Sep 1984,
ODI,SM Gavaskar,25,-,38,1,0,65.78,2,,v Pakistan,Quetta,12 Oct 1984,
ODI,M Azharuddin,25,38,26,3,0,96.15,2,,v Pakistan,Melbourne,10 Mar 1985,
ODI,RJ Shastri,25,-,32,3,0,78.12,2,,v Sri Lanka,Colombo (PSS),21 Sep 1985,
ODI,N Kapil Dev,25,35,24,2,0,104.16,2,,v Australia,Adelaide,26 Jan 1986,
ODI,RJ Shastri,25,86,59,0,0,42.37,2,,v New Zealand,Sharjah,10 Apr 1986,
ODI,DB Vengsarkar,25,45,29,1,0,86.2,1,,v Australia,Rajkot,7 Oct 1986,
ODI,SM Gavaskar,25,-,35,3,0,71.42,1,,v Sri Lanka,Wankhede,17 Jan 1987,
ODI,RJ Shastri,25,-,29,1,0,86.2,1,,v West Indies,Eden Gardens,2 Jan 1988,
ODI,M Azharuddin,25,-,39,1,0,64.1,1,,v West Indies,Sharjah,21 Oct 1988,
ODI,M Prabhakar,25,-,31,1,0,80.64,2,,v Pakistan,Sharjah,20 Oct 1989,
ODI,DB Vengsarkar,25,51,43,2,0,58.13,2,,v Australia,Bengaluru,27 Oct 1989,
ODI,NS Sidhu,25,-,37,3,0,67.56,2,,v Sri Lanka,Cuttack,28 Dec 1990,
ODI,RJ Shastri,25,75,67,1,0,37.31,2,,v Australia,Brisbane,1 Mar 1992,
ODI,M Prabhakar,25,43,29,4,0,86.2,1,,v England,Jaipur,18 Jan 1993,
ODI,NS Sidhu,25,56,30,3,0,83.33,2,,v Zimbabwe,Guwahati,22 Mar 1993,
ODI,SR Tendulkar,25,-,39,1,0,64.1,1,,v Sri Lanka,Moratuwa,14 Aug 1993,
ODI,VG Kambli,25,48,41,0,0,60.97,1,,v Sri Lanka,Rajkot,15 Feb 1994,
ODI,A Jadeja,25,45,37,2,0,67.56,1,,v U.A.E.,Sharjah,13 Apr 1994,
ODI,M Azharuddin,25,54,35,1,0,71.42,1,,v Sri Lanka,Colombo (RPS),5 Sep 1994,
ODI,M Azharuddin,25,30,24,0,2,104.16,2,,v Australia,Dunedin,22 Feb 1995,
ODI,SV Manjrekar,25,105,48,1,0,52.08,2,,v Sri Lanka,Eden Gardens,13 Mar 1996,
ODI,R Dravid,25,-,25,3,1,100.0,2,,v Pakistan,Toronto,21 Sep 1996,
ODI,R Dravid,25,112,79,0,0,31.64,1,,v Pakistan,Toronto,18 Sep 1997,
ODI,NS Sidhu,25,89,43,0,0,58.13,2,,v West Indies,Sharjah,16 Dec 1997,
ODI,A Jadeja,25,27,15,0,2,166.66,1,,v Sri Lanka,Colombo (RPS),7 Jul 1998,
ODI,M Azharuddin,25,39,40,0,2,62.5,2,,v Pakistan,Toronto,13 Sep 1998,
ODI,NR Mongia,25,47,29,2,1,86.2,2,,v Zimbabwe,Harare,30 Sep 1998,
ODI,NR Mongia,25,40,28,1,0,89.28,1,,v West Indies,Dhaka,31 Oct 1998,
ODI,A Jadeja,25,78,39,3,1,64.1,2,,v New Zealand,Christchurch,19 Jan 1999,
ODI,R Dravid,25,64,37,4,0,67.56,2,,v Pakistan,Bengaluru,4 Apr 1999,
ODI,SB Joshi,25,-,35,3,1,71.42,2,,v West Indies,Toronto,12 Sep 1999,
ODI,SB Joshi,25,12,13,2,2,192.3,1,,v Zimbabwe,Nairobi (Gym),1 Oct 1999,
ODI,SS Dighe,25,50,44,1,0,56.81,2,,v Australia,Adelaide,26 Jan 2000,
ODI,SC Ganguly,25,41,32,4,0,78.12,2,,v Pakistan,Sharjah,23 Mar 2000,
ODI,SR Tendulkar,25,74,30,4,0,83.33,2,,v Pakistan,Dhaka,3 Jun 2000,
ODI,SR Tendulkar,25,55,35,4,0,71.42,2,,v Kenya,Nairobi (Gym),3 Oct 2000,
ODI,SB Joshi,25,34,24,2,1,104.16,1,,v Zimbabwe,Jodhpur,8 Dec 2000,
ODI,HK Badani,25,48,35,2,0,71.42,2,,v Australia,Visakhapatnam,3 Apr 2001,
ODI,VVS Laxman,25,36,31,2,0,80.64,1,,v England,Eden Gardens,19 Jan 2002,
ODI,D Mongia,25,40,24,4,0,104.16,1,,v Zimbabwe,Faridabad,7 Mar 2002,
ODI,Yuvraj Singh,25,86,61,3,0,40.98,1,,v New Zealand,Queenstown,4 Jan 2003,
ODI,M Kaif,25,31,24,1,1,104.16,1,,v Zimbabwe,Harare,19 Feb 2003,
ODI,V Sehwag,25,50,30,3,1,83.33,1,,v South Africa,Dhaka,18 Apr 2003,
ODI,VVS Laxman,25,24,23,5,0,108.69,1,,v New Zealand,Chennai,23 Oct 2003,
ODI,Yuvraj Singh,25,37,24,0,1,104.16,2,,v Australia,Melbourne,9 Jan 2004,
ODI,SC Ganguly,25,51,29,3,0,86.2,2,,v Pakistan,Amstelveen,21 Aug 2004,
ODI,AB Agarkar,25,33,24,1,1,104.16,1,,v Bangladesh,Chattogram,23 Dec 2004,
ODI,G Gambhir,25,41,27,3,1,92.59,1,,v England,Delhi,28 Mar 2006,
ODI,V Sehwag,25,48,31,1,0,80.64,1,,v Pakistan,Mohali,8 Nov 2007,
ODI,G Gambhir,25,75,49,1,0,51.02,1,,v Pakistan,Kanpur,11 Nov 2007,
ODI,YK Pathan,25,39,25,4,0,100.0,2,,v Pakistan,Mirpur,14 Jun 2008,
ODI,V Kohli,25,40,38,4,0,65.78,1,,v Sri Lanka,Colombo (RPS),24 Aug 2008,
ODI,M Vijay,25,-,16,5,0,156.25,2,,v South Africa,Ahmedabad,27 Feb 2010,
ODI,MS Dhoni,25,48,35,1,0,71.42,2,,v South Africa,Durban,12 Jan 2011,
ODI,MS Dhoni,25,64,42,2,0,59.52,1,,v Pakistan,Mohali,30 Mar 2011,
ODI,SK Raina,25,45,25,3,0,100.0,1,,v Bangladesh,Mirpur,19 Jun 2014,
ODI,Mohammed Shami,25,18,18,3,1,138.88,1,,v England,W.A.C.A,30 Jan 2015,
ODI,V Kohli,25,55,35,1,0,71.42,1,,v Bangladesh,Mirpur,24 Jun 2015,
ODI,STR Binny,25,32,16,3,0,156.25,1,,v Zimbabwe,Harare,12 Jul 2015,
ODI,MS Dhoni,25,45,36,1,1,69.44,2,,v England,Eden Gardens,22 Jan 2017,
ODI,MS Dhoni,25,54,42,2,0,59.52,1,,v New Zealand,Wankhede,22 Oct 2017,
ODI,MS Dhoni,25,29,17,3,0,147.05,1,,v New Zealand,Kanpur,29 Oct 2017,
ODI,RA Jadeja,25,-,34,1,0,73.52,2,,v Afghanistan,Dubai (DICS),25 Sep 2018,
ODI,RA Jadeja,25,-,32,2,1,78.12,1,,v Australia,Wankhede,14 Jan 2020,
ODI,RA Jadeja,25,-,37,0,1,67.56,2,,v Australia,Sydney,27 Nov 2020,
ODI,RG Sharma,25,38,25,5,0,100.0,1,,v England,Pune,26 Mar 2021,
ODI,KH Pandya,25,56,34,0,0,73.52,1,,v England,Pune,28 Mar 2021,
ODI,DJ Hooda,25,54,36,3,0,69.44,2,,v Zimbabwe,Harare,20 Aug 2022,
ODI,SN Thakur,25,26,17,3,1,147.05,1,,v New Zealand,Indore,24 Jan 2023,
ODI,HH Pandya,25,48,31,3,1,80.64,2,,v Australia,Wankhede,17 Mar 2023,
ODI,S Dube,25,33,24,1,2,104.16,2,,v Sri Lanka,Colombo (RPS),2 Aug 2024,
ODI,SMH Kirmani,24*,-,56,2,0,42.85,1,,v Zimbabwe,Tunbridge Wells,18 Jun 1983,
ODI,RJ Shastri,24*,-,45,0,0,53.33,2,,v England,Nagpur,23 Jan 1985,
ODI,M Amarnath,24*,51,44,3,0,54.54,2,,v Australia,Sharjah,29 Mar 1985,
ODI,M Azharuddin,24*,-,33,0,0,72.72,2,,v England,Sharjah,2 Apr 1987,
ODI,PK Amre,24*,37,32,4,0,75.0,2,,v England,Chandigarh,21 Jan 1993,
ODI,NR Mongia,24*,43,31,3,0,77.41,2,,v West Indies,Chennai,23 Oct 1994,
ODI,NR Mongia,24*,48,33,3,0,72.72,2,,v West Indies,Gwalior,21 Feb 1996,
ODI,D Dasgupta,24*,50,32,4,0,75.0,2,,v Kenya,Bloemfontein,12 Oct 2001,
ODI,Harbhajan Singh,24*,36,28,3,0,85.71,1,,v Zimbabwe,Kochi,13 Mar 2002,
ODI,SK Raina,24*,26,23,3,0,104.34,2,,v Sri Lanka,Bulawayo,30 May 2010,
ODI,RA Jadeja,24*,57,28,1,0,85.71,2,,v Sri Lanka,W.A.C.A,8 Feb 2012,
ODI,RA Jadeja,24*,48,27,1,0,88.88,2,,v Australia,Canberra,20 Jan 2016,
ODI,Harshit Rana,24*,30,18,3,0,133.33,1,,v Australia,Adelaide,23 Oct 2025,
ODI,RA Jadeja,24*,39,27,2,0,88.88,1,,v South Africa,Raipur,3 Dec 2025,
ODI,FM Engineer,24,15,36,3,0,66.66,1,,v New Zealand,Manchester,14 Jun 1975,
ODI,SMH Kirmani,24,36,26,1,0,92.3,1,,v Australia,Sydney,18 Dec 1980,
ODI,K Srikkanth,24,-,22,3,0,109.09,1,,v Australia,Chelmsford,20 Jun 1983,
ODI,M Azharuddin,24,60,54,2,0,44.44,2,,v New Zealand,Sydney,5 Mar 1985,
ODI,N Kapil Dev,24,-,19,1,0,126.31,2,,v Sri Lanka,Colombo (SSC),25 Aug 1985,
ODI,M Amarnath,24,68,50,3,0,48.0,1,,v New Zealand,Launceston,2 Feb 1986,
ODI,RMH Binny,24,34,25,3,0,96.0,1,,v New Zealand,Launceston,2 Feb 1986,
ODI,K Srikkanth,24,46,35,3,0,68.57,1,,v Australia,Srinagar,9 Sep 1986,
ODI,CS Pandit,24,37,26,2,0,92.3,1,,v Australia,Srinagar,9 Sep 1986,
ODI,CS Pandit,24,-,30,3,0,80.0,2,,v England,Wankhede,5 Nov 1987,
ODI,DB Vengsarkar,24,-,50,0,0,48.0,2,,v West Indies,Guwahati,23 Dec 1987,
ODI,M Azharuddin,24,-,26,1,1,92.3,1,,v West Indies,Rajkot,5 Jan 1988,
ODI,K Srikkanth,24,-,45,3,0,53.33,2,,v Bangladesh,Chattogram,27 Oct 1988,
ODI,NS Sidhu,24,-,49,4,0,48.97,2,,v New Zealand,Visakhapatnam,10 Dec 1988,
ODI,VG Kambli,24,60,41,0,0,58.53,1,,v Pakistan,Sydney,4 Mar 1992,
ODI,M Azharuddin,24,-,41,4,0,58.53,2,,v South Africa,East London,19 Dec 1992,
ODI,A Kumble,24,63,39,3,0,61.53,2,,v England,Bengaluru,26 Feb 1993,
ODI,SR Tendulkar,24,42,32,1,0,75.0,1,,v England,Jamshedpur,1 Mar 1993,
ODI,SR Tendulkar,24,22,16,1,1,150.0,1,,v Zimbabwe,Indore,18 Nov 1993,
ODI,N Kapil Dev,24,-,28,2,0,85.71,1,,v West Indies,Eden Gardens,27 Nov 1993,
ODI,M Azharuddin,24,23,20,3,0,120.0,1,,v New Zealand,Wellington,30 Mar 1994,
ODI,SR Tendulkar,24,59,26,4,0,92.3,2,,v Pakistan,Sharjah,22 Apr 1994,
ODI,NS Sidhu,24,39,32,1,1,75.0,1,,v Australia,Colombo (RPS),9 Sep 1994,
ODI,NS Sidhu,24,84,46,0,0,52.17,2,,v Sri Lanka,Colombo (SSC),17 Sep 1994,
ODI,NR Mongia,24,29,20,1,0,120.0,2,,v South Africa,Hamilton,18 Feb 1995,
ODI,VG Kambli,24,41,26,1,0,92.3,1,,v Pakistan,Bengaluru,9 Mar 1996,
ODI,SV Manjrekar,24,47,33,1,0,72.72,1,,v England,Leeds,25 May 1996,
ODI,M Azharuddin,24,68,47,1,0,51.06,1,,v Zimbabwe,Bulawayo,15 Feb 1997,
ODI,M Azharuddin,24,58,37,2,0,64.86,2,,v West Indies,Kingstown,30 Apr 1997,
ODI,M Azharuddin,24,38,36,1,1,66.66,1,,v Sri Lanka,Margao,28 Dec 1997,
ODI,NS Sidhu,24,78,64,2,0,37.5,2,,v Pakistan,Toronto,13 Sep 1998,
ODI,HH Kanitkar,24,51,33,2,0,72.72,2,,v Pakistan,Toronto,13 Sep 1998,
ODI,S Ramesh,24,50,40,4,0,60.0,1,,v Sri Lanka,Pune,30 Mar 1999,
ODI,M Azharuddin,24,40,24,2,0,100.0,1,,v South Africa,Hove,15 May 1999,
ODI,MSK Prasad,24,-,47,4,0,51.06,2,,v West Indies,Toronto,11 Sep 1999,
ODI,R Vijay Bharadwaj,24,38,19,3,0,126.31,2,,v South Africa,Nairobi (Gym),3 Oct 1999,
ODI,SB Joshi,24,24,16,3,0,150.0,1,,v South Africa,Sharjah,22 Mar 2000,
ODI,R Dravid,24,64,44,3,0,54.54,2,,v Sri Lanka,Dhaka,1 Jun 2000,
ODI,SC Ganguly,24,73,42,5,0,57.14,1,,v Australia,Nairobi (Gym),7 Oct 2000,
ODI,SC Ganguly,24,34,27,1,2,88.88,1,,v South Africa,Centurion,10 Oct 2001,
ODI,SC Ganguly,24,57,35,1,2,68.57,2,,v Kenya,Gqeberha,17 Oct 2001,
ODI,SC Ganguly,24,64,51,2,0,47.05,2,,v Sri Lanka,Birmingham,6 Jul 2002,
ODI,A Nehra,24,21,19,2,1,126.31,2,,v England,The Oval,9 Jul 2002,
ODI,M Kaif,24,43,38,1,0,63.15,2,,v New Zealand,Napier,29 Dec 2002,
ODI,SC Ganguly,24,39,36,0,1,66.66,1,,v Zimbabwe,Harare,19 Feb 2003,
ODI,V Sehwag,24,33,24,4,0,100.0,1,,v Namibia,Pietermaritzburg,23 Feb 2003,
ODI,SC Ganguly,24,44,25,3,1,96.0,2,,v Australia,Johannesburg,23 Mar 2003,
ODI,Yuvraj Singh,24,48,34,1,0,70.58,2,,v Australia,Johannesburg,23 Mar 2003,
ODI,VVS Laxman,24,50,25,2,0,96.0,1,,v Australia,Melbourne,6 Feb 2004,
ODI,SC Ganguly,24,53,31,4,0,77.41,1,,v England,Nottingham,1 Sep 2004,
ODI,Yuvraj Singh,24,51,40,2,0,60.0,2,,v England,The Oval,3 Sep 2004,
ODI,MS Dhoni,24,71,38,2,0,63.15,2,,v Pakistan,Delhi,17 Apr 2005,
ODI,M Kaif,24,54,39,5,0,61.53,2,,v West Indies,Dambulla,31 Jul 2005,
ODI,SK Raina,24,80,62,3,0,38.7,1,,v England,Delhi,28 Mar 2006,
ODI,Yuvraj Singh,24,16,10,3,1,240.0,1,,v Pakistan,Abu Dhabi,19 Apr 2006,
ODI,Yuvraj Singh,24,21,22,2,2,109.09,1,,v Bangladesh,Mirpur,12 May 2007,
ODI,MS Dhoni,24,60,17,3,0,141.17,1,,v England,Leeds,2 Sep 2007,
ODI,R Dravid,24,41,17,3,1,141.17,1,,v England,Leeds,2 Sep 2007,
ODI,MS Dhoni,24,53,32,1,0,75.0,2,,v Pakistan,Jaipur,18 Nov 2007,
ODI,RG Sharma,24,74,36,1,0,66.66,2,,v Sri Lanka,Adelaide,19 Feb 2008,
ODI,MS Dhoni,24,23,23,5,0,104.34,1,,v Pakistan,Mirpur,10 Jun 2008,
ODI,RG Sharma,24,43,27,5,0,88.88,2,,v Pakistan,Mirpur,14 Jun 2008,
ODI,SK Raina,24,43,32,2,0,75.0,2,,v Pakistan,Mirpur,14 Jun 2008,
ODI,MS Dhoni,24,97,77,1,0,31.16,1,,v Australia,Guwahati,8 Nov 2009,
ODI,A Mithun,24,-,23,0,2,104.34,2,,v South Africa,Ahmedabad,27 Feb 2010,
ODI,SR Tendulkar,24,78,44,2,0,54.54,1,,v South Africa,Johannesburg,15 Jan 2011,
ODI,Z Khan,24,81,58,3,0,41.37,2,,v South Africa,Centurion,23 Jan 2011,
ODI,V Kohli,24,38,33,1,0,72.72,2,,v Australia,Ahmedabad,24 Mar 2011,
ODI,MK Tiwary,24,41,30,4,0,80.0,1,,v England,Eden Gardens,25 Oct 2011,
ODI,SK Raina,24,30,27,3,0,88.88,2,,v Sri Lanka,W.A.C.A,8 Feb 2012,
ODI,G Gambhir,24,61,42,5,0,57.14,1,,v England,Dharamsala,27 Jan 2013,
ODI,S Dhawan,24,53,42,3,0,57.14,2,,v Sri Lanka,Kingston,2 Jul 2013,
ODI,AM Rahane,24,43,22,4,0,109.09,2,,v West Indies,Kochi,8 Oct 2014,
ODI,AR Patel,24,28,18,1,1,133.33,1,,v New Zealand,Visakhapatnam,29 Oct 2016,
ODI,KM Jadhav,24,36,24,2,1,100.0,1,,v Australia,Eden Gardens,21 Sep 2017,
ODI,RR Pant,24,-,18,3,1,133.33,2,,v West Indies,Pune,27 Oct 2018,
ODI,AT Rayudu,24,47,36,2,0,66.66,2,,v Australia,Adelaide,15 Jan 2019,
ODI,RA Jadeja,24,-,31,0,1,77.41,2,,v Australia,Ranchi,8 Mar 2019,
ODI,PP Shaw,24,23,19,6,0,126.31,2,,v New Zealand,Auckland,8 Feb 2020,
ODI,RA Jadeja,24,-,11,1,2,218.18,2,,v Australia,Sydney,29 Nov 2020,
ODI,Washington Sundar,24,51,41,1,0,58.53,1,,v West Indies,Ahmedabad,9 Feb 2022,
ODI,SS Iyer,24,47,39,2,0,61.53,1,,v Bangladesh,Mirpur,4 Dec 2022,
ODI,SA Yadav,24,37,25,3,0,96.0,1,,v West Indies,Bridgetown,29 Jul 2023,
ODI,V Kohli,24,42,32,2,0,75.0,2,,v Sri Lanka,Colombo (RPS),2 Aug 2024,
ODI,Shubman Gill,24,47,26,2,1,92.3,2,,v Australia,Sydney,25 Oct 2025,
ODI,RG Sharma,24,53,38,4,0,63.15,1,,v New Zealand,Rajkot,14 Jan 2026,
ODI,Yashpal Sharma,23*,-,32,2,0,71.87,2,,v Pakistan,Jaipur,2 Oct 1983,
ODI,S Viswanath,23*,-,25,3,0,92.0,2,,v England,Nagpur,23 Jan 1985,
ODI,N Kapil Dev,23*,-,29,2,0,79.31,2,,v West Indies,Sharjah,30 Nov 1986,
ODI,KS More,23*,53,38,1,1,60.52,2,,v New Zealand,Dunedin,1 Mar 1990,
ODI,RJ Shastri,23*,36,29,4,0,79.31,2,,v England,Leeds,18 Jul 1990,
ODI,M Prabhakar,23*,-,51,2,0,45.09,1,,v Sri Lanka,Margao,8 Dec 1990,
ODI,VG Kambli,23*,-,29,0,0,79.31,1,,v West Indies,Sharjah,19 Oct 1991,
ODI,NR Mongia,23*,37,21,2,0,109.52,2,,v Pakistan,Chennai,21 May 1997,
ODI,M Azharuddin,23*,38,20,3,0,115.0,2,,v Bangladesh,Colombo (SSC),24 Jul 1997,
ODI,A Jadeja,23*,29,21,2,0,109.52,1,,v Pakistan,Toronto,21 Sep 1997,
ODI,VVS Laxman,23*,75,34,1,0,67.64,2,,v Australia,Sharjah,22 Apr 1998,
ODI,JV Paranjpe,23*,32,23,2,1,100.0,2,,v Pakistan,Toronto,12 Sep 1998,
ODI,RR Singh,23*,46,22,2,0,104.54,2,,v West Indies,Singapore,5 Sep 1999,
ODI,MS Dhoni,23*,-,19,2,0,121.05,1,,v New Zealand,Wellington,6 Mar 2009,
ODI,MS Dhoni,23*,56,38,2,0,60.52,2,,v Sri Lanka,Dambulla,16 Aug 2010,
ODI,Harbhajan Singh,23*,63,25,0,2,92.0,2,,v South Africa,Cape Town,18 Jan 2011,
ODI,V Kohli,23*,15,11,3,0,209.09,1,,v West Indies,Indore,8 Dec 2011,
ODI,MS Dhoni,23*,48,23,3,0,100.0,2,,v West Indies,Kanpur,27 Nov 2013,
ODI,RA Jadeja,23*,15,10,4,0,230.0,1,,v Bangladesh,Melbourne,19 Mar 2015,
ODI,Yuvraj Singh,23*,29,25,1,1,92.0,2,,v South Africa,The Oval,11 Jun 2017,
ODI,KM Jadhav,23*,-,27,1,1,85.18,2,,v Bangladesh,Dubai (DICS),28 Sep 2018,
ODI,Ishan Kishan,23*,26,18,3,0,127.77,2,,v Sri Lanka,Colombo (RPS),17 Sep 2023,
ODI,CPS Chauhan,23,-,28,-,-,82.14,2,,v Pakistan,Sahiwal,3 Nov 1978,
ODI,Yashpal Sharma,23,91,59,1,0,38.98,1,,v New Zealand,W.A.C.A,9 Dec 1980,
ODI,GR Viswanath,23,38,22,3,0,104.54,1,,v Australia,Sydney,8 Jan 1981,
ODI,DB Vengsarkar,23,-,37,-,-,62.16,1,,v Sri Lanka,Amritsar,12 Sep 1982,
ODI,SM Gavaskar,23,-,26,1,1,88.46,1,,v Pakistan,Karachi,21 Jan 1983,
ODI,Yashpal Sharma,23,-,26,3,0,88.46,1,,v West Indies,Albion,29 Mar 1983,
ODI,M Amarnath,23,-,35,-,-,65.71,1,,v West Indies,Guwahati,17 Dec 1983,
ODI,DB Vengsarkar,23,-,27,3,0,85.18,1,,v England,Cuttack,27 Dec 1984,
ODI,DB Vengsarkar,23,-,42,2,0,54.76,1,,v England,Bengaluru,20 Jan 1985,
ODI,RJ Shastri,23,70,47,2,0,48.93,1,,v New Zealand,W.A.C.A,18 Jan 1986,
ODI,N Kapil Dev,23,28,18,2,0,127.77,2,,v Australia,Melbourne,31 Jan 1986,
ODI,RJ Shastri,23,61,46,4,0,50.0,1,,v New Zealand,Launceston,2 Feb 1986,
ODI,K Srikkanth,23,62,36,2,0,63.88,1,,v Australia,Rajkot,7 Oct 1986,
ODI,M Azharuddin,23,-,33,3,0,69.69,2,,v West Indies,Gwalior,22 Jan 1988,
ODI,K Srikkanth,23,-,44,2,0,52.27,2,,v Pakistan,Dhaka,31 Oct 1988,
ODI,K Srikkanth,23,-,28,3,0,82.14,2,,v Sri Lanka,Dhaka,4 Nov 1988,
ODI,K Srikkanth,23,61,49,2,1,46.93,1,,v New Zealand,Indore,15 Dec 1988,
ODI,RJ Shastri,23,-,55,1,0,41.81,2,,v West Indies,Bridgetown,7 Mar 1989,
ODI,DB Vengsarkar,23,-,23,2,0,100.0,2,,v West Indies,Bridgetown,7 Mar 1989,
ODI,M Amarnath,23,-,42,1,0,54.76,2,,v West Indies,Delhi,23 Oct 1989,
ODI,NS Sidhu,23,38,27,3,0,85.18,2,,v England,Nottingham,20 Jul 1990,
ODI,SV Manjrekar,23,-,38,0,0,60.52,2,,v Sri Lanka,Pune,5 Dec 1990,
ODI,SR Tendulkar,23,-,39,0,0,58.97,2,,v South Africa,Durban,17 Dec 1992,
ODI,VG Kambli,23,41,37,1,0,62.16,1,,v England,Jamshedpur,1 Mar 1993,
ODI,M Azharuddin,23,30,22,1,0,104.54,1,,v England,Jamshedpur,1 Mar 1993,
ODI,M Azharuddin,23,-,44,2,0,52.27,2,,v West Indies,Ahmedabad,16 Nov 1993,
ODI,VG Kambli,23,36,33,0,0,69.69,1,,v New Zealand,Wellington,30 Mar 1994,
ODI,V Rathour,23,55,35,1,1,65.71,2,,v South Africa,Sharjah,19 Apr 1996,
ODI,NR Mongia,23,35,24,1,0,95.83,2,,v South Africa,Sharjah,19 Apr 1996,
ODI,V Rathour,23,23,19,3,0,121.05,2,,v England,The Oval,23 May 1996,
ODI,A Jadeja,23,-,37,2,0,62.16,1,,v Pakistan,Toronto,18 Sep 1996,
ODI,SR Tendulkar,23,-,44,0,1,52.27,2,,v Pakistan,Toronto,23 Sep 1996,
ODI,R Dravid,23,56,43,2,0,53.48,2,,v Zimbabwe,Paarl,27 Jan 1997,
ODI,R Dravid,23,41,41,0,0,56.09,1,,v Pakistan,Toronto,13 Sep 1997,
ODI,VVS Laxman,23,69,56,1,0,41.07,1,,v New Zealand,Sharjah,20 Apr 1998,
ODI,SC Ganguly,23,36,42,2,0,54.76,2,,v Australia,Sharjah,24 Apr 1998,
ODI,SC Ganguly,23,41,36,3,0,63.88,2,,v Pakistan,Toronto,16 Sep 1998,
ODI,SR Tendulkar,23,37,19,4,0,121.05,2,,v New Zealand,Napier,12 Jan 1999,
ODI,RR Singh,23,50,28,1,1,82.14,2,,v New Zealand,Napier,12 Jan 1999,
ODI,VG Kambli,23,59,52,2,0,44.23,1,,v England,Sharjah,11 Apr 1999,
ODI,SC Ganguly,23,66,44,0,1,52.27,1,,v West Indies,Singapore,7 Sep 1999,
ODI,RR Singh,23,46,25,0,0,92.0,2,,v New Zealand,Rajkot,5 Nov 1999,
ODI,SB Joshi,23,16,16,2,1,143.75,1,,v South Africa,Faridabad,15 Mar 2000,
ODI,HK Badani,23,29,25,1,1,92.0,1,,v Australia,Indore,31 Mar 2001,
ODI,SS Dighe,23,84,63,0,0,36.5,2,,v Sri Lanka,Colombo (RPS),5 Aug 2001,
ODI,R Dravid,23,43,34,2,0,67.64,1,,v Zimbabwe,Faridabad,7 Mar 2002,
ODI,V Sehwag,23,45,39,4,0,58.97,1,,v New Zealand,Queenstown,4 Jan 2003,
ODI,SC Ganguly,23,63,44,4,0,52.27,2,,v New Zealand,Auckland,11 Jan 2003,
ODI,V Sehwag,23,47,29,4,0,79.31,1,,v England,Durban,26 Feb 2003,
ODI,M Kaif,23,60,47,1,0,48.93,1,,v Bangladesh,Dhaka,11 Apr 2003,
ODI,V Sehwag,23,30,22,4,0,104.54,2,,v Zimbabwe,W.A.C.A,3 Feb 2004,
ODI,M Kartik,23,32,25,3,0,92.0,2,,v Australia,Sydney,8 Feb 2004,
ODI,MS Dhoni,23,34,34,0,1,67.64,2,,v Australia,Kuala Lumpur,22 Sep 2006,
ODI,SK Raina,23,70,36,4,0,63.88,1,,v West Indies,Chennai,27 Jan 2007,
ODI,Yuvraj Singh,23,70,30,2,1,76.66,1,,v Sri Lanka,Dambulla,18 Aug 2008,
ODI,Yuvraj Singh,23,52,40,2,0,57.5,2,,v Sri Lanka,Dambulla,28 Jan 2009,
ODI,MS Dhoni,23,55,35,0,0,65.71,1,,v Sri Lanka,Colombo (RPS),31 Jan 2009,
ODI,RP Singh,23,95,75,1,1,30.66,1,,v West Indies,Kingston,28 Jun 2009,
ODI,Yuvraj Singh,23,24,24,2,1,95.83,1,,v Australia,Nagpur,28 Oct 2009,
ODI,RA Jadeja,23,24,17,3,0,135.29,2,,v Australia,Hyderabad,5 Nov 2009,
ODI,Yuvraj Singh,23,46,40,3,0,57.5,2,,v Sri Lanka,Cuttack,21 Dec 2009,
ODI,G Gambhir,23,52,31,3,0,74.19,1,,v Sri Lanka,Dambulla,22 Jun 2010,
ODI,RG Sharma,23,67,45,2,0,51.11,2,,v South Africa,Cape Town,18 Jan 2011,
ODI,A Mithun,23,25,16,2,2,143.75,2,,v West Indies,Ahmedabad,5 Dec 2011,
ODI,G Gambhir,23,68,48,3,0,47.91,2,,v Australia,Sydney,26 Feb 2012,
ODI,V Kohli,23,42,35,2,0,65.71,1,,v Sri Lanka,Pallekele,4 Aug 2012,
ODI,Yuvraj Singh,23,40,23,4,0,100.0,1,,v Pakistan,Delhi,6 Jan 2013,
ODI,KD Karthik,23,65,56,3,0,41.07,1,,v West Indies,Kingston,30 Jun 2013,
ODI,KD Karthik,23,58,37,3,0,62.16,2,,v Sri Lanka,Port of Spain,11 Jul 2013,
ODI,SK Raina,23,49,24,2,0,95.83,1,,v West Indies,Visakhapatnam,24 Nov 2013,
ODI,AM Rahane,23,62,50,3,0,46.0,1,,v Pakistan,Mirpur,2 Mar 2014,
ODI,KD Karthik,23,54,46,1,0,50.0,1,,v Pakistan,Mirpur,2 Mar 2014,
ODI,AT Rayudu,23,76,53,2,0,43.39,1,,v England,Brisbane,20 Jan 2015,
ODI,AT Rayudu,23,26,24,2,1,95.83,1,,v Australia,Sydney,26 Jan 2015,
ODI,V Kohli,23,57,27,3,1,85.18,1,,v Bangladesh,Mirpur,21 Jun 2015,
ODI,S Dhawan,23,33,28,5,0,82.14,2,,v South Africa,Kanpur,11 Oct 2015,
ODI,S Dhawan,23,57,34,4,0,67.64,1,,v South Africa,Indore,14 Oct 2015,
ODI,MS Dhoni,23,23,9,2,2,255.55,1,,v Australia,Melbourne,17 Jan 2016,
ODI,RG Sharma,23,-,22,4,0,104.54,1,,v Hong Kong,Dubai (DICS),18 Sep 2018,
ODI,RA Jadeja,23,-,33,1,0,69.69,2,,v Bangladesh,Dubai (DICS),28 Sep 2018,
ODI,MS Dhoni,23,-,15,2,0,153.33,1,,v West Indies,Brabourne,29 Oct 2018,
ODI,S Dhawan,23,-,46,0,0,50.0,2,,v Australia,Melbourne,18 Jan 2019,
ODI,Mohammed Shami,23,35,28,2,1,82.14,2,,v England,Lord's,14 Jul 2022,
ODI,Shubman Gill,23,54,24,4,1,95.83,1,,v South Africa,Eden Gardens,5 Nov 2023,
ODI,SS Iyer,23,33,23,4,0,100.0,2,,v Sri Lanka,Colombo (RPS),2 Aug 2024,
ODI,KL Rahul,23,40,29,1,0,79.31,1,,v New Zealand,Dubai (DICS),2 Mar 2025,
ODI,V Kohli,23,43,29,2,0,79.31,1,,v New Zealand,Rajkot,14 Jan 2026,
ODI,Shubman Gill,23,31,18,4,0,127.77,2,,v New Zealand,Indore,18 Jan 2026,
ODI,DB Vengsarkar,22*,-,22,0,0,100.0,1,,v Pakistan,Karachi,21 Jan 1983,
ODI,RMH Binny,22*,-,27,-,-,81.48,1,,v West Indies,Vadodara,9 Nov 1983,
ODI,N Kapil Dev,22*,15,11,1,1,200.0,1,,v Australia,Indore,6 Oct 1984,
ODI,N Kapil Dev,22*,-,29,1,0,75.86,2,,v West Indies,Guwahati,23 Dec 1987,
ODI,SV Manjrekar,22*,50,29,0,0,75.86,2,,v New Zealand,Napier,25 Mar 1994,
ODI,R Dravid,22*,21,15,3,0,146.66,1,,v England,Manchester,26 May 1996,
ODI,A Jadeja,22*,21,18,1,1,122.22,2,,v Sri Lanka,Colombo (RPS),19 Jun 1998,
ODI,NR Mongia,22*,40,31,1,0,70.96,2,,v Pakistan,Sharjah,8 Apr 1999,
ODI,RG Sharma,22*,37,28,2,0,78.57,2,,v Sri Lanka,Karachi,3 Jul 2008,
ODI,V Kohli,22*,36,27,3,0,81.48,2,,v Pakistan,Birmingham,15 Jun 2013,
ODI,RA Jadeja,22*,48,27,0,1,81.48,1,,v Sri Lanka,Fatullah,28 Feb 2014,
ODI,SN Thakur,22*,21,13,0,2,169.23,1,,v England,Leeds,17 Jul 2018,
ODI,AT Rayudu,22*,-,26,1,1,84.61,2,,v West Indies,Guwahati,21 Oct 2018,
ODI,KM Jadhav,22*,19,10,3,1,220.0,1,,v New Zealand,Mount Maunganui,26 Jan 2019,
ODI,AD Gaekwad,22,-,46,2,0,47.82,2,,v England,Lord's,7 Jun 1975,
ODI,GR Viswanath,22,75,55,0,0,40.0,2,,v Sri Lanka,Manchester,16 Jun 1979,
ODI,DB Vengsarkar,22,89,72,0,0,30.55,1,,v Australia,Melbourne,6 Dec 1980,
ODI,GR Viswanath,22,63,44,1,0,50.0,1,,v Australia,Melbourne,6 Dec 1980,
ODI,SM Gavaskar,22,35,26,2,0,84.61,1,,v Australia,Sydney,18 Dec 1980,
ODI,AD Gaekwad,22,-,52,2,0,42.3,2,,v West Indies,Port of Spain,9 Mar 1983,
ODI,RMH Binny,22,-,48,2,0,45.83,1,,v Zimbabwe,Tunbridge Wells,18 Jun 1983,
ODI,GAHM Parkar,22,-,55,2,0,40.0,1,,v Pakistan,Sharjah,13 Apr 1984,
ODI,SM Patil,22,21,18,4,0,122.22,2,,v Australia,New Delhi,28 Sep 1984,
ODI,M Azharuddin,22,51,44,3,0,50.0,2,,v Australia,Sharjah,29 Mar 1985,
ODI,C Sharma,22,53,28,1,0,78.57,1,,v Australia,Brisbane,12 Jan 1986,
ODI,K Srikkanth,22,63,51,2,0,43.13,2,,v Australia,Melbourne,16 Jan 1986,
ODI,K Srikkanth,22,67,44,2,0,50.0,1,,v New Zealand,Launceston,2 Feb 1986,
ODI,R Lamba,22,-,28,-,-,78.57,1,,v Sri Lanka,Vadodara,15 Jan 1987,
ODI,DB Vengsarkar,22,-,23,-,-,95.65,1,,v Sri Lanka,Vadodara,15 Jan 1987,
ODI,RJ Shastri,22,61,44,0,1,50.0,1,,v New Zealand,Bengaluru,14 Oct 1987,
ODI,NS Sidhu,22,-,40,0,0,55.0,2,,v England,Wankhede,5 Nov 1987,
ODI,N Kapil Dev,22,-,12,3,0,183.33,1,,v West Indies,Rajkot,5 Jan 1988,
ODI,N Kapil Dev,22,-,25,3,0,88.0,2,,v New Zealand,Visakhapatnam,10 Dec 1988,
ODI,DB Vengsarkar,22,-,33,3,0,66.66,2,,v West Indies,Georgetown,21 Mar 1989,
ODI,RJ Shastri,22,-,22,2,1,100.0,2,,v Pakistan,Sharjah,20 Oct 1989,
ODI,RJ Shastri,22,-,21,-,-,104.76,1,,v Sri Lanka,Ahmedabad,22 Oct 1989,
ODI,RJ Shastri,22,-,63,1,0,34.92,1,,v Pakistan,Sharjah,18 Oct 1991,
ODI,SR Tendulkar,22,-,27,3,0,81.48,1,,v West Indies,Sharjah,19 Oct 1991,
ODI,RJ Shastri,22,69,67,1,0,32.83,1,,v Australia,Sydney,14 Jan 1992,
ODI,M Azharuddin,22,37,29,1,0,75.86,1,,v Australia,Sydney,14 Jan 1992,
ODI,PK Amre,22,27,17,2,0,129.41,2,,v Australia,Sydney,20 Jan 1992,
ODI,PK Amre,22,44,31,0,0,70.96,2,,v England,W.A.C.A,22 Feb 1992,
ODI,KS More,22,20,19,2,0,115.78,1,,v Zimbabwe,Harare,25 Oct 1992,
ODI,SR Tendulkar,22,-,24,2,0,91.66,2,,v South Africa,Centurion,11 Dec 1992,
ODI,VG Kambli,22,61,40,1,0,55.0,2,,v England,Gwalior,5 Mar 1993,
ODI,N Kapil Dev,22,-,17,3,0,129.41,1,,v South Africa,Mohali,22 Nov 1993,
ODI,VG Kambli,22,39,34,1,0,64.7,2,,v West Indies,Chennai,23 Oct 1994,
ODI,M Azharuddin,22,43,34,1,0,64.7,1,,v South Africa,Wankhede,14 Dec 1996,
ODI,A Jadeja,22,39,24,1,0,91.66,1,,v Sri Lanka,Colombo (RPS),26 Jul 1997,
ODI,A Jadeja,22,39,32,2,0,68.75,2,,v Sri Lanka,Colombo (SSC),24 Aug 1997,
ODI,NR Mongia,22,22,25,0,1,88.0,1,,v New Zealand,Sharjah,20 Apr 1998,
ODI,A Jadeja,22,51,32,2,0,68.75,2,,v Zimbabwe,Harare,30 Sep 1998,
ODI,SR Tendulkar,22,49,40,2,0,55.0,1,,v England,Birmingham,29 May 1999,
ODI,R Dravid,22,36,26,1,0,84.61,1,,v Sri Lanka,Colombo (RPS),25 Aug 1999,
ODI,R Dravid,22,109,70,2,0,31.42,1,,v Australia,Sydney,14 Jan 2000,
ODI,SS Karim,22,17,17,4,0,129.41,2,,v South Africa,Nagpur,19 Mar 2000,
ODI,RR Singh,22,56,49,1,0,44.89,2,,v Pakistan,Sharjah,26 Mar 2000,
ODI,R Dravid,22,52,35,1,0,62.85,1,,v New Zealand,Nairobi (Gym),15 Oct 2000,
ODI,RR Singh,22,-,28,1,0,78.57,1,,v Zimbabwe,Sharjah,22 Oct 2000,
ODI,SB Joshi,22,19,12,2,1,183.33,1,,v Zimbabwe,Ahmedabad,5 Dec 2000,
ODI,HK Badani,22,43,38,1,1,57.89,2,,v Sri Lanka,Colombo (RPS),5 Aug 2001,
ODI,RS Sodhi,22,49,42,1,0,52.38,1,,v South Africa,Durban,26 Oct 2001,
ODI,VVS Laxman,22,51,33,3,0,66.66,1,,v South Africa,Colombo (RPS),25 Sep 2002,
ODI,VVS Laxman,22,-,22,3,0,100.0,2,,v West Indies,Vijayawada,24 Nov 2002,
ODI,AB Agarkar,22,11,10,4,0,220.0,1,,v Australia,Gwalior,26 Oct 2003,
ODI,VVS Laxman,22,44,26,5,0,84.61,2,,v Australia,Eden Gardens,18 Nov 2003,
ODI,RS Gavaskar,22,34,22,1,1,100.0,1,,v Zimbabwe,Brisbane,20 Jan 2004,
ODI,Yuvraj Singh,22,23,25,2,0,88.0,1,,v U.A.E.,Dambulla,16 Jul 2004,
ODI,M Kaif,22,30,21,2,0,104.76,2,,v Sri Lanka,Dambulla,18 Jul 2004,
ODI,AB Agarkar,22,30,20,2,2,110.0,2,,v England,The Oval,3 Sep 2004,
ODI,SC Ganguly,22,84,42,3,0,52.38,2,,v Bangladesh,Dhaka,26 Dec 2004,
ODI,VVS Laxman,22,58,43,1,0,51.16,1,,v Sri Lanka,Dambulla,3 Aug 2005,
ODI,Yuvraj Singh,22,-,23,1,1,95.65,2,,v New Zealand,Harare,2 Sep 2005,
ODI,V Sehwag,22,45,22,4,0,100.0,2,,v Sri Lanka,Rajkot,9 Nov 2005,
ODI,R Dravid,22,74,42,4,0,52.38,2,,v Pakistan,Lahore,13 Feb 2006,
ODI,V Sehwag,22,51,32,3,0,68.75,2,,v West Indies,Kingston,18 May 2006,
ODI,R Dravid,22,44,34,4,0,64.7,1,,v West Indies,Cuttack,24 Jan 2007,
ODI,R Dravid,22,48,39,2,0,56.41,2,,v Bangladesh,Mirpur,10 May 2007,
ODI,RV Uthappa,22,40,30,2,0,73.33,1,,v England,Lord's,8 Sep 2007,
ODI,IK Pathan,22,25,21,2,0,104.76,2,,v Australia,Sydney,24 Feb 2008,
ODI,RG Sharma,22,28,23,2,0,95.65,2,,v Bangladesh,Karachi,28 Jun 2008,
ODI,RA Jadeja,22,-,20,1,0,110.0,1,,v South Africa,Jaipur,21 Feb 2010,
ODI,KD Karthik,22,54,39,2,0,56.41,1,,v Zimbabwe,Bulawayo,28 May 2010,
ODI,RG Sharma,22,20,24,2,0,91.66,2,,v Pakistan,Dambulla,19 Jun 2010,
ODI,V Kohli,22,43,34,1,0,64.7,1,,v South Africa,Johannesburg,15 Jan 2011,
ODI,G Gambhir,22,34,26,4,0,84.61,1,,v West Indies,Chennai,20 Mar 2011,
ODI,MS Dhoni,22,41,30,1,0,73.33,1,,v West Indies,Chennai,20 Mar 2011,
ODI,V Kohli,22,68,33,1,0,66.66,2,,v West Indies,North Sound,13 Jun 2011,
ODI,MK Tiwary,22,39,22,1,1,100.0,1,,v West Indies,Kingston,16 Jun 2011,
ODI,SR Tendulkar,22,33,23,3,0,95.65,2,,v Sri Lanka,Brisbane,21 Feb 2012,
ODI,IK Pathan,22,25,22,1,2,100.0,2,,v Australia,Sydney,26 Feb 2012,
ODI,V Kohli,22,18,18,4,0,122.22,2,,v West Indies,The Oval,11 Jun 2013,
ODI,KD Karthik,22,56,41,2,0,53.65,2,,v Sri Lanka,Kingston,2 Jul 2013,
ODI,AM Rahane,22,40,27,1,0,81.48,1,,v Sri Lanka,Fatullah,28 Feb 2014,
ODI,V Kohli,22,34,21,2,0,104.76,1,,v Sri Lanka,Cuttack,2 Nov 2014,
ODI,SK Raina,22,42,25,2,0,88.0,2,,v West Indies,W.A.C.A,6 Mar 2015,
ODI,MK Tiwary,22,41,26,0,1,84.61,1,,v Zimbabwe,Harare,12 Jul 2015,
ODI,Harbhajan Singh,22,33,22,2,1,100.0,1,,v South Africa,Indore,14 Oct 2015,
ODI,KM Jadhav,22,15,10,3,1,220.0,1,,v England,Cuttack,19 Jan 2017,
ODI,Yuvraj Singh,22,49,31,4,0,70.96,2,,v Pakistan,The Oval,18 Jun 2017,
ODI,AT Rayudu,22,-,27,2,0,81.48,2,,v West Indies,Pune,27 Oct 2018,
ODI,MA Agarwal,22,-,18,2,1,122.22,2,,v Australia,Sydney,27 Nov 2020,
ODI,VR Iyer,22,55,33,0,1,66.66,1,,v South Africa,Paarl,21 Jan 2022,
ODI,SA Yadav,22,19,14,5,0,157.14,1,,v South Africa,Eden Gardens,5 Nov 2023,
ODI,RM Patidar,22,23,16,3,1,137.5,1,,v South Africa,Paarl,21 Dec 2023,
ODI,V Kohli,22,-,38,1,0,57.89,2,,v Bangladesh,Dubai (DICS),20 Feb 2025,
ODI,YBK Jaiswal,22,53,38,2,1,57.89,1,,v South Africa,Raipur,3 Dec 2025,
ODI,Yashpal Sharma,21*,21,15,1,0,140.0,1,,v Australia,Melbourne,11 Jan 1981,
ODI,S Madan Lal,21*,-,22,-,-,95.45,1,,v West Indies,Manchester,9 Jun 1983,
ODI,RJ Shastri,21*,-,28,2,0,75.0,2,,v Sri Lanka,Sharjah,13 Apr 1986,
ODI,RJ Shastri,21*,-,13,1,0,161.53,1,,v Pakistan,Eden Gardens,18 Feb 1987,
ODI,M Azharuddin,21*,33,23,0,0,91.3,1,,v Australia,Hobart,10 Dec 1991,
ODI,N Kapil Dev,21*,23,19,1,0,110.52,1,,v West Indies,Adelaide,14 Dec 1991,
ODI,RJ Shastri,21*,-,18,2,0,116.66,1,,v South Africa,Bloemfontein,15 Dec 1992,
ODI,A Jadeja,21*,-,17,3,0,123.52,1,,v Pakistan,Toronto,17 Sep 1996,
ODI,R Dravid,21*,48,31,3,0,67.74,2,,v New Zealand,Bengaluru,14 May 1997,
ODI,NR Mongia,21*,30,17,0,1,123.52,1,,v Sri Lanka,Wankhede,17 May 1997,
ODI,M Azharuddin,21*,44,29,1,0,72.41,2,,v Pakistan,Toronto,14 Sep 1997,
ODI,J Srinath,21*,20,15,1,1,140.0,2,,v Pakistan,Toronto,13 Sep 1998,
ODI,A Kumble,21*,34,19,2,0,110.52,2,,v England,The Oval,9 Jul 2002,
ODI,L Balaji,21*,21,12,3,1,175.0,1,,v Pakistan,Peshawar,19 Mar 2004,
ODI,IK Pathan,21*,19,11,1,2,190.9,1,,v Bangladesh,Chattogram,23 Dec 2004,
ODI,M Kartik,21*,48,34,3,0,61.76,2,,v Australia,Wankhede,17 Oct 2007,
ODI,Harbhajan Singh,21*,19,13,0,2,161.53,1,,v West Indies,Kingston,26 Jun 2009,
ODI,Yuvraj Singh,21*,39,24,2,0,87.5,2,,v Sri Lanka,Wankhede,2 Apr 2011,
ODI,MS Dhoni,21*,20,11,2,0,190.9,1,,v Bangladesh,Mirpur,16 Mar 2012,
ODI,RA Jadeja,21*,31,27,2,0,77.77,2,,v England,Mohali,23 Jan 2013,
ODI,KD Karthik,21*,28,27,3,0,77.77,2,,v Afghanistan,Mirpur,5 Mar 2014,
ODI,N Kapil Dev,21,32,19,0,0,110.52,1,,v New Zealand,Melbourne,10 Jan 1981,
ODI,RMH Binny,21,81,66,3,0,31.81,1,,v Australia,Melbourne,11 Jan 1981,
ODI,AO Malhotra,21,-,14,3,0,150.0,2,,v West Indies,Port of Spain,9 Mar 1983,
ODI,M Amarnath,21,-,60,-,-,35.0,1,,v West Indies,Manchester,9 Jun 1983,
ODI,SM Patil,21,-,31,-,-,67.74,2,,v West Indies,The Oval,15 Jun 1983,
ODI,RMH Binny,21,-,32,2,0,65.62,1,,v Australia,Chelmsford,20 Jun 1983,
ODI,KBJ Azad,21,-,23,1,2,91.3,1,,v West Indies,Srinagar,13 Oct 1983,
ODI,RJ Shastri,21,-,43,1,0,48.83,1,,v Pakistan,Pune,22 Mar 1987,
ODI,M Azharuddin,21,60,57,1,0,36.84,1,,v New Zealand,Bengaluru,14 Oct 1987,
ODI,RJ Shastri,21,-,32,2,0,65.62,2,,v England,Wankhede,5 Nov 1987,
ODI,M Amarnath,21,-,46,1,0,45.65,2,,v West Indies,Ahmedabad,7 Jan 1988,
ODI,N Kapil Dev,21,-,26,0,1,80.76,2,,v West Indies,Ahmedabad,7 Jan 1988,
ODI,WV Raman,21,-,60,1,0,35.0,1,,v Sri Lanka,Sharjah,25 Mar 1988,
ODI,NS Sidhu,21,-,32,3,0,65.62,2,,v West Indies,Bridgetown,7 Mar 1989,
ODI,KS More,21,-,16,2,0,131.25,2,,v Pakistan,Sharjah,20 Oct 1989,
ODI,M Azharuddin,21,-,19,2,0,110.52,2,,v Pakistan,Gujranwala,18 Dec 1989,
ODI,M Prabhakar,21,41,34,3,0,61.76,2,,v Australia,Christchurch,3 Mar 1990,
ODI,NS Sidhu,21,-,32,3,0,65.62,2,,v Pakistan,Sharjah,25 Oct 1991,
ODI,SR Tendulkar,21,38,35,3,0,60.0,1,,v Australia,Adelaide,15 Dec 1991,
ODI,N Kapil Dev,21,26,21,3,0,100.0,2,,v Australia,Brisbane,1 Mar 1992,
ODI,SR Tendulkar,21,-,44,1,0,47.72,1,,v South Africa,Johannesburg,13 Dec 1992,
ODI,M Prabhakar,21,-,48,0,0,43.75,2,,v South Africa,Durban,17 Dec 1992,
ODI,SR Tendulkar,21,-,38,3,0,55.26,2,,v South Africa,East London,19 Dec 1992,
ODI,SR Tendulkar,21,-,39,1,0,53.84,1,,v Sri Lanka,Colombo (RPS),25 Jul 1993,
ODI,VG Kambli,21,44,30,3,0,70.0,2,,v New Zealand,Auckland,27 Mar 1994,
ODI,AC Bedade,21,23,21,0,1,100.0,1,,v Sri Lanka,Colombo (RPS),5 Sep 1994,
ODI,A Jadeja,21,46,42,1,0,50.0,2,,v West Indies,Chennai,23 Oct 1994,
ODI,R Dravid,21,57,40,0,0,52.5,1,,v South Africa,Rajkot,29 Oct 1996,
ODI,A Kumble,21,48,34,2,0,61.76,1,,v Zimbabwe,Bulawayo,15 Feb 1997,
ODI,SR Tendulkar,21,49,28,3,0,75.0,1,,v Sri Lanka,Colombo (RPS),18 Jul 1997,
ODI,SR Tendulkar,21,24,18,2,1,116.66,2,,v Pakistan,Karachi,30 Sep 1997,
ODI,NR Mongia,21,54,39,1,0,53.84,2,,v Kenya,Gwalior,28 May 1998,
ODI,AB Agarkar,21,40,40,1,0,52.5,2,,v Pakistan,Toronto,19 Sep 1998,
ODI,A Jadeja,21,30,27,1,0,77.77,1,,v England,Sharjah,9 Apr 1999,
ODI,N Chopra,21,-,52,1,0,40.38,2,,v West Indies,Toronto,12 Sep 1999,
ODI,SC Ganguly,21,-,38,2,1,55.26,1,,v Kenya,Nairobi (Gym),29 Sep 1999,
ODI,RR Singh,21,29,24,0,1,87.5,1,,v Pakistan,Adelaide,25 Jan 2000,
ODI,SR Tendulkar,21,39,31,3,0,67.74,2,,v South Africa,Jamshedpur,12 Mar 2000,
ODI,RR Singh,21,75,38,2,0,55.26,2,,v Pakistan,Dhaka,3 Jun 2000,
ODI,AB Agarkar,21,29,25,1,0,84.0,2,,v Pakistan,Dhaka,3 Jun 2000,
ODI,R Dravid,21,42,36,2,0,58.33,2,,v Sri Lanka,Colombo (RPS),5 Aug 2001,
ODI,RS Sodhi,21,38,25,2,1,84.0,2,,v Kenya,Gqeberha,17 Oct 2001,
ODI,D Mongia,21,41,26,2,1,80.76,2,,v England,Chennai,25 Jan 2002,
ODI,V Sehwag,21,44,36,3,0,58.33,2,,v West Indies,Bridgetown,29 May 2002,
ODI,R Dravid,21,71,50,2,0,42.0,2,,v New Zealand,Auckland,11 Jan 2003,
ODI,A Kumble,21,106,70,4,0,30.0,1,,v New Zealand,Hamilton,14 Jan 2003,
ODI,V Sehwag,21,28,14,3,1,150.0,2,,v Pakistan,Centurion,1 Mar 2003,
ODI,VVS Laxman,21,41,36,4,0,58.33,2,,v Australia,Wankhede,1 Nov 2003,
ODI,Yuvraj Singh,21,30,21,3,0,100.0,1,,v Australia,Melbourne,6 Feb 2004,
ODI,SC Ganguly,21,23,15,2,1,140.0,2,,v Pakistan,Lahore,21 Mar 2004,
ODI,Yuvraj Singh,21,53,33,4,0,63.63,1,,v Bangladesh,Chattogram,23 Dec 2004,
ODI,V Sehwag,21,31,26,3,0,80.76,2,,v Pakistan,Delhi,17 Apr 2005,
ODI,IK Pathan,21,40,32,2,0,65.62,1,,v Sri Lanka,Dambulla,30 Jul 2005,
ODI,AB Agarkar,21,33,27,2,0,77.77,1,,v South Africa,Hyderabad,16 Nov 2005,
ODI,G Gambhir,21,28,20,5,0,105.0,2,,v Pakistan,Multan,16 Feb 2006,
ODI,SK Raina,21,65,38,0,0,55.26,2,,v England,Kochi,6 Apr 2006,
ODI,AB Agarkar,21,-,34,0,0,61.76,2,,v West Indies,Port of Spain,28 May 2006,
ODI,M Kaif,21,45,37,2,0,56.75,2,,v Australia,Kuala Lumpur,22 Sep 2006,
ODI,Yuvraj Singh,21,50,31,4,0,67.74,2,,v Sri Lanka,Margao,14 Feb 2007,
ODI,G Gambhir,21,26,17,4,0,123.52,2,,v Bangladesh,Mirpur,10 May 2007,
ODI,V Sehwag,21,34,26,1,1,80.76,1,,v Bangladesh,Mirpur,12 May 2007,
ODI,MS Dhoni,21,31,18,3,0,116.66,1,,v England,Bristol,24 Aug 2007,
ODI,SR Tendulkar,21,52,36,4,0,58.33,2,,v Australia,Wankhede,17 Oct 2007,
ODI,IK Pathan,21,51,40,0,1,52.5,1,,v Australia,Brisbane,3 Feb 2008,
ODI,G Gambhir,21,50,43,2,0,48.83,2,,v Australia,Melbourne,10 Feb 2008,
ODI,YK Pathan,21,33,28,2,0,75.0,1,,v Sri Lanka,Colombo (RPS),31 Jan 2009,
ODI,M Vijay,21,74,56,0,0,37.5,1,,v Zimbabwe,Harare,3 Jun 2010,
ODI,SK Raina,21,56,35,2,0,60.0,2,,v Sri Lanka,Dambulla,16 Aug 2010,
ODI,SK Raina,21,54,36,1,1,58.33,1,,v England,The Oval,9 Sep 2011,
ODI,RA Jadeja,21,27,21,2,0,100.0,1,,v England,Eden Gardens,25 Oct 2011,
ODI,RG Sharma,21,31,26,1,0,80.76,1,,v West Indies,Chennai,11 Dec 2011,
ODI,RG Sharma,21,34,21,2,0,100.0,2,,v Australia,Melbourne,5 Feb 2012,
ODI,V Kohli,21,36,27,2,0,77.77,2,,v Australia,Sydney,26 Feb 2012,
ODI,R Ashwin,21,19,15,3,0,140.0,1,,v Sri Lanka,Hambantota,24 Jul 2012,
ODI,MK Tiwary,21,48,38,2,0,55.26,2,,v Sri Lanka,Colombo (RPS),31 Jul 2012,
ODI,RG Sharma,21,57,29,1,1,72.41,2,,v Bangladesh,Fatullah,26 Feb 2014,
ODI,RG Sharma,21,21,19,4,0,110.52,1,,v South Africa,Chennai,22 Oct 2015,
ODI,MS Dhoni,21,41,24,1,1,87.5,2,,v New Zealand,Dharamsala,16 Oct 2016,
ODI,S Dhawan,21,42,22,4,0,95.45,2,,v Pakistan,The Oval,18 Jun 2017,
ODI,V Kohli,21,23,21,3,0,100.0,2,,v Australia,Bengaluru,28 Sep 2017,
ODI,HH Pandya,21,-,22,1,0,95.45,2,,v England,Lord's,14 Jul 2018,
ODI,KD Karthik,21,26,22,3,0,95.45,1,,v England,Leeds,17 Jul 2018,
ODI,HH Pandya,21,29,21,2,0,100.0,1,,v England,Leeds,17 Jul 2018,
ODI,B Kumar,21,54,35,1,0,60.0,1,,v England,Leeds,17 Jul 2018,
ODI,B Kumar,21,-,31,1,1,67.74,2,,v Bangladesh,Dubai (DICS),28 Sep 2018,
ODI,S Dhawan,21,-,29,4,0,72.41,1,,v Australia,Nagpur,5 Mar 2019,
ODI,RA Jadeja,21,-,40,0,0,52.5,1,,v Australia,Nagpur,5 Mar 2019,
ODI,RA Jadeja,21,-,21,2,0,100.0,1,,v West Indies,Chennai,15 Dec 2019,
ODI,V Kohli,21,-,21,2,1,100.0,2,,v Australia,Sydney,27 Nov 2020,
ODI,AR Patel,21,32,21,1,1,100.0,1,,v West Indies,Port of Spain,22 Jul 2022,
ODI,Shubman Gill,21,25,12,5,0,175.0,2,,v Sri Lanka,Eden Gardens,12 Jan 2023,
ODI,AR Patel,21,28,21,1,1,100.0,2,,v Sri Lanka,Eden Gardens,12 Jan 2023,
ODI,KL Rahul,21,34,19,2,0,110.52,1,,v Sri Lanka,Wankhede,2 Nov 2023,
ODI,KL Rahul,21,47,35,2,0,60.0,1,,v South Africa,Paarl,21 Dec 2023,
ODI,C Sharma,20*,-,16,2,0,125.0,2,,v Pakistan,Quetta,12 Oct 1984,
ODI,C Sharma,20*,17,11,2,0,181.81,1,,v New Zealand,Melbourne,23 Jan 1986,
ODI,R Lamba,20*,55,36,2,0,55.55,2,,v Australia,Hyderabad (Deccan),24 Sep 1986,
ODI,KS More,20*,-,35,2,0,57.14,2,,v West Indies,Georgetown,21 Mar 1989,
ODI,C Sharma,20*,37,23,1,1,86.95,2,,v Australia,Bengaluru,27 Oct 1989,
ODI,N Kapil Dev,20*,45,40,1,0,50.0,2,,v Australia,Melbourne,18 Jan 1992,
ODI,NR Mongia,20*,32,22,2,0,90.9,1,,v England,Sharjah,9 Apr 1999,
ODI,IK Pathan,20*,23,12,3,0,166.66,1,,v Pakistan,Lahore,24 Mar 2004,
ODI,Harbhajan Singh,20*,48,43,1,0,46.51,2,,v Pakistan,Delhi,17 Apr 2005,
ODI,Harbhajan Singh,20*,31,23,1,1,86.95,1,,v Sri Lanka,Dambulla,30 Jul 2005,
ODI,YK Pathan,20*,15,10,2,1,200.0,1,,v New Zealand,Napier,3 Mar 2009,
ODI,B Kumar,20*,28,16,2,0,125.0,2,,v England,Rajkot,11 Jan 2013,
ODI,Harbhajan Singh,20*,21,17,1,0,117.64,2,,v South Africa,Rajkot,18 Oct 2015,
ODI,HH Pandya,20*,8,6,0,3,333.33,1,,v Pakistan,Birmingham,4 Jun 2017,
ODI,RA Jadeja,20*,-,16,1,0,125.0,1,,v Australia,Rajkot,17 Jan 2020,
ODI,SM Gavaskar,20,-,23,3,0,86.95,1,,v England,The Oval,15 Jul 1974,
ODI,SS Naik,20,-,39,1,0,51.28,1,,v England,The Oval,15 Jul 1974,
ODI,S Madan Lal,20,52,44,4,0,45.45,1,,v New Zealand,Manchester,14 Jun 1975,
ODI,KD Ghavri,20,32,22,2,0,90.9,1,,v New Zealand,Leeds,13 Jun 1979,
ODI,N Kapil Dev,20,69,35,1,0,57.14,2,,v Australia,Sydney,15 Jan 1981,
ODI,SM Patil,20,24,26,2,0,76.92,2,,v New Zealand,Hamilton,15 Feb 1981,
ODI,Yashpal Sharma,20,-,59,1,1,33.89,1,,v England,Leeds,2 Jun 1982,
ODI,N Kapil Dev,20,-,18,1,1,111.11,1,,v Pakistan,Karachi,21 Jan 1983,
ODI,K Srikkanth,20,-,27,0,0,74.07,2,,v Zimbabwe,Leicester,11 Jun 1983,
ODI,GAHM Parkar,20,-,31,-,-,64.51,1,,v Pakistan,Sialkot,31 Oct 1984,
ODI,SM Gavaskar,20,60,50,2,0,40.0,2,,v Australia,Sharjah,29 Mar 1985,
ODI,K Srikkanth,20,22,16,0,1,125.0,2,,v Australia,Sydney,21 Jan 1986,
ODI,RJ Shastri,20,-,14,-,-,142.85,1,,v Sri Lanka,Vadodara,15 Jan 1987,
ODI,RJ Shastri,20,-,57,1,0,35.08,2,,v West Indies,Nagpur,8 Dec 1987,
ODI,M Amarnath,20,-,25,2,0,80.0,1,,v West Indies,Sharjah,21 Oct 1988,
ODI,M Amarnath,20,-,38,3,0,52.63,1,,v West Indies,Sharjah,13 Oct 1989,
ODI,RJ Shastri,20,-,25,0,1,80.0,2,,v West Indies,Delhi,23 Oct 1989,
ODI,M Amarnath,20,-,36,1,0,55.55,2,,v Pakistan,Eden Gardens,28 Oct 1989,
ODI,SR Tendulkar,20,-,25,1,0,80.0,2,,v Pakistan,Sharjah,27 Apr 1990,
ODI,M Azharuddin,20,-,47,2,0,42.55,1,,v Sri Lanka,Margao,8 Dec 1990,
ODI,PK Amre,20,66,50,0,0,40.0,1,,v West Indies,W.A.C.A,6 Dec 1991,
ODI,KS More,20,31,27,2,0,74.07,1,,v Australia,Adelaide,15 Dec 1991,
ODI,PK Amre,20,40,41,0,0,48.78,2,,v Australia,Melbourne,18 Jan 1992,
ODI,A Jadeja,20,-,55,2,0,36.36,2,,v South Africa,Centurion,11 Dec 1992,
ODI,AK Sharma,20,-,39,0,0,51.28,1,,v Sri Lanka,Moratuwa,14 Aug 1993,
ODI,M Prabhakar,20,-,33,3,0,60.6,2,,v Sri Lanka,Kanpur,7 Nov 1993,
ODI,V Yadav,20,-,26,2,0,76.92,2,,v West Indies,Ahmedabad,16 Nov 1993,
ODI,M Prabhakar,20,69,41,2,0,48.78,1,,v Australia,Colombo (RPS),9 Sep 1994,
ODI,RK Chauhan,20,14,22,2,0,90.9,2,,v West Indies,Faridabad,17 Oct 1994,
ODI,M Azharuddin,20,44,37,1,0,54.05,2,,v South Africa,Hamilton,18 Feb 1995,
ODI,M Prabhakar,20,52,31,3,0,64.51,2,,v New Zealand,Pune,24 Nov 1995,
ODI,NR Mongia,20,33,29,0,0,68.96,2,,v New Zealand,Nagpur,26 Nov 1995,
ODI,SV Manjrekar,20,42,43,0,0,46.51,1,,v Pakistan,Bengaluru,9 Mar 1996,
ODI,NS Sidhu,20,58,41,0,0,48.78,1,,v England,Leeds,25 May 1996,
ODI,SR Tendulkar,20,-,23,3,0,86.95,1,,v Pakistan,Toronto,17 Sep 1996,
ODI,A Jadeja,20,-,80,0,0,25.0,2,,v Pakistan,Toronto,23 Sep 1996,
ODI,R Dravid,20,-,39,0,0,51.28,2,,v Pakistan,Toronto,23 Sep 1996,
ODI,SB Joshi,20,40,28,2,0,71.42,1,,v South Africa,Rajkot,29 Oct 1996,
ODI,A Jadeja,20,34,33,0,2,60.6,1,,v Pakistan,Toronto,18 Sep 1997,
ODI,RR Singh,20,90,48,1,0,41.66,1,,v Pakistan,Hyderabad (Sind),28 Sep 1997,
ODI,SS Karim,20,64,47,0,0,42.55,1,,v Pakistan,Lahore,2 Oct 1997,
ODI,A Kumble,20,28,20,0,1,100.0,2,,v Kenya,Gwalior,28 May 1998,
ODI,R Dravid,20,75,54,1,0,37.03,1,,v West Indies,Dhaka,31 Oct 1998,
ODI,N Chopra,20,17,21,0,2,95.23,2,,v Pakistan,Jaipur,24 Mar 1999,
ODI,AB Agarkar,20,54,43,1,0,46.51,1,,v Pakistan,Sharjah,16 Apr 1999,
ODI,S Ramesh,20,57,41,2,0,48.78,1,,v England,Birmingham,29 May 1999,
ODI,S Ramesh,20,48,31,2,0,64.51,1,,v Pakistan,Manchester,8 Jun 1999,
ODI,J Srinath,20,35,18,2,0,111.11,2,,v South Africa,Nagpur,19 Mar 2000,
ODI,M Azharuddin,20,85,46,1,0,43.47,2,,v Pakistan,Sharjah,26 Mar 2000,
ODI,A Jadeja,20,40,26,2,0,76.92,2,,v Pakistan,Sharjah,26 Mar 2000,
ODI,AB Agarkar,20,50,37,0,0,54.05,2,,v Pakistan,Sharjah,26 Mar 2000,
ODI,V Dahiya,20,-,34,1,0,58.82,2,,v Zimbabwe,Sharjah,26 Oct 2000,
ODI,SC Ganguly,20,60,51,3,0,39.21,2,,v West Indies,Bulawayo,30 Jun 2001,
ODI,A Kumble,20,28,26,1,0,76.92,2,,v England,Cuttack,22 Jan 2002,
ODI,D Mongia,20,40,33,2,0,60.6,2,,v England,Delhi,31 Jan 2002,
ODI,M Kaif,20,41,36,2,0,55.55,2,,v England,Wankhede,3 Feb 2002,
ODI,VVS Laxman,20,30,24,3,0,83.33,1,,v Zimbabwe,Kochi,13 Mar 2002,
ODI,R Dravid,20,38,34,1,0,58.82,1,,v West Indies,Port of Spain,2 Jun 2002,
ODI,D Mongia,20,-,31,1,0,64.51,2,,v West Indies,Vijayawada,24 Nov 2002,
ODI,R Dravid,20,79,51,2,0,39.21,1,,v New Zealand,Auckland,26 Dec 2002,
ODI,VVS Laxman,20,60,39,3,0,51.28,2,,v New Zealand,Napier,29 Dec 2002,
ODI,R Dravid,20,69,59,2,0,33.89,1,,v New Zealand,Christchurch,1 Jan 2003,
ODI,AB Agarkar,20,43,23,0,1,86.95,1,,v Bangladesh,Dhaka,11 Apr 2003,
ODI,M Kaif,20,28,28,1,1,71.42,2,,v Bangladesh,Dhaka,16 Apr 2003,
ODI,Yuvraj Singh,20,24,16,3,0,125.0,2,,v Australia,Bengaluru,12 Nov 2003,
ODI,IK Pathan,20,32,24,2,1,83.33,1,,v Australia,W.A.C.A,1 Feb 2004,
ODI,VVS Laxman,20,23,18,4,0,111.11,2,,v Pakistan,Lahore,21 Mar 2004,
ODI,V Sehwag,20,26,22,4,0,90.9,1,,v Pakistan,Lahore,24 Mar 2004,
ODI,RS Gavaskar,20,48,49,0,0,40.81,1,,v England,Nottingham,1 Sep 2004,
ODI,Z Khan,20,25,12,3,0,166.66,1,,v Sri Lanka,Dambulla,30 Jul 2005,
ODI,MS Dhoni,20,35,27,1,0,74.07,1,,v Sri Lanka,Dambulla,3 Aug 2005,
ODI,SC Ganguly,20,-,28,3,0,71.42,1,,v Zimbabwe,Harare,29 Aug 2005,
ODI,Yuvraj Singh,20,29,32,1,0,62.5,1,,v New Zealand,Harare,6 Sep 2005,
ODI,V Sehwag,20,32,25,4,0,80.0,1,,v Sri Lanka,Nagpur,25 Oct 2005,
ODI,MS Dhoni,20,55,28,2,0,71.42,1,,v England,Delhi,28 Mar 2006,
ODI,R Dravid,20,64,29,3,0,68.96,1,,v Pakistan,Abu Dhabi,18 Apr 2006,
ODI,Z Khan,20,19,28,1,2,71.42,2,,v England,Southampton,21 Aug 2007,
ODI,Z Khan,20,20,19,3,0,105.26,1,,v England,Manchester,30 Aug 2007,
ODI,Harbhajan Singh,20,16,11,3,0,181.81,2,,v Australia,Sydney,24 Feb 2008,
ODI,RV Uthappa,20,43,41,2,0,48.78,2,,v Sri Lanka,Karachi,6 Jul 2008,
ODI,Yuvraj Singh,20,40,32,4,0,62.5,2,,v Sri Lanka,Dambulla,20 Aug 2008,
ODI,SR Tendulkar,20,43,23,2,0,86.95,1,,v New Zealand,Napier,3 Mar 2009,
ODI,RA Jadeja,20,60,44,2,0,45.45,2,,v New Zealand,Dambulla,10 Aug 2010,
ODI,Yuvraj Singh,20,38,28,1,1,71.42,2,,v New Zealand,Bengaluru,7 Dec 2010,
ODI,SK Raina,20,41,36,0,0,55.55,2,,v South Africa,Gqeberha,21 Jan 2011,
ODI,AM Rahane,20,-,37,1,0,54.05,2,,v England,Wankhede,23 Oct 2011,
ODI,V Sehwag,20,55,29,3,0,68.96,2,,v West Indies,Cuttack,29 Nov 2011,
ODI,V Kohli,20,21,30,3,0,66.66,2,,v West Indies,Ahmedabad,5 Dec 2011,
ODI,V Sehwag,20,38,21,3,0,95.23,2,,v Australia,Adelaide,12 Feb 2012,
ODI,RG Sharma,20,57,40,2,0,50.0,2,,v Zimbabwe,Harare,24 Jul 2013,
ODI,RG Sharma,20,42,34,2,1,58.82,2,,v New Zealand,Hamilton,22 Jan 2014,
ODI,AT Rayudu,20,44,40,2,0,50.0,2,,v New Zealand,Wellington,31 Jan 2014,
ODI,B Kumar,20,31,25,1,0,80.0,2,,v New Zealand,Wellington,31 Jan 2014,
ODI,KM Jadhav,20,28,24,3,0,83.33,2,,v Sri Lanka,Ranchi,16 Nov 2014,
ODI,AM Rahane,20,45,39,3,0,51.28,1,,v New Zealand,Visakhapatnam,29 Oct 2016,
ODI,HH Pandya,20,-,21,1,1,95.23,2,,v West Indies,North Sound,2 Jul 2017,
ODI,HH Pandya,20,56,26,2,0,76.92,1,,v Australia,Eden Gardens,21 Sep 2017,
ODI,B Kumar,20,39,33,1,0,60.6,1,,v Australia,Eden Gardens,21 Sep 2017,
ODI,RG Sharma,20,27,18,0,2,111.11,1,,v New Zealand,Wankhede,22 Oct 2017,
ODI,RG Sharma,20,25,30,2,1,66.66,2,,v South Africa,Durban,1 Feb 2018,
ODI,MS Dhoni,20,31,25,0,1,80.0,1,,v West Indies,Visakhapatnam,24 Oct 2018,
ODI,V Kohli,20,-,22,2,0,90.9,2,,v Australia,Delhi,13 Mar 2019,
ODI,RR Pant,20,27,35,2,0,57.14,1,,v West Indies,Port of Spain,11 Aug 2019,
ODI,PP Shaw,20,37,21,3,0,95.23,1,,v New Zealand,Hamilton,5 Feb 2020,
ODI,Ishan Kishan,20,59,37,3,0,54.05,2,,v South Africa,Lucknow,6 Oct 2022,
ODI,AR Patel,20,24,17,1,1,117.64,1,,v Bangladesh,Chattogram,10 Dec 2022,
ODI,Shubman Gill,20,57,31,3,0,64.51,2,,v Australia,Wankhede,17 Mar 2023,
ODI,V Kohli,20,29,18,4,0,111.11,2,,v Sri Lanka,Colombo (RPS),7 Aug 2024,
ODI,RG Sharma,20,22,15,3,1,133.33,2,,v Pakistan,Dubai (DICS),23 Feb 2025,
ODI,K Nitish Kumar Reddy,20,33,21,0,1,95.23,1,,v New Zealand,Rajkot,14 Jan 2026,
ODI,S Madan Lal,19*,-,13,-,-,146.15,1,,v West Indies,Indore,1 Dec 1983,
ODI,C Sharma,19*,32,19,1,0,100.0,2,,v Australia,Sydney,5 Feb 1986,
ODI,SV Manjrekar,19*,-,19,3,0,100.0,1,,v West Indies,Rajkot,5 Jan 1988,
ODI,M Amarnath,19*,-,41,0,0,46.34,2,,v Bangladesh,Chattogram,27 Oct 1988,
ODI,CS Pandit,19*,29,24,0,0,79.16,1,,v New Zealand,Indore,15 Dec 1988,
ODI,M Azharuddin,19*,-,17,1,0,111.76,2,,v West Indies,Sharjah,22 Oct 1991,
ODI,M Prabhakar,19*,-,18,1,0,105.55,2,,v Pakistan,Sharjah,23 Oct 1991,
ODI,A Kumble,19*,52,33,0,0,57.57,2,,v England,Gwalior,4 Mar 1993,
ODI,V Yadav,19*,33,23,1,0,82.6,1,,v Zimbabwe,Faridabad,19 Mar 1993,
ODI,NR Mongia,19*,-,14,3,0,135.71,1,,v Australia,Mohali,3 Nov 1996,
ODI,RR Singh,19*,29,23,2,0,82.6,1,,v Sri Lanka,Margao,28 Dec 1997,
ODI,A Jadeja,19*,29,15,1,1,126.66,1,,v Sri Lanka,Colombo (SSC),29 Aug 1999,
ODI,AB Agarkar,19*,33,16,3,0,118.75,2,,v Zimbabwe,Cuttack,2 Dec 2000,
ODI,Y Venugopal Rao,19*,40,39,1,1,48.71,2,,v Sri Lanka,Jaipur,31 Oct 2005,
ODI,Harbhajan Singh,19*,38,22,1,1,86.36,2,,v Australia,Hyderabad,5 Oct 2007,
ODI,RP Singh,19*,46,25,2,0,76.0,2,,v Sri Lanka,Colombo (RPS),12 Sep 2009,
ODI,KD Karthik,19*,-,22,1,0,86.36,2,,v Sri Lanka,Eden Gardens,24 Dec 2009,
ODI,MS Dhoni,19*,56,40,2,0,47.5,2,,v Netherlands,Delhi,9 Mar 2011,
ODI,HH Pandya,19*,23,9,2,1,211.11,1,,v England,Cuttack,19 Jan 2017,
ODI,B Kumar,19*,26,20,2,0,95.0,1,,v South Africa,Gqeberha,13 Feb 2018,
ODI,KM Jadhav,19*,20,12,1,1,158.33,2,,v West Indies,Port of Spain,14 Aug 2019,
ODI,B Kumar,19*,62,28,2,0,67.85,2,,v Sri Lanka,Colombo (RPS),20 Jul 2021,
ODI,KL Rahul,19*,33,29,2,0,65.51,2,,v Pakistan,Ahmedabad,14 Oct 2023,
ODI,K Nitish Kumar Reddy,19*,13,11,0,2,172.72,1,,v Australia,Perth,19 Oct 2025,
ODI,KBJ Azad,19,29,24,2,0,79.16,2,,v Australia,Sydney,15 Jan 1981,
ODI,KBJ Azad,19,40,21,3,0,90.47,2,,v New Zealand,Brisbane,18 Jan 1981,
ODI,RJ Shastri,19,-,28,2,0,67.85,1,,v England,Ahmedabad,25 Nov 1981,
ODI,SM Gavaskar,19,-,44,-,-,43.18,1,,v West Indies,Manchester,9 Jun 1983,
ODI,K Srikkanth,19,66,44,3,0,43.18,2,,v England,Manchester,22 Jun 1983,
ODI,K Srikkanth,19,-,45,-,-,42.22,1,,v West Indies,Vadodara,9 Nov 1983,
ODI,RMH Binny,19,-,57,0,0,33.33,2,,v Pakistan,Quetta,12 Oct 1984,
ODI,DB Vengsarkar,19,80,63,1,0,30.15,1,,v Australia,Brisbane,12 Jan 1986,
ODI,K Srikkanth,19,-,20,2,0,95.0,2,,v Sri Lanka,Guwahati,11 Jan 1987,
ODI,N Kapil Dev,19,-,27,1,0,70.37,1,,v Pakistan,Sharjah,10 Apr 1987,
ODI,RJ Shastri,19,-,39,0,0,48.71,2,,v West Indies,Ahmedabad,7 Jan 1988,
ODI,K Srikkanth,19,-,24,2,0,79.16,2,,v Pakistan,Sharjah,19 Oct 1988,
ODI,M Azharuddin,19,-,28,1,0,67.85,1,,v West Indies,Port of Spain,9 Mar 1989,
ODI,M Azharuddin,19,-,21,4,0,90.47,2,,v West Indies,Georgetown,21 Mar 1989,
ODI,N Kapil Dev,19,-,35,4,0,54.28,1,,v West Indies,Wankhede,30 Oct 1989,
ODI,K Srikkanth,19,-,34,0,0,55.88,1,,v Sri Lanka,Sharjah,25 Apr 1990,
ODI,SR Tendulkar,19,38,35,1,1,54.28,2,,v England,Leeds,18 Jul 1990,
ODI,M Azharuddin,19,-,24,1,0,79.16,1,,v South Africa,Gwalior,12 Nov 1991,
ODI,M Prabhakar,19,34,24,1,0,79.16,1,,v Zimbabwe,Harare,25 Oct 1992,
ODI,PK Amre,19,11,13,3,0,146.15,1,,v England,Jamshedpur,1 Mar 1993,
ODI,NS Sidhu,19,43,27,3,0,70.37,2,,v England,Gwalior,5 Mar 1993,
ODI,VG Kambli,19,-,44,1,0,43.18,1,,v Sri Lanka,Moratuwa,14 Aug 1993,
ODI,VG Kambli,19,37,32,2,0,59.37,1,,v New Zealand,Christchurch,2 Apr 1994,
ODI,A Jadeja,19,59,45,2,0,42.22,1,,v Pakistan,Sharjah,15 Apr 1994,
ODI,AR Kapoor,19,-,33,1,0,57.57,2,,v Pakistan,Toronto,21 Sep 1996,
ODI,BKV Prasad,19,-,19,0,2,100.0,2,,v Pakistan,Toronto,23 Sep 1996,
ODI,A Jadeja,19,41,29,0,0,65.51,1,,v South Africa,East London,4 Feb 1997,
ODI,A Jadeja,19,61,57,2,0,33.33,1,,v West Indies,Port of Spain,26 Apr 1997,
ODI,NR Mongia,19,36,19,1,1,100.0,2,,v Australia,Sharjah,19 Apr 1998,
ODI,BKV Prasad,19,30,20,1,0,95.0,2,,v Kenya,Gwalior,28 May 1998,
ODI,SB Joshi,19,8,7,3,1,271.42,1,,v Pakistan,Toronto,20 Sep 1998,
ODI,AB Agarkar,19,21,15,3,0,126.66,2,,v Zimbabwe,Harare,30 Sep 1998,
ODI,J Srinath,19,18,15,1,1,126.66,2,,v New Zealand,Rajkot,5 Nov 1999,
ODI,RR Singh,19,44,30,0,0,63.33,1,,v Australia,Nairobi (Gym),7 Oct 2000,
ODI,SB Joshi,19,-,13,0,1,146.15,1,,v Zimbabwe,Sharjah,22 Oct 2000,
ODI,V Sehwag,19,18,24,0,1,79.16,1,,v Zimbabwe,Rajkot,14 Dec 2000,
ODI,SB Joshi,19,33,23,2,0,82.6,1,,v Australia,Pune,28 Mar 2001,
ODI,Yuvraj Singh,19,22,21,2,0,90.47,1,,v Australia,Margao,6 Apr 2001,
ODI,RS Sodhi,19,18,20,1,0,95.0,2,,v Sri Lanka,Colombo (RPS),22 Jul 2001,
ODI,D Dasgupta,19,41,37,1,0,51.35,2,,v Kenya,Gqeberha,17 Oct 2001,
ODI,SR Tendulkar,19,35,25,3,0,76.0,2,,v Sri Lanka,Birmingham,6 Jul 2002,
ODI,M Kaif,19,34,21,2,0,90.47,1,,v South Africa,Colombo (RPS),25 Sep 2002,
ODI,Sarandeep Singh,19,-,28,3,0,67.85,2,,v West Indies,Vijayawada,24 Nov 2002,
ODI,SC Ganguly,19,60,38,2,0,50.0,1,,v England,Durban,26 Feb 2003,
ODI,M Kaif,19,34,24,1,0,79.16,1,,v Sri Lanka,Johannesburg,10 Mar 2003,
ODI,Sarandeep Singh,19,22,20,3,0,95.0,1,,v South Africa,Dhaka,18 Apr 2003,
ODI,PA Patel,19,39,29,3,0,65.51,1,,v Zimbabwe,Brisbane,20 Jan 2004,
ODI,IK Pathan,19,23,19,0,1,100.0,1,,v Australia,Melbourne,6 Feb 2004,
ODI,Yuvraj Singh,19,30,20,2,0,95.0,2,,v Pakistan,Rawalpindi,16 Mar 2004,
ODI,SR Tendulkar,19,46,32,3,0,59.37,1,,v Bangladesh,Chattogram,23 Dec 2004,
ODI,R Dravid,19,24,13,3,0,146.15,1,,v Pakistan,Ahmedabad,12 Apr 2005,
ODI,R Dravid,19,27,29,3,0,65.51,2,,v Pakistan,Delhi,17 Apr 2005,
ODI,SC Ganguly,19,-,21,3,0,90.47,2,,v New Zealand,Harare,2 Sep 2005,
ODI,V Sehwag,19,35,19,1,0,100.0,1,,v Sri Lanka,Ahmedabad,6 Nov 2005,
ODI,SR Tendulkar,19,46,30,3,0,63.33,2,,v Sri Lanka,Rajkot,9 Nov 2005,
ODI,IK Pathan,19,41,34,4,0,55.88,2,,v England,Jaipur,15 Oct 2006,
ODI,SK Raina,19,43,37,1,0,51.35,1,,v West Indies,Ahmedabad,26 Oct 2006,
ODI,V Sehwag,19,16,23,3,0,82.6,2,,v Sri Lanka,Rajkot,11 Feb 2007,
ODI,KD Karthik,19,13,10,2,1,190.0,1,,v South Africa,Belfast,26 Jun 2007,
ODI,MS Dhoni,19,76,60,1,0,31.66,2,,v England,Southampton,21 Aug 2007,
ODI,Harbhajan Singh,19,73,49,1,0,38.77,2,,v Australia,Wankhede,17 Oct 2007,
ODI,RV Uthappa,19,21,17,1,1,111.76,1,,v Pakistan,Kanpur,11 Nov 2007,
ODI,RG Sharma,19,46,31,1,1,61.29,1,,v Sri Lanka,Dambulla,18 Aug 2008,
ODI,SK Raina,19,28,18,2,0,105.55,1,,v Sri Lanka,Harare,5 Jun 2010,
ODI,RA Jadeja,19,77,26,0,1,73.07,1,,v Sri Lanka,Harare,5 Jun 2010,
ODI,V Sehwag,19,31,23,3,0,82.6,2,,v New Zealand,Dambulla,10 Aug 2010,
ODI,R Dravid,19,54,33,3,0,57.57,1,,v England,Lord's,11 Sep 2011,
ODI,PA Patel,19,69,39,0,0,48.71,1,,v England,Cardiff,16 Sep 2011,
ODI,RA Jadeja,19,34,25,0,0,76.0,2,,v Australia,Melbourne,5 Feb 2012,
ODI,IK Pathan,19,52,27,1,1,70.37,2,,v Australia,Brisbane,19 Feb 2012,
ODI,MS Dhoni,19,49,21,2,0,90.47,2,,v England,Mohali,23 Jan 2013,
ODI,R Ashwin,19,32,21,1,1,90.47,1,,v England,Dharamsala,27 Jan 2013,
ODI,MS Dhoni,19,52,22,2,0,86.36,2,,v Australia,Pune,13 Oct 2013,
ODI,R Ashwin,19,18,10,2,1,190.0,1,,v West Indies,Visakhapatnam,24 Nov 2013,
ODI,V Kohli,19,19,18,3,0,105.55,2,,v West Indies,Kanpur,27 Nov 2013,
ODI,R Ashwin,19,23,19,4,0,100.0,2,,v South Africa,Johannesburg,5 Dec 2013,
ODI,RG Sharma,19,34,26,2,0,73.07,2,,v South Africa,Durban,8 Dec 2013,
ODI,MS Dhoni,19,43,31,0,0,61.29,2,,v South Africa,Durban,8 Dec 2013,
ODI,Mohammed Shami,19,26,17,2,1,111.76,2,,v West Indies,Kochi,8 Oct 2014,
ODI,RV Uthappa,19,21,21,2,0,90.47,2,,v Sri Lanka,Ranchi,16 Nov 2014,
ODI,MS Dhoni,19,42,31,2,0,61.29,1,,v Australia,Melbourne,18 Jan 2015,
ODI,AM Rahane,19,40,24,3,0,79.16,2,,v Zimbabwe,Auckland,14 Mar 2015,
ODI,AM Rahane,19,38,37,1,0,51.35,1,,v Bangladesh,Melbourne,19 Mar 2015,
ODI,RA Jadeja,19,42,26,1,0,73.07,1,,v Bangladesh,Mirpur,21 Jun 2015,
ODI,MK Pandey,19,34,25,0,1,76.0,2,,v New Zealand,Delhi,20 Oct 2016,
ODI,HH Pandya,19,-,18,1,1,105.55,1,,v Sri Lanka,Colombo (RPS),31 Aug 2017,
ODI,Kuldeep Yadav,19,44,25,4,0,76.0,1,,v Sri Lanka,Dharamsala,10 Dec 2017,
ODI,KM Jadhav,19,-,26,2,0,73.07,2,,v Afghanistan,Dubai (DICS),25 Sep 2018,
ODI,KL Rahul,19,-,27,2,0,70.37,2,,v Australia,Bengaluru,19 Jan 2020,
ODI,SS Iyer,19,-,21,2,0,90.47,1,,v Australia,Canberra,2 Dec 2020,
ODI,HH Pandya,19,18,17,3,0,111.76,1,,v Sri Lanka,Colombo (RPS),23 Jul 2021,
ODI,RD Gaikwad,19,63,42,1,0,45.23,2,,v South Africa,Lucknow,6 Oct 2022,
ODI,Washington Sundar,19,51,43,0,0,44.18,1,,v Bangladesh,Mirpur,4 Dec 2022,
ODI,SA Yadav,19,30,25,3,1,76.0,2,,v West Indies,Bridgetown,27 Jul 2023,
ODI,Shubman Gill,19,54,25,2,0,76.0,1,,v Sri Lanka,Colombo (RPS),12 Sep 2023,
ODI,KL Rahul,19,58,39,2,0,48.71,2,,v Bangladesh,Colombo (RPS),15 Sep 2023,
ODI,SS Iyer,19,38,25,2,0,76.0,2,,v Bangladesh,Pune,19 Oct 2023,
ODI,SMH Kirmani,18*,-,37,1,0,48.64,1,,v England,Ahmedabad,25 Nov 1981,
ODI,DB Vengsarkar,18*,-,19,1,1,94.73,1,,v West Indies,Albion,29 Mar 1983,
ODI,Yashpal Sharma,18*,-,19,2,0,94.73,2,,v Zimbabwe,Leicester,11 Jun 1983,
ODI,DB Vengsarkar,18*,35,32,0,0,56.25,2,,v Pakistan,Melbourne,10 Mar 1985,
ODI,DB Vengsarkar,18*,60,24,0,0,75.0,2,,v Australia,Jaipur,7 Sep 1986,
ODI,A Kumble,18*,19,14,1,1,128.57,1,,v New Zealand,Christchurch,2 Apr 1994,
ODI,N Chopra,18*,31,16,2,0,112.5,1,,v Australia,Galle,23 Aug 1999,
ODI,R Vijay Bharadwaj,18*,46,34,3,0,52.94,2,,v South Africa,Nairobi (Gym),26 Sep 1999,
ODI,A Kumble,18*,34,25,1,1,72.0,2,,v Sri Lanka,Dhaka,1 Jun 2000,
ODI,DS Mohanty,18*,26,20,1,0,90.0,2,,v West Indies,Harare,7 Jul 2001,
ODI,Harbhajan Singh,18*,26,21,2,0,85.71,1,,v England,Eden Gardens,19 Jan 2002,
ODI,A Kumble,18*,48,36,0,0,50.0,1,,v Zimbabwe,Colombo (RPS),14 Sep 2002,
ODI,R Dravid,18*,22,12,2,0,150.0,1,,v Sri Lanka,Johannesburg,10 Mar 2003,
ODI,RR Powar,18*,21,11,3,0,163.63,2,,v Pakistan,Rawalpindi,16 Mar 2004,
ODI,SK Raina,18*,29,18,1,0,100.0,2,,v Bangladesh,Mirpur,11 Jan 2010,
ODI,RG Sharma,18*,36,24,1,0,75.0,2,,v Afghanistan,Mirpur,5 Mar 2014,
ODI,SK Raina,18*,-,23,0,1,78.26,2,,v Sri Lanka,Hyderabad,9 Nov 2014,
ODI,STR Binny,18*,15,8,2,1,225.0,1,,v Zimbabwe,Harare,14 Jul 2015,
ODI,UT Yadav,18*,45,23,1,0,78.26,2,,v New Zealand,Delhi,20 Oct 2016,
ODI,MS Dhoni,18*,22,21,3,0,85.71,2,,v New Zealand,Pune,25 Oct 2017,
ODI,YS Chahal,18*,42,37,3,0,48.64,1,,v New Zealand,Hamilton,31 Jan 2019,
ODI,SS Naik,18,-,29,2,0,62.06,1,,v England,Leeds,13 Jul 1974,
ODI,SMH Kirmani,18,26,20,2,0,90.0,1,,v New Zealand,Brisbane,21 Dec 1980,
ODI,RMH Binny,18,-,30,3,0,60.0,2,,v New Zealand,Hamilton,15 Feb 1981,
ODI,RJ Shastri,18,-,56,1,0,32.14,1,,v England,Leeds,2 Jun 1982,
ODI,N Kapil Dev,18,-,23,2,1,78.26,2,,v Pakistan,Hyderabad (Deccan),10 Sep 1983,
ODI,RJ Shastri,18,-,38,-,-,47.36,1,,v West Indies,Guwahati,17 Dec 1983,
ODI,CS Pandit,18,-,23,0,0,78.26,1,,v Pakistan,Sharjah,5 Dec 1986,
ODI,M Azharuddin,18,-,33,1,0,54.54,1,,v Pakistan,Hyderabad (Deccan),20 Mar 1987,
ODI,K Srikkanth,18,-,40,3,0,45.0,2,,v West Indies,Bridgetown,7 Mar 1989,
ODI,R Lamba,18,-,21,2,0,85.71,1,,v West Indies,Sharjah,16 Oct 1989,
ODI,M Azharuddin,18,-,18,1,0,100.0,2,,v West Indies,Delhi,23 Oct 1989,
ODI,V Razdan,18,-,19,3,0,94.73,2,,v Pakistan,Lahore,22 Dec 1989,
ODI,PK Amre,18,52,43,0,0,41.86,2,,v West Indies,Melbourne,16 Jan 1992,
ODI,SV Manjrekar,18,40,28,1,0,64.28,2,,v Australia,Melbourne,18 Jan 1992,
ODI,SV Manjrekar,18,37,25,0,0,72.0,1,,v New Zealand,Dunedin,12 Mar 1992,
ODI,M Azharuddin,18,-,35,0,0,51.42,2,,v South Africa,Centurion,11 Dec 1992,
ODI,A Jadeja,18,-,60,3,0,30.0,1,,v South Africa,Johannesburg,13 Dec 1992,
ODI,N Kapil Dev,18,-,25,0,0,72.0,1,,v South Africa,Johannesburg,13 Dec 1992,
ODI,NS Sidhu,18,47,28,1,0,64.28,1,,v England,Jamshedpur,1 Mar 1993,
ODI,A Jadeja,18,39,25,3,0,72.0,2,,v New Zealand,Auckland,27 Mar 1994,
ODI,NR Mongia,18,35,29,1,0,62.06,2,,v Pakistan,Sharjah,7 Apr 1995,
ODI,VG Kambli,18,-,14,1,1,128.57,1,,v Sri Lanka,Colombo (RPS),28 Aug 1996,
ODI,NR Mongia,18,-,35,2,0,51.42,1,,v Pakistan,Toronto,17 Sep 1996,
ODI,AR Kapoor,18,-,19,0,1,94.73,2,,v Pakistan,Toronto,23 Sep 1996,
ODI,RR Singh,18,29,18,0,1,100.0,1,,v South Africa,Gqeberha,2 Feb 1997,
ODI,SC Ganguly,18,49,43,2,0,41.86,1,,v South Africa,Durban,12 Feb 1997,
ODI,A Jadeja,18,27,19,1,1,94.73,2,,v South Africa,Durban,13 Feb 1997,
ODI,R Dravid,18,43,35,0,0,51.42,1,,v Sri Lanka,Colombo (RPS),20 Aug 1997,
ODI,SS Karim,18,37,30,3,0,60.0,1,,v Pakistan,Sharjah,14 Dec 1997,
ODI,HH Kanitkar,18,32,29,1,0,62.06,1,,v Australia,Delhi,14 Apr 1998,
ODI,SR Tendulkar,18,33,25,2,0,72.0,2,,v Kenya,Gwalior,28 May 1998,
ODI,R Dravid,18,41,30,1,0,60.0,2,,v Pakistan,Toronto,13 Sep 1998,
ODI,SR Tendulkar,18,57,28,2,0,64.28,1,,v Sri Lanka,Sharjah,9 Nov 1998,
ODI,SS Karim,18,84,51,1,0,35.29,1,,v Pakistan,Mohali,1 Apr 1999,
ODI,RR Singh,18,42,25,1,0,72.0,1,,v England,Sharjah,11 Apr 1999,
ODI,J Srinath,18,21,12,0,2,150.0,2,,v Zimbabwe,Leicester,19 May 1999,
ODI,BKV Prasad,18,-,14,2,1,128.57,2,,v West Indies,Toronto,12 Sep 1999,
ODI,SB Joshi,18,27,22,2,0,81.81,2,,v South Africa,Nairobi (Gym),3 Oct 1999,
ODI,SR Tendulkar,18,45,28,2,0,64.28,2,,v Australia,Adelaide,26 Jan 2000,
ODI,Yuvraj Singh,18,31,19,2,0,94.73,1,,v New Zealand,Nairobi (Gym),15 Oct 2000,
ODI,VG Kambli,18,-,26,2,0,69.23,1,,v Zimbabwe,Sharjah,22 Oct 2000,
ODI,SC Ganguly,18,-,29,0,0,62.06,1,,v Zimbabwe,Sharjah,22 Oct 2000,
ODI,VVS Laxman,18,46,22,3,0,81.81,2,,v West Indies,Harare,7 Jul 2001,
ODI,RS Sodhi,18,36,25,0,1,72.0,2,,v New Zealand,Colombo (RPS),20 Jul 2001,
ODI,SR Tendulkar,18,20,16,3,0,112.5,2,,v England,Delhi,31 Jan 2002,
ODI,V Sehwag,18,33,21,3,0,85.71,2,,v West Indies,Jodhpur,21 Nov 2002,
ODI,R Dravid,18,35,27,1,0,66.66,2,,v New Zealand,Napier,29 Dec 2002,
ODI,R Dravid,18,65,52,1,0,34.61,1,,v New Zealand,Queenstown,4 Jan 2003,
ODI,G Gambhir,18,38,30,3,0,60.0,1,,v South Africa,Dhaka,13 Apr 2003,
ODI,VVS Laxman,18,33,22,1,0,81.81,2,,v Australia,Bengaluru,12 Nov 2003,
ODI,SC Ganguly,18,33,24,2,1,75.0,1,,v Australia,Brisbane,18 Jan 2004,
ODI,HK Badani,18,43,27,0,1,66.66,2,,v Australia,Sydney,8 Feb 2004,
ODI,Yuvraj Singh,18,22,19,2,0,94.73,1,,v Pakistan,Lahore,24 Mar 2004,
ODI,SR Tendulkar,18,39,25,2,0,72.0,1,,v U.A.E.,Dambulla,16 Jul 2004,
ODI,SR Tendulkar,18,30,21,3,0,85.71,1,,v Sri Lanka,Colombo (RPS),27 Jul 2004,
ODI,L Balaji,18,40,30,1,0,60.0,2,,v England,The Oval,3 Sep 2004,
ODI,SC Ganguly,18,41,33,1,0,54.54,1,,v Pakistan,Ahmedabad,12 Apr 2005,
ODI,Yuvraj Singh,18,38,33,4,0,54.54,1,,v Pakistan,Kanpur,15 Apr 2005,
ODI,Yuvraj Singh,18,48,24,3,0,75.0,2,,v Sri Lanka,Jaipur,31 Oct 2005,
ODI,R Dravid,18,17,14,2,0,128.57,1,,v Pakistan,Peshawar,6 Feb 2006,
ODI,Yuvraj Singh,18,38,20,4,0,90.0,2,,v England,Faridabad,31 Mar 2006,
ODI,MS Dhoni,18,19,11,2,1,163.63,2,,v West Indies,Kingston,18 May 2006,
ODI,R Dravid,18,-,25,3,0,72.0,2,,v West Indies,Port of Spain,28 May 2006,
ODI,MS Dhoni,18,20,13,4,0,138.46,1,,v West Indies,Kuala Lumpur,20 Sep 2006,
ODI,D Mongia,18,45,30,3,0,60.0,1,,v Australia,Mohali,29 Oct 2006,
ODI,R Dravid,18,32,25,3,0,72.0,2,,v South Africa,Durban,22 Nov 2006,
ODI,V Sehwag,18,38,22,3,0,81.81,2,,v South Africa,Gqeberha,29 Nov 2006,
ODI,RV Uthappa,18,30,27,3,0,66.66,2,,v Sri Lanka,Port of Spain,23 Mar 2007,
ODI,SC Ganguly,18,42,24,3,0,75.0,2,,v South Africa,Belfast,1 Jul 2007,
ODI,Yuvraj Singh,18,28,24,1,0,75.0,2,,v England,The Oval,5 Sep 2007,
ODI,IK Pathan,18,35,30,1,0,60.0,2,,v Australia,Melbourne,10 Feb 2008,
ODI,RV Uthappa,18,57,36,1,0,50.0,2,,v Australia,Adelaide,17 Feb 2008,
ODI,IK Pathan,18,28,18,1,0,100.0,1,,v Pakistan,Mirpur,10 Jun 2008,
ODI,RG Sharma,18,30,23,0,0,78.26,1,,v Sri Lanka,Colombo (RPS),27 Aug 2008,
ODI,G Gambhir,18,37,24,2,0,75.0,2,,v Bangladesh,Mirpur,7 Jan 2010,
ODI,YK Pathan,18,-,13,2,1,138.46,1,,v South Africa,Jaipur,21 Feb 2010,
ODI,KD Karthik,18,47,26,3,0,69.23,2,,v Sri Lanka,Bulawayo,30 May 2010,
ODI,V Kohli,18,28,29,1,0,62.06,1,,v Zimbabwe,Harare,3 Jun 2010,
ODI,V Kohli,18,31,27,1,0,66.66,2,,v Pakistan,Dambulla,19 Jun 2010,
ODI,SK Raina,18,24,23,0,1,78.26,1,,v Sri Lanka,Dambulla,22 Jun 2010,
ODI,SR Tendulkar,18,21,14,2,0,128.57,2,,v Sri Lanka,Wankhede,2 Apr 2011,
ODI,R Vinay Kumar,18,67,48,1,0,37.5,2,,v West Indies,Cuttack,29 Nov 2011,
ODI,V Kohli,18,41,28,1,0,64.28,2,,v Australia,Adelaide,12 Feb 2012,
ODI,RA Jadeja,18,29,35,1,0,51.42,2,,v Australia,Brisbane,19 Feb 2012,
ODI,SK Raina,18,47,42,1,0,42.85,2,,v Pakistan,Eden Gardens,3 Jan 2013,
ODI,RG Sharma,18,54,32,2,0,56.25,2,,v Pakistan,Birmingham,15 Jun 2013,
ODI,B Kumar,18,32,27,1,0,66.66,2,,v Australia,Pune,13 Oct 2013,
ODI,RG Sharma,18,69,43,2,0,41.86,2,,v South Africa,Johannesburg,5 Dec 2013,
ODI,SK Raina,18,26,22,2,0,81.81,2,,v New Zealand,Napier,19 Jan 2014,
ODI,AT Rayudu,18,27,23,1,0,78.26,1,,v Sri Lanka,Fatullah,28 Feb 2014,
ODI,R Ashwin,18,20,16,2,0,112.5,1,,v Sri Lanka,Fatullah,28 Feb 2014,
ODI,SK Raina,18,27,23,2,0,78.26,2,,v England,Leeds,5 Sep 2014,
ODI,B Kumar,18,20,14,1,0,128.57,1,,v West Indies,Delhi,11 Oct 2014,
ODI,MS Dhoni,18,22,13,1,1,138.46,1,,v Pakistan,Adelaide,15 Feb 2015,
ODI,MS Dhoni,18,22,11,3,0,163.63,1,,v South Africa,Melbourne,22 Feb 2015,
ODI,MS Dhoni,18,18,13,1,1,138.46,1,,v Australia,W.A.C.A,12 Jan 2016,
ODI,KM Jadhav,18,16,10,1,1,180.0,1,,v New Zealand,Kanpur,29 Oct 2017,
ODI,SS Iyer,18,39,21,2,0,85.71,1,,v South Africa,Johannesburg,10 Feb 2018,
ODI,S Dhawan,18,56,34,2,0,52.94,2,,v South Africa,Centurion,16 Feb 2018,
ODI,AT Rayudu,18,-,32,2,0,56.25,1,,v Australia,Nagpur,5 Mar 2019,
ODI,V Kohli,18,44,34,1,0,52.94,2,,v South Africa,Southampton,5 Jun 2019,
ODI,RG Sharma,18,28,23,1,1,78.26,1,,v West Indies,Manchester,27 Jun 2019,
ODI,RG Sharma,18,75,34,2,0,52.94,1,,v West Indies,Port of Spain,11 Aug 2019,
ODI,SN Thakur,18,20,15,3,0,120.0,2,,v New Zealand,Auckland,8 Feb 2020,
ODI,RR Pant,18,52,34,3,0,52.94,1,,v West Indies,Ahmedabad,9 Feb 2022,
ODI,V Kohli,18,42,30,3,0,60.0,1,,v West Indies,Ahmedabad,9 Feb 2022,
ODI,RA Jadeja,18,60,33,1,0,54.54,2,,v Australia,Chennai,22 Mar 2023,
ODI,Ishan Kishan,18,29,26,2,0,69.23,2,,v Australia,Mohali,22 Sep 2023,
ODI,Washington Sundar,18,51,30,1,1,60.0,2,,v Australia,Rajkot,27 Sep 2023,
ODI,SA Yadav,18,57,28,1,0,64.28,1,,v Australia,Ahmedabad,19 Nov 2023,
ODI,Arshdeep Singh,18,24,17,1,1,105.88,1,,v South Africa,Gqeberha,19 Dec 2023,
ODI,HH Pandya,18,27,18,1,1,100.0,2,,v New Zealand,Dubai (DICS),9 Mar 2025,
ODI,YBK Jaiswal,18,15,16,2,1,112.5,1,,v South Africa,Ranchi,30 Nov 2025,
ODI,M Azharuddin,17*,38,40,0,0,42.5,2,,v Australia,Sydney,21 Jan 1986,
ODI,M Prabhakar,17*,-,58,0,0,29.31,1,,v Pakistan,Pune,22 Mar 1987,
ODI,K Srikkanth,17*,-,26,2,0,65.38,2,,v West Indies,Georgetown,21 Mar 1989,
ODI,M Azharuddin,17*,22,18,1,0,94.44,2,,v West Indies,Cuttack,9 Nov 1994,
ODI,J Srinath,17*,19,17,2,0,100.0,1,,v New Zealand,Jamshedpur,15 Nov 1995,
ODI,J Srinath,17*,28,19,0,0,89.47,2,,v South Africa,Hyderabad (Deccan),17 Oct 1996,
ODI,A Jadeja,17*,50,46,0,0,36.95,2,,v New Zealand,Colombo (RPS),23 Jun 1998,
ODI,A Jadeja,17*,30,20,1,1,85.0,2,,v Zimbabwe,Bulawayo,27 Sep 1998,
ODI,HH Kanitkar,17*,14,14,2,0,121.42,1,,v New Zealand,Taupo,9 Jan 1999,
ODI,R Vijay Bharadwaj,17*,33,35,3,0,48.57,2,,v New Zealand,Delhi,17 Nov 1999,
ODI,SS Dighe,17*,24,17,0,0,100.0,1,,v South Africa,Faridabad,15 Mar 2000,
ODI,HK Badani,17*,20,11,2,0,154.54,1,,v Zimbabwe,Ahmedabad,5 Dec 2000,
ODI,D Mongia,17*,19,17,3,0,100.0,2,,v England,Kanpur,28 Jan 2002,
ODI,L Balaji,17*,19,13,0,1,130.76,1,,v Pakistan,Visakhapatnam,5 Apr 2005,
ODI,Harbhajan Singh,17*,38,20,1,1,85.0,2,,v Sri Lanka,Port of Spain,23 Mar 2007,
ODI,IK Pathan,17*,16,7,0,2,242.85,1,,v Pakistan,Kanpur,11 Nov 2007,
ODI,MS Dhoni,17*,72,54,0,0,31.48,2,,v Australia,Melbourne,10 Feb 2008,
ODI,AR Patel,17*,34,14,2,0,121.42,2,,v Sri Lanka,Ranchi,16 Nov 2014,
ODI,STR Binny,17*,24,11,2,0,154.54,1,,v Bangladesh,Mirpur,24 Jun 2015,
ODI,SN Thakur,17*,-,6,2,1,283.33,2,,v West Indies,Cuttack,22 Dec 2019,
ODI,S Abid Ali,17,-,24,1,0,70.83,1,,v England,Leeds,13 Jul 1974,
ODI,BP Patel,17,-,52,-,-,32.69,1,,v New Zealand,Christchurch,21 Feb 1976,
ODI,SM Gavaskar,17,29,22,1,0,77.27,1,,v New Zealand,Adelaide,23 Dec 1980,
ODI,Yashpal Sharma,17,-,38,-,-,44.73,2,,v New Zealand,Auckland,14 Feb 1981,
ODI,K Srikkanth,17,-,30,3,0,56.66,2,,v England,Jalandhar,20 Dec 1981,
ODI,RJ Shastri,17,-,29,-,-,58.62,1,,v West Indies,St George's,7 Apr 1983,
ODI,RJ Shastri,17,-,27,1,0,62.96,2,,v Zimbabwe,Leicester,11 Jun 1983,
ODI,S Madan Lal,17,-,39,1,0,43.58,1,,v Zimbabwe,Tunbridge Wells,18 Jun 1983,
ODI,S Madan Lal,17,31,27,0,1,62.96,1,,v West Indies,Lord's,25 Jun 1983,
ODI,K Srikkanth,17,-,24,3,0,70.83,2,,v Pakistan,Jaipur,2 Oct 1983,
ODI,N Kapil Dev,17,-,32,-,-,53.12,1,,v West Indies,Srinagar,13 Oct 1983,
ODI,N Kapil Dev,17,-,15,0,0,113.33,2,,v England,Chandigarh,27 Jan 1985,
ODI,DB Vengsarkar,17,37,33,1,0,51.51,2,,v Australia,Adelaide,26 Jan 1986,
ODI,C Sharma,17,19,14,1,0,121.42,1,,v Australia,Srinagar,9 Sep 1986,
ODI,R Lamba,17,57,43,0,0,39.53,1,,v Australia,Ahmedabad,5 Oct 1986,
ODI,K Srikkanth,17,-,42,1,0,40.47,2,,v Sri Lanka,Kanpur,24 Dec 1986,
ODI,M Azharuddin,17,-,53,1,0,32.07,1,,v Pakistan,Indore,27 Jan 1987,
ODI,NS Sidhu,17,-,45,2,0,37.77,1,,v Sri Lanka,Sharjah,25 Mar 1988,
ODI,RJ Shastri,17,-,21,0,1,80.95,1,,v West Indies,Sharjah,16 Oct 1988,
ODI,M Azharuddin,17,35,33,0,0,51.51,1,,v New Zealand,Indore,15 Dec 1988,
ODI,K Srikkanth,17,-,64,0,0,26.56,1,,v West Indies,Port of Spain,11 Mar 1989,
ODI,AK Sharma,17,-,28,2,0,60.71,1,,v West Indies,Sharjah,13 Oct 1989,
ODI,KS More,17,-,35,1,0,48.57,1,,v West Indies,Sharjah,13 Oct 1989,
ODI,N Kapil Dev,17,-,17,1,1,100.0,2,,v Pakistan,Eden Gardens,28 Oct 1989,
ODI,K Srikkanth,17,-,20,2,0,85.0,2,,v Pakistan,Gujranwala,18 Dec 1989,
ODI,M Prabhakar,17,50,39,1,0,43.58,1,,v Australia,Adelaide,15 Dec 1991,
ODI,RJ Shastri,17,47,50,1,0,34.0,2,,v Australia,Melbourne,18 Jan 1992,
ODI,N Kapil Dev,17,24,18,2,0,94.44,2,,v England,W.A.C.A,22 Feb 1992,
ODI,SV Manjrekar,17,-,38,1,0,44.73,1,,v South Africa,Gqeberha,9 Dec 1992,
ODI,RJ Shastri,17,-,32,0,0,53.12,1,,v South Africa,Johannesburg,13 Dec 1992,
ODI,N Kapil Dev,17,-,33,0,1,51.51,2,,v South Africa,East London,19 Dec 1992,
ODI,M Prabhakar,17,-,34,2,0,50.0,1,,v Sri Lanka,Moratuwa,14 Aug 1993,
ODI,N Kapil Dev,17,18,16,2,0,106.25,2,,v New Zealand,Napier,25 Mar 1994,
ODI,NS Sidhu,17,33,31,0,0,54.83,1,,v Sri Lanka,Colombo (RPS),5 Sep 1994,
ODI,VG Kambli,17,48,38,3,0,44.73,2,,v West Indies,Wankhede,20 Oct 1994,
ODI,VG Kambli,17,27,26,2,0,65.38,1,,v New Zealand,Napier,16 Feb 1995,
ODI,M Azharuddin,17,60,37,0,0,45.94,2,,v New Zealand,Amritsar,18 Nov 1995,
ODI,A Kumble,17,32,22,3,0,77.27,2,,v Australia,Wankhede,27 Feb 1996,
ODI,A Jadeja,17,-,13,0,1,130.76,1,,v Pakistan,Sharjah,15 Apr 1996,
ODI,SR Tendulkar,17,32,26,2,0,65.38,1,,v South Africa,Sharjah,17 Apr 1996,
ODI,R Dravid,17,54,27,0,0,62.96,2,,v Zimbabwe,Benoni,9 Feb 1997,
ODI,R Dravid,17,60,44,2,0,38.63,1,,v West Indies,Port of Spain,26 Apr 1997,
ODI,SC Ganguly,17,61,23,3,0,73.91,2,,v Sri Lanka,Colombo (SSC),24 Aug 1997,
ODI,SR Tendulkar,17,82,54,2,0,31.48,1,,v Pakistan,Toronto,13 Sep 1997,
ODI,SC Ganguly,17,76,41,3,0,41.46,1,,v Pakistan,Toronto,13 Sep 1997,
ODI,RR Singh,17,45,22,2,0,77.27,1,,v Pakistan,Lahore,2 Oct 1997,
ODI,NS Sidhu,17,31,22,1,0,77.27,1,,v Sri Lanka,Margao,28 Dec 1997,
ODI,VG Kambli,17,47,30,1,0,56.66,2,,v Australia,Kanpur,7 Apr 1998,
ODI,A Jadeja,17,31,29,0,0,58.62,1,,v New Zealand,Sharjah,17 Apr 1998,
ODI,SC Ganguly,17,38,32,2,0,53.12,2,,v Australia,Sharjah,22 Apr 1998,
ODI,SR Tendulkar,17,28,16,4,0,106.25,2,,v Sri Lanka,Colombo (SSC),1 Jul 1998,
ODI,HH Kanitkar,17,84,39,1,0,43.58,2,,v Pakistan,Toronto,12 Sep 1998,
ODI,R Dravid,17,29,15,3,0,113.33,1,,v Sri Lanka,Pune,30 Mar 1999,
ODI,BKV Prasad,17,40,36,1,0,47.22,2,,v Pakistan,Bengaluru,4 Apr 1999,
ODI,AR Khurasiya,17,25,23,3,0,73.91,1,,v Australia,Galle,23 Aug 1999,
ODI,SC Ganguly,17,34,18,4,0,94.44,2,,v New Zealand,Guwahati,14 Nov 1999,
ODI,JJ Martin,17,74,50,1,0,34.0,2,,v Australia,Adelaide,26 Jan 2000,
ODI,SR Tendulkar,17,19,14,4,0,121.42,2,,v Pakistan,W.A.C.A,28 Jan 2000,
ODI,R Dravid,17,19,21,2,0,80.95,2,,v South Africa,Kochi,9 Mar 2000,
ODI,SC Ganguly,17,-,24,2,0,70.83,1,,v Sri Lanka,Sharjah,20 Oct 2000,
ODI,Yuvraj Singh,17,23,16,1,1,106.25,1,,v Zimbabwe,Ahmedabad,5 Dec 2000,
ODI,VVS Laxman,17,59,29,2,0,58.62,2,,v Sri Lanka,Colombo (RPS),22 Jul 2001,
ODI,SR Tendulkar,17,49,42,3,0,40.47,1,,v South Africa,Durban,26 Oct 2001,
ODI,M Kaif,17,23,19,1,0,89.47,1,,v West Indies,Port of Spain,2 Jun 2002,
ODI,M Kaif,17,42,26,3,0,65.38,1,,v New Zealand,Christchurch,1 Jan 2003,
ODI,R Dravid,17,45,38,0,0,44.73,1,,v Netherlands,Paarl,12 Feb 2003,
ODI,AB Agarkar,17,23,26,1,1,65.38,1,,v South Africa,Dhaka,18 Apr 2003,
ODI,V Sehwag,17,14,15,2,0,113.33,2,,v Pakistan,Amstelveen,21 Aug 2004,
ODI,V Sehwag,17,41,27,2,0,62.96,1,,v Kenya,Southampton,11 Sep 2004,
ODI,Z Khan,17,11,9,0,2,188.88,1,,v Pakistan,Visakhapatnam,5 Apr 2005,
ODI,MS Dhoni,17,39,28,1,0,60.71,1,,v South Africa,Hyderabad,16 Nov 2005,
ODI,V Sehwag,17,21,20,3,0,85.0,1,,v West Indies,Ahmedabad,26 Oct 2006,
ODI,KD Karthik,17,74,38,2,0,44.73,2,,v South Africa,Gqeberha,29 Nov 2006,
ODI,D Mongia,17,29,25,2,0,68.0,2,,v Bangladesh,Mirpur,10 May 2007,
ODI,D Mongia,17,21,16,2,0,106.25,1,,v Bangladesh,Mirpur,12 May 2007,
ODI,SR Tendulkar,17,52,33,1,0,51.51,2,,v England,Southampton,21 Aug 2007,
ODI,RR Powar,17,17,18,1,1,94.44,2,,v Australia,Kochi,2 Oct 2007,
ODI,V Sehwag,17,39,19,3,0,89.47,2,,v Australia,Sydney,24 Feb 2008,
ODI,RV Uthappa,17,74,33,2,0,51.51,2,,v Australia,Sydney,2 Mar 2008,
ODI,SK Raina,17,50,35,2,0,48.57,1,,v Sri Lanka,Dambulla,18 Aug 2008,
ODI,G Gambhir,17,45,21,1,0,80.95,1,,v Sri Lanka,Colombo (RPS),27 Aug 2008,
ODI,Yuvraj Singh,17,46,23,2,0,73.91,2,,v Sri Lanka,Colombo (RPS),29 Aug 2008,
ODI,Z Khan,17,35,23,0,1,73.91,1,,v Sri Lanka,Colombo (RPS),31 Jan 2009,
ODI,SK Raina,17,46,30,0,0,56.66,2,,v Australia,Mohali,2 Nov 2009,
ODI,RA Jadeja,17,27,26,3,0,65.38,1,,v New Zealand,Dambulla,25 Aug 2010,
ODI,S Badrinath,17,32,30,1,0,56.66,2,,v West Indies,Port of Spain,6 Jun 2011,
ODI,RA Jadeja,17,35,21,1,0,80.95,2,,v Sri Lanka,Brisbane,21 Feb 2012,
ODI,S Dhawan,17,27,21,3,0,80.95,2,,v Zimbabwe,Harare,24 Jul 2013,
ODI,SK Raina,17,27,19,2,0,89.47,1,,v Australia,Mohali,19 Oct 2013,
ODI,UT Yadav,17,13,13,2,1,130.76,1,,v Bangladesh,Mirpur,17 Jun 2014,
ODI,MS Dhoni,17,38,32,3,0,53.12,1,,v England,W.A.C.A,30 Jan 2015,
ODI,MK Pandey,17,34,22,1,0,77.27,2,,v New Zealand,Dharamsala,16 Oct 2016,
ODI,AR Patel,17,47,22,0,1,77.27,2,,v New Zealand,Delhi,20 Oct 2016,
ODI,KL Rahul,17,-,24,2,0,70.83,2,,v Sri Lanka,Pallekele,27 Aug 2017,
ODI,RR Pant,17,18,13,2,0,130.76,1,,v West Indies,Visakhapatnam,24 Oct 2018,
ODI,Kuldeep Yadav,17,-,15,2,0,113.33,1,,v Australia,Wankhede,14 Jan 2020,
ODI,SS Iyer,17,25,17,1,0,100.0,2,,v South Africa,Paarl,19 Jan 2022,
ODI,RG Sharma,17,22,17,4,0,100.0,2,,v England,Manchester,17 Jul 2022,
ODI,V Kohli,17,27,22,3,0,77.27,2,,v England,Manchester,17 Jul 2022,
ODI,RG Sharma,17,23,21,2,1,80.95,2,,v Sri Lanka,Eden Gardens,12 Jan 2023,
ODI,Ishan Kishan,17,29,24,1,1,70.83,1,,v New Zealand,Indore,24 Jan 2023,
ODI,RK Singh,17,19,14,2,1,121.42,1,,v South Africa,Gqeberha,19 Dec 2023,
ODI,HH Pandya,17,10,9,0,2,188.88,1,,v England,Ahmedabad,12 Feb 2025,
ODI,BP Patel,16*,-,57,0,0,28.07,2,,v England,Lord's,7 Jun 1975,
ODI,SMH Kirmani,16*,-,26,1,0,61.53,2,,v Pakistan,Multan,17 Dec 1982,
ODI,BS Sandhu,16*,-,23,-,-,69.56,1,,v West Indies,St George's,7 Apr 1983,
ODI,N Kapil Dev,16*,-,16,-,-,100.0,2,,v Sri Lanka,Delhi,13 Jan 1987,
ODI,C Sharma,16*,-,15,2,0,106.66,2,,v West Indies,Ahmedabad,7 Jan 1988,
ODI,M Prabhakar,16*,22,25,2,0,64.0,2,,v Australia,Bengaluru,27 Oct 1989,
ODI,PK Amre,16*,18,17,0,0,94.11,1,,v Sri Lanka,Rajkot,15 Feb 1994,
ODI,NR Mongia,16*,44,42,1,0,38.09,2,,v West Indies,Faridabad,17 Oct 1994,
ODI,A Kumble,16*,33,19,1,0,84.21,2,,v Australia,Bengaluru,21 Oct 1996,
ODI,A Kumble,16*,11,8,2,0,200.0,1,,v Sri Lanka,Colombo (RPS),18 Jul 1997,
ODI,A Jadeja,16*,47,47,3,0,34.04,2,,v Bangladesh,Wankhede,25 May 1998,
ODI,SB Joshi,16*,9,6,0,2,266.66,1,,v Zimbabwe,Singapore,4 Sep 1999,
ODI,AB Agarkar,16*,-,11,1,0,145.45,2,,v Zimbabwe,Sharjah,26 Oct 2000,
ODI,RS Sodhi,16*,19,21,2,0,76.19,2,,v West Indies,Harare,4 Jul 2001,
ODI,A Kumble,16*,56,38,1,0,42.1,1,,v Australia,Centurion,15 Feb 2003,
ODI,D Mongia,16*,18,12,2,0,133.33,2,,v Bangladesh,Dhaka,16 Apr 2003,
ODI,M Kaif,16*,20,19,2,0,84.21,2,,v South Africa,Wankhede,28 Nov 2005,
ODI,Z Khan,16*,12,10,1,1,160.0,1,,v South Africa,Centurion,3 Dec 2006,
ODI,PP Ojha,16*,33,29,1,0,55.17,1,,v Sri Lanka,Dambulla,18 Aug 2008,
ODI,A Nehra,16*,-,17,1,1,94.11,1,,v South Africa,Jaipur,21 Feb 2010,
ODI,Yuvraj Singh,16*,25,11,1,1,145.45,2,,v New Zealand,Jaipur,1 Dec 2010,
ODI,SK Raina,16*,16,12,2,0,133.33,1,,v West Indies,Chennai,11 Dec 2011,
ODI,Yuvraj Singh,16*,53,29,2,0,55.17,2,,v West Indies,Kochi,21 Nov 2013,
ODI,AT Rayudu,16*,33,19,2,0,84.21,2,,v Bangladesh,Mirpur,15 Jun 2014,
ODI,RV Uthappa,16*,48,16,1,0,100.0,1,,v Sri Lanka,Eden Gardens,13 Nov 2014,
ODI,R Ashwin,16*,39,32,0,0,50.0,2,,v West Indies,W.A.C.A,6 Mar 2015,
ODI,RA Jadeja,16*,11,8,1,1,200.0,1,,v England,Cuttack,19 Jan 2017,
ODI,B Kumar,16*,37,19,1,0,84.21,1,,v South Africa,Cape Town,7 Feb 2018,
ODI,KM Jadhav,16*,-,7,3,0,228.57,1,,v West Indies,Brabourne,29 Oct 2018,
ODI,RA Jadeja,16*,24,16,1,0,100.0,1,,v West Indies,Port of Spain,11 Aug 2019,
ODI,KM Jadhav,16*,-,10,3,0,160.0,1,,v West Indies,Visakhapatnam,18 Dec 2019,
ODI,RA Jadeja,16*,33,21,1,0,76.19,2,,v West Indies,Bridgetown,27 Jul 2023,
ODI,DB Vengsarkar,16,-,27,-,-,59.25,1,,v New Zealand,Christchurch,21 Feb 1976,
ODI,AD Gaekwad,16,-,35,1,0,45.71,1,,v Pakistan,Quetta,1 Oct 1978,
ODI,N Kapil Dev,16,29,19,2,0,84.21,2,,v Sri Lanka,Manchester,16 Jun 1979,
ODI,Yashpal Sharma,16,35,29,2,0,55.17,1,,v New Zealand,Brisbane,21 Dec 1980,
ODI,SM Patil,16,51,31,1,0,51.61,1,,v New Zealand,Brisbane,21 Dec 1980,
ODI,RMH Binny,16,53,44,2,0,36.36,1,,v Australia,Sydney,8 Jan 1981,
ODI,RMH Binny,16,-,29,-,-,55.17,1,,v Sri Lanka,Amritsar,12 Sep 1982,
ODI,Yashpal Sharma,16,-,13,2,0,123.07,2,,v Pakistan,Multan,17 Dec 1982,
ODI,J Arun Lal,16,-,34,0,1,47.05,1,,v Pakistan,Karachi,21 Jan 1983,
ODI,K Srikkanth,16,-,26,2,0,61.53,2,,v Pakistan,Hyderabad (Deccan),10 Sep 1983,
ODI,M Amarnath,16,-,16,-,-,100.0,2,,v West Indies,Jamshedpur,7 Dec 1983,
ODI,GAHM Parkar,16,46,25,3,0,64.0,2,,v Australia,New Delhi,28 Sep 1984,
ODI,SM Patil,16,49,36,3,0,44.44,1,,v Australia,Thiruvananthapuram,1 Oct 1984,
ODI,N Kapil Dev,16,24,19,0,1,84.21,1,,v Australia,Brisbane,12 Jan 1986,
ODI,M Amarnath,16,64,54,0,0,29.62,2,,v Australia,Sydney,21 Jan 1986,
ODI,K Srikkanth,16,49,36,2,0,44.44,2,,v New Zealand,Adelaide,25 Jan 1986,
ODI,RMH Binny,16,13,15,1,0,106.66,2,,v Australia,Sydney,5 Feb 1986,
ODI,M Azharuddin,16,50,44,0,0,36.36,1,,v Australia,Srinagar,9 Sep 1986,
ODI,N Kapil Dev,16,20,11,2,1,145.45,1,,v Australia,Srinagar,9 Sep 1986,
ODI,J Arun Lal,16,-,36,2,0,44.44,2,,v West Indies,Ahmedabad,7 Jan 1988,
ODI,N Kapil Dev,16,-,27,1,0,59.25,1,,v West Indies,Sharjah,13 Oct 1989,
ODI,K Srikkanth,16,-,38,-,-,42.1,1,,v Sri Lanka,Ahmedabad,22 Oct 1989,
ODI,R Lamba,16,-,38,0,0,42.1,2,,v England,Kanpur,25 Oct 1989,
ODI,AS Wassan,16,31,24,1,0,66.66,2,,v New Zealand,Dunedin,1 Mar 1990,
ODI,M Azharuddin,16,-,21,1,0,76.19,2,,v South Africa,Eden Gardens,10 Nov 1991,
ODI,SV Manjrekar,16,58,51,0,0,31.37,1,,v Australia,Sydney,14 Jan 1992,
ODI,WV Raman,16,-,46,0,0,34.78,1,,v South Africa,Bloemfontein,15 Dec 1992,
ODI,PK Amre,16,30,24,2,0,66.66,2,,v England,Bengaluru,26 Feb 1993,
ODI,M Azharuddin,16,22,13,2,0,123.07,2,,v Sri Lanka,Hyderabad (Deccan),18 Feb 1994,
ODI,VG Kambli,16,39,28,1,0,57.14,2,,v West Indies,Kanpur,30 Oct 1994,
ODI,VG Kambli,16,29,25,3,0,64.0,2,,v New Zealand,Nagpur,26 Nov 1995,
ODI,J Srinath,16,-,10,2,0,160.0,1,,v Pakistan,Sharjah,15 Apr 1996,
ODI,A Kumble,16,28,21,1,0,76.19,1,,v South Africa,Sharjah,17 Apr 1996,
ODI,SC Ganguly,16,-,41,3,0,39.02,1,,v Sri Lanka,Colombo (RPS),28 Aug 1996,
ODI,M Azharuddin,16,-,31,2,0,51.61,2,,v Pakistan,Toronto,21 Sep 1996,
ODI,A Kumble,16,-,20,1,0,80.0,2,,v Pakistan,Toronto,21 Sep 1996,
ODI,R Dravid,16,44,32,1,0,50.0,1,,v South Africa,Wankhede,14 Dec 1996,
ODI,RR Singh,16,28,25,0,1,64.0,1,,v South Africa,Durban,12 Feb 1997,
ODI,NR Mongia,16,19,21,1,0,76.19,1,,v Sri Lanka,Colombo (RPS),20 Aug 1997,
ODI,RR Singh,16,17,15,2,0,106.66,1,,v Pakistan,Toronto,13 Sep 1997,
ODI,RR Singh,16,25,18,3,0,88.88,2,,v Pakistan,Toronto,20 Sep 1997,
ODI,R Dravid,16,49,38,1,0,42.1,1,,v England,Sharjah,9 Apr 1999,
ODI,A Jadeja,16,20,14,2,0,114.28,1,,v South Africa,Hove,15 May 1999,
ODI,RR Singh,16,44,21,0,1,76.19,1,,v Pakistan,Manchester,8 Jun 1999,
ODI,SR Tendulkar,16,26,22,2,0,72.72,1,,v New Zealand,Nottingham,12 Jun 1999,
ODI,R Dravid,16,-,59,1,0,27.11,2,,v West Indies,Toronto,12 Sep 1999,
ODI,MSK Prasad,16,37,34,1,0,47.05,2,,v New Zealand,Guwahati,14 Nov 1999,
ODI,A Kumble,16,29,23,1,0,69.56,1,,v Pakistan,Brisbane,10 Jan 2000,
ODI,JJ Martin,16,38,27,0,0,59.25,2,,v Pakistan,Hobart,21 Jan 2000,
ODI,R Dravid,16,-,21,2,0,76.19,1,,v Sri Lanka,Sharjah,20 Oct 2000,
ODI,RR Singh,16,42,32,0,0,50.0,2,,v Australia,Visakhapatnam,3 Apr 2001,
ODI,Z Khan,16,41,33,1,1,48.48,2,,v Sri Lanka,Colombo (RPS),5 Aug 2001,
ODI,AB Agarkar,16,17,23,1,0,69.56,2,,v South Africa,East London,19 Oct 2001,
ODI,VVS Laxman,16,43,27,2,0,59.25,1,,v Zimbabwe,Guwahati,19 Mar 2002,
ODI,V Sehwag,16,35,19,2,0,84.21,1,,v England,Chester-le-Street,4 Jul 2002,
ODI,SR Tendulkar,16,39,29,1,0,55.17,1,,v South Africa,Colombo (RPS),25 Sep 2002,
ODI,SC Ganguly,16,53,33,2,0,48.48,1,,v West Indies,Jamshedpur,6 Nov 2002,
ODI,Yuvraj Singh,16,15,10,1,1,160.0,1,,v Kenya,Durban,20 Mar 2003,
ODI,PA Patel,16,43,31,0,0,51.61,2,,v Australia,Wankhede,1 Nov 2003,
ODI,VVS Laxman,16,27,22,0,0,72.72,2,,v Australia,Melbourne,9 Jan 2004,
ODI,R Dravid,16,18,19,1,0,84.21,2,,v Australia,Melbourne,9 Jan 2004,
ODI,IK Pathan,16,26,21,0,1,76.19,1,,v Pakistan,Peshawar,19 Mar 2004,
ODI,M Kaif,16,27,20,0,0,80.0,1,,v Pakistan,Lahore,24 Mar 2004,
ODI,V Sehwag,16,8,8,3,0,200.0,2,,v Bangladesh,Colombo (SSC),21 Jul 2004,
ODI,R Dravid,16,24,28,0,0,57.14,2,,v Sri Lanka,Colombo (RPS),1 Aug 2004,
ODI,Harbhajan Singh,16,31,30,2,0,53.33,2,,v Sri Lanka,Colombo (RPS),1 Aug 2004,
ODI,SR Tendulkar,16,30,17,2,0,94.11,1,,v Pakistan,Eden Gardens,13 Nov 2004,
ODI,R Dravid,16,41,34,1,0,47.05,1,,v Pakistan,Eden Gardens,13 Nov 2004,
ODI,Yuvraj Singh,16,26,22,2,0,72.72,1,,v Pakistan,Kochi,2 Apr 2005,
ODI,AB Agarkar,16,51,26,2,0,61.53,2,,v Pakistan,Delhi,17 Apr 2005,
ODI,SR Tendulkar,16,43,25,1,1,64.0,2,,v Australia,Kochi,2 Oct 2007,
ODI,M Kartik,16,15,10,1,1,160.0,2,,v Pakistan,Jaipur,18 Nov 2007,
ODI,SK Raina,16,44,21,3,0,76.19,2,,v Sri Lanka,Karachi,6 Jul 2008,
ODI,KD Karthik,16,24,23,2,0,69.56,2,,v Sri Lanka,Colombo (RPS),12 Sep 2009,
ODI,Yuvraj Singh,16,29,22,2,0,72.72,2,,v Sri Lanka,Colombo (RPS),12 Sep 2009,
ODI,V Kohli,16,28,24,1,0,66.66,2,,v Pakistan,Centurion,26 Sep 2009,
ODI,P Kumar,16,29,19,3,0,84.21,2,,v Australia,Mohali,2 Nov 2009,
ODI,SK Raina,16,33,20,2,0,80.0,1,,v Sri Lanka,Rajkot,15 Dec 2009,
ODI,Z Khan,16,10,8,2,1,200.0,1,,v Sri Lanka,Mirpur,13 Jan 2010,
ODI,AB Dinda,16,30,17,1,0,94.11,1,,v Zimbabwe,Harare,3 Jun 2010,
ODI,M Vijay,16,30,32,3,0,50.0,1,,v South Africa,Johannesburg,15 Jan 2011,
ODI,Yuvraj Singh,16,43,27,2,0,59.25,2,,v South Africa,Cape Town,18 Jan 2011,
ODI,V Kohli,16,40,36,1,0,44.44,1,,v England,Lord's,11 Sep 2011,
ODI,P Kumar,16,17,12,1,1,133.33,1,,v England,Eden Gardens,25 Oct 2011,
ODI,S Dhawan,16,38,35,2,0,45.71,2,,v Sri Lanka,Port of Spain,11 Jul 2013,
ODI,SK Raina,16,34,15,2,0,106.66,2,,v Australia,Nagpur,30 Oct 2013,
ODI,WP Saha,16,23,21,2,0,76.19,1,,v Bangladesh,Mirpur,19 Jun 2014,
ODI,S Dhawan,16,29,23,1,0,69.56,2,,v England,Nottingham,30 Aug 2014,
ODI,R Ashwin,16,28,19,1,0,84.21,2,,v England,Leeds,5 Sep 2014,
ODI,RG Sharma,16,24,21,2,0,76.19,2,,v Zimbabwe,Auckland,14 Mar 2015,
ODI,RA Jadeja,16,23,17,2,0,94.11,2,,v Australia,Sydney,26 Mar 2015,
ODI,KM Jadhav,16,19,13,1,0,123.07,1,,v Zimbabwe,Harare,12 Jul 2015,
ODI,RG Sharma,16,21,20,3,0,80.0,2,,v South Africa,Wankhede,25 Oct 2015,
ODI,RG Sharma,16,-,20,1,0,80.0,2,,v Sri Lanka,Colombo (RPS),3 Sep 2017,
ODI,HH Pandya,16,18,16,1,1,100.0,1,,v New Zealand,Wankhede,22 Oct 2017,
ODI,V Kohli,16,-,17,2,0,94.11,1,,v West Indies,Brabourne,29 Oct 2018,
ODI,HH Pandya,16,37,20,4,0,80.0,1,,v New Zealand,Hamilton,31 Jan 2019,
ODI,RR Pant,16,-,16,1,1,100.0,2,,v Australia,Delhi,13 Mar 2019,
ODI,V Shankar,16,-,21,0,1,76.19,2,,v Australia,Delhi,13 Mar 2019,
ODI,KM Jadhav,16,27,14,2,0,114.28,1,,v West Indies,Port of Spain,11 Aug 2019,
ODI,V Kohli,16,-,14,0,1,114.28,1,,v Australia,Wankhede,14 Jan 2020,
ODI,S Dhawan,16,-,27,2,0,59.25,1,,v Australia,Canberra,2 Dec 2020,
ODI,RR Pant,16,44,22,1,0,72.72,2,,v South Africa,Paarl,19 Jan 2022,
ODI,V Kohli,16,39,25,3,0,64.0,2,,v England,Lord's,14 Jul 2022,
ODI,SA Yadav,16,34,28,1,0,57.14,2,,v England,Manchester,17 Jul 2022,
ODI,RA Jadeja,16,54,39,1,0,41.02,1,,v Australia,Visakhapatnam,19 Mar 2023,
ODI,SN Thakur,16,26,22,2,0,72.72,1,,v West Indies,Bridgetown,29 Jul 2023,
ODI,JJ Bumrah,16,23,14,3,0,114.28,1,,v Pakistan,Pallekele,2 Sep 2023,
ODI,Shubman Gill,16,11,11,4,0,145.45,2,,v Pakistan,Ahmedabad,14 Oct 2023,
ODI,V Kohli,16,31,18,3,0,88.88,2,,v Pakistan,Ahmedabad,14 Oct 2023,
ODI,JJ Bumrah,16,44,25,1,0,64.0,1,,v England,Lucknow,29 Oct 2023,
ODI,Shubman Gill,16,48,35,2,0,45.71,2,,v Sri Lanka,Colombo (RPS),2 Aug 2024,
ODI,RA Jadeja,16,27,20,1,0,80.0,1,,v New Zealand,Dubai (DICS),2 Mar 2025,
ODI,KS More,15*,9,8,0,1,187.5,1,,v Zimbabwe,Hamilton,7 Mar 1992,
ODI,N Kapil Dev,15*,28,13,1,0,115.38,1,,v England,Jamshedpur,1 Mar 1993,
ODI,M Azharuddin,15*,18,10,0,1,150.0,2,,v Zimbabwe,Guwahati,22 Mar 1993,
ODI,AC Bedade,15*,32,19,1,0,78.94,1,,v West Indies,Jaipur,11 Nov 1994,
ODI,M Azharuddin,15*,49,25,1,0,60.0,2,,v England,The Oval,23 May 1996,
ODI,A Kumble,15*,19,13,1,0,115.38,2,,v New Zealand,Rajkot,5 Nov 1999,
ODI,AB Agarkar,15*,20,17,0,0,88.23,1,,v New Zealand,Nairobi (Gym),15 Oct 2000,
ODI,V Dahiya,15*,23,15,1,0,100.0,1,,v Australia,Margao,6 Apr 2001,
ODI,Harbhajan Singh,15*,8,9,2,0,166.66,1,,v Zimbabwe,Mohali,10 Mar 2002,
ODI,M Kaif,15*,13,9,2,0,166.66,1,,v New Zealand,Hyderabad (Deccan),15 Nov 2003,
ODI,IK Pathan,15*,24,12,1,1,125.0,2,,v Sri Lanka,Dambulla,18 Jul 2004,
ODI,MS Dhoni,15*,22,11,1,1,136.36,2,,v West Indies,Dambulla,31 Jul 2005,
ODI,Z Khan,15*,22,17,2,0,88.23,1,,v Bangladesh,Port of Spain,17 Mar 2007,
ODI,MS Dhoni,15*,21,12,3,0,125.0,2,,v Australia,Sydney,2 Mar 2008,
ODI,RV Uthappa,15*,19,9,0,1,166.66,1,,v Hong Kong,Karachi,25 Jun 2008,
ODI,Harbhajan Singh,15*,31,11,0,2,136.36,2,,v Pakistan,Dambulla,19 Jun 2010,
ODI,MS Dhoni,15*,-,18,1,1,83.33,2,,v England,Wankhede,23 Oct 2011,
ODI,SK Raina,15*,13,11,3,0,136.36,2,,v Bangladesh,Mirpur,15 Jun 2014,
ODI,AR Patel,15*,23,11,0,1,136.36,2,,v South Africa,Rajkot,18 Oct 2015,
ODI,R Ashwin,15*,17,10,0,1,150.0,2,,v England,Pune,15 Jan 2017,
ODI,Kuldeep Yadav,15*,-,21,1,0,71.42,2,,v West Indies,Pune,27 Oct 2018,
ODI,HH Pandya,15*,8,7,3,0,214.28,2,,v South Africa,Southampton,5 Jun 2019,
ODI,V Shankar,15*,27,15,1,0,100.0,1,,v Pakistan,Manchester,16 Jun 2019,
ODI,BP Patel,15,34,33,2,0,45.45,1,,v West Indies,Birmingham,9 Jun 1979,
ODI,SM Gavaskar,15,-,54,0,0,27.77,2,,v England,The Oval,4 Jun 1982,
ODI,DB Vengsarkar,15,-,27,1,0,55.55,2,,v England,The Oval,4 Jun 1982,
ODI,SM Patil,15,-,21,-,-,71.42,1,,v Sri Lanka,Amritsar,12 Sep 1982,
ODI,RMH Binny,15,-,17,-,-,88.23,2,,v Sri Lanka,Bengaluru,26 Sep 1982,
ODI,N Kapil Dev,15,-,14,-,-,107.14,2,,v Sri Lanka,Bengaluru,26 Sep 1982,
ODI,N Kapil Dev,15,-,12,0,1,125.0,2,,v Pakistan,Gujranwala,3 Dec 1982,
ODI,KBJ Azad,15,-,18,1,0,83.33,1,,v Australia,Chelmsford,20 Jun 1983,
ODI,N Kapil Dev,15,10,8,3,0,187.5,1,,v West Indies,Lord's,25 Jun 1983,
ODI,N Kapil Dev,15,-,11,-,-,136.36,1,,v West Indies,Vadodara,9 Nov 1983,
ODI,SM Gavaskar,15,-,20,-,-,75.0,1,,v West Indies,Indore,1 Dec 1983,
ODI,AO Malhotra,15,37,26,2,0,57.69,1,,v New Zealand,W.A.C.A,18 Jan 1986,
ODI,M Amarnath,15,47,32,1,0,46.87,1,,v Australia,Melbourne,9 Feb 1986,
ODI,M Azharuddin,15,26,18,1,0,83.33,2,,v Australia,Delhi,2 Oct 1986,
ODI,DB Vengsarkar,15,-,20,1,0,75.0,2,,v Sri Lanka,Kanpur,24 Dec 1986,
ODI,RR Kulkarni,15,-,15,2,0,100.0,1,,v Pakistan,Pune,22 Mar 1987,
ODI,M Amarnath,15,-,21,1,0,71.42,2,,v Pakistan,Sharjah,19 Oct 1988,
ODI,M Azharuddin,15,-,28,0,0,53.57,2,,v Pakistan,Dhaka,31 Oct 1988,
ODI,DB Vengsarkar,15,47,36,0,0,41.66,2,,v New Zealand,Cuttack,12 Dec 1988,
ODI,C Sharma,15,-,32,0,0,46.87,1,,v West Indies,Port of Spain,9 Mar 1989,
ODI,M Amarnath,15,-,47,2,0,31.91,1,,v West Indies,Wankhede,30 Oct 1989,
ODI,AK Sharma,15,-,23,0,1,65.21,1,,v West Indies,Wankhede,30 Oct 1989,
ODI,AK Sharma,15,38,27,2,0,55.55,2,,v Australia,Christchurch,3 Mar 1990,
ODI,NS Sidhu,15,-,31,0,0,48.38,2,,v Sri Lanka,Eden Gardens,4 Jan 1991,
ODI,RJ Shastri,15,-,34,1,0,44.11,2,,v Pakistan,Sharjah,25 Oct 1991,
ODI,SV Manjrekar,15,45,39,0,0,38.46,1,,v West Indies,W.A.C.A,6 Dec 1991,
ODI,SR Tendulkar,15,-,27,1,0,55.55,1,,v South Africa,Cape Town,7 Dec 1992,
ODI,C Sharma,15,-,16,0,0,93.75,2,,v South Africa,Durban,17 Dec 1992,
ODI,SR Tendulkar,15,-,30,0,0,50.0,2,,v Sri Lanka,Colombo (RPS),12 Aug 1993,
ODI,SR Tendulkar,15,-,31,3,0,48.38,1,,v South Africa,Eden Gardens,24 Nov 1993,
ODI,SR Tendulkar,15,22,19,1,0,78.94,2,,v New Zealand,Napier,25 Mar 1994,
ODI,N Kapil Dev,15,38,38,0,0,39.47,1,,v New Zealand,Christchurch,2 Apr 1994,
ODI,VG Kambli,15,47,28,0,0,53.57,1,,v New Zealand,Jamshedpur,15 Nov 1995,
ODI,J Srinath,15,8,8,2,0,187.5,1,,v South Africa,Sharjah,17 Apr 1996,
ODI,A Jadeja,15,32,19,1,0,78.94,2,,v South Africa,Hyderabad (Deccan),17 Oct 1996,
ODI,NR Mongia,15,34,22,0,0,68.18,1,,v South Africa,Wankhede,6 Nov 1996,
ODI,A Jadeja,15,26,14,1,1,107.14,1,,v South Africa,Gqeberha,2 Feb 1997,
ODI,RR Singh,15,30,17,1,0,88.23,2,,v South Africa,Durban,13 Feb 1997,
ODI,SR Tendulkar,15,45,24,2,0,62.5,1,,v Australia,Delhi,14 Apr 1998,
ODI,RR Singh,15,16,8,2,0,187.5,1,,v Sri Lanka,Colombo (RPS),7 Jul 1998,
ODI,NS Sidhu,15,46,27,2,0,55.55,2,,v Pakistan,Toronto,16 Sep 1998,
ODI,A Jadeja,15,29,24,1,0,62.5,2,,v Pakistan,Toronto,19 Sep 1998,
ODI,SB Joshi,15,50,38,1,0,39.47,2,,v Pakistan,Toronto,19 Sep 1998,
ODI,N Chopra,15,32,32,1,0,46.87,1,,v Sri Lanka,Sharjah,9 Nov 1998,
ODI,J Srinath,15,23,20,0,0,75.0,1,,v Sri Lanka,Sharjah,9 Nov 1998,
ODI,RR Singh,15,41,42,0,0,35.71,1,,v Pakistan,Sharjah,16 Apr 1999,
ODI,J Srinath,15,16,15,1,0,100.0,2,,v Australia,Colombo (SSC),28 Aug 1999,
ODI,S Ramesh,15,34,23,3,0,65.21,1,,v West Indies,Singapore,7 Sep 1999,
ODI,N Chopra,15,31,32,1,0,46.87,1,,v New Zealand,Gwalior,11 Nov 1999,
ODI,A Jadeja,15,33,24,0,0,62.5,1,,v New Zealand,Gwalior,11 Nov 1999,
ODI,R Dravid,15,41,31,1,0,48.38,2,,v Pakistan,Hobart,21 Jan 2000,
ODI,Z Khan,15,15,10,2,0,150.0,1,,v Australia,Pune,28 Mar 2001,
ODI,R Dravid,15,30,34,3,0,44.11,1,,v Australia,Indore,31 Mar 2001,
ODI,R Dravid,15,28,18,0,0,83.33,2,,v West Indies,Harare,4 Jul 2001,
ODI,R Dravid,15,48,36,1,0,41.66,2,,v New Zealand,Colombo (RPS),20 Jul 2001,
ODI,Harbhajan Singh,15,15,28,1,0,53.57,2,,v Sri Lanka,Colombo (RPS),5 Aug 2001,
ODI,Harbhajan Singh,15,20,14,2,0,107.14,1,,v South Africa,Centurion,10 Oct 2001,
ODI,VVS Laxman,15,14,14,1,0,107.14,1,,v Kenya,Paarl,24 Oct 2001,
ODI,M Kaif,15,17,19,1,0,78.94,1,,v Zimbabwe,Mohali,10 Mar 2002,
ODI,Harbhajan Singh,15,26,13,0,1,115.38,2,,v England,Lord's,13 Jul 2002,
ODI,Yuvraj Singh,15,21,12,2,0,125.0,1,,v West Indies,Vadodara,18 Nov 2002,
ODI,M Kaif,15,52,29,1,0,51.72,2,,v West Indies,Jodhpur,21 Nov 2002,
ODI,SC Ganguly,15,67,39,1,0,38.46,1,,v New Zealand,Hamilton,14 Jan 2003,
ODI,J Srinath,15,28,26,3,0,57.69,1,,v New Zealand,Hamilton,14 Jan 2003,
ODI,SR Tendulkar,15,25,16,3,0,93.75,2,,v New Zealand,Centurion,14 Mar 2003,
ODI,M Kaif,15,35,20,0,0,75.0,1,,v Kenya,Durban,20 Mar 2003,
ODI,HK Badani,15,30,20,1,0,75.0,2,,v Zimbabwe,Hobart,14 Jan 2004,
ODI,SC Ganguly,15,55,38,1,0,39.47,2,,v Pakistan,Rawalpindi,16 Mar 2004,
ODI,RS Gavaskar,15,20,18,1,0,83.33,2,,v Pakistan,Amstelveen,21 Aug 2004,
ODI,Yuvraj Singh,15,21,10,2,0,150.0,1,,v Pakistan,Visakhapatnam,5 Apr 2005,
ODI,V Sehwag,15,50,22,2,0,68.18,2,,v New Zealand,Bulawayo,26 Aug 2005,
ODI,V Sehwag,15,27,26,2,0,57.69,1,,v England,Margao,3 Apr 2006,
ODI,M Kaif,15,26,21,2,0,71.42,1,,v England,Jamshedpur,12 Apr 2006,
ODI,MS Dhoni,15,-,26,1,0,57.69,1,,v West Indies,Basseterre,23 May 2006,
ODI,R Dravid,15,-,38,1,0,39.47,1,,v West Indies,Port of Spain,26 May 2006,
ODI,Harbhajan Singh,15,21,15,1,0,100.0,1,,v West Indies,Ahmedabad,26 Oct 2006,
ODI,MM Patel,15,17,15,2,0,100.0,1,,v Bangladesh,Port of Spain,17 Mar 2007,
ODI,SC Ganguly,15,30,22,2,0,68.18,1,,v England,Lord's,8 Sep 2007,
ODI,Yuvraj Singh,15,47,26,2,0,57.69,2,,v Australia,Wankhede,17 Oct 2007,
ODI,G Gambhir,15,58,34,2,0,44.11,2,,v Sri Lanka,Adelaide,19 Feb 2008,
ODI,G Gambhir,15,21,16,1,0,93.75,1,,v Australia,Brisbane,4 Mar 2008,
ODI,MM Patel,15,14,14,1,1,107.14,1,,v Sri Lanka,Dambulla,18 Aug 2008,
ODI,MS Dhoni,15,31,26,1,0,57.69,1,,v England,Indore,17 Nov 2008,
ODI,P Kumar,15,22,21,1,0,71.42,1,,v Sri Lanka,Colombo (RPS),31 Jan 2009,
ODI,RG Sharma,15,31,22,1,0,68.18,2,,v Sri Lanka,Colombo (RPS),8 Feb 2009,
ODI,G Gambhir,15,46,27,1,0,55.55,1,,v New Zealand,Christchurch,8 Mar 2009,
ODI,YK Pathan,15,38,25,0,1,60.0,1,,v Zimbabwe,Harare,3 Jun 2010,
ODI,G Gambhir,15,30,16,2,0,93.75,1,,v Sri Lanka,Dambulla,24 Jun 2010,
ODI,M Vijay,15,36,18,3,0,83.33,2,,v Australia,Visakhapatnam,20 Oct 2010,
ODI,V Sehwag,15,46,22,2,0,68.18,2,,v Australia,Ahmedabad,24 Mar 2011,
ODI,R Ashwin,15,43,27,0,0,55.55,2,,v West Indies,North Sound,13 Jun 2011,
ODI,SK Raina,15,37,15,0,1,100.0,1,,v England,Cardiff,16 Sep 2011,
ODI,AM Rahane,15,59,41,0,0,36.58,1,,v England,Hyderabad,14 Oct 2011,
ODI,P Kumar,15,19,17,2,0,88.23,2,,v Australia,Melbourne,5 Feb 2012,
ODI,SR Tendulkar,15,25,24,2,0,62.5,2,,v Sri Lanka,Adelaide,14 Feb 2012,
ODI,V Kohli,15,32,25,1,0,60.0,2,,v Sri Lanka,Adelaide,14 Feb 2012,
ODI,RG Sharma,15,30,27,2,0,55.55,2,,v Sri Lanka,Adelaide,14 Feb 2012,
ODI,V Sehwag,15,21,15,2,0,100.0,1,,v Sri Lanka,Hambantota,24 Jul 2012,
ODI,G Gambhir,15,43,27,1,0,55.55,1,,v Pakistan,Delhi,6 Jan 2013,
ODI,V Kohli,15,45,22,1,0,68.18,2,,v England,Rajkot,11 Jan 2013,
ODI,MS Dhoni,15,38,23,2,0,65.21,1,,v England,Dharamsala,27 Jan 2013,
ODI,RA Jadeja,15,27,20,2,0,75.0,1,,v West Indies,Kingston,30 Jun 2013,
ODI,S Dhawan,15,26,16,2,0,93.75,1,,v Sri Lanka,Port of Spain,9 Jul 2013,
ODI,RA Jadeja,15,28,22,1,0,68.18,1,,v Zimbabwe,Harare,26 Jul 2013,
ODI,R Ashwin,15,35,26,1,0,57.69,2,,v South Africa,Durban,8 Dec 2013,
ODI,RG Sharma,15,35,20,2,0,75.0,1,,v Pakistan,Adelaide,15 Feb 2015,
ODI,AM Rahane,15,28,22,1,0,68.18,1,,v Zimbabwe,Harare,14 Jul 2015,
ODI,MS Dhoni,15,28,16,1,0,93.75,1,,v South Africa,Chennai,22 Oct 2015,
ODI,RG Sharma,15,28,27,1,1,55.55,2,,v New Zealand,Delhi,20 Oct 2016,
ODI,Yuvraj Singh,15,21,12,2,1,125.0,2,,v England,Pune,15 Jan 2017,
ODI,RA Jadeja,15,41,26,0,0,57.69,2,,v Pakistan,The Oval,18 Jun 2017,
ODI,RG Sharma,15,19,17,2,1,88.23,2,,v South Africa,Centurion,4 Feb 2018,
ODI,RG Sharma,15,14,13,3,0,115.38,2,,v South Africa,Centurion,16 Feb 2018,
ODI,RG Sharma,15,-,26,2,0,57.69,2,,v England,Lord's,14 Jul 2018,
ODI,S Dhawan,15,-,14,3,0,107.14,2,,v Bangladesh,Dubai (DICS),28 Sep 2018,
ODI,Kuldeep Yadav,15,47,33,1,0,45.45,1,,v New Zealand,Hamilton,31 Jan 2019,
ODI,V Kohli,15,31,25,1,0,60.0,2,,v New Zealand,Auckland,8 Feb 2020,
ODI,NA Saini,15,43,37,0,0,40.54,1,,v Sri Lanka,Colombo (RPS),23 Jul 2021,
ODI,SV Samson,15,16,13,0,2,115.38,1,,v Zimbabwe,Harare,22 Aug 2022,
ODI,RR Pant,15,35,23,2,0,65.21,1,,v New Zealand,Auckland,25 Nov 2022,
ODI,Washington Sundar,15,60,40,0,0,37.5,2,,v Sri Lanka,Colombo (RPS),4 Aug 2024,
ODI,R Parag,15,17,13,2,0,115.38,2,,v Sri Lanka,Colombo (RPS),7 Aug 2024,
ODI,YBK Jaiswal,15,20,22,3,0,68.18,2,,v England,Nagpur,6 Feb 2025,
ODI,SS Iyer,15,-,17,2,0,88.23,2,,v Bangladesh,Dubai (DICS),20 Feb 2025,
ODI,RG Sharma,15,24,17,1,1,88.23,1,,v New Zealand,Dubai (DICS),2 Mar 2025,
ODI,CS Pandit,14*,24,15,0,0,93.33,1,,v Australia,Rajkot,7 Oct 1986,
ODI,SV Manjrekar,14*,-,16,1,0,87.5,1,,v West Indies,Thiruvananthapuram,25 Jan 1988,
ODI,J Srinath,14*,17,12,2,0,116.66,2,,v Sri Lanka,Sharjah,9 Apr 1995,
ODI,A Kumble,14*,-,10,1,1,140.0,1,,v Pakistan,Singapore,5 Apr 1996,
ODI,NR Mongia,14*,36,19,0,0,73.68,2,,v Sri Lanka,Colombo (SSC),24 Aug 1997,
ODI,A Kumble,14*,51,37,0,0,37.83,2,,v Australia,Sharjah,19 Apr 1998,
ODI,AB Agarkar,14*,14,10,1,1,140.0,1,,v Pakistan,Toronto,20 Sep 1998,
ODI,RR Singh,14*,21,15,1,1,93.33,2,,v New Zealand,Auckland,16 Jan 1999,
ODI,A Kumble,14*,38,29,0,0,48.27,2,,v Pakistan,Sharjah,26 Mar 2000,
ODI,A Nehra,14*,5,4,2,1,350.0,2,,v Australia,Sydney,8 Feb 2004,
ODI,M Kaif,14*,28,11,0,0,127.27,1,,v Pakistan,Eden Gardens,13 Nov 2004,
ODI,Harbhajan Singh,14*,14,13,0,1,107.69,1,,v Pakistan,Kochi,2 Apr 2005,
ODI,MS Dhoni,14*,27,11,2,0,127.27,2,,v South Africa,Belfast,1 Jul 2007,
ODI,S Dhawan,14*,19,12,3,0,116.66,2,,v Australia,Ranchi,23 Oct 2013,
ODI,Mohammed Shami,14*,25,15,0,1,93.33,2,,v New Zealand,Wellington,31 Jan 2014,
ODI,Mohammed Shami,14*,7,7,0,2,200.0,1,,v Sri Lanka,Fatullah,28 Feb 2014,
ODI,AR Patel,14*,5,4,0,2,350.0,1,,v Sri Lanka,Cuttack,2 Nov 2014,
ODI,R Ashwin,14*,25,20,0,0,70.0,1,,v Australia,Melbourne,18 Jan 2015,
ODI,JJ Bumrah,14*,33,23,1,0,60.86,2,,v South Africa,Paarl,19 Jan 2022,
ODI,PH Sharma,14,-,33,-,-,42.42,2,,v New Zealand,Auckland,22 Feb 1976,
ODI,RMH Binny,14,33,20,3,0,70.0,1,,v New Zealand,W.A.C.A,9 Dec 1980,
ODI,KD Ghavri,14,34,32,0,0,43.75,1,,v New Zealand,W.A.C.A,9 Dec 1980,
ODI,SM Gavaskar,14,-,40,-,-,35.0,2,,v New Zealand,Auckland,14 Feb 1981,
ODI,GR Viswanath,14,-,40,-,-,35.0,2,,v New Zealand,Auckland,14 Feb 1981,
ODI,KBJ Azad,14,-,19,1,0,73.68,2,,v England,Jalandhar,20 Dec 1981,
ODI,K Srikkanth,14,-,17,-,-,82.35,1,,v West Indies,Manchester,9 Jun 1983,
ODI,SMH Kirmani,14,55,43,0,0,32.55,1,,v West Indies,Lord's,25 Jun 1983,
ODI,DB Vengsarkar,14,-,44,1,0,31.81,1,,v Pakistan,Sharjah,13 Apr 1984,
ODI,SM Gavaskar,14,26,12,1,0,116.66,1,,v Australia,Thiruvananthapuram,1 Oct 1984,
ODI,DB Vengsarkar,14,37,23,0,0,60.86,1,,v Australia,Ahmedabad,5 Oct 1984,
ODI,AO Malhotra,14,41,32,0,0,43.75,2,,v Australia,Melbourne,31 Jan 1986,
ODI,M Azharuddin,14,33,26,1,0,53.84,1,,v Australia,Melbourne,9 Feb 1986,
ODI,WV Raman,14,-,26,1,0,53.84,2,,v West Indies,Ahmedabad,7 Jan 1988,
ODI,Arshad Ayub,14,-,24,1,0,58.33,2,,v West Indies,Ahmedabad,7 Jan 1988,
ODI,K Srikkanth,14,-,32,2,0,43.75,1,,v New Zealand,Sharjah,1 Apr 1988,
ODI,NS Sidhu,14,42,22,0,0,63.63,1,,v New Zealand,Indore,15 Dec 1988,
ODI,DB Vengsarkar,14,31,25,0,0,56.0,1,,v New Zealand,Indore,15 Dec 1988,
ODI,SK Sharma,14,-,22,0,0,63.63,1,,v West Indies,Port of Spain,9 Mar 1989,
ODI,DB Vengsarkar,14,-,23,1,0,60.86,1,,v West Indies,Sharjah,13 Oct 1989,
ODI,M Azharuddin,14,-,18,0,0,77.77,1,,v West Indies,Sharjah,13 Oct 1989,
ODI,M Prabhakar,14,30,21,2,0,66.66,2,,v New Zealand,Dunedin,1 Mar 1990,
ODI,SV Manjrekar,14,-,23,1,0,60.86,1,,v Sri Lanka,Nagpur,1 Dec 1990,
ODI,SV Manjrekar,14,-,15,2,0,93.33,1,,v Sri Lanka,Margao,8 Dec 1990,
ODI,J Srinath,14,-,34,1,1,41.17,2,,v Pakistan,Sharjah,25 Oct 1991,
ODI,M Prabhakar,14,22,21,2,0,66.66,1,,v West Indies,Brisbane,11 Jan 1992,
ODI,KS More,14,13,8,2,0,175.0,2,,v Australia,Brisbane,1 Mar 1992,
ODI,SR Tendulkar,14,14,14,1,0,100.0,1,,v South Africa,Adelaide,15 Mar 1992,
ODI,A Kumble,14,-,27,1,0,51.85,2,,v West Indies,Ahmedabad,16 Nov 1993,
ODI,M Azharuddin,14,18,17,1,0,82.35,1,,v Sri Lanka,Rajkot,15 Feb 1994,
ODI,M Prabhakar,14,21,18,0,0,77.77,1,,v Sri Lanka,Colombo (RPS),5 Sep 1994,
ODI,SV Manjrekar,14,16,21,1,0,66.66,2,,v Australia,Dunedin,22 Feb 1995,
ODI,NS Sidhu,14,-,35,1,0,40.0,1,,v Pakistan,Singapore,5 Apr 1996,
ODI,SV Manjrekar,14,51,33,0,0,42.42,1,,v South Africa,Sharjah,17 Apr 1996,
ODI,NR Mongia,14,36,22,1,0,63.63,2,,v Australia,Bengaluru,21 Oct 1996,
ODI,SR Tendulkar,14,34,24,2,0,58.33,1,,v South Africa,East London,4 Feb 1997,
ODI,SS Karim,14,22,18,1,0,77.77,1,,v West Indies,Bridgetown,3 May 1997,
ODI,SC Ganguly,14,32,20,1,0,70.0,1,,v Sri Lanka,Colombo (SSC),23 Aug 1997,
ODI,R Dravid,14,51,25,2,0,56.0,2,,v Pakistan,Toronto,14 Sep 1997,
ODI,NR Mongia,14,20,12,1,0,116.66,1,,v Sri Lanka,Margao,28 Dec 1997,
ODI,NR Mongia,14,26,15,1,0,93.33,1,,v Australia,Delhi,14 Apr 1998,
ODI,A Jadeja,14,31,25,1,0,56.0,2,,v Australia,Sharjah,19 Apr 1998,
ODI,M Azharuddin,14,24,20,0,0,70.0,2,,v Australia,Sharjah,22 Apr 1998,
ODI,AB Agarkar,14,30,22,1,0,63.63,2,,v Pakistan,Toronto,16 Sep 1998,
ODI,AB Agarkar,14,18,9,2,0,155.55,2,,v Zimbabwe,Sharjah,11 Nov 1998,
ODI,A Jadeja,14,72,44,1,0,31.81,1,,v Pakistan,Mohali,1 Apr 1999,
ODI,A Jadeja,14,56,44,1,0,31.81,1,,v Pakistan,Sharjah,16 Apr 1999,
ODI,SR Tendulkar,14,52,33,0,0,42.42,1,,v Australia,Galle,23 Aug 1999,
ODI,R Dravid,14,51,31,1,0,45.16,1,,v New Zealand,Gwalior,11 Nov 1999,
ODI,N Chopra,14,44,29,1,0,48.27,1,,v Australia,Sydney,14 Jan 2000,
ODI,A Kumble,14,16,15,1,0,93.33,2,,v Pakistan,Hobart,21 Jan 2000,
ODI,BKV Prasad,14,22,17,0,0,82.35,2,,v Pakistan,W.A.C.A,28 Jan 2000,
ODI,Yuvraj Singh,14,27,18,2,0,77.77,1,,v South Africa,Johannesburg,5 Oct 2001,
ODI,SC Ganguly,14,17,15,3,0,93.33,2,,v England,Cuttack,22 Jan 2002,
ODI,VVS Laxman,14,36,21,1,0,66.66,2,,v England,The Oval,9 Jul 2002,
ODI,SR Tendulkar,14,31,19,1,0,73.68,2,,v England,Lord's,13 Jul 2002,
ODI,SC Ganguly,14,36,14,2,0,100.0,1,,v New Zealand,Auckland,26 Dec 2002,
ODI,Z Khan,14,37,20,2,0,70.0,1,,v New Zealand,Auckland,26 Dec 2002,
ODI,Harbhajan Singh,14,12,17,1,1,82.35,2,,v New Zealand,Napier,29 Dec 2002,
ODI,SR Tendulkar,14,29,14,3,0,100.0,1,,v New Zealand,Cuttack,6 Nov 2003,
ODI,L Balaji,14,12,10,3,0,140.0,2,,v Pakistan,Rawalpindi,16 Mar 2004,
ODI,RR Powar,14,19,18,2,0,77.77,1,,v Pakistan,Peshawar,19 Mar 2004,
ODI,VVS Laxman,14,44,21,1,1,66.66,1,,v U.A.E.,Dambulla,16 Jul 2004,
ODI,IK Pathan,14,24,17,0,0,82.35,1,,v England,Lord's,5 Sep 2004,
ODI,V Sehwag,14,10,10,3,0,140.0,1,,v Sri Lanka,Dambulla,30 Jul 2005,
ODI,R Dravid,14,-,30,1,0,46.66,1,,v Zimbabwe,Harare,29 Aug 2005,
ODI,Yuvraj Singh,14,14,18,1,0,77.77,1,,v Sri Lanka,Nagpur,25 Oct 2005,
ODI,MS Dhoni,14,41,26,0,0,53.84,1,,v South Africa,Eden Gardens,25 Nov 2005,
ODI,IK Pathan,14,42,32,2,0,43.75,2,,v West Indies,Kingston,20 May 2006,
ODI,MS Dhoni,14,-,19,2,0,73.68,2,,v West Indies,Port of Spain,28 May 2006,
ODI,MS Dhoni,14,32,27,3,0,51.85,2,,v South Africa,Durban,22 Nov 2006,
ODI,KD Karthik,14,34,23,2,1,60.86,2,,v South Africa,Cape Town,26 Nov 2006,
ODI,R Dravid,14,31,28,0,0,50.0,1,,v Bangladesh,Port of Spain,17 Mar 2007,
ODI,KD Karthik,14,-,26,2,0,53.84,2,,v Scotland,Glasgow,16 Aug 2007,
ODI,V Sehwag,14,34,18,2,0,77.77,1,,v Sri Lanka,Canberra,12 Feb 2008,
ODI,IK Pathan,14,46,30,2,0,46.66,2,,v Australia,Adelaide,17 Feb 2008,
ODI,G Gambhir,14,30,17,3,0,82.35,2,,v England,Kanpur,20 Nov 2008,
ODI,R Dravid,14,65,45,1,0,31.11,2,,v New Zealand,Colombo (RPS),11 Sep 2009,
ODI,SR Tendulkar,14,40,29,2,0,48.27,2,,v Australia,Vadodara,25 Oct 2009,
ODI,MS Dhoni,14,23,19,3,0,73.68,1,,v Sri Lanka,Mirpur,13 Jan 2010,
ODI,M Vijay,14,31,20,1,0,70.0,2,,v Sri Lanka,Bulawayo,30 May 2010,
ODI,KD Karthik,14,33,20,2,0,70.0,2,,v New Zealand,Dambulla,10 Aug 2010,
ODI,P Kumar,14,20,16,1,1,87.5,2,,v Sri Lanka,Dambulla,28 Aug 2010,
ODI,Z Khan,14,31,25,2,0,56.0,2,,v South Africa,Cape Town,18 Jan 2011,
ODI,YK Pathan,14,12,8,1,1,175.0,1,,v England,Bengaluru,27 Feb 2011,
ODI,AM Rahane,14,34,15,1,1,93.33,2,,v England,Delhi,17 Oct 2011,
ODI,R Ashwin,14,21,13,1,0,107.69,2,,v Sri Lanka,Adelaide,14 Feb 2012,
ODI,SR Tendulkar,14,34,15,2,0,93.33,2,,v Australia,Sydney,26 Feb 2012,
ODI,MS Dhoni,14,68,49,0,0,28.57,2,,v Australia,Sydney,26 Feb 2012,
ODI,KD Karthik,14,21,15,1,1,93.33,1,,v South Africa,Cardiff,6 Jun 2013,
ODI,V Kohli,14,35,18,2,0,77.77,1,,v Zimbabwe,Harare,26 Jul 2013,
ODI,RG Sharma,14,27,21,2,0,66.66,2,,v Zimbabwe,Harare,28 Jul 2013,
ODI,SK Raina,14,39,20,2,0,70.0,2,,v South Africa,Johannesburg,5 Dec 2013,
ODI,RV Uthappa,14,37,24,2,0,58.33,1,,v Bangladesh,Mirpur,17 Jun 2014,
ODI,SK Raina,14,-,6,1,1,233.33,2,,v Sri Lanka,Ahmedabad,6 Nov 2014,
ODI,S Dhawan,14,27,17,3,0,82.35,2,,v U.A.E.,W.A.C.A,28 Feb 2015,
ODI,AM Rahane,14,56,34,2,0,41.17,2,,v West Indies,W.A.C.A,6 Mar 2015,
ODI,B Kumar,14,42,32,1,0,43.75,1,,v South Africa,Indore,14 Oct 2015,
ODI,RG Sharma,14,44,26,1,1,53.84,2,,v New Zealand,Dharamsala,16 Oct 2016,
ODI,A Mishra,14,29,17,1,0,82.35,2,,v New Zealand,Ranchi,26 Oct 2016,
ODI,Yuvraj Singh,14,-,10,1,0,140.0,1,,v West Indies,Port of Spain,25 Jun 2017,
ODI,S Dhawan,14,29,20,3,0,70.0,1,,v New Zealand,Kanpur,29 Oct 2017,
ODI,HH Pandya,14,21,15,0,1,93.33,1,,v South Africa,Cape Town,7 Feb 2018,
ODI,RG Sharma,14,-,14,2,1,100.0,2,,v Australia,Ranchi,8 Mar 2019,
ODI,V Shankar,14,26,19,3,0,73.68,1,,v West Indies,Manchester,27 Jun 2019,
ODI,KL Rahul,14,38,28,0,0,50.0,2,,v Bangladesh,Mirpur,7 Dec 2022,
ODI,HH Pandya,14,17,12,0,1,116.66,1,,v Sri Lanka,Guwahati,10 Jan 2023,
ODI,SA Yadav,14,19,9,0,2,155.55,1,,v New Zealand,Indore,24 Jan 2023,
ODI,Mohammed Shami,14,13,10,1,1,140.0,2,,v Australia,Chennai,22 Mar 2023,
ODI,SS Iyer,14,18,9,2,0,155.55,1,,v Pakistan,Pallekele,2 Sep 2023,
ODI,RA Jadeja,14,30,22,1,0,63.63,1,,v Pakistan,Pallekele,2 Sep 2023,
ODI,Washington Sundar,14,12,9,2,0,155.55,1,,v South Africa,Paarl,21 Dec 2023,
ODI,V Kohli,14,27,19,2,0,73.68,2,,v Sri Lanka,Colombo (RPS),4 Aug 2024,
ODI,Washington Sundar,14,27,14,1,0,100.0,1,,v England,Ahmedabad,12 Feb 2025,
ODI,RG Sharma,14,29,8,3,0,175.0,1,,v South Africa,Raipur,3 Dec 2025,
ODI,N Kapil Dev,13*,-,12,2,0,108.33,1,,v Pakistan,Quetta,1 Oct 1978,
ODI,S Venkataraghavan,13*,42,30,0,0,43.33,1,,v West Indies,Birmingham,9 Jun 1979,
ODI,SMH Kirmani,13*,-,16,0,0,81.25,2,,v West Indies,Port of Spain,9 Mar 1983,
ODI,S Madan Lal,13*,-,30,1,0,43.33,2,,v West Indies,Port of Spain,9 Mar 1983,
ODI,C Sharma,13*,25,16,0,0,81.25,1,,v Australia,Thiruvananthapuram,1 Oct 1984,
ODI,SK Sharma,13*,-,15,1,0,86.66,1,,v West Indies,Sharjah,21 Oct 1988,
ODI,A Jadeja,13*,28,32,1,0,40.62,1,,v New Zealand,Dunedin,12 Mar 1992,
ODI,HH Kanitkar,13*,-,19,2,0,68.42,2,,v Bangladesh,Dhaka,10 Jan 1998,
ODI,SB Joshi,13*,-,14,1,0,92.85,1,,v West Indies,Singapore,8 Sep 1999,
ODI,Z Khan,13*,15,13,2,0,100.0,1,,v Australia,Nairobi (Gym),7 Oct 2000,
ODI,AB Agarkar,13*,23,11,2,0,118.18,1,,v Zimbabwe,Jodhpur,8 Dec 2000,
ODI,AB Agarkar,13*,16,12,2,0,108.33,2,,v Zimbabwe,Bulawayo,27 Jun 2001,
ODI,V Sehwag,13*,8,5,3,0,260.0,2,,v Sri Lanka,Colombo (RPS),29 Sep 2002,
ODI,Z Khan,13*,7,8,2,0,162.5,1,,v Zimbabwe,Harare,19 Feb 2003,
ODI,VVS Laxman,13*,41,24,0,0,54.16,2,,v Zimbabwe,Hobart,14 Jan 2004,
ODI,PA Patel,13*,14,10,1,0,130.0,1,,v Sri Lanka,Colombo (RPS),27 Jul 2004,
ODI,MS Dhoni,13*,11,6,1,1,216.66,1,,v England,Margao,3 Apr 2006,
ODI,PP Chawla,13*,24,11,1,0,118.18,1,,v England,Manchester,30 Aug 2007,
ODI,SK Raina,13*,-,8,2,0,162.5,1,,v New Zealand,Wellington,6 Mar 2009,
ODI,MS Dhoni,13*,14,7,3,0,185.71,2,,v West Indies,Kochi,21 Nov 2013,
ODI,MS Dhoni,13*,-,13,1,0,100.0,1,,v West Indies,Port of Spain,25 Jun 2017,
ODI,KM Jadhav,13*,-,6,2,0,216.66,1,,v West Indies,Port of Spain,25 Jun 2017,
ODI,AT Rayudu,13*,23,23,2,0,56.52,2,,v New Zealand,Napier,23 Jan 2019,
ODI,RA Jadeja,13*,19,9,1,0,144.44,1,,v Australia,Indore,24 Sep 2023,
ODI,GK Bose,13,-,18,1,0,72.22,1,,v England,The Oval,15 Jul 1974,
ODI,ED Solkar,13,9,10,2,0,130.0,1,,v New Zealand,Manchester,14 Jun 1975,
ODI,AD Gaekwad,13,-,31,-,-,41.93,2,,v New Zealand,Auckland,22 Feb 1976,
ODI,S Madan Lal,13,-,16,-,-,81.25,2,,v New Zealand,Auckland,22 Feb 1976,
ODI,BS Bedi,13,29,23,1,0,56.52,1,,v West Indies,Birmingham,9 Jun 1979,
ODI,DB Vengsarkar,13,53,51,2,0,25.49,1,,v New Zealand,Brisbane,21 Dec 1980,
ODI,Yashpal Sharma,13,21,20,1,0,65.0,2,,v New Zealand,Brisbane,18 Jan 1981,
ODI,DB Vengsarkar,13,-,27,1,0,48.14,2,,v England,Cuttack,27 Jan 1982,
ODI,M Amarnath,13,-,12,-,-,108.33,1,,v Sri Lanka,Amritsar,12 Sep 1982,
ODI,M Amarnath,13,-,20,2,0,65.0,1,,v Australia,Chelmsford,20 Jun 1983,
ODI,S Madan Lal,13,-,15,-,-,86.66,1,,v West Indies,Srinagar,13 Oct 1983,
ODI,SC Khanna,13,18,20,2,0,65.0,2,,v Australia,New Delhi,28 Sep 1984,
ODI,RJ Shastri,13,57,38,0,0,34.21,1,,v England,Sydney,26 Feb 1985,
ODI,M Azharuddin,13,-,10,0,0,130.0,1,,v Sri Lanka,Colombo (PSS),22 Sep 1985,
ODI,M Azharuddin,13,13,12,2,0,108.33,2,,v New Zealand,Brisbane,11 Jan 1986,
ODI,M Amarnath,13,36,27,1,0,48.14,1,,v Australia,Brisbane,12 Jan 1986,
ODI,C Sharma,13,19,11,0,0,118.18,2,,v Australia,Adelaide,26 Jan 1986,
ODI,M Amarnath,13,57,36,0,0,36.11,2,,v Australia,Sydney,5 Feb 1986,
ODI,CS Pandit,13,23,16,0,0,81.25,2,,v Australia,Delhi,2 Oct 1986,
ODI,WV Raman,13,-,23,2,0,56.52,1,,v West Indies,Faridabad,19 Jan 1988,
ODI,N Kapil Dev,13,-,7,2,0,185.71,1,,v Pakistan,Sharjah,15 Oct 1989,
ODI,SV Manjrekar,13,-,24,1,0,54.16,2,,v Pakistan,Lahore,22 Dec 1989,
ODI,M Prabhakar,13,21,22,0,0,59.09,1,,v West Indies,W.A.C.A,6 Dec 1991,
ODI,M Azharuddin,13,54,53,0,0,24.52,1,,v Australia,Adelaide,15 Dec 1991,
ODI,M Azharuddin,13,32,22,1,0,59.09,2,,v Australia,Melbourne,18 Jan 1992,
ODI,SV Manjrekar,13,-,25,0,0,52.0,1,,v South Africa,Cape Town,7 Dec 1992,
ODI,RK Chauhan,13,19,18,1,1,72.22,1,,v Pakistan,Sharjah,15 Apr 1994,
ODI,SR Tendulkar,13,30,15,3,0,86.66,1,,v New Zealand,Napier,16 Feb 1995,
ODI,NR Mongia,13,34,35,0,0,37.14,1,,v South Africa,Sharjah,17 Apr 1996,
ODI,R Dravid,13,45,25,1,0,52.0,1,,v Australia,Colombo (SSC),6 Sep 1996,
ODI,M Azharuddin,13,15,12,2,0,108.33,1,,v South Africa,East London,4 Feb 1997,
ODI,SR Tendulkar,13,18,15,0,1,86.66,1,,v Zimbabwe,Bulawayo,15 Feb 1997,
ODI,A Kumble,13,29,27,1,0,48.14,1,,v West Indies,Port of Spain,26 Apr 1997,
ODI,SC Ganguly,13,-,17,3,0,76.47,1,,v Pakistan,Dhaka,11 Jan 1998,
ODI,SC Ganguly,13,48,30,1,0,43.33,1,,v Zimbabwe,Cuttack,9 Apr 1998,
ODI,HH Kanitkar,13,32,24,0,0,54.16,1,,v New Zealand,Sharjah,20 Apr 1998,
ODI,A Jadeja,13,21,18,1,0,72.22,1,,v West Indies,Dhaka,31 Oct 1998,
ODI,SC Ganguly,13,31,20,2,0,65.0,2,,v Pakistan,Jaipur,24 Mar 1999,
ODI,SC Ganguly,13,48,27,2,0,48.14,2,,v Pakistan,Bengaluru,4 Apr 1999,
ODI,AB Agarkar,13,47,17,1,0,76.47,2,,v Pakistan,Bengaluru,4 Apr 1999,
ODI,R Dravid,13,23,14,2,0,92.85,2,,v Zimbabwe,Leicester,19 May 1999,
ODI,SC Ganguly,13,53,26,3,0,50.0,1,,v Kenya,Bristol,23 May 1999,
ODI,R Dravid,13,43,39,0,0,33.33,1,,v Sri Lanka,Colombo (SSC),29 Aug 1999,
ODI,LR Shukla,13,8,10,1,0,130.0,2,,v West Indies,Singapore,5 Sep 1999,
ODI,S Ramesh,13,-,24,1,0,54.16,1,,v West Indies,Singapore,8 Sep 1999,
ODI,N Chopra,13,-,12,2,0,108.33,1,,v Kenya,Nairobi (Gym),29 Sep 1999,
ODI,N Chopra,13,31,26,0,0,50.0,2,,v New Zealand,Guwahati,14 Nov 1999,
ODI,SR Tendulkar,13,28,26,2,0,50.0,1,,v Pakistan,Brisbane,10 Jan 2000,
ODI,DJ Gandhi,13,15,18,2,0,72.22,1,,v Australia,W.A.C.A,30 Jan 2000,
ODI,SB Joshi,13,26,14,2,0,92.85,2,,v South Africa,Kochi,9 Mar 2000,
ODI,SS Karim,13,33,29,0,0,44.82,2,,v Pakistan,Sharjah,26 Mar 2000,
ODI,SC Ganguly,13,35,26,2,0,50.0,2,,v Sri Lanka,Dhaka,1 Jun 2000,
ODI,RR Singh,13,22,11,1,0,118.18,1,,v New Zealand,Nairobi (Gym),15 Oct 2000,
ODI,AB Agarkar,13,17,15,0,0,86.66,1,,v Australia,Bengaluru,25 Mar 2001,
ODI,R Dravid,13,27,23,2,0,56.52,1,,v Australia,Pune,28 Mar 2001,
ODI,HK Badani,13,30,17,2,0,76.47,2,,v England,Cuttack,22 Jan 2002,
ODI,VVS Laxman,13,31,21,2,0,61.9,2,,v Zimbabwe,Hyderabad (Deccan),16 Mar 2002,
ODI,D Mongia,13,25,12,2,0,108.33,1,,v West Indies,Port of Spain,1 Jun 2002,
ODI,R Dravid,13,20,16,1,0,81.25,1,,v Sri Lanka,Bristol,11 Jul 2002,
ODI,SC Ganguly,13,17,12,3,0,108.33,1,,v Zimbabwe,Colombo (RPS),14 Sep 2002,
ODI,SC Ganguly,13,26,13,3,0,100.0,1,,v South Africa,Colombo (RPS),25 Sep 2002,
ODI,PA Patel,13,35,31,1,0,41.93,1,,v New Zealand,Queenstown,4 Jan 2003,
ODI,Harbhajan Singh,13,12,8,0,1,162.5,1,,v Netherlands,Paarl,12 Feb 2003,
ODI,D Mongia,13,45,39,1,0,33.33,1,,v Australia,Centurion,15 Feb 2003,
ODI,R Dravid,13,61,38,2,0,34.21,1,,v Australia,W.A.C.A,1 Feb 2004,
ODI,V Sehwag,13,29,18,3,0,72.22,1,,v Pakistan,Peshawar,19 Mar 2004,
ODI,Yuvraj Singh,13,34,24,0,0,54.16,2,,v Pakistan,Amstelveen,21 Aug 2004,
ODI,R Dravid,13,19,16,3,0,81.25,1,,v England,Nottingham,1 Sep 2004,
ODI,RS Gavaskar,13,18,17,2,0,76.47,2,,v England,The Oval,3 Sep 2004,
ODI,RS Gavaskar,13,52,43,0,0,30.23,1,,v Pakistan,Birmingham,19 Sep 2004,
ODI,Yuvraj Singh,13,26,17,2,0,76.47,2,,v Pakistan,Delhi,17 Apr 2005,
ODI,SK Raina,13,9,10,2,0,130.0,1,,v Sri Lanka,Ahmedabad,6 Nov 2005,
ODI,M Kaif,13,35,29,1,0,44.82,2,,v Sri Lanka,Vadodara,12 Nov 2005,
ODI,SK Raina,13,23,19,2,0,68.42,1,,v Australia,Mohali,29 Oct 2006,
ODI,SC Ganguly,13,36,25,1,0,52.0,1,,v West Indies,Cuttack,24 Jan 2007,
ODI,SC Ganguly,13,32,22,1,0,59.09,1,,v South Africa,Belfast,26 Jun 2007,
ODI,Yuvraj Singh,13,15,12,1,0,108.33,1,,v South Africa,Belfast,26 Jun 2007,
ODI,MS Dhoni,13,30,20,0,0,65.0,2,,v England,Birmingham,27 Aug 2007,
ODI,MS Dhoni,13,33,18,1,0,72.22,1,,v England,Manchester,30 Aug 2007,
ODI,R Dravid,13,15,14,2,0,92.85,1,,v Australia,Chandigarh,8 Oct 2007,
ODI,G Gambhir,13,37,15,2,0,86.66,2,,v Sri Lanka,Colombo (RPS),8 Feb 2009,
ODI,G Gambhir,13,16,14,0,1,92.85,1,,v West Indies,Kingston,26 Jun 2009,
ODI,I Sharma,13,29,27,2,0,48.14,2,,v Sri Lanka,Colombo (RPS),12 Sep 2009,
ODI,Harbhajan Singh,13,34,22,1,0,59.09,2,,v Pakistan,Centurion,26 Sep 2009,
ODI,V Sehwag,13,20,11,3,0,118.18,2,,v Australia,Vadodara,25 Oct 2009,
ODI,V Sehwag,13,17,8,2,0,162.5,2,,v Bangladesh,Mirpur,7 Jan 2010,
ODI,Yuvraj Singh,13,28,25,1,0,52.0,2,,v Bangladesh,Mirpur,11 Jan 2010,
ODI,P Kumar,13,-,14,0,0,92.85,1,,v South Africa,Jaipur,21 Feb 2010,
ODI,RG Sharma,13,34,25,0,0,52.0,1,,v Zimbabwe,Harare,3 Jun 2010,
ODI,SK Raina,13,26,18,1,0,72.22,1,,v New Zealand,Guwahati,28 Nov 2010,
ODI,Harbhajan Singh,13,23,16,0,1,81.25,2,,v South Africa,Centurion,23 Jan 2011,
ODI,PA Patel,13,21,15,2,0,86.66,2,,v West Indies,Port of Spain,6 Jun 2011,
ODI,RA Jadeja,13,34,23,0,0,56.52,2,,v Pakistan,Eden Gardens,3 Jan 2013,
ODI,R Ashwin,13,17,8,2,0,162.5,2,,v England,Rajkot,11 Jan 2013,
ODI,CA Pujara,13,38,24,2,0,54.16,2,,v Zimbabwe,Bulawayo,1 Aug 2013,
ODI,RG Sharma,13,37,28,1,0,46.42,1,,v Sri Lanka,Fatullah,28 Feb 2014,
ODI,V Kohli,13,25,21,2,0,61.9,2,,v England,Leeds,5 Sep 2014,
ODI,AT Rayudu,13,33,21,1,0,61.9,2,,v West Indies,Kochi,8 Oct 2014,
ODI,RA Jadeja,13,31,23,2,0,56.52,2,,v West Indies,W.A.C.A,6 Mar 2015,
ODI,RV Uthappa,13,20,11,1,0,118.18,1,,v Zimbabwe,Harare,12 Jul 2015,
ODI,M Vijay,13,37,21,2,0,61.9,1,,v Zimbabwe,Harare,14 Jul 2015,
ODI,AR Patel,13,20,27,0,1,48.14,1,,v South Africa,Indore,14 Oct 2015,
ODI,S Dhawan,13,45,29,2,0,44.82,2,,v South Africa,Rajkot,18 Oct 2015,
ODI,RG Sharma,13,35,21,2,0,61.9,2,,v New Zealand,Mohali,23 Oct 2016,
ODI,RA Jadeja,13,24,15,2,0,86.66,2,,v England,Pune,15 Jan 2017,
ODI,MS Dhoni,13,12,10,1,1,130.0,2,,v Australia,Bengaluru,28 Sep 2017,
ODI,MS Dhoni,13,28,17,1,0,76.47,1,,v South Africa,Gqeberha,13 Feb 2018,
ODI,AT Rayudu,13,-,28,1,0,46.42,2,,v Bangladesh,Dubai (DICS),21 Sep 2018,
ODI,RA Jadeja,13,27,14,0,0,92.85,1,,v West Indies,Visakhapatnam,24 Oct 2018,
ODI,S Dhawan,13,23,20,1,1,65.0,1,,v New Zealand,Hamilton,31 Jan 2019,
ODI,AT Rayudu,13,-,19,2,0,68.42,2,,v Australia,Hyderabad,2 Mar 2019,
ODI,SN Thakur,13,-,10,2,0,130.0,1,,v Australia,Wankhede,14 Jan 2020,
ODI,Mohammed Shami,13,-,10,1,1,130.0,2,,v Australia,Sydney,27 Nov 2020,
ODI,PP Shaw,13,16,11,3,0,118.18,2,,v Sri Lanka,Colombo (RPS),20 Jul 2021,
ODI,S Dhawan,13,14,11,3,0,118.18,1,,v Sri Lanka,Colombo (RPS),23 Jul 2021,
ODI,RD Chahar,13,41,25,0,0,52.0,1,,v Sri Lanka,Colombo (RPS),23 Jul 2021,
ODI,RG Sharma,13,20,15,3,0,86.66,1,,v West Indies,Ahmedabad,11 Feb 2022,
ODI,SA Yadav,13,22,14,2,0,92.85,1,,v West Indies,Port of Spain,22 Jul 2022,
ODI,S Dhawan,13,52,31,0,0,41.93,2,,v West Indies,Port of Spain,24 Jul 2022,
ODI,S Dhawan,13,23,20,0,1,65.0,2,,v South Africa,Ranchi,9 Oct 2022,
ODI,Shubman Gill,13,34,22,2,0,59.09,1,,v New Zealand,Christchurch,30 Nov 2022,
ODI,RG Sharma,13,24,15,2,0,86.66,1,,v Australia,Visakhapatnam,19 Mar 2023,
ODI,AR Patel,13,11,12,2,0,108.33,1,,v England,Ahmedabad,12 Feb 2025,
ODI,Harshit Rana,13,11,10,1,1,130.0,1,,v England,Ahmedabad,12 Feb 2025,
ODI,Arshdeep Singh,13,25,14,2,0,92.85,1,,v Australia,Adelaide,23 Oct 2025,
ODI,Washington Sundar,13,18,19,0,1,68.42,1,,v South Africa,Ranchi,30 Nov 2025,
ODI,S Madan Lal,12*,-,15,0,0,80.0,1,,v Australia,Chelmsford,20 Jun 1983,
ODI,RMH Binny,12*,-,27,-,-,44.44,2,,v West Indies,Jamshedpur,7 Dec 1983,
ODI,DB Vengsarkar,12*,22,21,1,0,57.14,1,,v Australia,Srinagar,9 Sep 1986,
ODI,KS More,12*,-,14,2,0,85.71,2,,v Australia,Chennai,9 Oct 1987,
ODI,C Sharma,12*,-,10,2,0,120.0,1,,v Sri Lanka,Sharjah,25 Mar 1988,
ODI,N Kapil Dev,12*,-,12,2,0,100.0,2,,v Sri Lanka,Dhaka,4 Nov 1988,
ODI,M Prabhakar,12*,-,18,0,0,66.66,2,,v South Africa,Eden Gardens,10 Nov 1991,
ODI,M Azharuddin,12*,30,17,0,0,70.58,2,,v New Zealand,Auckland,27 Mar 1994,
ODI,VG Kambli,12*,11,6,2,0,200.0,2,,v New Zealand,Vadodara,28 Oct 1994,
ODI,J Srinath,12*,8,4,2,0,300.0,1,,v Pakistan,Bengaluru,9 Mar 1996,
ODI,RR Singh,12*,35,26,0,0,46.15,2,,v Sri Lanka,Sharjah,6 Nov 1998,
ODI,A Jadeja,12*,25,25,1,0,48.0,2,,v Zimbabwe,Sharjah,8 Nov 1998,
ODI,M Azharuddin,12*,8,7,0,1,171.42,1,,v Sri Lanka,Taunton,26 May 1999,
ODI,N Chopra,12*,36,26,0,0,46.15,1,,v Sri Lanka,Colombo (RPS),25 Aug 1999,
ODI,J Srinath,12*,15,17,0,0,70.58,1,,v Sri Lanka,Colombo (RPS),25 Aug 1999,
ODI,AB Agarkar,12*,-,6,0,1,200.0,1,,v Zimbabwe,Sharjah,22 Oct 2000,
ODI,AB Agarkar,12*,17,11,1,0,109.09,1,,v South Africa,Johannesburg,5 Oct 2001,
ODI,M Kaif,12*,13,9,1,0,133.33,1,,v West Indies,Nagpur,9 Nov 2002,
ODI,A Kumble,12*,25,30,0,0,40.0,2,,v Australia,Bengaluru,12 Nov 2003,
ODI,AB Agarkar,12*,14,8,1,0,150.0,1,,v Zimbabwe,Adelaide,24 Jan 2004,
ODI,IK Pathan,12*,13,11,1,0,109.09,2,,v England,Faridabad,31 Mar 2006,
ODI,RP Singh,12*,17,16,0,0,75.0,2,,v England,Birmingham,27 Aug 2007,
ODI,RP Singh,12*,44,27,1,0,44.44,1,,v Australia,Vadodara,11 Oct 2007,
ODI,YK Pathan,12*,20,16,2,0,75.0,2,,v England,Kanpur,20 Nov 2008,
ODI,RA Jadeja,12*,18,6,2,0,200.0,1,,v Sri Lanka,Nagpur,18 Dec 2009,
ODI,SS Tiwary,12*,22,17,2,0,70.58,2,,v Australia,Visakhapatnam,20 Oct 2010,
ODI,MS Dhoni,12*,37,21,0,0,57.14,1,,v South Africa,Nagpur,12 Mar 2011,
ODI,R Vinay Kumar,12*,13,15,1,0,80.0,2,,v Australia,Melbourne,5 Feb 2012,
ODI,SK Raina,12*,14,6,1,1,200.0,2,,v Pakistan,Mirpur,18 Mar 2012,
ODI,RA Jadeja,12*,10,9,1,0,133.33,2,,v England,Nottingham,30 Aug 2014,
ODI,AT Rayudu,12*,18,7,0,1,171.42,1,,v West Indies,Dharamsala,17 Oct 2014,
ODI,AT Rayudu,12*,-,18,1,0,66.66,2,,v Pakistan,Dubai (DICS),23 Sep 2018,
ODI,KM Jadhav,12*,24,13,1,0,92.3,2,,v England,Birmingham,30 Jun 2019,
ODI,KH Pandya,12*,17,9,1,0,133.33,1,,v England,Pune,26 Mar 2021,
ODI,RG Sharma,12*,17,19,2,0,63.15,2,,v West Indies,Bridgetown,27 Jul 2023,
ODI,RA Jadeja,12*,9,10,2,0,120.0,2,,v England,Nagpur,6 Feb 2025,
ODI,BP Patel,12,-,23,0,0,52.17,1,,v England,The Oval,15 Jul 1974,
ODI,SM Gavaskar,12,15,14,2,0,85.71,1,,v New Zealand,Manchester,14 Jun 1975,
ODI,N Kapil Dev,12,19,12,1,0,100.0,1,,v West Indies,Birmingham,9 Jun 1979,
ODI,KD Ghavri,12,40,26,2,0,46.15,1,,v West Indies,Birmingham,9 Jun 1979,
ODI,DB Vengsarkar,12,55,38,0,0,31.57,1,,v New Zealand,W.A.C.A,9 Dec 1980,
ODI,RMH Binny,12,-,30,-,-,40.0,2,,v New Zealand,Auckland,14 Feb 1981,
ODI,SMH Kirmani,12,-,23,2,0,52.17,2,,v Australia,Nottingham,13 Jun 1983,
ODI,RMH Binny,12,-,18,-,-,66.66,1,,v West Indies,Indore,1 Dec 1983,
ODI,N Kapil Dev,12,20,16,2,0,75.0,1,,v Australia,Thiruvananthapuram,1 Oct 1984,
ODI,GAHM Parkar,12,26,18,1,0,66.66,1,,v Australia,Jamshedpur,3 Oct 1984,
ODI,AD Gaekwad,12,-,20,-,-,60.0,1,,v Pakistan,Sialkot,31 Oct 1984,
ODI,K Srikkanth,12,34,26,2,0,46.15,2,,v Pakistan,Melbourne,20 Feb 1985,
ODI,N Kapil Dev,12,-,15,1,0,80.0,1,,v Sri Lanka,Colombo (PSS),22 Sep 1985,
ODI,RJ Shastri,12,-,12,1,0,100.0,2,,v Pakistan,Sharjah,17 Nov 1985,
ODI,M Azharuddin,12,14,17,0,0,70.58,1,,v New Zealand,Melbourne,23 Jan 1986,
ODI,AO Malhotra,12,24,20,0,0,60.0,2,,v Australia,Sydney,5 Feb 1986,
ODI,SM Patil,12,-,27,1,0,44.44,1,,v England,Manchester,26 May 1986,
ODI,SM Gavaskar,12,35,21,2,0,57.14,1,,v Australia,Ahmedabad,5 Oct 1986,
ODI,K Srikkanth,12,-,8,1,1,150.0,2,,v West Indies,Sharjah,30 Nov 1986,
ODI,CS Pandit,12,-,14,-,-,85.71,1,,v Sri Lanka,Vadodara,15 Jan 1987,
ODI,DB Vengsarkar,12,-,36,1,0,33.33,1,,v Pakistan,Eden Gardens,18 Feb 1987,
ODI,M Azharuddin,12,-,18,0,0,66.66,2,,v Pakistan,Nagpur,24 Mar 1987,
ODI,RJ Shastri,12,-,11,1,0,109.09,2,,v Australia,Chennai,9 Oct 1987,
ODI,AD Gaekwad,12,-,30,2,0,40.0,2,,v West Indies,Guwahati,23 Dec 1987,
ODI,RJ Shastri,12,-,26,1,0,46.15,2,,v West Indies,Guwahati,23 Dec 1987,
ODI,Arshad Ayub,12,-,14,2,0,85.71,2,,v West Indies,Gwalior,22 Jan 1988,
ODI,NS Sidhu,12,-,34,1,0,35.29,1,,v West Indies,Port of Spain,9 Mar 1989,
ODI,N Kapil Dev,12,-,21,1,0,57.14,1,,v West Indies,Port of Spain,11 Mar 1989,
ODI,N Kapil Dev,12,-,10,-,-,120.0,1,,v West Indies,St John's,18 Mar 1989,
ODI,M Azharuddin,12,-,31,0,0,38.7,2,,v Pakistan,Sharjah,20 Oct 1989,
ODI,C Sharma,12,-,21,1,0,57.14,1,,v West Indies,Wankhede,30 Oct 1989,
ODI,RJ Shastri,12,-,22,1,0,54.54,2,,v Pakistan,Lahore,22 Dec 1989,
ODI,M Azharuddin,12,23,17,1,0,70.58,2,,v New Zealand,Dunedin,1 Mar 1990,
ODI,N Kapil Dev,12,40,28,1,0,42.85,2,,v New Zealand,Dunedin,1 Mar 1990,
ODI,AK Sharma,12,20,16,0,0,75.0,1,,v New Zealand,Wellington,6 Mar 1990,
ODI,RJ Shastri,12,-,37,2,0,32.43,1,,v Sri Lanka,Margao,8 Dec 1990,
ODI,M Azharuddin,12,-,14,0,0,85.71,1,,v West Indies,Sharjah,19 Oct 1991,
ODI,SV Manjrekar,12,50,32,0,0,37.5,1,,v Australia,Adelaide,15 Dec 1991,
ODI,M Azharuddin,12,14,15,2,0,80.0,1,,v Zimbabwe,Hamilton,7 Mar 1992,
ODI,A Jadeja,12,-,45,1,0,26.66,2,,v South Africa,Durban,17 Dec 1992,
ODI,M Prabhakar,12,-,19,1,0,63.15,2,,v South Africa,East London,19 Dec 1992,
ODI,VG Kambli,12,25,22,0,0,54.54,1,,v Sri Lanka,Jalandhar,20 Feb 1994,
ODI,A Kumble,12,27,18,1,0,66.66,2,,v Pakistan,Sharjah,22 Apr 1994,
ODI,N Kapil Dev,12,23,18,1,0,66.66,2,,v West Indies,Faridabad,17 Oct 1994,
ODI,NS Sidhu,12,49,22,0,0,54.54,1,,v New Zealand,Jamshedpur,15 Nov 1995,
ODI,A Jadeja,12,17,17,3,0,70.58,2,,v New Zealand,Pune,24 Nov 1995,
ODI,A Kumble,12,13,9,2,0,133.33,2,,v New Zealand,Nagpur,26 Nov 1995,
ODI,PS Vaidya,12,14,9,2,0,133.33,2,,v South Africa,Sharjah,14 Apr 1996,
ODI,SC Ganguly,12,-,21,1,0,57.14,2,,v Pakistan,Toronto,23 Sep 1996,
ODI,A Kumble,12,24,18,0,0,66.66,1,,v South Africa,Rajkot,29 Oct 1996,
ODI,R Dravid,12,30,30,1,0,40.0,1,,v Zimbabwe,Centurion,7 Feb 1997,
ODI,SC Ganguly,12,14,14,1,0,85.71,2,,v Zimbabwe,Benoni,9 Feb 1997,
ODI,SS Karim,12,46,25,1,0,48.0,1,,v Sri Lanka,Colombo (RPS),18 Jul 1997,
ODI,RR Singh,12,21,14,0,1,85.71,2,,v England,Sharjah,11 Dec 1997,
ODI,RK Chauhan,12,22,12,0,0,100.0,2,,v England,Sharjah,11 Dec 1997,
ODI,SC Ganguly,12,43,31,0,0,38.7,2,,v Sri Lanka,Guwahati,22 Dec 1997,
ODI,J Srinath,12,17,14,1,0,85.71,1,,v Pakistan,Dhaka,16 Jan 1998,
ODI,A Kumble,12,9,11,2,0,109.09,1,,v Sri Lanka,Sharjah,9 Nov 1998,
ODI,HH Kanitkar,12,23,15,1,0,80.0,1,,v Pakistan,Mohali,1 Apr 1999,
ODI,S Ramesh,12,23,23,1,0,52.17,1,,v England,Sharjah,11 Apr 1999,
ODI,AR Khurasiya,12,23,13,2,0,92.3,2,,v Australia,Colombo (SSC),28 Aug 1999,
ODI,R Dravid,12,17,15,3,0,80.0,1,,v Zimbabwe,Singapore,4 Sep 1999,
ODI,R Dravid,12,23,15,1,0,80.0,1,,v Zimbabwe,Nairobi (Gym),1 Oct 1999,
ODI,SR Tendulkar,12,25,11,2,0,109.09,2,,v Australia,Melbourne,12 Jan 2000,
ODI,SR Tendulkar,12,48,28,1,0,42.85,1,,v South Africa,Faridabad,15 Mar 2000,
ODI,S Sriram,12,26,15,1,0,80.0,2,,v South Africa,Nagpur,19 Mar 2000,
ODI,SS Karim,12,37,23,0,0,52.17,1,,v South Africa,Sharjah,27 Mar 2000,
ODI,A Kumble,12,33,21,0,0,57.14,1,,v Australia,Nairobi (Gym),7 Oct 2000,
ODI,VG Kambli,12,-,21,1,0,57.14,1,,v Sri Lanka,Sharjah,20 Oct 2000,
ODI,SR Tendulkar,12,17,15,2,0,80.0,1,,v Australia,Margao,6 Apr 2001,
ODI,Harbhajan Singh,12,13,11,2,0,109.09,2,,v West Indies,Harare,7 Jul 2001,
ODI,AR Khurasiya,12,32,23,2,0,52.17,2,,v Sri Lanka,Colombo (RPS),22 Jul 2001,
ODI,Yuvraj Singh,12,25,17,2,0,70.58,2,,v Sri Lanka,Colombo (RPS),22 Jul 2001,
ODI,V Sehwag,12,17,14,0,0,85.71,2,,v Sri Lanka,Colombo (RPS),22 Jul 2001,
ODI,HK Badani,12,42,20,1,0,60.0,2,,v England,Chennai,25 Jan 2002,
ODI,SR Tendulkar,12,22,18,1,1,66.66,2,,v England,Wankhede,3 Feb 2002,
ODI,M Kaif,12,14,17,1,0,70.58,1,,v West Indies,Port of Spain,1 Jun 2002,
ODI,V Sehwag,12,34,20,2,0,60.0,2,,v Sri Lanka,The Oval,30 Jun 2002,
ODI,V Sehwag,12,-,15,2,0,80.0,2,,v West Indies,Vijayawada,24 Nov 2002,
ODI,Yuvraj Singh,12,60,44,1,0,27.27,1,,v New Zealand,Christchurch,1 Jan 2003,
ODI,D Mongia,12,38,20,1,0,60.0,1,,v New Zealand,Queenstown,4 Jan 2003,
ODI,R Dravid,12,30,26,2,0,46.15,1,,v New Zealand,Hamilton,14 Jan 2003,
ODI,D Mongia,12,40,37,0,0,32.43,1,,v Zimbabwe,Harare,19 Feb 2003,
ODI,D Mongia,12,18,11,2,0,109.09,2,,v Australia,Johannesburg,23 Mar 2003,
ODI,VVS Laxman,12,39,21,1,0,57.14,1,,v Zimbabwe,Brisbane,20 Jan 2004,
ODI,R Dravid,12,14,7,3,0,171.42,1,,v Australia,Sydney,22 Jan 2004,
ODI,R Dravid,12,43,29,3,0,41.37,1,,v Australia,Melbourne,6 Feb 2004,
ODI,V Sehwag,12,13,7,1,1,171.42,2,,v Australia,Sydney,8 Feb 2004,
ODI,VVS Laxman,12,55,34,1,0,35.29,2,,v Sri Lanka,Colombo (RPS),1 Aug 2004,
ODI,D Mongia,12,21,18,0,0,66.66,2,,v Bangladesh,Dhaka,26 Dec 2004,
ODI,MS Dhoni,12,16,11,2,0,109.09,2,,v Bangladesh,Dhaka,26 Dec 2004,
ODI,Yuvraj Singh,12,47,33,2,0,36.36,1,,v Sri Lanka,Dambulla,30 Jul 2005,
ODI,V Sehwag,12,11,13,2,0,92.3,2,,v Zimbabwe,Harare,4 Sep 2005,
ODI,MS Dhoni,12,37,26,1,0,46.15,2,,v South Africa,Wankhede,28 Nov 2005,
ODI,RV Uthappa,12,31,24,1,0,50.0,1,,v Pakistan,Abu Dhabi,18 Apr 2006,
ODI,AB Agarkar,12,16,15,0,0,80.0,1,,v Pakistan,Abu Dhabi,18 Apr 2006,
ODI,Yuvraj Singh,12,30,28,1,0,42.85,2,,v West Indies,Kingston,18 May 2006,
ODI,V Sehwag,12,27,19,1,0,63.15,2,,v West Indies,Kingston,20 May 2006,
ODI,RR Powar,12,38,22,1,0,54.54,2,,v West Indies,Kingston,20 May 2006,
ODI,M Kaif,12,-,26,1,0,46.15,2,,v West Indies,Port of Spain,28 May 2006,
ODI,SR Tendulkar,12,30,17,2,0,70.58,2,,v Australia,Kuala Lumpur,16 Sep 2006,
ODI,V Sehwag,12,12,9,3,0,133.33,2,,v Sri Lanka,Margao,14 Feb 2007,
ODI,G Gambhir,12,30,20,0,0,60.0,1,,v England,Lord's,8 Sep 2007,
ODI,G Gambhir,12,19,15,2,0,80.0,2,,v Pakistan,Jaipur,18 Nov 2007,
ODI,P Kumar,12,11,13,1,0,92.3,2,,v Pakistan,Jaipur,18 Nov 2007,
ODI,IK Pathan,12,24,20,1,0,60.0,1,,v Australia,Brisbane,4 Mar 2008,
ODI,V Kohli,12,33,22,1,0,54.54,1,,v Sri Lanka,Dambulla,18 Aug 2008,
ODI,Harbhajan Singh,12,53,28,0,0,42.85,1,,v Sri Lanka,Dambulla,18 Aug 2008,
ODI,Z Khan,12,28,38,0,0,31.57,1,,v Sri Lanka,Dambulla,18 Aug 2008,
ODI,Yuvraj Singh,12,25,17,0,1,70.58,1,,v Sri Lanka,Colombo (RPS),24 Aug 2008,
ODI,Yuvraj Singh,12,41,21,0,0,57.14,2,,v Australia,Mohali,2 Nov 2009,
ODI,V Sehwag,12,-,12,2,0,100.0,1,,v Sri Lanka,Dambulla,22 Aug 2010,
ODI,Yuvraj Singh,12,22,20,1,1,60.0,2,,v South Africa,Gqeberha,21 Jan 2011,
ODI,V Kohli,12,16,20,2,0,60.0,2,,v Netherlands,Delhi,9 Mar 2011,
ODI,Yuvraj Singh,12,15,9,0,1,133.33,1,,v South Africa,Nagpur,12 Mar 2011,
ODI,Harbhajan Singh,12,28,15,2,0,80.0,1,,v Pakistan,Mohali,30 Mar 2011,
ODI,S Badrinath,12,29,27,1,0,44.44,2,,v West Indies,North Sound,13 Jun 2011,
ODI,PA Patel,12,18,17,2,0,70.58,2,,v England,Delhi,17 Oct 2011,
ODI,PA Patel,12,18,13,2,0,92.3,2,,v West Indies,Cuttack,29 Nov 2011,
ODI,G Gambhir,12,24,18,2,0,66.66,2,,v West Indies,Visakhapatnam,2 Dec 2011,
ODI,RA Jadeja,12,11,8,0,0,150.0,2,,v Australia,Adelaide,12 Feb 2012,
ODI,V Kohli,12,44,25,0,0,48.0,2,,v Australia,Brisbane,19 Feb 2012,
ODI,KD Karthik,12,25,18,0,1,66.66,1,,v Sri Lanka,Port of Spain,9 Jul 2013,
ODI,Yuvraj Singh,12,20,14,0,1,85.71,1,,v Australia,Bengaluru,2 Nov 2013,
ODI,RG Sharma,12,20,19,3,0,63.15,1,,v West Indies,Visakhapatnam,24 Nov 2013,
ODI,S Dhawan,12,19,13,3,0,92.3,2,,v South Africa,Johannesburg,5 Dec 2013,
ODI,R Ashwin,12,20,10,0,1,120.0,2,,v New Zealand,Napier,19 Jan 2014,
ODI,S Dhawan,12,32,22,2,0,54.54,2,,v New Zealand,Hamilton,22 Jan 2014,
ODI,RA Jadeja,12,20,8,0,1,150.0,2,,v New Zealand,Hamilton,22 Jan 2014,
ODI,AM Rahane,12,59,28,1,0,42.85,1,,v West Indies,Delhi,11 Oct 2014,
ODI,STR Binny,12,15,15,2,0,80.0,2,,v Sri Lanka,Ranchi,16 Nov 2014,
ODI,AM Rahane,12,29,22,2,0,54.54,1,,v Australia,Melbourne,18 Jan 2015,
ODI,AT Rayudu,12,21,17,1,0,70.58,1,,v England,W.A.C.A,30 Jan 2015,
ODI,V Kohli,12,24,18,0,0,66.66,1,,v South Africa,Indore,14 Oct 2015,
ODI,SK Raina,12,10,13,1,1,92.3,2,,v South Africa,Wankhede,25 Oct 2015,
ODI,MK Pandey,12,13,12,2,0,100.0,2,,v New Zealand,Ranchi,26 Oct 2016,
ODI,RG Sharma,12,23,20,1,1,60.0,2,,v South Africa,The Oval,11 Jun 2017,
ODI,KM Jadhav,12,41,25,1,0,48.0,1,,v New Zealand,Wankhede,22 Oct 2017,
ODI,YS Chahal,12,-,12,2,0,100.0,2,,v England,Lord's,14 Jul 2018,
ODI,DL Chahar,12,-,14,1,0,85.71,2,,v Afghanistan,Dubai (DICS),25 Sep 2018,
ODI,KD Karthik,12,30,21,0,0,57.14,2,,v Australia,Sydney,12 Jan 2019,
ODI,S Dhawan,12,-,15,2,0,80.0,2,,v Australia,Delhi,13 Mar 2019,
ODI,KL Rahul,12,-,15,1,0,80.0,2,,v Australia,Sydney,27 Nov 2020,
ODI,KL Rahul,12,32,17,0,0,70.58,2,,v South Africa,Paarl,19 Jan 2022,
ODI,JJ Bumrah,12,39,15,2,0,80.0,2,,v South Africa,Cape Town,23 Jan 2022,
ODI,SV Samson,12,31,18,0,1,66.66,1,,v West Indies,Port of Spain,22 Jul 2022,
ODI,DJ Hooda,12,44,25,0,0,48.0,1,,v New Zealand,Christchurch,30 Nov 2022,
ODI,DL Chahar,12,15,9,0,2,133.33,1,,v New Zealand,Christchurch,30 Nov 2022,
ODI,Washington Sundar,12,27,14,0,0,85.71,1,,v New Zealand,Hyderabad,18 Jan 2023,
ODI,SA Yadav,12,13,9,2,0,133.33,1,,v Sri Lanka,Wankhede,2 Nov 2023,
ODI,SV Samson,12,20,23,1,0,52.17,1,,v South Africa,Gqeberha,19 Dec 2023,
ODI,Washington Sundar,12,23,14,0,0,85.71,1,,v Australia,Adelaide,23 Oct 2025,
ODI,RA Jadeja,12,18,16,0,0,75.0,2,,v New Zealand,Indore,18 Jan 2026,
ODI,BS Chandrasekhar,11*,-,13,-,-,84.61,2,,v New Zealand,Auckland,22 Feb 1976,
ODI,KD Ghavri,11*,32,19,1,0,57.89,1,,v Australia,Sydney,18 Dec 1980,
ODI,KD Ghavri,11*,17,10,2,0,110.0,2,,v Australia,Sydney,15 Jan 1981,
ODI,BS Sandhu,11*,42,30,1,0,36.66,1,,v West Indies,Lord's,25 Jun 1983,
ODI,RMH Binny,11*,-,20,2,0,55.0,2,,v Pakistan,Jaipur,2 Oct 1983,
ODI,M Amarnath,11*,21,16,0,0,68.75,2,,v Pakistan,Melbourne,20 Feb 1985,
ODI,DB Vengsarkar,11*,30,16,0,0,68.75,2,,v Australia,Melbourne,3 Mar 1985,
ODI,M Azharuddin,11*,34,20,0,0,55.0,2,,v Australia,Melbourne,16 Jan 1986,
ODI,RMH Binny,11*,27,17,0,0,64.7,1,,v Australia,Srinagar,9 Sep 1986,
ODI,M Prabhakar,11*,-,41,1,0,26.82,2,,v Zimbabwe,Wankhede,17 Oct 1987,
ODI,M Prabhakar,11*,-,10,-,-,110.0,1,,v Sri Lanka,Ahmedabad,22 Oct 1989,
ODI,SV Manjrekar,11*,-,21,0,0,52.38,2,,v Bangladesh,Chandigarh,25 Dec 1990,
ODI,SR Tendulkar,11*,-,27,1,0,40.74,2,,v West Indies,Sharjah,22 Oct 1991,
ODI,KS More,11*,20,10,0,1,110.0,1,,v West Indies,Brisbane,11 Jan 1992,
ODI,SR Tendulkar,11*,25,18,0,0,61.11,2,,v Sri Lanka,Hyderabad (Deccan),18 Feb 1994,
ODI,SR Tendulkar,11*,-,16,2,0,68.75,1,,v Sri Lanka,Colombo (RPS),4 Sep 1994,
ODI,AC Bedade,11*,23,12,1,0,91.66,2,,v West Indies,Wankhede,20 Oct 1994,
ODI,A Jadeja,11*,26,18,2,0,61.11,2,,v England,The Oval,23 May 1996,
ODI,SC Ganguly,11*,-,8,1,0,137.5,1,,v Pakistan,Toronto,17 Sep 1996,
ODI,A Kumble,11*,26,18,0,0,61.11,1,,v South Africa,Gqeberha,2 Feb 1997,
ODI,A Kumble,11*,8,11,0,1,100.0,1,,v Pakistan,Sharjah,14 Dec 1997,
ODI,A Jadeja,11*,25,21,0,0,52.38,2,,v Pakistan,Dhaka,14 Jan 1998,
ODI,HH Kanitkar,11*,-,12,1,0,91.66,2,,v Pakistan,Dhaka,18 Jan 1998,
ODI,A Jadeja,11*,19,14,0,0,78.57,2,,v Australia,Sharjah,24 Apr 1998,
ODI,MSK Prasad,11*,13,13,0,0,84.61,2,,v Kenya,Bengaluru,20 May 1998,
ODI,NR Mongia,11*,15,10,1,0,110.0,1,,v England,Sharjah,11 Apr 1999,
ODI,SS Dighe,11*,35,20,0,0,55.0,2,,v Pakistan,Hobart,21 Jan 2000,
ODI,A Jadeja,11*,48,20,1,0,55.0,2,,v Pakistan,Sharjah,23 Mar 2000,
ODI,V Sehwag,11*,19,16,1,0,68.75,2,,v West Indies,Bulawayo,30 Jun 2001,
ODI,SS Dighe,11*,13,11,0,0,100.0,2,,v Sri Lanka,Colombo (RPS),22 Jul 2001,
ODI,Z Khan,11*,25,14,1,0,78.57,2,,v New Zealand,Colombo (RPS),26 Jul 2001,
ODI,HK Badani,11*,30,27,0,0,40.74,2,,v Sri Lanka,Colombo (RPS),28 Jul 2001,
ODI,SC Ganguly,11*,-,36,1,0,30.55,1,,v South Africa,Dhaka,21 Apr 2003,
ODI,RV Uthappa,11*,22,11,2,0,100.0,2,,v Pakistan,Guwahati,5 Nov 2007,
ODI,RG Sharma,11*,30,8,1,0,137.5,1,,v England,Rajkot,14 Nov 2008,
ODI,YK Pathan,11*,10,5,1,1,220.0,1,,v Zimbabwe,Bulawayo,28 May 2010,
ODI,UT Yadav,11*,15,10,2,0,110.0,2,,v West Indies,Ahmedabad,5 Dec 2011,
ODI,KD Karthik,11*,19,15,1,0,73.33,2,,v Pakistan,Birmingham,15 Jun 2013,
ODI,B Kumar,11*,4,5,1,1,220.0,1,,v West Indies,Kingston,30 Jun 2013,
ODI,MK Pandey,11*,12,11,2,0,100.0,2,,v Australia,Nagpur,1 Oct 2017,
ODI,KL Rahul,11*,6,3,1,1,366.66,1,,v Australia,The Oval,9 Jun 2019,
ODI,YS Chahal,11*,14,10,1,0,110.0,1,,v West Indies,Ahmedabad,9 Feb 2022,
ODI,HH Pandya,11*,17,8,0,1,137.5,2,,v Australia,Chennai,8 Oct 2023,
ODI,RA Jadeja,11*,9,7,2,0,157.14,2,,v England,Cuttack,9 Feb 2025,
ODI,Yashpal Sharma,11,-,26,-,-,42.3,1,,v Pakistan,Sialkot,13 Oct 1978,
ODI,AD Gaekwad,11,32,30,2,0,36.66,1,,v West Indies,Birmingham,9 Jun 1979,
ODI,SMH Kirmani,11,-,24,0,0,45.83,1,,v England,Leeds,2 Jun 1982,
ODI,M Amarnath,11,-,31,-,-,35.48,1,,v West Indies,St George's,7 Apr 1983,
ODI,RJ Shastri,11,-,18,1,0,61.11,2,,v Australia,Nottingham,13 Jun 1983,
ODI,Yashpal Sharma,11,45,32,1,0,34.37,1,,v West Indies,Lord's,25 Jun 1983,
ODI,SM Gavaskar,11,-,16,-,-,68.75,1,,v West Indies,Srinagar,13 Oct 1983,
ODI,K Srikkanth,11,-,40,-,-,27.5,1,,v West Indies,Guwahati,17 Dec 1983,
ODI,KBJ Azad,11,19,10,1,0,110.0,1,,v Australia,Indore,6 Oct 1984,
ODI,SM Patil,11,-,17,1,0,64.7,2,,v Pakistan,Quetta,12 Oct 1984,
ODI,RJ Shastri,11,-,14,1,0,78.57,1,,v England,Pune,5 Dec 1984,
ODI,DB Vengsarkar,11,-,23,1,0,47.82,2,,v England,Nagpur,23 Jan 1985,
ODI,S Madan Lal,11,-,39,1,0,28.2,1,,v Pakistan,Sharjah,22 Mar 1985,
ODI,M Amarnath,11,-,21,2,0,52.38,2,,v Pakistan,Sharjah,17 Nov 1985,
ODI,RMH Binny,11,-,12,1,0,91.66,2,,v Pakistan,Sharjah,17 Nov 1985,
ODI,M Azharuddin,11,52,38,1,0,28.94,1,,v New Zealand,W.A.C.A,18 Jan 1986,
ODI,RMH Binny,11,9,7,0,0,157.14,1,,v New Zealand,Melbourne,23 Jan 1986,
ODI,SM Gavaskar,11,47,26,1,0,42.3,1,,v Australia,Melbourne,9 Feb 1986,
ODI,K Srikkanth,11,28,14,2,0,78.57,2,,v New Zealand,Sharjah,10 Apr 1986,
ODI,N Kapil Dev,11,32,14,1,0,78.57,1,,v New Zealand,Indore,15 Dec 1988,
ODI,K Srikkanth,11,-,39,0,0,28.2,1,,v West Indies,Sharjah,13 Oct 1989,
ODI,R Lamba,11,-,36,-,-,30.55,1,,v Sri Lanka,Ahmedabad,22 Oct 1989,
ODI,N Kapil Dev,11,-,30,0,0,36.66,2,,v South Africa,Eden Gardens,10 Nov 1991,
ODI,RJ Shastri,11,38,35,0,0,31.42,2,,v West Indies,Melbourne,16 Jan 1992,
ODI,K Srikkanth,11,24,15,1,0,73.33,2,,v Australia,Sydney,20 Jan 1992,
ODI,M Azharuddin,11,11,9,1,0,122.22,2,,v Australia,Sydney,20 Jan 1992,
ODI,J Srinath,11,10,8,0,0,137.5,2,,v England,W.A.C.A,22 Feb 1992,
ODI,SR Tendulkar,11,19,19,1,0,57.89,2,,v Australia,Brisbane,1 Mar 1992,
ODI,ST Banerjee,11,11,9,1,0,122.22,1,,v New Zealand,Dunedin,12 Mar 1992,
ODI,M Prabhakar,11,-,14,2,0,78.57,2,,v West Indies,Ahmedabad,16 Nov 1993,
ODI,M Prabhakar,11,-,23,1,0,47.82,1,,v West Indies,Eden Gardens,27 Nov 1993,
ODI,M Azharuddin,11,30,13,0,0,84.61,1,,v Sri Lanka,Jalandhar,20 Feb 1994,
ODI,NS Sidhu,11,11,10,1,0,110.0,2,,v New Zealand,Vadodara,28 Oct 1994,
ODI,M Azharuddin,11,31,24,1,0,45.83,2,,v Pakistan,Sharjah,7 Apr 1995,
ODI,R Dravid,11,28,21,0,0,52.38,2,,v South Africa,Sharjah,14 Apr 1996,
ODI,SR Tendulkar,11,20,8,2,0,137.5,2,,v South Africa,Hyderabad (Deccan),17 Oct 1996,
ODI,NS Sidhu,11,-,25,2,0,44.0,1,,v Australia,Mohali,3 Nov 1996,
ODI,RR Singh,11,34,17,0,0,64.7,1,,v Zimbabwe,Centurion,7 Feb 1997,
ODI,SC Ganguly,11,38,22,2,0,50.0,1,,v Sri Lanka,Colombo (RPS),18 Jul 1997,
ODI,SC Ganguly,11,-,19,2,0,57.89,2,,v Bangladesh,Dhaka,10 Jan 1998,
ODI,SV Bahutule,11,25,11,1,0,100.0,1,,v Pakistan,Dhaka,16 Jan 1998,
ODI,NS Sidhu,11,18,21,1,0,52.38,2,,v Australia,Sharjah,19 Apr 1998,
ODI,M Azharuddin,11,31,28,0,0,39.28,1,,v New Zealand,Sharjah,20 Apr 1998,
ODI,A Jadeja,11,28,30,0,0,36.66,1,,v New Zealand,Sharjah,20 Apr 1998,
ODI,RR Singh,11,31,25,0,0,44.0,2,,v Kenya,Gwalior,28 May 1998,
ODI,SC Ganguly,11,27,20,2,0,55.0,2,,v Zimbabwe,Bulawayo,26 Sep 1998,
ODI,SR Tendulkar,11,33,12,2,0,91.66,2,,v Zimbabwe,Sharjah,11 Nov 1998,
ODI,VVS Laxman,11,44,38,0,0,28.94,2,,v Zimbabwe,Sharjah,11 Nov 1998,
ODI,A Jadeja,11,43,22,1,0,50.0,1,,v Sri Lanka,Nagpur,22 Mar 1999,
ODI,NR Mongia,11,54,34,0,0,32.35,2,,v Pakistan,Jaipur,24 Mar 1999,
ODI,RR Singh,11,11,12,0,0,91.66,1,,v England,Sharjah,9 Apr 1999,
ODI,VG Kambli,11,20,14,0,1,78.57,2,,v West Indies,Singapore,5 Sep 1999,
ODI,RR Singh,11,-,7,2,0,157.14,1,,v West Indies,Toronto,14 Sep 1999,
ODI,RR Singh,11,60,34,1,0,32.35,1,,v Australia,Sydney,14 Jan 2000,
ODI,SR Tendulkar,11,54,28,1,0,39.28,2,,v Pakistan,Sharjah,23 Mar 2000,
ODI,SB Joshi,11,18,15,1,0,73.33,2,,v Sri Lanka,Dhaka,1 Jun 2000,
ODI,A Kumble,11,-,13,1,0,84.61,1,,v Sri Lanka,Sharjah,20 Oct 2000,
ODI,RR Singh,11,-,38,1,0,28.94,2,,v Sri Lanka,Sharjah,29 Oct 2000,
ODI,Yuvraj Singh,11,7,6,2,0,183.33,2,,v Zimbabwe,Cuttack,2 Dec 2000,
ODI,HK Badani,11,25,18,0,0,61.11,1,,v Australia,Bengaluru,25 Mar 2001,
ODI,VVS Laxman,11,33,25,1,0,44.0,2,,v Australia,Visakhapatnam,3 Apr 2001,
ODI,R Dravid,11,25,23,2,0,47.82,2,,v Kenya,Gqeberha,17 Oct 2001,
ODI,SC Ganguly,11,60,21,1,0,52.38,1,,v Zimbabwe,Kochi,13 Mar 2002,
ODI,M Kartik,11,16,12,1,0,91.66,1,,v West Indies,Vadodara,18 Nov 2002,
ODI,Z Khan,11,16,13,1,0,84.61,2,,v New Zealand,Napier,29 Dec 2002,
ODI,G Gambhir,11,42,22,2,0,50.0,1,,v Bangladesh,Dhaka,11 Apr 2003,
ODI,Yuvraj Singh,11,17,12,1,0,91.66,1,,v South Africa,Dhaka,13 Apr 2003,
ODI,G Gambhir,11,53,33,1,0,33.33,1,,v South Africa,Dhaka,21 Apr 2003,
ODI,SV Bahutule,11,26,13,1,0,84.61,1,,v New Zealand,Cuttack,6 Nov 2003,
ODI,L Balaji,11,27,27,0,0,40.74,1,,v Australia,W.A.C.A,1 Feb 2004,
ODI,SR Tendulkar,11,17,13,2,0,84.61,2,,v Sri Lanka,Dambulla,18 Jul 2004,
ODI,Harbhajan Singh,11,20,16,1,0,68.75,1,,v Pakistan,Visakhapatnam,5 Apr 2005,
ODI,MS Dhoni,11,20,16,1,0,68.75,1,,v Pakistan,Kanpur,15 Apr 2005,
ODI,MS Dhoni,11,26,16,1,0,68.75,1,,v New Zealand,Harare,6 Sep 2005,
ODI,SR Tendulkar,11,28,19,1,1,57.89,2,,v Sri Lanka,Pune,3 Nov 2005,
ODI,G Gambhir,11,30,19,2,0,57.89,1,,v South Africa,Eden Gardens,25 Nov 2005,
ODI,AB Agarkar,11,23,16,1,0,68.75,1,,v South Africa,Eden Gardens,25 Nov 2005,
ODI,R Dravid,11,46,22,1,0,50.0,2,,v West Indies,Kingston,20 May 2006,
ODI,Y Venugopal Rao,11,-,28,0,0,39.28,1,,v West Indies,Basseterre,23 May 2006,
ODI,V Sehwag,11,-,11,2,0,100.0,1,,v West Indies,Port of Spain,26 May 2006,
ODI,SK Raina,11,24,15,2,0,73.33,1,,v West Indies,Kuala Lumpur,20 Sep 2006,
ODI,Z Khan,11,17,12,2,0,91.66,2,,v South Africa,Gqeberha,29 Nov 2006,
ODI,V Sehwag,11,27,22,2,0,50.0,1,,v South Africa,Centurion,3 Dec 2006,
ODI,KD Karthik,11,18,15,2,0,73.33,1,,v South Africa,Centurion,3 Dec 2006,
ODI,AB Agarkar,11,28,29,1,0,37.93,2,,v England,Southampton,21 Aug 2007,
ODI,Z Khan,11,16,12,2,0,91.66,2,,v England,Birmingham,27 Aug 2007,
ODI,V Sehwag,11,18,19,2,0,57.89,2,,v Australia,Melbourne,10 Feb 2008,
ODI,RV Uthappa,11,7,9,2,0,122.22,2,,v Sri Lanka,Hobart,26 Feb 2008,
ODI,RG Sharma,11,37,29,0,0,37.93,1,,v Hong Kong,Karachi,25 Jun 2008,
ODI,G Gambhir,11,37,16,2,0,68.75,2,,v Sri Lanka,Colombo (RPS),29 Aug 2008,
ODI,SR Tendulkar,11,40,21,2,0,52.38,1,,v England,Bengaluru,23 Nov 2008,
ODI,Yuvraj Singh,11,26,24,0,0,45.83,1,,v New Zealand,Auckland,14 Mar 2009,
ODI,RG Sharma,11,19,9,0,0,122.22,2,,v West Indies,Gros Islet,3 Jul 2009,
ODI,V Sehwag,11,41,25,1,0,44.0,2,,v Australia,Delhi,31 Oct 2009,
ODI,G Gambhir,11,11,8,1,0,137.5,1,,v Sri Lanka,Rajkot,15 Dec 2009,
ODI,Harbhajan Singh,11,22,13,1,0,84.61,1,,v Sri Lanka,Rajkot,15 Dec 2009,
ODI,Harbhajan Singh,11,31,26,0,0,42.3,1,,v Sri Lanka,Mirpur,13 Jan 2010,
ODI,KD Karthik,11,-,11,2,0,100.0,2,,v South Africa,Ahmedabad,27 Feb 2010,
ODI,M Vijay,11,40,24,1,0,45.83,1,,v Zimbabwe,Bulawayo,28 May 2010,
ODI,V Sehwag,11,29,14,2,0,78.57,2,,v Bangladesh,Dambulla,16 Jun 2010,
ODI,V Kohli,11,35,22,0,0,50.0,2,,v Bangladesh,Dambulla,16 Jun 2010,
ODI,RG Sharma,11,-,21,2,0,52.38,1,,v Sri Lanka,Dambulla,22 Aug 2010,
ODI,RG Sharma,11,28,27,1,0,40.74,2,,v South Africa,Durban,12 Jan 2011,
ODI,SK Raina,11,22,14,1,0,78.57,1,,v South Africa,Johannesburg,15 Jan 2011,
ODI,PA Patel,11,39,24,2,0,45.83,2,,v South Africa,Gqeberha,21 Jan 2011,
ODI,SK Raina,11,15,8,2,0,137.5,2,,v South Africa,Centurion,23 Jan 2011,
ODI,YK Pathan,11,12,10,1,1,110.0,2,,v Netherlands,Delhi,9 Mar 2011,
ODI,YK Pathan,11,16,10,1,0,110.0,1,,v West Indies,Chennai,20 Mar 2011,
ODI,S Badrinath,11,33,28,1,0,39.28,2,,v West Indies,North Sound,11 Jun 2011,
ODI,S Dhawan,11,32,26,1,0,42.3,1,,v West Indies,Kingston,16 Jun 2011,
ODI,MK Tiwary,11,11,7,1,0,157.14,1,,v England,Southampton,6 Sep 2011,
ODI,RA Jadeja,11,25,16,2,0,68.75,2,,v West Indies,Ahmedabad,5 Dec 2011,
ODI,G Gambhir,11,27,16,1,0,68.75,1,,v Bangladesh,Mirpur,16 Mar 2012,
ODI,MS Dhoni,11,26,16,2,0,68.75,1,,v Sri Lanka,Hambantota,24 Jul 2012,
ODI,G Gambhir,11,45,25,1,0,44.0,2,,v Pakistan,Eden Gardens,3 Jan 2013,
ODI,S Dhawan,11,20,10,2,0,110.0,1,,v West Indies,Kingston,30 Jun 2013,
ODI,V Kohli,11,19,21,0,1,52.38,1,,v West Indies,Kingston,30 Jun 2013,
ODI,RA Jadeja,11,22,18,1,0,61.11,2,,v Australia,Pune,13 Oct 2013,
ODI,R Vinay Kumar,11,24,19,1,0,57.89,2,,v Australia,Pune,13 Oct 2013,
ODI,RG Sharma,11,33,22,2,0,50.0,1,,v Australia,Mohali,19 Oct 2013,
ODI,B Kumar,11,9,6,2,0,183.33,2,,v New Zealand,Hamilton,22 Jan 2014,
ODI,CA Pujara,11,66,34,0,0,32.35,1,,v Bangladesh,Mirpur,17 Jun 2014,
ODI,S Dhawan,11,29,22,2,0,50.0,1,,v England,Cardiff,27 Aug 2014,
ODI,SK Raina,11,8,5,1,1,220.0,1,,v Sri Lanka,Eden Gardens,13 Nov 2014,
ODI,MM Sharma,11,17,19,2,0,57.89,2,,v Bangladesh,Mirpur,18 Jun 2015,
ODI,V Kohli,11,29,18,0,0,61.11,2,,v South Africa,Kanpur,11 Oct 2015,
ODI,MS Dhoni,11,16,10,0,0,110.0,1,,v Australia,Brisbane,15 Jan 2016,
ODI,RG Sharma,11,15,19,2,0,57.89,2,,v New Zealand,Ranchi,26 Oct 2016,
ODI,MS Dhoni,11,36,31,0,0,35.48,2,,v New Zealand,Ranchi,26 Oct 2016,
ODI,S Dhawan,11,24,15,2,0,73.33,1,,v England,Cuttack,19 Jan 2017,
ODI,KL Rahul,11,28,11,1,1,100.0,2,,v England,Eden Gardens,22 Jan 2017,
ODI,V Kohli,11,-,22,2,0,50.0,1,,v West Indies,North Sound,30 Jun 2017,
ODI,RA Jadeja,11,-,11,1,0,100.0,2,,v West Indies,North Sound,2 Jul 2017,
ODI,AM Rahane,11,16,13,0,0,84.61,1,,v South Africa,Cape Town,7 Feb 2018,
ODI,RG Sharma,11,38,24,1,0,45.83,2,,v New Zealand,Napier,23 Jan 2019,
ODI,KM Jadhav,11,-,12,1,0,91.66,1,,v Australia,Nagpur,5 Mar 2019,
ODI,MK Pandey,11,46,19,0,0,57.89,1,,v Sri Lanka,Colombo (RPS),23 Jul 2021,
ODI,SS Iyer,11,29,14,0,0,78.57,1,,v South Africa,Paarl,21 Jan 2022,
ODI,RR Pant,11,23,9,2,0,122.22,2,,v West Indies,Ahmedabad,6 Feb 2022,
ODI,Washington Sundar,11,28,19,1,0,57.89,2,,v Bangladesh,Mirpur,7 Dec 2022,
ODI,DL Chahar,11,36,18,0,1,61.11,2,,v Bangladesh,Mirpur,7 Dec 2022,
ODI,V Kohli,11,19,9,2,0,122.22,2,,v New Zealand,Raipur,21 Jan 2023,
ODI,RG Sharma,11,25,22,2,0,50.0,1,,v Pakistan,Pallekele,2 Sep 2023,
ODI,SN Thakur,11,26,13,0,0,84.61,2,,v Bangladesh,Colombo (RPS),15 Sep 2023,
ODI,V Kohli,11,18,14,2,0,78.57,1,,v New Zealand,Dubai (DICS),2 Mar 2025,
ODI,SS Iyer,11,34,24,1,0,45.83,1,,v Australia,Perth,19 Oct 2025,
ODI,KL Rahul,11,17,15,1,0,73.33,1,,v Australia,Adelaide,23 Oct 2025,
ODI,RG Sharma,11,18,13,2,0,84.61,2,,v New Zealand,Indore,18 Jan 2026,
ODI,KD Ghavri,10*,10,6,0,0,166.66,1,,v New Zealand,Adelaide,23 Dec 1980,
ODI,SMH Kirmani,10*,-,13,-,-,76.92,2,,v New Zealand,Auckland,14 Feb 1981,
ODI,RJ Shastri,10*,-,8,0,0,125.0,1,,v Pakistan,Jamshedpur,26 Mar 1987,
ODI,RR Singh,10*,-,14,-,-,71.42,1,,v West Indies,St John's,18 Mar 1989,
ODI,N Kapil Dev,10*,-,9,0,0,111.11,1,,v Pakistan,Sharjah,18 Oct 1991,
ODI,KS More,10*,9,6,2,0,166.66,2,,v England,Gwalior,5 Mar 1993,
ODI,VG Kambli,10*,49,29,0,0,34.48,2,,v Sri Lanka,Eden Gardens,13 Mar 1996,
ODI,BKV Prasad,10*,10,8,1,0,125.0,2,,v South Africa,Bloemfontein,23 Jan 1997,
ODI,RR Singh,10*,5,5,1,0,200.0,1,,v New Zealand,Wellington,14 Jan 1999,
ODI,JJ Martin,10*,20,13,1,0,76.92,1,,v Pakistan,Adelaide,25 Jan 2000,
ODI,RR Singh,10*,21,7,1,0,142.85,2,,v South Africa,Vadodara,17 Mar 2000,
ODI,BKV Prasad,10*,32,25,0,0,40.0,2,,v Kenya,Gqeberha,17 Oct 2001,
ODI,Yuvraj Singh,10*,10,8,0,0,125.0,1,,v Kenya,Paarl,24 Oct 2001,
ODI,J Srinath,10*,36,29,1,0,34.48,1,,v New Zealand,Queenstown,4 Jan 2003,
ODI,L Balaji,10*,9,6,0,1,166.66,1,,v Pakistan,Lahore,24 Mar 2004,
ODI,MS Dhoni,10*,20,13,1,0,76.92,2,,v England,Kochi,6 Apr 2006,
ODI,R Dravid,10*,-,8,2,0,125.0,2,,v Scotland,Glasgow,16 Aug 2007,
ODI,Harbhajan Singh,10*,12,10,0,0,100.0,1,,v Pakistan,Kanpur,11 Nov 2007,
ODI,S Sreesanth,10*,25,16,1,0,62.5,2,,v Pakistan,Jaipur,18 Nov 2007,
ODI,R Ashwin,10*,14,7,1,0,142.85,1,,v West Indies,Chennai,20 Mar 2011,
ODI,MS Dhoni,10*,12,12,2,0,83.33,2,,v England,Ranchi,19 Jan 2013,
ODI,KD Karthik,10*,26,19,1,0,52.63,2,,v Zimbabwe,Bulawayo,3 Aug 2013,
ODI,R Ashwin,10*,8,5,2,0,200.0,1,,v England,Cardiff,27 Aug 2014,
ODI,WP Saha,10*,20,8,1,0,125.0,1,,v Sri Lanka,Cuttack,2 Nov 2014,
ODI,AR Patel,10*,7,5,0,1,200.0,1,,v Bangladesh,Mirpur,24 Jun 2015,
ODI,RA Jadeja,10*,9,5,1,0,200.0,1,,v Australia,W.A.C.A,12 Jan 2016,
ODI,KM Jadhav,10*,17,12,2,0,83.33,2,,v New Zealand,Dharamsala,16 Oct 2016,
ODI,JJ Bumrah,10*,9,6,2,0,166.66,1,,v Australia,Eden Gardens,21 Sep 2017,
ODI,NA Saini,10*,-,10,1,0,100.0,2,,v Australia,Sydney,29 Nov 2020,
ODI,Kuldeep Yadav,10*,22,10,2,0,100.0,2,,v Sri Lanka,Eden Gardens,12 Jan 2023,
ODI,AD Gaekwad,10,35,31,1,0,32.25,1,,v New Zealand,Leeds,13 Jun 1979,
ODI,BP Patel,10,12,13,1,0,76.92,2,,v Sri Lanka,Manchester,16 Jun 1979,
ODI,SC Khanna,10,20,17,1,0,58.82,2,,v Sri Lanka,Manchester,16 Jun 1979,
ODI,GR Viswanath,10,37,28,1,0,35.71,1,,v New Zealand,W.A.C.A,9 Dec 1980,
ODI,KBJ Azad,10,-,20,2,0,50.0,2,,v New Zealand,Hamilton,15 Feb 1981,
ODI,GAHM Parkar,10,-,33,1,0,30.3,1,,v England,Leeds,2 Jun 1982,
ODI,RMH Binny,10,-,13,-,-,76.92,2,,v Sri Lanka,Delhi,15 Sep 1982,
ODI,SMH Kirmani,10,-,20,1,0,50.0,1,,v Australia,Chelmsford,20 Jun 1983,
ODI,RMH Binny,10,-,8,-,-,125.0,1,,v West Indies,Srinagar,13 Oct 1983,
ODI,M Azharuddin,10,-,11,1,0,90.9,2,,v England,Chandigarh,27 Jan 1985,
ODI,K Srikkanth,10,-,16,1,1,62.5,2,,v Sri Lanka,Colombo (PSS),21 Sep 1985,
ODI,K Srikkanth,10,25,23,0,0,43.47,2,,v Australia,Adelaide,26 Jan 1986,
ODI,SM Patil,10,-,20,0,0,50.0,2,,v Sri Lanka,Sharjah,13 Apr 1986,
ODI,C Sharma,10,-,10,1,0,100.0,1,,v Pakistan,Sharjah,18 Apr 1986,
ODI,M Azharuddin,10,18,15,1,0,66.66,1,,v Australia,Ahmedabad,5 Oct 1986,
ODI,SM Gavaskar,10,-,22,1,0,45.45,1,,v Pakistan,Indore,27 Jan 1987,
ODI,R Lamba,10,-,13,1,0,76.92,2,,v Pakistan,Nagpur,24 Mar 1987,
ODI,M Azharuddin,10,-,14,1,0,71.42,2,,v Australia,Chennai,9 Oct 1987,
ODI,J Arun Lal,10,-,14,1,0,71.42,1,,v West Indies,Rajkot,5 Jan 1988,
ODI,KS More,10,-,16,1,0,62.5,2,,v West Indies,Gwalior,22 Jan 1988,
ODI,VB Chandrasekhar,10,-,20,2,0,50.0,2,,v New Zealand,Visakhapatnam,10 Dec 1988,
ODI,M Azharuddin,10,-,20,0,0,50.0,2,,v West Indies,Bridgetown,7 Mar 1989,
ODI,RJ Shastri,10,-,36,1,0,27.77,1,,v West Indies,Port of Spain,9 Mar 1989,
ODI,K Srikkanth,10,-,30,0,0,33.33,2,,v West Indies,Delhi,23 Oct 1989,
ODI,DB Vengsarkar,10,-,19,1,0,52.63,2,,v Pakistan,Eden Gardens,28 Oct 1989,
ODI,C Sharma,10,-,16,0,0,62.5,2,,v Pakistan,Eden Gardens,28 Oct 1989,
ODI,R Lamba,10,-,19,1,0,52.63,2,,v Pakistan,Gujranwala,18 Dec 1989,
ODI,M Prabhakar,10,-,11,1,0,90.9,2,,v Pakistan,Gujranwala,18 Dec 1989,
ODI,SR Tendulkar,10,-,12,0,0,83.33,1,,v Sri Lanka,Sharjah,25 Apr 1990,
ODI,SV Manjrekar,10,-,24,0,0,41.66,2,,v Pakistan,Sharjah,27 Apr 1990,
ODI,RJ Shastri,10,62,68,1,0,14.7,1,,v Australia,W.A.C.A,8 Dec 1991,
ODI,PK Amre,10,38,22,0,0,45.45,1,,v Australia,Adelaide,15 Dec 1991,
ODI,SV Manjrekar,10,36,30,1,0,33.33,2,,v Australia,Sydney,20 Jan 1992,
ODI,N Kapil Dev,10,19,14,0,1,71.42,1,,v Zimbabwe,Hamilton,7 Mar 1992,
ODI,SR Tendulkar,10,-,36,0,0,27.77,1,,v South Africa,Gqeberha,9 Dec 1992,
ODI,SV Manjrekar,10,-,27,0,0,37.03,2,,v South Africa,Durban,17 Dec 1992,
ODI,A Kumble,10,-,18,0,0,55.55,2,,v Sri Lanka,Colombo (RPS),12 Aug 1993,
ODI,VG Kambli,10,-,18,1,0,55.55,2,,v West Indies,Ahmedabad,16 Nov 1993,
ODI,M Prabhakar,10,24,17,1,0,58.82,2,,v Sri Lanka,Colombo (SSC),17 Sep 1994,
ODI,M Azharuddin,10,40,17,1,0,58.82,2,,v Australia,Wankhede,27 Feb 1996,
ODI,A Kumble,10,9,6,2,0,166.66,1,,v Pakistan,Bengaluru,9 Mar 1996,
ODI,A Kumble,10,14,9,1,0,111.11,2,,v South Africa,Sharjah,19 Apr 1996,
ODI,J Srinath,10,31,22,0,0,45.45,2,,v South Africa,Sharjah,19 Apr 1996,
ODI,J Srinath,10,-,5,2,0,200.0,2,,v Pakistan,Toronto,21 Sep 1996,
ODI,NR Mongia,10,-,25,0,0,40.0,2,,v Pakistan,Toronto,23 Sep 1996,
ODI,A Jadeja,10,29,18,0,0,55.55,2,,v South Africa,Jaipur,23 Oct 1996,
ODI,RR Singh,10,24,14,0,1,71.42,1,,v South Africa,Wankhede,14 Dec 1996,
ODI,SS Karim,10,23,15,1,0,66.66,1,,v Zimbabwe,Centurion,7 Feb 1997,
ODI,A Jadeja,10,27,22,0,0,45.45,1,,v South Africa,Durban,12 Feb 1997,
ODI,RR Singh,10,16,10,1,0,100.0,1,,v Sri Lanka,Colombo (RPS),18 Jul 1997,
ODI,NS Sidhu,10,44,30,0,0,33.33,1,,v Sri Lanka,Colombo (RPS),26 Jul 1997,
ODI,A Jadeja,10,-,34,0,0,29.41,2,,v Bangladesh,Dhaka,10 Jan 1998,
ODI,NR Mongia,10,28,26,0,0,38.46,1,,v Pakistan,Dhaka,16 Jan 1998,
ODI,A Kumble,10,25,18,0,0,55.55,1,,v New Zealand,Sharjah,20 Apr 1998,
ODI,SC Ganguly,10,31,26,0,0,38.46,2,,v Pakistan,Toronto,19 Sep 1998,
ODI,J Srinath,10,10,7,2,0,142.85,1,,v Pakistan,Toronto,20 Sep 1998,
ODI,AB Agarkar,10,13,12,1,0,83.33,1,,v Australia,Dhaka,28 Oct 1998,
ODI,NR Mongia,10,32,23,1,0,43.47,2,,v Zimbabwe,Sharjah,11 Nov 1998,
ODI,A Jadeja,10,17,17,0,0,58.82,1,,v New Zealand,Taupo,9 Jan 1999,
ODI,S Ramesh,10,45,31,0,0,32.25,2,,v Pakistan,Sharjah,8 Apr 1999,
ODI,SC Ganguly,10,39,29,0,0,34.48,1,,v Australia,Galle,23 Aug 1999,
ODI,SC Ganguly,10,34,20,2,0,50.0,2,,v South Africa,Nairobi (Gym),3 Oct 1999,
ODI,A Jadeja,10,38,28,0,0,35.71,2,,v South Africa,Nagpur,19 Mar 2000,
ODI,SR Tendulkar,10,23,18,1,0,55.55,2,,v Pakistan,Sharjah,26 Mar 2000,
ODI,A Kumble,10,28,19,0,0,52.63,2,,v Pakistan,Dhaka,3 Jun 2000,
ODI,VG Kambli,10,-,29,0,0,34.48,2,,v Sri Lanka,Sharjah,27 Oct 2000,
ODI,VVS Laxman,10,47,29,1,0,34.48,1,,v Sri Lanka,Colombo (SSC),1 Aug 2001,
ODI,A Ratra,10,15,12,1,0,83.33,2,,v England,Delhi,31 Jan 2002,
ODI,Yuvraj Singh,10,18,16,1,0,62.5,1,,v West Indies,Port of Spain,2 Jun 2002,
ODI,M Kaif,10,-,16,0,0,62.5,2,,v West Indies,Vijayawada,24 Nov 2002,
ODI,VVS Laxman,10,59,36,1,0,27.77,1,,v New Zealand,Christchurch,1 Jan 2003,
ODI,AV Kale,10,20,22,1,0,45.45,2,,v Bangladesh,Dhaka,16 Apr 2003,
ODI,M Kaif,10,20,15,0,0,66.66,2,,v Australia,Wankhede,1 Nov 2003,
ODI,R Dravid,10,29,24,2,0,41.66,2,,v Zimbabwe,W.A.C.A,3 Feb 2004,
ODI,L Balaji,10,12,9,0,0,111.11,2,,v Sri Lanka,Dambulla,18 Jul 2004,
ODI,M Kaif,10,17,15,0,0,66.66,2,,v Pakistan,Amstelveen,21 Aug 2004,
ODI,V Sehwag,10,40,20,0,0,50.0,1,,v Pakistan,Birmingham,19 Sep 2004,
ODI,Z Khan,10,23,14,1,0,71.42,2,,v Bangladesh,Dhaka,26 Dec 2004,
ODI,R Dravid,10,43,26,2,0,38.46,1,,v West Indies,Colombo (RPS),7 Aug 2005,
ODI,IK Pathan,10,13,7,1,0,142.85,1,,v New Zealand,Harare,6 Sep 2005,
ODI,Yuvraj Singh,10,10,10,2,0,100.0,2,,v Sri Lanka,Pune,3 Nov 2005,
ODI,R Dravid,10,34,17,0,0,58.82,2,,v South Africa,Bengaluru,19 Nov 2005,
ODI,Y Venugopal Rao,10,11,11,2,0,90.9,1,,v England,Jamshedpur,12 Apr 2006,
ODI,V Sehwag,10,24,11,0,0,90.9,2,,v Australia,Kuala Lumpur,22 Sep 2006,
ODI,SR Tendulkar,10,46,26,2,0,38.46,1,,v Australia,Mohali,29 Oct 2006,
ODI,IK Pathan,10,5,7,1,0,142.85,1,,v Australia,Mohali,29 Oct 2006,
ODI,M Kaif,10,16,17,1,0,58.82,2,,v South Africa,Cape Town,26 Nov 2006,
ODI,Harbhajan Singh,10,12,12,2,0,83.33,2,,v South Africa,Cape Town,26 Nov 2006,
ODI,W Jaffer,10,20,20,2,0,50.0,2,,v South Africa,Gqeberha,29 Nov 2006,
ODI,M Kaif,10,29,22,2,0,45.45,2,,v South Africa,Gqeberha,29 Nov 2006,
ODI,Yuvraj Singh,10,29,21,1,0,47.61,1,,v West Indies,Chennai,27 Jan 2007,
ODI,AB Agarkar,10,25,25,0,0,40.0,2,,v Sri Lanka,Port of Spain,23 Mar 2007,
ODI,MM Patel,10,18,17,1,0,58.82,2,,v Sri Lanka,Port of Spain,23 Mar 2007,
ODI,RR Powar,10,27,20,1,0,50.0,1,,v England,Lord's,8 Sep 2007,
ODI,Yuvraj Singh,10,14,10,0,1,100.0,2,,v Australia,Kochi,2 Oct 2007,
ODI,V Sehwag,10,27,13,1,0,76.92,2,,v Pakistan,Jaipur,18 Nov 2007,
ODI,SR Tendulkar,10,30,17,1,0,58.82,1,,v Australia,Brisbane,3 Feb 2008,
ODI,RV Uthappa,10,42,28,0,0,35.71,2,,v Sri Lanka,Adelaide,19 Feb 2008,
ODI,Yuvraj Singh,10,33,21,1,0,47.61,2,,v Australia,Sydney,2 Mar 2008,
ODI,SK Raina,10,17,13,2,0,76.92,2,,v Sri Lanka,Colombo (RPS),29 Aug 2008,
ODI,G Gambhir,10,12,9,2,0,111.11,1,,v Sri Lanka,Colombo (RPS),3 Feb 2009,
ODI,V Kohli,10,32,16,1,0,62.5,2,,v Australia,Mohali,2 Nov 2009,
ODI,SR Tendulkar,10,23,17,2,0,58.82,1,,v Australia,Guwahati,8 Nov 2009,
ODI,V Sehwag,10,-,10,2,0,100.0,2,,v Sri Lanka,Eden Gardens,24 Dec 2009,
ODI,V Sehwag,10,41,32,1,0,31.25,2,,v Pakistan,Dambulla,19 Jun 2010,
ODI,V Kohli,10,13,14,1,0,71.42,1,,v Sri Lanka,Dambulla,22 Jun 2010,
ODI,KD Karthik,10,41,35,0,0,28.57,2,,v Sri Lanka,Dambulla,16 Aug 2010,
ODI,MS Dhoni,10,-,16,2,0,62.5,1,,v Sri Lanka,Dambulla,22 Aug 2010,
ODI,G Gambhir,10,18,15,2,0,66.66,2,,v Ireland,Bengaluru,6 Mar 2011,
ODI,YK Pathan,10,19,12,0,1,83.33,2,,v West Indies,Port of Spain,6 Jun 2011,
ODI,SK Raina,10,22,19,0,0,52.63,2,,v West Indies,North Sound,13 Jun 2011,
ODI,RA Jadeja,10,14,10,0,0,100.0,1,,v West Indies,Indore,8 Dec 2011,
ODI,V Sehwag,10,12,8,2,0,125.0,2,,v Sri Lanka,W.A.C.A,8 Feb 2012,
ODI,RG Sharma,10,29,17,1,0,58.82,2,,v Sri Lanka,W.A.C.A,8 Feb 2012,
ODI,G Gambhir,10,22,16,2,0,62.5,2,,v England,Mohali,23 Jan 2013,
ODI,R Ashwin,10,15,10,1,0,100.0,1,,v South Africa,Cardiff,6 Jun 2013,
ODI,SK Raina,10,18,14,0,1,71.42,1,,v West Indies,Port of Spain,5 Jul 2013,
ODI,B Kumar,10,23,18,1,0,55.55,1,,v Australia,Mohali,19 Oct 2013,
ODI,RA Jadeja,10,27,20,0,0,50.0,1,,v West Indies,Visakhapatnam,24 Nov 2013,
ODI,S Dhawan,10,12,13,2,0,76.92,1,,v Pakistan,Mirpur,2 Mar 2014,
ODI,MK Tiwary,10,47,33,0,0,30.3,1,,v Zimbabwe,Harare,14 Jul 2015,
ODI,RA Jadeja,10,8,6,2,0,166.66,2,,v England,Eden Gardens,22 Jan 2017,
ODI,KM Jadhav,10,-,14,0,0,71.42,2,,v West Indies,North Sound,2 Jul 2017,
ODI,HH Pandya,10,11,10,2,0,100.0,1,,v Sri Lanka,Dharamsala,10 Dec 2017,
ODI,MS Dhoni,10,38,22,0,0,45.45,1,,v South Africa,Cape Town,7 Feb 2018,
ODI,B Kumar,10,-,17,1,0,58.82,2,,v West Indies,Pune,27 Oct 2018,
ODI,Kuldeep Yadav,10,-,16,1,0,62.5,2,,v Australia,Ranchi,8 Mar 2019,
ODI,KM Jadhav,10,-,12,0,0,83.33,1,,v Australia,Mohali,10 Mar 2019,
ODI,RG Sharma,10,13,6,2,0,166.66,2,,v West Indies,Port of Spain,14 Aug 2019,
ODI,RG Sharma,10,-,15,2,0,66.66,1,,v Australia,Wankhede,14 Jan 2020,
ODI,Mohammed Shami,10,-,15,1,0,66.66,1,,v Australia,Wankhede,14 Jan 2020,
ODI,YS Chahal,10,19,12,1,0,83.33,2,,v New Zealand,Auckland,8 Feb 2020,
ODI,S Dhawan,10,49,26,0,1,38.46,1,,v West Indies,Ahmedabad,11 Feb 2022,
ODI,Avesh Khan,10,19,12,2,0,83.33,2,,v West Indies,Port of Spain,24 Jul 2022,
ODI,Ishan Kishan,10,18,18,2,0,55.55,2,,v South Africa,Delhi,11 Oct 2022,
ODI,RR Pant,10,36,16,2,0,62.5,1,,v New Zealand,Christchurch,30 Nov 2022,
ODI,RA Jadeja,10,31,21,0,0,47.61,1,,v West Indies,Bridgetown,29 Jul 2023,
ODI,Shubman Gill,10,75,32,1,0,31.25,1,,v Pakistan,Pallekele,2 Sep 2023,
ODI,Kuldeep Yadav,10,28,18,0,0,55.55,1,,v Australia,Ahmedabad,19 Nov 2023,
ODI,NT Tilak Varma,10,48,30,0,0,33.33,1,,v South Africa,Gqeberha,19 Dec 2023,
ODI,B Sai Sudharsan,10,39,16,1,0,62.5,1,,v South Africa,Paarl,21 Dec 2023,
ODI,KL Rahul,10,15,14,1,0,71.42,2,,v England,Cuttack,9 Feb 2025,
ODI,HH Pandya,10,6,6,2,0,166.66,2,,v England,Cuttack,9 Feb 2025,
ODI,Shubman Gill,10,38,18,2,0,55.55,1,,v Australia,Perth,19 Oct 2025,
ODI,Washington Sundar,10,16,10,1,0,100.0,1,,v Australia,Perth,19 Oct 2025,
ODI,S Venkataraghavan,9*,16,9,0,0,100.0,2,,v Sri Lanka,Manchester,16 Jun 1979,
ODI,KD Ghavri,9*,15,10,1,0,90.0,1,,v New Zealand,Brisbane,21 Dec 1980,
ODI,RJ Shastri,9*,-,30,0,0,30.0,2,,v England,The Oval,4 Jun 1982,
ODI,BS Sandhu,9*,-,12,0,1,75.0,2,,v Australia,Nottingham,13 Jun 1983,
ODI,KBJ Azad,9*,-,10,-,-,90.0,1,,v West Indies,Vadodara,9 Nov 1983,
ODI,C Sharma,9*,8,8,1,0,112.5,2,,v Australia,New Delhi,28 Sep 1984,
ODI,S Madan Lal,9*,8,7,1,0,128.57,2,,v Australia,Delhi,2 Oct 1986,
ODI,M Prabhakar,9*,-,12,0,0,75.0,2,,v Pakistan,Nagpur,24 Mar 1987,
ODI,KS More,9*,-,6,1,0,150.0,1,,v West Indies,Eden Gardens,2 Jan 1988,
ODI,KS More,9*,-,7,0,0,128.57,1,,v West Indies,Faridabad,19 Jan 1988,
ODI,A Kumble,9*,26,11,1,0,81.81,2,,v West Indies,Chennai,23 Oct 1994,
ODI,NR Mongia,9*,25,14,0,0,64.28,2,,v South Africa,Sharjah,14 Apr 1996,
ODI,A Kumble,9*,17,16,0,0,56.25,2,,v South Africa,Sharjah,14 Apr 1996,
ODI,N Chopra,9*,24,17,0,0,52.94,2,,v New Zealand,Christchurch,19 Jan 1999,
ODI,VG Kambli,9*,21,13,1,0,69.23,2,,v Pakistan,Sharjah,13 Apr 1999,
ODI,R Dravid,9*,20,19,2,0,47.36,2,,v South Africa,Nairobi (Gym),26 Sep 1999,
ODI,Harbhajan Singh,9*,8,8,1,0,112.5,1,,v Australia,Indore,31 Mar 2001,
ODI,AB Agarkar,9*,21,13,0,0,69.23,1,,v South Africa,Durban,26 Oct 2001,
ODI,R Dravid,9*,14,16,2,0,56.25,2,,v West Indies,Bridgetown,29 May 2002,
ODI,SR Tendulkar,9*,34,20,0,0,45.0,2,,v England,Colombo (RPS),22 Sep 2002,
ODI,A Kumble,9*,28,22,0,0,40.9,1,,v England,Nottingham,1 Sep 2004,
ODI,A Kumble,9*,22,15,0,0,60.0,2,,v Sri Lanka,Colombo (RPS),9 Aug 2005,
ODI,A Nehra,9*,10,7,1,0,128.57,2,,v Sri Lanka,Colombo (RPS),9 Aug 2005,
ODI,RP Singh,9*,11,7,1,0,128.57,1,,v Sri Lanka,Ahmedabad,6 Nov 2005,
ODI,R Dravid,9*,16,19,2,0,47.36,1,,v Sri Lanka,Colombo (SSC),18 Aug 2006,
ODI,Z Khan,9*,4,4,2,0,225.0,1,,v Bangladesh,Mirpur,12 May 2007,
ODI,SK Raina,9*,19,13,1,0,69.23,2,,v Australia,Delhi,31 Oct 2009,
ODI,RA Jadeja,9*,13,8,1,0,112.5,2,,v West Indies,Visakhapatnam,2 Dec 2011,
ODI,RG Sharma,9*,19,13,1,0,69.23,2,,v Australia,Ranchi,23 Oct 2013,
ODI,AT Rayudu,9*,15,15,0,0,60.0,2,,v Bangladesh,Fatullah,26 Feb 2014,
ODI,RA Jadeja,9*,20,11,0,0,81.81,1,,v England,Cardiff,27 Aug 2014,
ODI,MS Dhoni,9*,-,9,1,0,100.0,1,,v West Indies,Port of Spain,23 Jun 2017,
ODI,KL Rahul,9*,-,18,0,0,50.0,2,,v England,Nottingham,12 Jul 2018,
ODI,KM Jadhav,9*,13,8,1,0,112.5,1,,v Pakistan,Manchester,16 Jun 2019,
ODI,Kuldeep Yadav,9*,18,13,1,0,69.23,1,,v England,Lucknow,29 Oct 2023,
ODI,Mohammed Siraj,9*,13,8,1,0,112.5,1,,v Australia,Ahmedabad,19 Nov 2023,
ODI,HH Pandya,9*,13,6,0,1,150.0,2,,v England,Nagpur,6 Feb 2025,
ODI,RA Jadeja,9*,7,6,1,0,150.0,2,,v New Zealand,Dubai (DICS),9 Mar 2025,
ODI,BP Patel,9,42,32,1,0,28.12,1,,v New Zealand,Manchester,14 Jun 1975,
ODI,GR Viswanath,9,-,20,1,0,45.0,1,,v Pakistan,Quetta,1 Oct 1978,
ODI,GR Viswanath,9,24,17,0,0,52.94,1,,v New Zealand,Leeds,13 Jun 1979,
ODI,SM Gavaskar,9,33,26,0,0,34.61,2,,v New Zealand,Brisbane,18 Jan 1981,
ODI,GR Viswanath,9,20,22,0,0,40.9,2,,v New Zealand,Brisbane,18 Jan 1981,
ODI,Yashpal Sharma,9,-,23,-,-,39.13,2,,v New Zealand,Hamilton,15 Feb 1981,
ODI,J Arun Lal,9,-,12,1,0,75.0,2,,v England,Cuttack,27 Jan 1982,
ODI,GR Viswanath,9,-,14,2,0,64.28,1,,v England,Leeds,2 Jun 1982,
ODI,Yashpal Sharma,9,-,10,-,-,90.0,2,,v West Indies,The Oval,15 Jun 1983,
ODI,Yashpal Sharma,9,-,28,1,0,32.14,1,,v Zimbabwe,Tunbridge Wells,18 Jun 1983,
ODI,SM Gavaskar,9,-,10,1,0,90.0,1,,v Australia,Chelmsford,20 Jun 1983,
ODI,N Kapil Dev,9,-,20,0,0,45.0,2,,v Pakistan,Jaipur,2 Oct 1983,
ODI,S Madan Lal,9,19,9,1,0,100.0,1,,v Australia,Thiruvananthapuram,1 Oct 1984,
ODI,K Srikkanth,9,-,9,1,0,100.0,2,,v England,Chandigarh,27 Jan 1985,
ODI,K Srikkanth,9,30,28,0,0,32.14,2,,v New Zealand,Sydney,5 Mar 1985,
ODI,RJ Shastri,9,49,26,1,0,34.61,2,,v Australia,Sharjah,29 Mar 1985,
ODI,DB Vengsarkar,9,28,29,0,0,31.03,2,,v New Zealand,Brisbane,11 Jan 1986,
ODI,SM Gavaskar,9,42,30,1,0,30.0,1,,v New Zealand,W.A.C.A,18 Jan 1986,
ODI,K Srikkanth,9,29,24,1,0,37.5,1,,v New Zealand,Melbourne,23 Jan 1986,
ODI,RR Kulkarni,9,14,11,1,0,81.81,1,,v New Zealand,Launceston,2 Feb 1986,
ODI,N Kapil Dev,9,39,29,0,0,31.03,2,,v New Zealand,Sharjah,10 Apr 1986,
ODI,K Srikkanth,9,19,14,2,0,64.28,2,,v Australia,Hyderabad (Deccan),24 Sep 1986,
ODI,K Srikkanth,9,37,26,0,0,34.61,2,,v Australia,Delhi,2 Oct 1986,
ODI,N Kapil Dev,9,-,13,0,1,69.23,2,,v Sri Lanka,Kanpur,24 Dec 1986,
ODI,R Lamba,9,-,13,0,0,69.23,1,,v Pakistan,Jamshedpur,26 Mar 1987,
ODI,K Srikkanth,9,29,19,1,0,47.36,1,,v New Zealand,Bengaluru,14 Oct 1987,
ODI,K Srikkanth,9,-,24,2,0,37.5,2,,v West Indies,Gwalior,22 Jan 1988,
ODI,KS More,9,-,13,0,1,69.23,1,,v Sri Lanka,Sharjah,25 Mar 1988,
ODI,Arshad Ayub,9,-,7,0,0,128.57,2,,v Sri Lanka,Dhaka,29 Oct 1988,
ODI,VB Chandrasekhar,9,43,29,1,0,31.03,2,,v New Zealand,Cuttack,12 Dec 1988,
ODI,AK Sharma,9,-,10,1,0,90.0,1,,v West Indies,Port of Spain,11 Mar 1989,
ODI,NS Sidhu,9,-,22,0,0,40.9,2,,v West Indies,Delhi,23 Oct 1989,
ODI,N Kapil Dev,9,14,11,0,0,81.81,2,,v Australia,Bengaluru,27 Oct 1989,
ODI,RJ Shastri,9,-,13,0,0,69.23,1,,v Sri Lanka,Sharjah,25 Apr 1990,
ODI,M Azharuddin,9,-,20,0,0,45.0,1,,v South Africa,Cape Town,7 Dec 1992,
ODI,A Jadeja,9,-,25,2,0,36.0,1,,v South Africa,Bloemfontein,15 Dec 1992,
ODI,VG Kambli,9,21,24,0,0,37.5,2,,v England,Chandigarh,21 Jan 1993,
ODI,VG Kambli,9,-,22,0,0,40.9,1,,v Sri Lanka,Colombo (RPS),25 Jul 1993,
ODI,M Azharuddin,9,32,20,0,0,45.0,2,,v New Zealand,Napier,25 Mar 1994,
ODI,NS Sidhu,9,17,11,1,0,81.81,1,,v New Zealand,Christchurch,2 Apr 1994,
ODI,A Jadeja,9,19,11,0,0,81.81,2,,v West Indies,Kanpur,30 Oct 1994,
ODI,M Prabhakar,9,39,17,0,0,52.94,2,,v Sri Lanka,Sharjah,14 Apr 1995,
ODI,M Prabhakar,9,17,10,2,0,90.0,2,,v New Zealand,Nagpur,26 Nov 1995,
ODI,M Azharuddin,9,-,11,1,0,81.81,1,,v Sri Lanka,Singapore,3 Apr 1996,
ODI,NR Mongia,9,22,13,0,0,69.23,1,,v England,Leeds,25 May 1996,
ODI,NR Mongia,9,-,13,1,0,69.23,2,,v Pakistan,Toronto,16 Sep 1996,
ODI,S Somasunder,9,39,31,1,0,29.03,2,,v South Africa,Hyderabad (Deccan),17 Oct 1996,
ODI,A Kumble,9,10,8,1,0,112.5,2,,v South Africa,Hyderabad (Deccan),17 Oct 1996,
ODI,M Azharuddin,9,21,23,0,0,39.13,1,,v South Africa,Rajkot,29 Oct 1996,
ODI,SA Ankola,9,16,7,0,0,128.57,2,,v Zimbabwe,Paarl,27 Jan 1997,
ODI,J Srinath,9,23,14,0,1,64.28,1,,v Zimbabwe,Centurion,7 Feb 1997,
ODI,SR Tendulkar,9,22,15,1,0,60.0,2,,v West Indies,Kingstown,30 Apr 1997,
ODI,A Jadeja,9,10,6,1,0,150.0,2,,v West Indies,Kingstown,30 Apr 1997,
ODI,RR Singh,9,6,5,1,0,180.0,1,,v Sri Lanka,Colombo (RPS),26 Jul 1997,
ODI,SS Karim,9,48,30,1,0,30.0,2,,v Pakistan,Toronto,14 Sep 1997,
ODI,RR Singh,9,13,7,1,0,128.57,1,,v Pakistan,Toronto,21 Sep 1997,
ODI,NR Mongia,9,-,6,1,0,150.0,2,,v Pakistan,Dhaka,18 Jan 1998,
ODI,AB Agarkar,9,5,8,1,0,112.5,1,,v New Zealand,Sharjah,17 Apr 1998,
ODI,M Azharuddin,9,17,11,1,0,81.81,2,,v Australia,Sharjah,19 Apr 1998,
ODI,SC Ganguly,9,29,18,1,0,50.0,2,,v Kenya,Bengaluru,20 May 1998,
ODI,M Azharuddin,9,12,7,2,0,128.57,2,,v Kenya,Gwalior,28 May 1998,
ODI,HH Kanitkar,9,32,22,0,0,40.9,2,,v Sri Lanka,Colombo (SSC),1 Jul 1998,
ODI,SB Joshi,9,13,11,1,0,81.81,2,,v Pakistan,Toronto,13 Sep 1998,
ODI,R Dravid,9,30,30,0,0,30.0,2,,v Pakistan,Toronto,16 Sep 1998,
ODI,SC Ganguly,9,53,29,1,0,31.03,1,,v Pakistan,Toronto,20 Sep 1998,
ODI,M Azharuddin,9,27,22,0,0,40.9,1,,v New Zealand,Taupo,9 Jan 1999,
ODI,J Srinath,9,16,11,1,0,81.81,2,,v New Zealand,Christchurch,19 Jan 1999,
ODI,NR Mongia,9,18,12,1,0,75.0,2,,v New Zealand,Christchurch,19 Jan 1999,
ODI,SC Ganguly,9,7,8,2,0,112.5,2,,v Zimbabwe,Leicester,19 May 1999,
ODI,SC Ganguly,9,53,22,1,0,40.9,1,,v Sri Lanka,Colombo (RPS),25 Aug 1999,
ODI,N Chopra,9,30,25,0,0,36.0,1,,v West Indies,Singapore,7 Sep 1999,
ODI,BKV Prasad,9,16,10,1,0,90.0,2,,v New Zealand,Rajkot,5 Nov 1999,
ODI,VVS Laxman,9,31,29,1,0,31.03,1,,v Pakistan,Brisbane,10 Jan 2000,
ODI,RR Singh,9,12,9,1,0,100.0,1,,v South Africa,Faridabad,15 Mar 2000,
ODI,R Dravid,9,32,18,2,0,50.0,1,,v Australia,Nairobi (Gym),7 Oct 2000,
ODI,HK Badani,9,-,17,1,0,52.94,2,,v Sri Lanka,Sharjah,29 Oct 2000,
ODI,R Dravid,9,28,16,1,0,56.25,2,,v Zimbabwe,Cuttack,2 Dec 2000,
ODI,RS Sodhi,9,19,18,0,0,50.0,2,,v Zimbabwe,Cuttack,2 Dec 2000,
ODI,SC Ganguly,9,42,36,1,0,25.0,2,,v Australia,Visakhapatnam,3 Apr 2001,
ODI,AB Agarkar,9,20,16,0,0,56.25,2,,v Australia,Visakhapatnam,3 Apr 2001,
ODI,SR Tendulkar,9,42,27,0,0,33.33,2,,v Zimbabwe,Bulawayo,27 Jun 2001,
ODI,SS Dighe,9,14,13,1,0,69.23,2,,v Zimbabwe,Bulawayo,27 Jun 2001,
ODI,SS Dighe,9,26,32,0,0,28.12,2,,v New Zealand,Colombo (RPS),20 Jul 2001,
ODI,RS Sodhi,9,25,13,1,0,69.23,2,,v New Zealand,Colombo (RPS),26 Jul 2001,
ODI,SC Ganguly,9,28,17,1,0,52.94,1,,v South Africa,Durban,26 Oct 2001,
ODI,SC Ganguly,9,37,19,2,0,47.36,1,,v Sri Lanka,Bristol,11 Jul 2002,
ODI,D Mongia,9,18,15,1,0,60.0,2,,v England,Lord's,13 Jul 2002,
ODI,VVS Laxman,9,28,21,1,0,42.85,1,,v New Zealand,Auckland,26 Dec 2002,
ODI,M Kaif,9,25,21,0,0,42.85,1,,v Netherlands,Paarl,12 Feb 2003,
ODI,A Kumble,9,9,7,0,0,128.57,1,,v Netherlands,Paarl,12 Feb 2003,
ODI,SC Ganguly,9,27,21,1,0,42.85,1,,v Australia,Centurion,15 Feb 2003,
ODI,D Mongia,9,9,7,0,1,128.57,1,,v Sri Lanka,Johannesburg,10 Mar 2003,
ODI,SB Bangar,9,21,21,0,0,42.85,1,,v South Africa,Dhaka,18 Apr 2003,
ODI,Yuvraj Singh,9,13,15,1,0,60.0,2,,v Australia,Wankhede,1 Nov 2003,
ODI,AB Agarkar,9,44,39,0,0,23.07,1,,v Australia,W.A.C.A,1 Feb 2004,
ODI,VVS Laxman,9,34,27,1,0,33.33,1,,v England,Lord's,5 Sep 2004,
ODI,Yuvraj Singh,9,18,12,0,0,75.0,1,,v England,Lord's,5 Sep 2004,
ODI,Yuvraj Singh,9,13,9,1,0,100.0,1,,v Kenya,Southampton,11 Sep 2004,
ODI,AB Agarkar,9,18,15,1,0,60.0,2,,v Bangladesh,Dhaka,26 Dec 2004,
ODI,SC Ganguly,9,24,22,1,0,40.9,1,,v Pakistan,Visakhapatnam,5 Apr 2005,
ODI,SR Tendulkar,9,38,15,0,0,60.0,2,,v Pakistan,Delhi,17 Apr 2005,
ODI,M Kaif,9,16,15,1,0,60.0,2,,v New Zealand,Bulawayo,26 Aug 2005,
ODI,Jai P Yadav,9,29,19,0,0,47.36,2,,v Sri Lanka,Mohali,28 Oct 2005,
ODI,V Sehwag,9,10,10,0,1,90.0,1,,v West Indies,Kuala Lumpur,14 Sep 2006,
ODI,AB Agarkar,9,17,12,0,0,75.0,2,,v Australia,Kuala Lumpur,22 Sep 2006,
ODI,V Sehwag,9,7,4,2,0,225.0,2,,v England,Jaipur,15 Oct 2006,
ODI,RV Uthappa,9,22,17,1,0,52.94,1,,v Bangladesh,Port of Spain,17 Mar 2007,
ODI,SC Ganguly,9,16,14,2,0,64.28,1,,v England,Manchester,30 Aug 2007,
ODI,Z Khan,9,15,18,1,0,50.0,1,,v Pakistan,Mohali,8 Nov 2007,
ODI,RG Sharma,9,28,27,0,0,33.33,1,,v Pakistan,Mirpur,10 Jun 2008,
ODI,G Gambhir,9,19,12,2,0,75.0,2,,v Pakistan,Karachi,26 Jun 2008,
ODI,MS Dhoni,9,5,5,0,1,180.0,1,,v England,Bengaluru,23 Nov 2008,
ODI,SK Raina,9,13,14,1,0,64.28,1,,v Sri Lanka,Colombo (RPS),3 Feb 2009,
ODI,MS Dhoni,9,19,21,1,0,42.85,1,,v New Zealand,Auckland,14 Mar 2009,
ODI,SK Raina,9,11,10,0,1,90.0,2,,v Australia,Vadodara,25 Oct 2009,
ODI,Yuvraj Singh,9,21,10,1,0,90.0,2,,v Australia,Hyderabad,5 Nov 2009,
ODI,P Kumar,9,16,9,0,1,100.0,2,,v Australia,Hyderabad,5 Nov 2009,
ODI,V Kohli,9,19,12,1,0,75.0,1,,v Sri Lanka,Mirpur,5 Jan 2010,
ODI,V Sehwag,9,15,11,1,0,81.81,1,,v South Africa,Gwalior,24 Feb 2010,
ODI,MS Dhoni,9,-,7,0,1,128.57,2,,v South Africa,Ahmedabad,27 Feb 2010,
ODI,KD Karthik,9,-,25,0,0,36.0,1,,v Sri Lanka,Dambulla,22 Aug 2010,
ODI,RG Sharma,9,29,14,1,0,64.28,1,,v South Africa,Johannesburg,15 Jan 2011,
ODI,V Kohli,9,20,21,0,0,42.85,1,,v Pakistan,Mohali,30 Mar 2011,
ODI,Z Khan,9,14,10,1,0,90.0,1,,v Pakistan,Mohali,30 Mar 2011,
ODI,V Kohli,9,9,9,0,0,100.0,1,,v England,Southampton,6 Sep 2011,
ODI,PA Patel,9,20,10,1,0,90.0,1,,v England,Hyderabad,14 Oct 2011,
ODI,Z Khan,9,14,11,2,0,81.81,2,,v Australia,Brisbane,19 Feb 2012,
ODI,AM Rahane,9,22,17,1,0,52.94,1,,v Sri Lanka,Pallekele,4 Aug 2012,
ODI,Yuvraj Singh,9,30,19,0,0,47.36,2,,v Pakistan,Eden Gardens,3 Jan 2013,
ODI,SK Raina,9,11,6,0,1,150.0,1,,v South Africa,Cardiff,6 Jun 2013,
ODI,RG Sharma,9,18,14,1,0,64.28,1,,v England,Birmingham,23 Jun 2013,
ODI,A Mishra,9,13,7,1,0,128.57,1,,v Zimbabwe,Harare,26 Jul 2013,
ODI,S Dhawan,9,43,28,1,0,32.14,2,,v New Zealand,Wellington,31 Jan 2014,
ODI,R Ashwin,9,9,7,2,0,128.57,1,,v Pakistan,Mirpur,2 Mar 2014,
ODI,RG Sharma,9,18,12,2,0,75.0,2,,v Sri Lanka,Ranchi,16 Nov 2014,
ODI,V Kohli,9,24,16,0,0,56.25,1,,v Australia,Melbourne,18 Jan 2015,
ODI,S Dhawan,9,17,14,1,0,64.28,2,,v West Indies,W.A.C.A,6 Mar 2015,
ODI,AM Rahane,9,27,25,1,0,36.0,2,,v Bangladesh,Mirpur,18 Jun 2015,
ODI,S Dhawan,9,27,22,1,0,40.9,1,,v Australia,W.A.C.A,12 Jan 2016,
ODI,R Dhawan,9,8,8,1,0,112.5,2,,v Australia,Canberra,20 Jan 2016,
ODI,V Kohli,9,18,13,1,0,69.23,2,,v New Zealand,Delhi,20 Oct 2016,
ODI,HH Pandya,9,18,13,0,0,69.23,2,,v New Zealand,Ranchi,26 Oct 2016,
ODI,HH Pandya,9,8,5,0,1,180.0,1,,v Sri Lanka,The Oval,8 Jun 2017,
ODI,KM Jadhav,9,18,13,2,0,69.23,2,,v Pakistan,The Oval,18 Jun 2017,
ODI,S Dhawan,9,15,12,1,0,75.0,1,,v New Zealand,Wankhede,22 Oct 2017,
ODI,SS Iyer,9,60,27,1,0,33.33,1,,v Sri Lanka,Dharamsala,10 Dec 2017,
ODI,HH Pandya,9,17,13,1,0,69.23,1,,v South Africa,Johannesburg,10 Feb 2018,
ODI,B Kumar,9,-,18,0,0,50.0,1,,v Hong Kong,Dubai (DICS),18 Sep 2018,
ODI,Kuldeep Yadav,9,-,11,0,0,81.81,2,,v Afghanistan,Dubai (DICS),25 Sep 2018,
ODI,RG Sharma,9,-,17,1,0,52.94,2,,v Australia,Melbourne,18 Jan 2019,
ODI,Shubman Gill,9,32,21,1,0,42.85,1,,v New Zealand,Hamilton,31 Jan 2019,
ODI,S Dube,9,-,6,1,0,150.0,1,,v West Indies,Chennai,15 Dec 2019,
ODI,KM Jadhav,9,-,10,1,0,90.0,2,,v West Indies,Cuttack,22 Dec 2019,
ODI,KM Jadhav,9,33,27,1,0,33.33,2,,v New Zealand,Auckland,8 Feb 2020,
ODI,V Kohli,9,20,12,0,1,75.0,1,,v New Zealand,Mount Maunganui,11 Feb 2020,
ODI,KL Rahul,9,20,10,2,0,90.0,2,,v South Africa,Cape Town,23 Jan 2022,
ODI,S Dhawan,9,36,26,1,0,34.61,2,,v England,Lord's,14 Jul 2022,
ODI,SA Yadav,9,10,8,0,1,112.5,2,,v West Indies,Port of Spain,24 Jul 2022,
ODI,SN Thakur,9,10,6,2,0,150.0,1,,v Zimbabwe,Harare,22 Aug 2022,
ODI,Arshdeep Singh,9,10,9,0,1,100.0,1,,v New Zealand,Christchurch,30 Nov 2022,
ODI,V Kohli,9,22,15,1,0,60.0,1,,v Bangladesh,Mirpur,4 Dec 2022,
ODI,Mohammed Siraj,9,33,20,1,0,45.0,1,,v Bangladesh,Mirpur,4 Dec 2022,
ODI,AR Patel,9,20,9,0,0,100.0,1,,v Sri Lanka,Guwahati,10 Jan 2023,
ODI,Washington Sundar,9,17,14,1,0,64.28,1,,v New Zealand,Indore,24 Jan 2023,
ODI,KL Rahul,9,21,12,1,0,75.0,1,,v Australia,Visakhapatnam,19 Mar 2023,
ODI,SV Samson,9,38,19,0,0,47.36,1,,v West Indies,Bridgetown,29 Jul 2023,
ODI,Shubman Gill,9,18,13,1,0,69.23,1,,v England,Lucknow,29 Oct 2023,
ODI,RA Jadeja,9,33,22,0,0,40.9,1,,v Australia,Ahmedabad,19 Nov 2023,
ODI,Avesh Khan,9,18,9,0,1,100.0,1,,v South Africa,Gqeberha,19 Dec 2023,
ODI,S Dube,9,19,14,1,0,64.28,2,,v Sri Lanka,Colombo (RPS),7 Aug 2024,
ODI,Shubman Gill,9,30,9,1,0,100.0,1,,v Australia,Adelaide,23 Oct 2025,
ODI,GR Viswanath,8*,-,13,-,-,61.53,2,,v Pakistan,Sahiwal,3 Nov 1978,
ODI,B Reddy,8*,12,11,1,0,72.72,2,,v Australia,Sydney,15 Jan 1981,
ODI,S Madan Lal,8*,-,15,-,-,53.33,2,,v West Indies,The Oval,15 Jun 1983,
ODI,SMH Kirmani,8*,-,13,-,-,61.53,1,,v West Indies,Srinagar,13 Oct 1983,
ODI,RMH Binny,8*,-,12,1,0,66.66,1,,v Sri Lanka,Colombo (PSS),22 Sep 1985,
ODI,S Madan Lal,8*,17,12,1,0,66.66,2,,v New Zealand,Sharjah,10 Apr 1986,
ODI,C Sharma,8*,-,6,0,0,133.33,1,,v England,Manchester,26 May 1986,
ODI,M Azharuddin,8*,35,14,2,0,57.14,2,,v Australia,Hyderabad (Deccan),24 Sep 1986,
ODI,Maninder Singh,8*,9,7,1,0,114.28,1,,v Australia,Ahmedabad,5 Oct 1986,
ODI,WV Raman,8*,-,15,0,0,53.33,1,,v West Indies,Eden Gardens,2 Jan 1988,
ODI,SK Sharma,8*,-,17,0,0,47.05,2,,v Pakistan,Sharjah,19 Oct 1988,
ODI,AS Wassan,8*,5,4,1,0,200.0,1,,v Australia,Hamilton,8 Mar 1990,
ODI,J Srinath,8*,11,8,0,0,100.0,2,,v Australia,Brisbane,1 Mar 1992,
ODI,SR Tendulkar,8*,8,6,0,0,133.33,2,,v Zimbabwe,Guwahati,22 Mar 1993,
ODI,VG Kambli,8*,24,18,0,0,44.44,2,,v Sri Lanka,Colombo (SSC),17 Sep 1994,
ODI,NR Mongia,8*,10,7,1,0,114.28,2,,v Kenya,Cuttack,18 Feb 1996,
ODI,A Kumble,8*,-,8,0,1,100.0,2,,v Pakistan,Toronto,23 Sep 1996,
ODI,NR Mongia,8*,10,10,0,0,80.0,2,,v South Africa,Jaipur,23 Oct 1996,
ODI,SB Joshi,8*,12,8,1,0,100.0,1,,v South Africa,Wankhede,6 Nov 1996,
ODI,NA David,8*,13,8,0,0,100.0,2,,v West Indies,Kingstown,30 Apr 1997,
ODI,A Kumble,8*,9,6,1,0,133.33,1,,v West Indies,Bridgetown,3 May 1997,
ODI,RK Chauhan,8*,6,3,0,1,266.66,2,,v Pakistan,Karachi,30 Sep 1997,
ODI,RR Singh,8*,16,16,0,0,50.0,1,,v West Indies,Singapore,7 Sep 1999,
ODI,J Srinath,8*,25,14,0,0,57.14,2,,v Pakistan,W.A.C.A,28 Jan 2000,
ODI,Z Khan,8*,29,19,1,0,42.1,1,,v New Zealand,Christchurch,1 Jan 2003,
ODI,A Nehra,8*,7,4,2,0,200.0,2,,v Australia,Johannesburg,23 Mar 2003,
ODI,HK Badani,8*,14,5,1,0,160.0,1,,v Pakistan,Karachi,13 Mar 2004,
ODI,IK Pathan,8*,9,6,0,0,133.33,1,,v Sri Lanka,Colombo (RPS),27 Jul 2004,
ODI,A Nehra,8*,10,6,1,0,133.33,2,,v Sri Lanka,Colombo (RPS),1 Aug 2004,
ODI,Harbhajan Singh,8*,-,9,0,0,88.88,1,,v West Indies,Basseterre,23 May 2006,
ODI,RG Sharma,8*,13,10,1,0,80.0,2,,v England,Cuttack,26 Nov 2008,
ODI,Yuvraj Singh,8*,24,7,0,0,114.28,2,,v Sri Lanka,Mirpur,10 Jan 2010,
ODI,I Sharma,8*,22,12,1,0,66.66,1,,v New Zealand,Dambulla,25 Aug 2010,
ODI,R Ashwin,8*,24,7,1,0,114.28,1,,v West Indies,Kingston,16 Jun 2011,
ODI,KD Karthik,8*,10,15,1,0,53.33,2,,v Zimbabwe,Harare,24 Jul 2013,
ODI,Kuldeep Yadav,8*,-,26,0,0,30.76,2,,v England,Lord's,14 Jul 2018,
ODI,MK Pandey,8*,-,4,2,0,200.0,2,,v Australia,Bengaluru,19 Jan 2020,
ODI,RA Jadeja,8*,12,7,1,0,114.28,1,,v New Zealand,Mount Maunganui,11 Feb 2020,
ODI,NA Saini,8*,8,6,2,0,133.33,1,,v New Zealand,Mount Maunganui,11 Feb 2020,
ODI,Ishan Kishan,8*,7,9,2,0,88.88,2,,v New Zealand,Raipur,21 Jan 2023,
ODI,Kuldeep Yadav,8*,36,23,1,0,34.78,1,,v West Indies,Bridgetown,29 Jul 2023,
ODI,RA Jadeja,8*,16,7,0,0,114.28,1,,v West Indies,Tarouba,1 Aug 2023,
ODI,ED Solkar,8,-,34,0,0,23.52,2,,v England,Lord's,7 Jun 1975,
ODI,SMH Kirmani,8,-,19,-,-,42.1,1,,v New Zealand,Christchurch,21 Feb 1976,
ODI,S Madan Lal,8,-,14,-,-,57.14,1,,v New Zealand,Christchurch,21 Feb 1976,
ODI,SM Gavaskar,8,11,7,1,0,114.28,1,,v West Indies,Birmingham,9 Jun 1979,
ODI,M Amarnath,8,15,15,1,0,53.33,1,,v West Indies,Birmingham,9 Jun 1979,
ODI,SM Gavaskar,8,36,31,0,0,25.8,1,,v New Zealand,Melbourne,10 Jan 1981,
ODI,SM Patil,8,31,22,1,0,36.36,1,,v New Zealand,Melbourne,10 Jan 1981,
ODI,GR Viswanath,8,-,29,1,0,27.58,1,,v England,Ahmedabad,25 Nov 1981,
ODI,SMH Kirmani,8,-,29,1,0,27.58,2,,v England,The Oval,4 Jun 1982,
ODI,K Srikkanth,8,-,21,1,0,38.09,2,,v Pakistan,Multan,17 Dec 1982,
ODI,N Kapil Dev,8,-,5,0,0,160.0,2,,v Pakistan,Lahore,31 Dec 1982,
ODI,M Amarnath,8,-,22,1,0,36.36,1,,v Pakistan,Karachi,21 Jan 1983,
ODI,BS Sandhu,8,-,18,1,0,44.44,1,,v Australia,Chelmsford,20 Jun 1983,
ODI,N Kapil Dev,8,-,16,0,0,50.0,1,,v England,Bengaluru,20 Jan 1985,
ODI,Yashpal Sharma,8,-,15,0,0,53.33,1,,v England,Bengaluru,20 Jan 1985,
ODI,S Viswanath,8,12,11,0,0,72.72,1,,v England,Sydney,26 Feb 1985,
ODI,RMH Binny,8,-,19,1,0,42.1,1,,v Pakistan,Sharjah,22 Mar 1985,
ODI,C Sharma,8,-,5,1,0,160.0,2,,v Sri Lanka,Colombo (SSC),25 Aug 1985,
ODI,K Srikkanth,8,-,25,0,0,32.0,1,,v Sri Lanka,Colombo (PSS),22 Sep 1985,
ODI,RMH Binny,8,14,12,0,0,66.66,1,,v Australia,Brisbane,12 Jan 1986,
ODI,RJ Shastri,8,17,12,0,0,66.66,2,,v Australia,Sydney,5 Feb 1986,
ODI,N Kapil Dev,8,-,8,1,0,100.0,1,,v Pakistan,Sharjah,18 Apr 1986,
ODI,CS Pandit,8,18,18,0,0,44.44,1,,v Australia,Ahmedabad,5 Oct 1986,
ODI,S Madan Lal,8,-,16,0,0,50.0,2,,v West Indies,Sharjah,30 Nov 1986,
ODI,RJ Shastri,8,-,22,2,0,36.36,2,,v Sri Lanka,Kanpur,24 Dec 1986,
ODI,B Arun,8,-,12,1,0,66.66,2,,v Sri Lanka,Kanpur,24 Dec 1986,
ODI,C Sharma,8,-,9,1,0,88.88,2,,v Sri Lanka,Kanpur,24 Dec 1986,
ODI,LS Rajput,8,-,26,0,0,30.76,2,,v Pakistan,Nagpur,24 Mar 1987,
ODI,RJ Shastri,8,-,23,1,0,34.78,1,,v Pakistan,Sharjah,10 Apr 1987,
ODI,RJ Shastri,8,10,7,1,0,114.28,1,,v Australia,Delhi,22 Oct 1987,
ODI,DB Vengsarkar,8,-,26,1,0,30.76,2,,v West Indies,Nagpur,8 Dec 1987,
ODI,R Lamba,8,-,18,1,0,44.44,1,,v West Indies,Thiruvananthapuram,25 Jan 1988,
ODI,M Prabhakar,8,-,17,0,0,47.05,1,,v West Indies,Sharjah,16 Oct 1989,
ODI,K Srikkanth,8,-,12,0,0,66.66,2,,v Pakistan,Sharjah,20 Oct 1989,
ODI,M Azharuddin,8,8,4,1,0,200.0,2,,v Australia,Bengaluru,27 Oct 1989,
ODI,DB Vengsarkar,8,-,28,0,0,28.57,1,,v West Indies,Wankhede,30 Oct 1989,
ODI,VB Chandrasekhar,8,29,19,0,0,42.1,2,,v Australia,Christchurch,3 Mar 1990,
ODI,KS More,8,18,8,1,0,100.0,2,,v Australia,Christchurch,3 Mar 1990,
ODI,N Kapil Dev,8,-,11,0,0,72.72,1,,v Sri Lanka,Sharjah,25 Apr 1990,
ODI,N Kapil Dev,8,-,11,0,0,72.72,2,,v Pakistan,Sharjah,25 Oct 1991,
ODI,PK Amre,8,15,13,0,0,61.53,1,,v Australia,Hobart,10 Dec 1991,
ODI,J Srinath,8,27,19,0,0,42.1,1,,v Australia,Adelaide,15 Dec 1991,
ODI,M Azharuddin,8,12,9,1,0,88.88,1,,v West Indies,Brisbane,11 Jan 1992,
ODI,SLV Raju,8,7,8,0,0,100.0,1,,v West Indies,Brisbane,11 Jan 1992,
ODI,M Prabhakar,8,20,11,0,0,72.72,1,,v Australia,Sydney,14 Jan 1992,
ODI,M Prabhakar,8,10,10,1,0,80.0,1,,v West Indies,Wellington,10 Mar 1992,
ODI,M Prabhakar,8,-,14,1,0,57.14,1,,v South Africa,Cape Town,7 Dec 1992,
ODI,M Azharuddin,8,18,13,0,0,61.53,1,,v Zimbabwe,Faridabad,19 Mar 1993,
ODI,SR Tendulkar,8,28,24,0,0,33.33,2,,v West Indies,Chennai,23 Oct 1994,
ODI,NS Sidhu,8,18,22,1,0,36.36,2,,v New Zealand,Amritsar,18 Nov 1995,
ODI,P Dharmani,8,11,8,0,0,100.0,2,,v South Africa,Jaipur,23 Oct 1996,
ODI,R Dravid,8,26,22,0,0,36.36,2,,v South Africa,Bloemfontein,23 Jan 1997,
ODI,J Srinath,8,11,10,1,0,80.0,2,,v Zimbabwe,Paarl,27 Jan 1997,
ODI,SS Karim,8,13,16,1,0,50.0,1,,v South Africa,Gqeberha,2 Feb 1997,
ODI,SA Ankola,8,6,6,1,0,133.33,1,,v South Africa,Gqeberha,2 Feb 1997,
ODI,SB Joshi,8,17,11,0,0,72.72,1,,v West Indies,Port of Spain,26 Apr 1997,
ODI,A Jadeja,8,19,19,0,0,42.1,2,,v Pakistan,Karachi,30 Sep 1997,
ODI,A Jadeja,8,25,21,0,0,38.09,2,,v West Indies,Sharjah,16 Dec 1997,
ODI,RR Singh,8,-,6,1,0,133.33,2,,v Bangladesh,Dhaka,10 Jan 1998,
ODI,A Jadeja,8,-,9,1,0,88.88,2,,v Pakistan,Dhaka,18 Jan 1998,
ODI,SR Tendulkar,8,21,11,1,0,72.72,1,,v Australia,Kochi,1 Apr 1998,
ODI,SC Ganguly,8,12,12,1,0,66.66,2,,v Australia,Sharjah,19 Apr 1998,
ODI,BKV Prasad,8,19,13,0,0,61.53,1,,v New Zealand,Sharjah,20 Apr 1998,
ODI,SS Karim,8,17,15,2,0,53.33,2,,v Bangladesh,Wankhede,25 May 1998,
ODI,M Azharuddin,8,17,11,1,0,72.72,2,,v Sri Lanka,Colombo (SSC),1 Jul 1998,
ODI,SS Raul,8,20,13,0,0,61.53,2,,v Pakistan,Toronto,13 Sep 1998,
ODI,NR Mongia,8,15,12,0,0,66.66,1,,v Pakistan,Toronto,20 Sep 1998,
ODI,RL Sanghvi,8,19,9,0,1,88.88,2,,v Zimbabwe,Harare,30 Sep 1998,
ODI,SR Tendulkar,8,20,14,1,0,57.14,1,,v West Indies,Dhaka,31 Oct 1998,
ODI,SC Ganguly,8,18,12,0,0,66.66,2,,v Australia,The Oval,4 Jun 1999,
ODI,SC Ganguly,8,3,4,2,0,200.0,2,,v Australia,Colombo (SSC),28 Aug 1999,
ODI,RR Singh,8,15,10,0,0,80.0,1,,v Zimbabwe,Singapore,4 Sep 1999,
ODI,N Chopra,8,16,13,0,0,61.53,2,,v West Indies,Singapore,5 Sep 1999,
ODI,A Jadeja,8,9,6,0,1,133.33,1,,v Zimbabwe,Nairobi (Gym),1 Oct 1999,
ODI,S Ramesh,8,21,18,0,0,44.44,2,,v South Africa,Nairobi (Gym),3 Oct 1999,
ODI,T Kumaran,8,8,9,1,0,88.88,2,,v New Zealand,Guwahati,14 Nov 1999,
ODI,R Dravid,8,32,18,1,0,44.44,1,,v Pakistan,Brisbane,10 Jan 2000,
ODI,AB Agarkar,8,8,5,1,0,160.0,1,,v South Africa,Faridabad,15 Mar 2000,
ODI,R Dravid,8,40,25,0,0,32.0,1,,v South Africa,Sharjah,22 Mar 2000,
ODI,A Kumble,8,27,24,1,0,33.33,1,,v South Africa,Sharjah,22 Mar 2000,
ODI,A Jadeja,8,22,14,0,1,57.14,2,,v Sri Lanka,Dhaka,1 Jun 2000,
ODI,SC Ganguly,8,24,18,1,0,44.44,2,,v Pakistan,Dhaka,3 Jun 2000,
ODI,SR Tendulkar,8,-,15,1,0,53.33,1,,v Zimbabwe,Sharjah,22 Oct 2000,
ODI,SR Tendulkar,8,27,20,0,0,40.0,1,,v Zimbabwe,Ahmedabad,5 Dec 2000,
ODI,D Mongia,8,31,23,1,0,34.78,2,,v West Indies,Bulawayo,30 Jun 2001,
ODI,D Dasgupta,8,20,12,1,0,66.66,1,,v South Africa,Centurion,10 Oct 2001,
ODI,A Ratra,8,17,14,0,0,57.14,2,,v England,Wankhede,3 Feb 2002,
ODI,R Dravid,8,29,26,0,0,30.76,2,,v Sri Lanka,The Oval,30 Jun 2002,
ODI,Yuvraj Singh,8,10,11,1,0,72.72,1,,v Sri Lanka,Bristol,11 Jul 2002,
ODI,M Kaif,8,14,10,0,0,80.0,2,,v West Indies,Ahmedabad,15 Nov 2002,
ODI,Yuvraj Singh,8,30,25,0,0,32.0,2,,v New Zealand,Auckland,11 Jan 2003,
ODI,SC Ganguly,8,39,32,0,0,25.0,1,,v Netherlands,Paarl,12 Feb 2003,
ODI,V Sehwag,8,30,18,1,0,44.44,1,,v South Africa,Dhaka,21 Apr 2003,
ODI,M Kaif,8,24,14,0,0,57.14,2,,v Australia,Bengaluru,12 Nov 2003,
ODI,SR Tendulkar,8,28,22,1,0,36.36,1,,v Australia,Melbourne,6 Feb 2004,
ODI,Yuvraj Singh,8,30,29,0,0,27.58,2,,v Sri Lanka,Colombo (RPS),1 Aug 2004,
ODI,M Kaif,8,26,12,1,0,66.66,1,,v Sri Lanka,Dambulla,30 Jul 2005,
ODI,M Kaif,8,32,21,1,0,38.09,2,,v Zimbabwe,Harare,4 Sep 2005,
ODI,Y Venugopal Rao,8,22,16,0,1,50.0,1,,v New Zealand,Harare,6 Sep 2005,
ODI,M Kartik,8,25,14,0,0,57.14,1,,v Sri Lanka,Ahmedabad,6 Nov 2005,
ODI,R Dravid,8,34,24,1,0,33.33,1,,v South Africa,Hyderabad,16 Nov 2005,
ODI,M Kaif,8,25,12,0,0,66.66,1,,v Pakistan,Peshawar,6 Feb 2006,
ODI,VRV Singh,8,18,13,1,0,61.53,1,,v England,Jamshedpur,12 Apr 2006,
ODI,AB Agarkar,8,-,21,0,0,38.09,1,,v West Indies,Basseterre,23 May 2006,
ODI,IK Pathan,8,-,7,1,0,114.28,1,,v West Indies,Port of Spain,26 May 2006,
ODI,V Sehwag,8,6,5,0,1,160.0,2,,v Australia,Kuala Lumpur,16 Sep 2006,
ODI,M Kaif,8,38,19,1,0,42.1,2,,v South Africa,Durban,22 Nov 2006,
ODI,KD Karthik,8,21,17,0,0,47.05,1,,v West Indies,Chennai,27 Jan 2007,
ODI,RG Sharma,8,13,9,0,0,88.88,1,,v South Africa,Belfast,26 Jun 2007,
ODI,SR Tendulkar,8,10,8,2,0,100.0,2,,v South Africa,Belfast,1 Jul 2007,
ODI,SR Tendulkar,8,42,19,1,0,42.1,2,,v England,Birmingham,27 Aug 2007,
ODI,I Sharma,8,19,18,1,0,44.44,2,,v Sri Lanka,Karachi,6 Jul 2008,
ODI,G Gambhir,8,45,20,0,0,40.0,1,,v Sri Lanka,Colombo (RPS),24 Aug 2008,
ODI,Harbhajan Singh,8,14,10,0,0,80.0,1,,v England,Indore,17 Nov 2008,
ODI,IK Pathan,8,21,21,0,0,38.09,2,,v Sri Lanka,Colombo (RPS),8 Feb 2009,
ODI,SK Raina,8,23,19,1,0,42.1,1,,v New Zealand,Auckland,14 Mar 2009,
ODI,Yuvraj Singh,8,22,13,2,0,61.53,2,,v New Zealand,Colombo (RPS),11 Sep 2009,
ODI,MS Dhoni,8,24,18,0,0,44.44,2,,v Sri Lanka,Colombo (RPS),12 Sep 2009,
ODI,SK Raina,8,11,6,1,0,133.33,1,,v Sri Lanka,Colombo (RPS),14 Sep 2009,
ODI,SR Tendulkar,8,19,14,1,0,57.14,2,,v Pakistan,Centurion,26 Sep 2009,
ODI,G Gambhir,8,17,13,1,0,61.53,2,,v Australia,Hyderabad,5 Nov 2009,
ODI,SR Tendulkar,8,-,8,2,0,100.0,2,,v Sri Lanka,Eden Gardens,24 Dec 2009,
ODI,G Gambhir,8,13,12,1,0,66.66,1,,v Sri Lanka,Mirpur,5 Jan 2010,
ODI,SK Raina,8,-,16,1,0,50.0,1,,v Sri Lanka,Dambulla,22 Aug 2010,
ODI,V Kohli,8,22,16,1,0,50.0,1,,v New Zealand,Dambulla,25 Aug 2010,
ODI,Yuvraj Singh,8,18,14,2,0,57.14,2,,v South Africa,Centurion,23 Jan 2011,
ODI,PP Chawla,8,12,11,1,0,72.72,2,,v South Africa,Centurion,23 Jan 2011,
ODI,YK Pathan,8,10,10,0,0,80.0,1,,v Bangladesh,Mirpur,19 Feb 2011,
ODI,V Kohli,8,12,5,1,0,160.0,1,,v England,Bengaluru,27 Feb 2011,
ODI,R Ashwin,8,11,6,1,0,133.33,1,,v England,Hyderabad,14 Oct 2011,
ODI,PA Patel,8,-,20,0,0,40.0,2,,v England,Wankhede,23 Oct 2011,
ODI,SK Raina,8,19,19,0,0,42.1,2,,v Sri Lanka,Adelaide,14 Feb 2012,
ODI,IK Pathan,8,7,5,0,1,160.0,2,,v Sri Lanka,Adelaide,14 Feb 2012,
ODI,SK Raina,8,16,7,1,0,114.28,2,,v Australia,Sydney,26 Feb 2012,
ODI,RA Jadeja,8,30,17,1,0,47.05,2,,v Australia,Sydney,26 Feb 2012,
ODI,G Gambhir,8,25,17,1,0,47.05,1,,v Pakistan,Chennai,30 Dec 2012,
ODI,G Gambhir,8,19,13,1,0,61.53,1,,v England,Kochi,15 Jan 2013,
ODI,S Dhawan,8,8,6,2,0,133.33,1,,v Australia,Mohali,19 Oct 2013,
ODI,AM Rahane,8,23,17,1,0,47.05,2,,v South Africa,Durban,8 Dec 2013,
ODI,Mohammed Shami,8,21,14,0,0,57.14,2,,v South Africa,Durban,8 Dec 2013,
ODI,AR Patel,8,5,5,2,0,160.0,1,,v Bangladesh,Mirpur,17 Jun 2014,
ODI,MS Dhoni,8,37,21,0,0,38.09,2,,v West Indies,Kochi,8 Oct 2014,
ODI,MM Sharma,8,8,7,2,0,114.28,2,,v West Indies,Kochi,8 Oct 2014,
ODI,AM Rahane,8,-,19,1,0,42.1,2,,v Sri Lanka,Ahmedabad,6 Nov 2014,
ODI,AT Rayudu,8,24,19,0,0,42.1,1,,v Sri Lanka,Eden Gardens,13 Nov 2014,
ODI,S Dhawan,8,24,13,0,0,61.53,1,,v Australia,Sydney,26 Jan 2015,
ODI,V Kohli,8,26,19,0,0,42.1,1,,v England,W.A.C.A,30 Jan 2015,
ODI,Gurkeerat Singh,8,6,7,1,0,114.28,1,,v Australia,Melbourne,17 Jan 2016,
ODI,V Kohli,8,11,11,1,0,72.72,2,,v Australia,Sydney,23 Jan 2016,
ODI,KL Rahul,8,28,18,1,0,44.44,2,,v England,Pune,15 Jan 2017,
ODI,V Kohli,8,6,5,2,0,160.0,1,,v England,Cuttack,19 Jan 2017,
ODI,HH Pandya,8,9,6,1,0,133.33,1,,v New Zealand,Kanpur,29 Oct 2017,
ODI,HH Pandya,8,12,5,1,0,160.0,1,,v Sri Lanka,Mohali,13 Dec 2017,
ODI,AM Rahane,8,30,15,1,0,53.33,1,,v South Africa,Johannesburg,10 Feb 2018,
ODI,AM Rahane,8,25,18,0,0,44.44,1,,v South Africa,Gqeberha,13 Feb 2018,
ODI,MS Dhoni,8,-,17,0,0,47.05,2,,v Afghanistan,Dubai (DICS),25 Sep 2018,
ODI,MK Pandey,8,-,15,0,0,53.33,2,,v Afghanistan,Dubai (DICS),25 Sep 2018,
ODI,RG Sharma,8,-,9,2,0,88.88,2,,v West Indies,Pune,27 Oct 2018,
ODI,RA Jadeja,8,20,13,0,0,61.53,2,,v Australia,Sydney,12 Jan 2019,
ODI,Mohammed Shami,8,-,4,2,0,200.0,2,,v Australia,Ranchi,8 Mar 2019,
ODI,Kuldeep Yadav,8,-,12,1,0,66.66,2,,v Australia,Delhi,13 Mar 2019,
ODI,S Dhawan,8,23,12,1,0,66.66,2,,v South Africa,Southampton,5 Jun 2019,
ODI,KD Karthik,8,17,9,1,0,88.88,1,,v Bangladesh,Birmingham,2 Jul 2019,
ODI,V Kohli,8,6,4,2,0,200.0,2,,v West Indies,Ahmedabad,6 Feb 2022,
ODI,SN Thakur,8,17,15,1,0,53.33,1,,v West Indies,Ahmedabad,9 Feb 2022,
ODI,SA Yadav,8,9,6,1,0,133.33,1,,v West Indies,Port of Spain,27 Jul 2022,
ODI,S Dhawan,8,29,14,1,0,57.14,2,,v South Africa,Delhi,11 Oct 2022,
ODI,YS Chahal,8,36,22,0,0,36.36,1,,v New Zealand,Christchurch,30 Nov 2022,
ODI,S Dhawan,8,17,10,1,0,80.0,2,,v Bangladesh,Mirpur,7 Dec 2022,
ODI,KL Rahul,8,16,10,1,0,80.0,1,,v Bangladesh,Chattogram,10 Dec 2022,
ODI,V Kohli,8,16,10,1,0,80.0,1,,v New Zealand,Hyderabad,18 Jan 2023,
ODI,RD Gaikwad,8,14,14,1,0,57.14,1,,v West Indies,Tarouba,1 Aug 2023,
ODI,RD Gaikwad,8,16,12,2,0,66.66,1,,v Australia,Indore,24 Sep 2023,
ODI,SA Yadav,8,7,7,1,0,114.28,2,,v Australia,Rajkot,27 Sep 2023,
ODI,RA Jadeja,8,14,13,0,0,61.53,1,,v England,Lucknow,29 Oct 2023,
ODI,KL Rahul,8,29,17,0,0,47.05,1,,v South Africa,Eden Gardens,5 Nov 2023,
ODI,SS Iyer,8,15,7,2,0,114.28,2,,v Sri Lanka,Colombo (RPS),7 Aug 2024,
ODI,AR Patel,8,-,12,1,0,66.66,2,,v Bangladesh,Dubai (DICS),20 Feb 2025,
ODI,HH Pandya,8,5,6,1,0,133.33,2,,v Pakistan,Dubai (DICS),23 Feb 2025,
ODI,Shubman Gill,8,20,11,1,0,72.72,2,,v Australia,Dubai (DICS),4 Mar 2025,
ODI,RG Sharma,8,16,14,1,0,57.14,1,,v Australia,Perth,19 Oct 2025,
ODI,K Nitish Kumar Reddy,8,15,10,1,0,80.0,1,,v Australia,Adelaide,23 Oct 2025,
ODI,RD Gaikwad,8,21,14,0,0,57.14,1,,v South Africa,Ranchi,30 Nov 2025,
ODI,SS Iyer,8,17,17,0,0,47.05,1,,v New Zealand,Rajkot,14 Jan 2026,
ODI,S Madan Lal,7*,22,14,1,0,50.0,2,,v Australia,Sharjah,29 Mar 1985,
ODI,S Viswanath,7*,-,5,1,0,140.0,2,,v Sri Lanka,Colombo (SSC),25 Aug 1985,
ODI,C Sharma,7*,-,2,0,1,350.0,1,,v Pakistan,Indore,27 Jan 1987,
ODI,B Arun,7*,-,6,1,0,116.66,2,,v England,Sharjah,2 Apr 1987,
ODI,Arshad Ayub,7*,-,10,0,0,70.0,1,,v West Indies,Sharjah,13 Oct 1989,
ODI,Arshad Ayub,7*,-,5,0,0,140.0,1,,v West Indies,Sharjah,16 Oct 1989,
ODI,KS More,7*,-,7,-,-,100.0,1,,v Sri Lanka,Ahmedabad,22 Oct 1989,
ODI,C Sharma,7*,-,9,0,0,77.77,2,,v West Indies,Delhi,23 Oct 1989,
ODI,M Prabhakar,7*,-,15,0,0,46.66,2,,v Pakistan,Eden Gardens,28 Oct 1989,
ODI,SA Ankola,7*,-,3,0,1,233.33,2,,v Pakistan,Gujranwala,18 Dec 1989,
ODI,A Kumble,7*,-,9,1,0,77.77,1,,v South Africa,Johannesburg,13 Dec 1992,
ODI,SV Manjrekar,7*,15,20,0,0,35.0,2,,v New Zealand,Auckland,27 Mar 1994,
ODI,PL Mhambrey,7*,9,5,1,0,140.0,1,,v England,Leeds,25 May 1996,
ODI,R Dravid,7*,-,4,0,0,175.0,1,,v Sri Lanka,Colombo (RPS),28 Aug 1996,
ODI,SS Karim,7*,10,11,0,0,63.63,1,,v South Africa,East London,4 Feb 1997,
ODI,A Kumble,7*,10,5,0,0,140.0,1,,v Sri Lanka,Colombo (RPS),26 Jul 1997,
ODI,HH Kanitkar,7*,9,10,0,0,70.0,2,,v Australia,Kanpur,7 Apr 1998,
ODI,RR Singh,7*,26,12,1,0,58.33,2,,v Pakistan,Sharjah,13 Apr 1999,
ODI,A Kumble,7*,13,5,0,0,140.0,2,,v South Africa,Kochi,9 Mar 2000,
ODI,AB Agarkar,7*,-,7,0,0,100.0,1,,v Sri Lanka,Sharjah,20 Oct 2000,
ODI,Z Khan,7*,12,7,0,0,100.0,1,,v Australia,Indore,31 Mar 2001,
ODI,J Srinath,7*,10,4,1,0,175.0,2,,v Australia,Visakhapatnam,3 Apr 2001,
ODI,A Kumble,7*,23,10,0,0,70.0,1,,v South Africa,Centurion,10 Oct 2001,
ODI,J Srinath,7*,7,8,0,0,87.5,2,,v England,Cuttack,22 Jan 2002,
ODI,AB Agarkar,7*,9,10,1,0,70.0,2,,v Sri Lanka,The Oval,30 Jun 2002,
ODI,M Kaif,7*,36,16,0,0,43.75,2,,v Sri Lanka,Birmingham,6 Jul 2002,
ODI,AB Agarkar,7*,7,8,1,0,87.5,2,,v Sri Lanka,Birmingham,6 Jul 2002,
ODI,SR Tendulkar,7*,33,22,1,0,31.81,2,,v Sri Lanka,Colombo (RPS),30 Sep 2002,
ODI,Yuvraj Singh,7*,13,7,1,0,100.0,1,,v Namibia,Pietermaritzburg,23 Feb 2003,
ODI,Harbhajan Singh,7*,7,5,1,0,140.0,1,,v Sri Lanka,Johannesburg,10 Mar 2003,
ODI,MS Dhoni,7*,2,2,0,1,350.0,1,,v Bangladesh,Dhaka,27 Dec 2004,
ODI,IK Pathan,7*,12,8,0,0,87.5,1,,v Pakistan,Abu Dhabi,19 Apr 2006,
ODI,SK Raina,7*,15,6,1,0,116.66,2,,v West Indies,Kingston,18 May 2006,
ODI,Z Khan,7*,21,16,0,0,43.75,1,,v West Indies,Cuttack,24 Jan 2007,
ODI,R Dravid,7*,5,2,0,1,350.0,1,,v Bermuda,Port of Spain,19 Mar 2007,
ODI,S Sreesanth,7*,34,25,0,0,28.0,2,,v Australia,Kochi,2 Oct 2007,
ODI,PP Ojha,7*,24,18,0,0,38.88,1,,v Zimbabwe,Harare,3 Jun 2010,
ODI,Harbhajan Singh,7*,14,7,0,0,100.0,1,,v Sri Lanka,Dambulla,24 Jun 2010,
ODI,RG Sharma,7*,8,14,1,0,50.0,2,,v West Indies,Port of Spain,8 Jun 2011,
ODI,IK Pathan,7*,5,4,1,0,175.0,1,,v Sri Lanka,Hambantota,21 Jul 2012,
ODI,I Sharma,7*,6,5,1,0,140.0,2,,v England,Rajkot,11 Jan 2013,
ODI,SK Raina,7*,15,4,1,0,175.0,2,,v Sri Lanka,Cardiff,20 Jun 2013,
ODI,Mohammed Shami,7*,4,4,1,0,175.0,2,,v New Zealand,Napier,19 Jan 2014,
ODI,MM Sharma,7*,23,6,1,0,116.66,1,,v England,W.A.C.A,30 Jan 2015,
ODI,RA Jadeja,7*,-,4,1,0,175.0,1,,v West Indies,Brabourne,29 Oct 2018,
ODI,HH Pandya,7*,8,4,1,0,175.0,2,,v Sri Lanka,Leeds,6 Jul 2019,
ODI,RA Jadeja,7*,31,15,0,0,46.66,2,,v England,Manchester,17 Jul 2022,
ODI,SN Thakur,7*,9,5,1,0,140.0,1,,v West Indies,Port of Spain,22 Jul 2022,
ODI,Mohammed Siraj,7*,7,8,0,0,87.5,1,,v Sri Lanka,Guwahati,10 Jan 2023,
ODI,Arshdeep Singh,7*,7,2,0,1,350.0,1,,v South Africa,Paarl,21 Dec 2023,
ODI,Kuldeep Yadav,7*,42,27,0,0,25.92,2,,v Sri Lanka,Colombo (RPS),4 Aug 2024,
ODI,Washington Sundar,7*,17,7,0,0,100.0,2,,v New Zealand,Vadodara,11 Jan 2026,
ODI,DB Vengsarkar,7,13,7,1,0,100.0,1,,v West Indies,Birmingham,9 Jun 1979,
ODI,SC Khanna,7,23,16,0,0,43.75,1,,v New Zealand,Leeds,13 Jun 1979,
ODI,M Amarnath,7,18,15,0,0,46.66,2,,v Sri Lanka,Manchester,16 Jun 1979,
ODI,SMH Kirmani,7,12,8,0,0,87.5,1,,v New Zealand,Melbourne,10 Jan 1981,
ODI,GR Viswanath,7,25,19,0,0,36.84,2,,v Australia,Sydney,15 Jan 1981,
ODI,AO Malhotra,7,-,22,-,-,31.81,1,,v West Indies,St George's,7 Apr 1983,
ODI,KBJ Azad,7,-,13,0,0,53.84,2,,v Pakistan,Hyderabad (Deccan),10 Sep 1983,
ODI,Yashpal Sharma,7,-,13,-,-,53.84,1,,v West Indies,Srinagar,13 Oct 1983,
ODI,BS Sandhu,7,-,10,0,0,70.0,2,,v Pakistan,Quetta,12 Oct 1984,
ODI,M Azharuddin,7,-,9,0,0,77.77,2,,v Sri Lanka,Colombo (SSC),25 Aug 1985,
ODI,AO Malhotra,7,16,12,0,0,58.33,1,,v New Zealand,Melbourne,23 Jan 1986,
ODI,SM Patil,7,18,12,1,0,58.33,2,,v New Zealand,Sharjah,10 Apr 1986,
ODI,M Azharuddin,7,-,39,0,0,17.94,1,,v England,Manchester,26 May 1986,
ODI,G Sharma,7,24,20,0,0,35.0,1,,v Australia,Ahmedabad,5 Oct 1986,
ODI,SM Gavaskar,7,-,24,1,0,29.16,1,,v Pakistan,Pune,22 Mar 1987,
ODI,RJ Shastri,7,-,21,0,0,33.33,2,,v England,Sharjah,2 Apr 1987,
ODI,J Arun Lal,7,-,20,0,0,35.0,2,,v West Indies,Nagpur,8 Dec 1987,
ODI,RJ Shastri,7,-,9,0,0,77.77,1,,v West Indies,Rajkot,5 Jan 1988,
ODI,S Viswanath,7,-,22,0,0,31.81,2,,v West Indies,Ahmedabad,7 Jan 1988,
ODI,M Azharuddin,7,-,10,0,0,70.0,1,,v Sri Lanka,Sharjah,25 Mar 1988,
ODI,WV Raman,7,-,34,0,0,20.58,1,,v New Zealand,Sharjah,1 Apr 1988,
ODI,M Amarnath,7,-,31,0,0,22.58,1,,v West Indies,Sharjah,16 Oct 1988,
ODI,N Kapil Dev,7,-,13,0,0,53.84,2,,v Sri Lanka,Dhaka,29 Oct 1988,
ODI,Maninder Singh,7,-,6,0,0,116.66,2,,v Sri Lanka,Dhaka,29 Oct 1988,
ODI,M Amarnath,7,-,17,1,0,41.17,2,,v Sri Lanka,Dhaka,4 Nov 1988,
ODI,DB Vengsarkar,7,-,24,0,0,29.16,1,,v West Indies,Port of Spain,9 Mar 1989,
ODI,KS More,7,-,22,0,0,31.81,1,,v West Indies,Port of Spain,9 Mar 1989,
ODI,K Srikkanth,7,-,14,-,-,50.0,1,,v West Indies,St John's,18 Mar 1989,
ODI,C Sharma,7,-,5,0,0,140.0,2,,v Pakistan,Sharjah,20 Oct 1989,
ODI,N Kapil Dev,7,-,7,1,0,100.0,2,,v West Indies,Delhi,23 Oct 1989,
ODI,R Lamba,7,-,24,1,0,29.16,2,,v Pakistan,Lahore,22 Dec 1989,
ODI,M Prabhakar,7,22,13,1,0,53.84,1,,v Australia,Hamilton,8 Mar 1990,
ODI,AK Sharma,7,8,6,0,0,116.66,1,,v Australia,Hamilton,8 Mar 1990,
ODI,WV Raman,7,-,29,0,0,24.13,1,,v Sri Lanka,Sharjah,25 Apr 1990,
ODI,N Kapil Dev,7,-,7,1,0,100.0,1,,v Sri Lanka,Nagpur,1 Dec 1990,
ODI,N Kapil Dev,7,-,7,0,0,100.0,1,,v West Indies,Sharjah,19 Oct 1991,
ODI,M Prabhakar,7,-,12,0,0,58.33,2,,v Pakistan,Sharjah,25 Oct 1991,
ODI,K Srikkanth,7,48,36,0,0,19.44,1,,v Australia,Hobart,10 Dec 1991,
ODI,N Kapil Dev,7,15,13,0,0,53.84,1,,v Australia,Sydney,14 Jan 1992,
ODI,A Kumble,7,-,13,0,0,53.84,1,,v South Africa,Gqeberha,9 Dec 1992,
ODI,PK Amre,7,-,5,1,0,140.0,1,,v Sri Lanka,Colombo (RPS),25 Jul 1993,
ODI,VG Kambli,7,-,16,0,0,43.75,2,,v Sri Lanka,Colombo (RPS),12 Aug 1993,
ODI,NS Sidhu,7,-,8,0,0,87.5,1,,v Sri Lanka,Moratuwa,14 Aug 1993,
ODI,N Kapil Dev,7,-,10,1,0,70.0,1,,v South Africa,Eden Gardens,24 Nov 1993,
ODI,J Srinath,7,15,14,0,0,50.0,1,,v Sri Lanka,Jalandhar,20 Feb 1994,
ODI,AC Bedade,7,13,10,1,0,70.0,1,,v U.A.E.,Sharjah,13 Apr 1994,
ODI,A Jadeja,7,22,21,1,0,33.33,1,,v New Zealand,Napier,16 Feb 1995,
ODI,SR Tendulkar,7,27,11,1,0,63.63,2,,v New Zealand,Pune,24 Nov 1995,
ODI,J Srinath,7,16,12,1,0,58.33,2,,v Australia,Wankhede,27 Feb 1996,
ODI,M Prabhakar,7,41,36,1,0,19.44,1,,v Sri Lanka,Delhi,2 Mar 1996,
ODI,SV Manjrekar,7,-,16,0,0,43.75,1,,v Sri Lanka,Singapore,3 Apr 1996,
ODI,A Jadeja,7,-,31,0,0,22.58,1,,v Sri Lanka,Singapore,3 Apr 1996,
ODI,BKV Prasad,7,-,11,0,1,63.63,1,,v Sri Lanka,Singapore,3 Apr 1996,
ODI,M Azharuddin,7,-,25,0,0,28.0,2,,v Pakistan,Sharjah,12 Apr 1996,
ODI,V Rathour,7,37,26,0,0,26.92,1,,v England,Leeds,25 May 1996,
ODI,SR Tendulkar,7,24,11,1,0,63.63,1,,v Australia,Colombo (SSC),6 Sep 1996,
ODI,S Somasunder,7,43,32,0,0,21.87,2,,v Australia,Bengaluru,21 Oct 1996,
ODI,SV Manjrekar,7,41,31,0,0,22.58,1,,v South Africa,Wankhede,6 Nov 1996,
ODI,A Kumble,7,21,15,0,0,46.66,2,,v South Africa,Bloemfontein,23 Jan 1997,
ODI,A Kumble,7,14,9,0,0,77.77,1,,v Zimbabwe,Centurion,7 Feb 1997,
ODI,NR Mongia,7,10,11,0,0,63.63,1,,v South Africa,Durban,12 Feb 1997,
ODI,R Dravid,7,17,12,1,0,58.33,1,,v Sri Lanka,Colombo (RPS),26 Jul 1997,
ODI,A Kuruvilla,7,7,4,0,1,175.0,2,,v Sri Lanka,Colombo (SSC),24 Aug 1997,
ODI,M Azharuddin,7,10,8,1,0,87.5,2,,v Pakistan,Toronto,20 Sep 1997,
ODI,SR Tendulkar,7,19,11,1,0,63.63,1,,v Pakistan,Lahore,2 Oct 1997,
ODI,A Jadeja,7,28,15,1,0,46.66,2,,v Sri Lanka,Guwahati,22 Dec 1997,
ODI,SC Ganguly,7,14,14,1,0,50.0,2,,v Bangladesh,Mohali,14 May 1998,
ODI,M Azharuddin,7,18,13,0,0,53.84,2,,v New Zealand,Napier,12 Jan 1999,
ODI,J Srinath,7,16,8,1,0,87.5,2,,v New Zealand,Napier,12 Jan 1999,
ODI,N Chopra,7,21,11,0,0,63.63,2,,v New Zealand,Napier,12 Jan 1999,
ODI,HH Kanitkar,7,8,7,1,0,100.0,2,,v New Zealand,Christchurch,19 Jan 1999,
ODI,A Kumble,7,7,7,1,0,100.0,2,,v New Zealand,Christchurch,19 Jan 1999,
ODI,SC Ganguly,7,37,26,0,0,26.92,1,,v England,Sharjah,9 Apr 1999,
ODI,A Kumble,7,27,21,0,0,33.33,1,,v Pakistan,Sharjah,16 Apr 1999,
ODI,M Azharuddin,7,8,11,1,0,63.63,2,,v Zimbabwe,Leicester,19 May 1999,
ODI,JJ Martin,7,-,26,1,0,26.92,2,,v West Indies,Toronto,12 Sep 1999,
ODI,VVS Laxman,7,10,11,1,0,63.63,2,,v Pakistan,Hobart,21 Jan 2000,
ODI,A Kumble,7,14,14,0,0,50.0,2,,v Pakistan,W.A.C.A,28 Jan 2000,
ODI,M Azharuddin,7,30,16,1,0,43.75,1,,v South Africa,Sharjah,22 Mar 2000,
ODI,RR Singh,7,15,20,1,0,35.0,2,,v Pakistan,Sharjah,23 Mar 2000,
ODI,SC Ganguly,7,19,12,1,0,58.33,2,,v Pakistan,Sharjah,26 Mar 2000,
ODI,T Kumaran,7,8,10,1,0,70.0,2,,v Sri Lanka,Dhaka,1 Jun 2000,
ODI,Yuvraj Singh,7,-,15,0,0,46.66,1,,v Sri Lanka,Sharjah,20 Oct 2000,
ODI,RR Singh,7,-,18,1,0,38.88,2,,v Zimbabwe,Sharjah,26 Oct 2000,
ODI,Yuvraj Singh,7,-,17,0,0,41.17,2,,v Sri Lanka,Sharjah,27 Oct 2000,
ODI,R Dravid,7,23,10,0,0,70.0,2,,v Australia,Visakhapatnam,3 Apr 2001,
ODI,V Dahiya,7,17,15,1,0,46.66,2,,v Australia,Visakhapatnam,3 Apr 2001,
ODI,HK Badani,7,13,14,1,0,50.0,1,,v Australia,Margao,6 Apr 2001,
ODI,RS Sodhi,7,17,15,1,0,46.66,2,,v Sri Lanka,Colombo (RPS),5 Aug 2001,
ODI,Harbhajan Singh,7,11,9,1,0,77.77,2,,v South Africa,East London,19 Oct 2001,
ODI,SC Ganguly,7,25,16,1,0,43.75,2,,v Zimbabwe,Hyderabad (Deccan),16 Mar 2002,
ODI,Z Khan,7,24,16,0,0,43.75,1,,v West Indies,Port of Spain,1 Jun 2002,
ODI,SC Ganguly,7,14,10,1,0,70.0,2,,v Sri Lanka,The Oval,30 Jun 2002,
ODI,SR Tendulkar,7,39,16,0,0,43.75,1,,v Zimbabwe,Colombo (RPS),14 Sep 2002,
ODI,VVS Laxman,7,25,19,1,0,36.84,2,,v West Indies,Jodhpur,21 Nov 2002,
ODI,V Sehwag,7,17,20,1,0,35.0,1,,v New Zealand,Christchurch,1 Jan 2003,
ODI,R Dravid,7,72,41,0,0,17.07,2,,v New Zealand,Wellington,8 Jan 2003,
ODI,M Kaif,7,31,19,1,0,36.84,2,,v New Zealand,Auckland,11 Jan 2003,
ODI,Harbhajan Singh,7,12,8,0,0,87.5,2,,v Australia,Johannesburg,23 Mar 2003,
ODI,SB Bangar,7,11,11,0,1,63.63,2,,v Bangladesh,Dhaka,16 Apr 2003,
ODI,AB Agarkar,7,16,8,1,0,87.5,1,,v New Zealand,Cuttack,6 Nov 2003,
ODI,Yuvraj Singh,7,15,10,0,0,70.0,1,,v New Zealand,Hyderabad (Deccan),15 Nov 2003,
ODI,M Kaif,7,18,9,0,0,77.77,2,,v Pakistan,Rawalpindi,16 Mar 2004,
ODI,SR Tendulkar,7,22,13,1,0,53.84,2,,v Pakistan,Lahore,21 Mar 2004,
ODI,SC Ganguly,7,15,10,1,0,70.0,2,,v England,The Oval,3 Sep 2004,
ODI,M Kaif,7,12,15,0,0,46.66,1,,v Pakistan,Kochi,2 Apr 2005,
ODI,Z Khan,7,5,7,0,1,100.0,2,,v Pakistan,Delhi,17 Apr 2005,
ODI,VVS Laxman,7,15,12,1,0,58.33,1,,v West Indies,Colombo (RPS),7 Aug 2005,
ODI,MS Dhoni,7,11,11,0,0,63.63,2,,v Sri Lanka,Colombo (RPS),9 Aug 2005,
ODI,V Sehwag,7,12,8,1,0,87.5,1,,v England,Delhi,28 Mar 2006,
ODI,RP Singh,7,23,20,0,0,35.0,1,,v England,Jamshedpur,12 Apr 2006,
ODI,Yuvraj Singh,7,15,4,1,0,175.0,1,,v Pakistan,Abu Dhabi,18 Apr 2006,
ODI,SK Raina,7,-,22,0,0,31.81,1,,v West Indies,Port of Spain,26 May 2006,
ODI,R Dravid,7,36,21,1,0,33.33,2,,v Australia,Kuala Lumpur,22 Sep 2006,
ODI,MS Dhoni,7,37,22,0,0,31.81,2,,v England,Jaipur,15 Oct 2006,
ODI,IK Pathan,7,16,9,0,0,77.77,1,,v South Africa,Centurion,3 Dec 2006,
ODI,RV Uthappa,7,10,5,1,0,140.0,2,,v Sri Lanka,Rajkot,11 Feb 2007,
ODI,SR Tendulkar,7,40,26,1,0,26.92,1,,v Bangladesh,Port of Spain,17 Mar 2007,
ODI,SC Ganguly,7,51,23,0,0,30.43,2,,v Sri Lanka,Port of Spain,23 Mar 2007,
ODI,RR Powar,7,24,11,0,0,63.63,1,,v England,Manchester,30 Aug 2007,
ODI,Z Khan,7,15,16,1,0,43.75,1,,v England,Lord's,8 Sep 2007,
ODI,G Gambhir,7,13,13,1,0,53.84,2,,v Australia,Kochi,2 Oct 2007,
ODI,R Dravid,7,32,13,0,0,53.84,2,,v Australia,Nagpur,14 Oct 2007,
ODI,IK Pathan,7,15,14,0,0,50.0,1,,v Pakistan,Mohali,8 Nov 2007,
ODI,P Kumar,7,7,7,1,0,100.0,1,,v Australia,Brisbane,4 Mar 2008,
ODI,IK Pathan,7,31,19,0,0,36.84,1,,v Sri Lanka,Dambulla,18 Aug 2008,
ODI,IK Pathan,7,21,15,1,0,46.66,2,,v Sri Lanka,Colombo (RPS),29 Aug 2008,
ODI,SR Tendulkar,7,9,12,0,1,58.33,1,,v Sri Lanka,Colombo (RPS),3 Feb 2009,
ODI,L Balaji,7,16,10,1,0,70.0,2,,v Sri Lanka,Colombo (RPS),8 Feb 2009,
ODI,RA Jadeja,7,9,12,1,0,58.33,1,,v West Indies,Kingston,28 Jun 2009,
ODI,Harbhajan Singh,7,16,14,0,0,50.0,1,,v West Indies,Kingston,28 Jun 2009,
ODI,RA Jadeja,7,33,21,1,0,33.33,2,,v Australia,Mohali,2 Nov 2009,
ODI,A Nehra,7,21,8,1,0,87.5,2,,v Australia,Mohali,2 Nov 2009,
ODI,MM Patel,7,15,10,1,0,70.0,1,,v New Zealand,Dambulla,25 Aug 2010,
ODI,SR Tendulkar,7,16,11,0,0,63.63,2,,v South Africa,Durban,12 Jan 2011,
ODI,MS Dhoni,7,19,8,1,0,87.5,2,,v Australia,Ahmedabad,24 Mar 2011,
ODI,V Kohli,7,18,18,0,0,38.88,1,,v England,The Oval,9 Sep 2011,
ODI,R Ashwin,7,8,10,0,0,70.0,1,,v England,Eden Gardens,25 Oct 2011,
ODI,V Kohli,7,25,17,1,0,41.17,1,,v Pakistan,Delhi,6 Jan 2013,
ODI,RA Jadeja,7,17,9,0,0,77.77,2,,v England,Rajkot,11 Jan 2013,
ODI,S Dhawan,7,29,15,1,0,46.66,2,,v Australia,Pune,13 Oct 2013,
ODI,Yuvraj Singh,7,8,7,0,1,100.0,2,,v Australia,Pune,13 Oct 2013,
ODI,AM Rahane,7,10,13,0,0,53.84,2,,v New Zealand,Napier,19 Jan 2014,
ODI,R Ashwin,7,15,11,1,0,63.63,2,,v New Zealand,Wellington,31 Jan 2014,
ODI,STR Binny,7,16,12,1,0,58.33,1,,v England,W.A.C.A,30 Jan 2015,
ODI,RG Sharma,7,30,18,1,0,38.88,2,,v West Indies,W.A.C.A,6 Mar 2015,
ODI,SK Raina,7,20,11,1,0,63.63,2,,v Australia,Sydney,26 Mar 2015,
ODI,S Dhawan,7,36,15,0,0,46.66,1,,v South Africa,Chennai,22 Oct 2015,
ODI,V Kohli,7,11,6,0,1,116.66,2,,v South Africa,Wankhede,25 Oct 2015,
ODI,KK Nair,7,19,20,1,0,35.0,2,,v Zimbabwe,Harare,11 Jun 2016,
ODI,UT Yadav,7,26,12,0,0,58.33,2,,v New Zealand,Ranchi,26 Oct 2016,
ODI,Yuvraj Singh,7,33,18,0,0,38.88,1,,v Sri Lanka,The Oval,8 Jun 2017,
ODI,KL Rahul,7,-,8,0,0,87.5,1,,v Sri Lanka,Colombo (RPS),31 Aug 2017,
ODI,RG Sharma,7,24,14,1,0,50.0,1,,v Australia,Eden Gardens,21 Sep 2017,
ODI,RG Sharma,7,17,19,1,0,36.84,2,,v New Zealand,Pune,25 Oct 2017,
ODI,MS Dhoni,7,11,5,0,1,140.0,1,,v Sri Lanka,Mohali,13 Dec 2017,
ODI,RG Sharma,7,14,14,0,1,50.0,2,,v Sri Lanka,Visakhapatnam,17 Dec 2017,
ODI,MS Dhoni,7,-,11,0,0,63.63,2,,v West Indies,Pune,27 Oct 2018,
ODI,RG Sharma,7,33,23,0,0,30.43,1,,v New Zealand,Hamilton,31 Jan 2019,
ODI,Shubman Gill,7,13,11,1,0,63.63,1,,v New Zealand,Wellington,3 Feb 2019,
ODI,V Kohli,7,-,6,1,0,116.66,1,,v Australia,Mohali,10 Mar 2019,
ODI,HH Pandya,7,23,9,0,0,77.77,1,,v Afghanistan,Southampton,22 Jun 2019,
ODI,KM Jadhav,7,13,10,1,0,70.0,1,,v West Indies,Manchester,27 Jun 2019,
ODI,SS Iyer,7,-,7,1,0,100.0,2,,v West Indies,Cuttack,22 Dec 2019,
ODI,RR Pant,7,-,6,1,0,116.66,2,,v West Indies,Cuttack,22 Dec 2019,
ODI,SS Iyer,7,-,17,1,0,41.17,1,,v Australia,Rajkot,17 Jan 2020,
ODI,SN Thakur,7,19,6,1,0,116.66,1,,v New Zealand,Mount Maunganui,11 Feb 2020,
ODI,V Kohli,7,14,10,1,0,70.0,1,,v England,Pune,28 Mar 2021,
ODI,KL Rahul,7,27,18,0,0,38.88,1,,v England,Pune,28 Mar 2021,
ODI,N Rana,7,22,14,0,0,50.0,1,,v Sri Lanka,Colombo (RPS),23 Jul 2021,
ODI,R Ashwin,7,22,13,0,0,53.84,2,,v South Africa,Paarl,19 Jan 2022,
ODI,S Dhawan,7,28,17,1,0,41.17,1,,v Bangladesh,Mirpur,4 Dec 2022,
ODI,SN Thakur,7,37,23,0,0,30.43,2,,v Bangladesh,Mirpur,7 Dec 2022,
ODI,KL Rahul,7,14,6,1,0,116.66,1,,v Sri Lanka,Thiruvananthapuram,15 Jan 2023,
ODI,Shubman Gill,7,19,16,1,0,43.75,2,,v West Indies,Bridgetown,27 Jul 2023,
ODI,HH Pandya,7,21,14,0,0,50.0,1,,v West Indies,Bridgetown,29 Jul 2023,
ODI,RA Jadeja,7,19,12,0,0,58.33,2,,v Bangladesh,Colombo (RPS),15 Sep 2023,
ODI,AR Patel,7,30,23,0,0,30.43,1,,v South Africa,Gqeberha,19 Dec 2023,
ODI,SS Iyer,7,8,9,1,0,77.77,2,,v Sri Lanka,Colombo (RPS),4 Aug 2024,
ODI,KD Ghavri,6*,-,15,-,-,40.0,2,,v New Zealand,Auckland,14 Feb 1981,
ODI,SMH Kirmani,6*,-,8,-,-,75.0,1,,v West Indies,Guwahati,17 Dec 1983,
ODI,S Madan Lal,6*,28,8,0,0,75.0,1,,v Australia,Ahmedabad,5 Oct 1984,
ODI,RJ Shastri,6*,-,8,-,-,75.0,1,,v Pakistan,Sialkot,31 Oct 1984,
ODI,SM Gavaskar,6*,-,4,0,0,150.0,1,,v England,Cuttack,27 Dec 1984,
ODI,S Viswanath,6*,-,9,0,0,66.66,1,,v England,Bengaluru,20 Jan 1985,
ODI,N Kapil Dev,6*,-,10,0,0,60.0,2,,v Sri Lanka,Colombo (PSS),21 Sep 1985,
ODI,N Kapil Dev,6*,11,5,1,0,120.0,2,,v New Zealand,Adelaide,25 Jan 1986,
ODI,C Sharma,6*,4,3,1,0,200.0,2,,v Australia,Melbourne,31 Jan 1986,
ODI,CS Pandit,6*,-,5,1,0,120.0,1,,v Pakistan,Eden Gardens,18 Feb 1987,
ODI,Maninder Singh,6*,-,10,0,0,60.0,2,,v Pakistan,Sharjah,19 Oct 1988,
ODI,C Sharma,6*,-,6,1,0,100.0,2,,v West Indies,Georgetown,21 Mar 1989,
ODI,ST Banerjee,6*,5,5,0,0,120.0,1,,v Australia,W.A.C.A,8 Dec 1991,
ODI,SLV Raju,6*,17,12,1,0,50.0,1,,v Australia,Sydney,14 Jan 1992,
ODI,J Srinath,6*,6,4,1,0,150.0,1,,v Zimbabwe,Hamilton,7 Mar 1992,
ODI,J Srinath,6*,10,9,0,0,66.66,2,,v Pakistan,Sharjah,22 Apr 1994,
ODI,A Kumble,6*,23,13,1,0,46.15,1,,v New Zealand,Napier,16 Feb 1995,
ODI,NR Mongia,6*,12,10,0,0,60.0,2,,v Australia,Dunedin,22 Feb 1995,
ODI,NR Mongia,6*,13,9,0,0,66.66,1,,v Zimbabwe,Kanpur,6 Mar 1996,
ODI,BKV Prasad,6*,5,7,0,0,85.71,1,,v Australia,Colombo (SSC),6 Sep 1996,
ODI,A Jadeja,6*,35,31,0,0,19.35,2,,v Australia,Kanpur,7 Apr 1998,
ODI,HH Kanitkar,6*,6,2,1,0,300.0,2,,v Australia,Sharjah,24 Apr 1998,
ODI,J Srinath,6*,2,3,1,0,200.0,1,,v West Indies,Dhaka,31 Oct 1998,
ODI,A Kumble,6*,10,7,1,0,85.71,2,,v New Zealand,Napier,12 Jan 1999,
ODI,NR Mongia,6*,16,10,1,0,60.0,2,,v New Zealand,Auckland,16 Jan 1999,
ODI,NR Mongia,6*,5,4,1,0,150.0,1,,v Sri Lanka,Pune,30 Mar 1999,
ODI,A Kumble,6*,11,8,0,0,75.0,1,,v England,Birmingham,29 May 1999,
ODI,NR Mongia,6*,5,4,0,0,150.0,1,,v Pakistan,Manchester,8 Jun 1999,
ODI,J Srinath,6*,10,7,0,0,85.71,1,,v New Zealand,Nottingham,12 Jun 1999,
ODI,R Vijay Bharadwaj,6*,22,6,0,0,100.0,1,,v Zimbabwe,Nairobi (Gym),1 Oct 1999,
ODI,AB Agarkar,6*,18,8,0,0,75.0,2,,v Australia,Melbourne,12 Jan 2000,
ODI,BKV Prasad,6*,2,1,0,1,600.0,1,,v Australia,Nairobi (Gym),7 Oct 2000,
ODI,AB Agarkar,6*,12,8,0,0,75.0,2,,v England,Chennai,25 Jan 2002,
ODI,Sarandeep Singh,6*,15,8,0,0,75.0,2,,v England,Delhi,31 Jan 2002,
ODI,AB Agarkar,6*,3,3,1,0,200.0,1,,v Zimbabwe,Guwahati,19 Mar 2002,
ODI,AB Agarkar,6*,13,9,0,0,66.66,2,,v West Indies,Jodhpur,21 Nov 2002,
ODI,Z Khan,6*,3,3,1,0,200.0,1,,v Pakistan,Peshawar,19 Mar 2004,
ODI,Harbhajan Singh,6*,13,11,1,0,54.54,2,,v England,Jaipur,15 Oct 2006,
ODI,Harbhajan Singh,6*,9,5,1,0,120.0,2,,v Australia,Nagpur,14 Oct 2007,
ODI,PP Chawla,6*,8,2,1,0,300.0,1,,v Australia,Brisbane,4 Mar 2008,
ODI,P Kumar,6*,8,7,0,0,85.71,1,,v Pakistan,Mirpur,10 Jun 2008,
ODI,PP Ojha,6*,32,17,0,0,35.29,2,,v Sri Lanka,Karachi,6 Jul 2008,
ODI,YK Pathan,6*,1,1,0,1,600.0,1,,v England,Bengaluru,23 Nov 2008,
ODI,MM Patel,6*,4,4,1,0,150.0,1,,v South Africa,Johannesburg,15 Jan 2011,
ODI,A Nehra,6*,16,10,1,0,60.0,2,,v South Africa,Cape Town,18 Jan 2011,
ODI,Harbhajan Singh,6*,2,4,0,1,150.0,2,,v West Indies,Port of Spain,6 Jun 2011,
ODI,VR Aaron,6*,17,11,1,0,54.54,2,,v West Indies,Cuttack,29 Nov 2011,
ODI,UT Yadav,6*,13,9,1,0,66.66,2,,v West Indies,Cuttack,29 Nov 2011,
ODI,UT Yadav,6*,8,6,1,0,100.0,2,,v Australia,Brisbane,19 Feb 2012,
ODI,Mohammed Shami,6*,3,1,0,1,600.0,1,,v Zimbabwe,Harare,26 Jul 2013,
ODI,WP Saha,6*,-,10,1,0,60.0,2,,v Sri Lanka,Hyderabad,9 Nov 2014,
ODI,RA Jadeja,6*,11,5,0,0,120.0,1,,v Australia,Melbourne,17 Jan 2016,
ODI,Mohammed Shami,6*,10,6,1,0,100.0,2,,v Australia,Bengaluru,28 Sep 2017,
ODI,JJ Bumrah,6*,-,1,0,1,600.0,1,,v Australia,Mohali,10 Mar 2019,
ODI,DL Chahar,6*,-,8,0,0,75.0,1,,v West Indies,Chennai,15 Dec 2019,
ODI,SV Samson,6*,10,7,0,0,85.71,1,,v West Indies,Port of Spain,27 Jul 2022,
ODI,AR Patel,6*,9,7,1,0,85.71,2,,v Zimbabwe,Harare,20 Aug 2022,
ODI,AL Wadekar,6,-,8,1,0,75.0,1,,v England,The Oval,15 Jul 1974,
ODI,S Abid Ali,6,-,10,0,0,60.0,1,,v England,The Oval,15 Jul 1974,
ODI,BS Bedi,6,8,10,0,0,60.0,1,,v New Zealand,Manchester,14 Jun 1975,
ODI,PH Sharma,6,-,6,-,-,100.0,1,,v New Zealand,Christchurch,21 Feb 1976,
ODI,P Krishnamurthy,6,-,13,-,-,46.15,2,,v New Zealand,Auckland,22 Feb 1976,
ODI,TE Srinivasan,6,23,12,0,0,50.0,1,,v Australia,Melbourne,6 Dec 1980,
ODI,N Kapil Dev,6,35,16,0,0,37.5,1,,v Australia,Melbourne,6 Dec 1980,
ODI,SM Patil,6,11,9,0,0,66.66,1,,v New Zealand,Adelaide,23 Dec 1980,
ODI,Yashpal Sharma,6,30,16,1,0,37.5,1,,v Australia,Sydney,8 Jan 1981,
ODI,KD Ghavri,6,18,11,0,0,54.54,1,,v New Zealand,Melbourne,10 Jan 1981,
ODI,CPS Chauhan,6,-,12,-,-,50.0,2,,v New Zealand,Auckland,14 Feb 1981,
ODI,S Madan Lal,6,-,17,1,0,35.29,1,,v England,Ahmedabad,25 Nov 1981,
ODI,N Kapil Dev,6,-,7,1,0,85.71,2,,v England,Jalandhar,20 Dec 1981,
ODI,K Srikkanth,6,-,15,1,0,40.0,2,,v Pakistan,Gujranwala,3 Dec 1982,
ODI,J Arun Lal,6,-,10,0,0,60.0,2,,v Pakistan,Multan,17 Dec 1982,
ODI,M Amarnath,6,-,25,0,0,24.0,2,,v Pakistan,Multan,17 Dec 1982,
ODI,S Madan Lal,6,-,11,-,-,54.54,1,,v West Indies,St George's,7 Apr 1983,
ODI,N Kapil Dev,6,-,13,-,-,46.15,1,,v West Indies,Manchester,9 Jun 1983,
ODI,RJ Shastri,6,-,15,-,-,40.0,2,,v West Indies,The Oval,15 Jun 1983,
ODI,KBJ Azad,6,16,13,0,0,46.15,1,,v Australia,Thiruvananthapuram,1 Oct 1984,
ODI,AK Patel,6,7,8,0,0,75.0,1,,v Australia,Thiruvananthapuram,1 Oct 1984,
ODI,GAHM Parkar,6,35,24,1,0,25.0,1,,v Australia,Indore,6 Oct 1984,
ODI,RJ Shastri,6,-,22,0,0,27.27,2,,v Pakistan,Quetta,12 Oct 1984,
ODI,S Madan Lal,6,-,9,0,0,66.66,2,,v Pakistan,Quetta,12 Oct 1984,
ODI,K Srikkanth,6,-,8,1,0,75.0,2,,v England,Nagpur,23 Jan 1985,
ODI,Yashpal Sharma,6,-,6,1,0,100.0,2,,v England,Chandigarh,27 Jan 1985,
ODI,M Amarnath,6,15,11,0,0,54.54,1,,v England,Sydney,26 Feb 1985,
ODI,K Srikkanth,6,-,5,1,0,120.0,1,,v Pakistan,Sharjah,22 Mar 1985,
ODI,K Srikkanth,6,-,18,1,0,33.33,1,,v West Indies,Sharjah,22 Nov 1985,
ODI,DB Vengsarkar,6,-,33,0,0,18.18,1,,v West Indies,Sharjah,22 Nov 1985,
ODI,K Srikkanth,6,17,9,1,0,66.66,1,,v Australia,Brisbane,12 Jan 1986,
ODI,C Sharma,6,15,16,1,0,37.5,1,,v New Zealand,W.A.C.A,18 Jan 1986,
ODI,RJ Shastri,6,34,31,0,0,19.35,1,,v New Zealand,Melbourne,23 Jan 1986,
ODI,M Azharuddin,6,14,18,0,0,33.33,2,,v New Zealand,Sharjah,10 Apr 1986,
ODI,SM Gavaskar,6,11,10,1,0,60.0,2,,v Australia,Delhi,2 Oct 1986,
ODI,N Kapil Dev,6,14,8,0,0,75.0,1,,v Australia,Ahmedabad,5 Oct 1986,
ODI,R Lamba,6,-,43,0,0,13.95,1,,v Pakistan,Sharjah,5 Dec 1986,
ODI,DB Vengsarkar,6,-,27,0,0,22.22,1,,v Pakistan,Sharjah,5 Dec 1986,
ODI,M Azharuddin,6,-,8,-,-,75.0,2,,v Sri Lanka,Delhi,13 Jan 1987,
ODI,N Kapil Dev,6,-,9,0,0,66.66,1,,v Pakistan,Eden Gardens,18 Feb 1987,
ODI,N Kapil Dev,6,-,5,1,0,120.0,1,,v Pakistan,Pune,22 Mar 1987,
ODI,N Kapil Dev,6,-,5,1,0,120.0,2,,v Pakistan,Nagpur,24 Mar 1987,
ODI,S Viswanath,6,-,8,0,0,75.0,2,,v Pakistan,Nagpur,24 Mar 1987,
ODI,B Arun,6,-,14,0,0,42.85,1,,v Pakistan,Sharjah,10 Apr 1987,
ODI,N Kapil Dev,6,-,10,0,0,60.0,2,,v Australia,Chennai,9 Oct 1987,
ODI,K Srikkanth,6,-,9,1,0,66.66,2,,v Zimbabwe,Ahmedabad,26 Oct 1987,
ODI,CS Pandit,6,-,8,1,0,75.0,2,,v West Indies,Nagpur,8 Dec 1987,
ODI,Arshad Ayub,6,-,12,0,0,50.0,2,,v West Indies,Guwahati,23 Dec 1987,
ODI,M Azharuddin,6,-,13,0,0,46.15,1,,v New Zealand,Sharjah,1 Apr 1988,
ODI,K Srikkanth,6,-,12,0,0,50.0,1,,v West Indies,Sharjah,21 Oct 1988,
ODI,KS More,6,-,8,0,0,75.0,2,,v Sri Lanka,Dhaka,29 Oct 1988,
ODI,SK Sharma,6,-,11,1,0,54.54,2,,v West Indies,Bridgetown,7 Mar 1989,
ODI,J Arun Lal,6,-,12,1,0,50.0,2,,v West Indies,Georgetown,21 Mar 1989,
ODI,DB Vengsarkar,6,-,4,1,0,150.0,1,,v West Indies,Sharjah,16 Oct 1989,
ODI,RJ Shastri,6,-,17,0,0,35.29,1,,v West Indies,Sharjah,16 Oct 1989,
ODI,AK Sharma,6,-,7,0,0,85.71,2,,v Pakistan,Sharjah,20 Oct 1989,
ODI,N Kapil Dev,6,-,10,-,-,60.0,1,,v Sri Lanka,Ahmedabad,22 Oct 1989,
ODI,AK Sharma,6,-,5,-,-,120.0,1,,v Sri Lanka,Ahmedabad,22 Oct 1989,
ODI,KS More,6,-,10,0,0,60.0,2,,v Pakistan,Lahore,22 Dec 1989,
ODI,SV Manjrekar,6,42,24,0,0,25.0,2,,v Australia,Christchurch,3 Mar 1990,
ODI,N Kapil Dev,6,-,21,0,0,28.57,1,,v Sri Lanka,Margao,8 Dec 1990,
ODI,KS More,6,-,16,0,0,37.5,1,,v Sri Lanka,Margao,8 Dec 1990,
ODI,Arshad Ayub,6,-,7,0,0,85.71,1,,v Sri Lanka,Margao,8 Dec 1990,
ODI,RJ Shastri,6,-,22,0,0,27.27,2,,v Sri Lanka,Eden Gardens,4 Jan 1991,
ODI,RJ Shastri,6,-,38,0,0,15.78,1,,v West Indies,Sharjah,19 Oct 1991,
ODI,NS Sidhu,6,-,14,0,0,42.85,2,,v South Africa,Eden Gardens,10 Nov 1991,
ODI,M Azharuddin,6,23,24,0,0,25.0,1,,v West Indies,W.A.C.A,6 Dec 1991,
ODI,M Azharuddin,6,9,9,0,0,66.66,1,,v Australia,W.A.C.A,8 Dec 1991,
ODI,A Jadeja,6,8,6,0,0,100.0,1,,v Zimbabwe,Hamilton,7 Mar 1992,
ODI,SV Manjrekar,6,-,34,0,0,17.64,2,,v South Africa,East London,19 Dec 1992,
ODI,M Azharuddin,6,48,28,0,0,21.42,1,,v England,Jaipur,18 Jan 1993,
ODI,V Yadav,6,-,5,1,0,120.0,1,,v Sri Lanka,Colombo (RPS),25 Jul 1993,
ODI,A Jadeja,6,-,11,1,0,54.54,1,,v South Africa,Eden Gardens,24 Nov 1993,
ODI,A Kumble,6,36,13,0,0,46.15,1,,v Pakistan,Sharjah,15 Apr 1994,
ODI,Bhupinder Singh snr,6,14,13,0,0,46.15,1,,v Pakistan,Sharjah,15 Apr 1994,
ODI,SR Tendulkar,6,12,7,1,0,85.71,2,,v Australia,Sharjah,19 Apr 1994,
ODI,SR Tendulkar,6,13,5,0,0,120.0,1,,v Sri Lanka,Colombo (RPS),5 Sep 1994,
ODI,M Prabhakar,6,8,7,0,0,85.71,2,,v South Africa,Hamilton,18 Feb 1995,
ODI,J Srinath,6,8,7,1,0,85.71,2,,v New Zealand,Nagpur,26 Nov 1995,
ODI,AR Kapoor,6,4,6,1,0,100.0,2,,v New Zealand,Nagpur,26 Nov 1995,
ODI,J Srinath,6,8,6,1,0,100.0,2,,v Sri Lanka,Eden Gardens,13 Mar 1996,
ODI,SR Tendulkar,6,26,19,0,0,31.57,1,,v England,Leeds,25 May 1996,
ODI,A Jadeja,6,30,17,1,0,35.29,1,,v Australia,Colombo (SSC),6 Sep 1996,
ODI,VG Kambli,6,-,15,0,0,40.0,2,,v Pakistan,Toronto,21 Sep 1996,
ODI,R Dravid,6,18,13,1,0,46.15,2,,v Australia,Bengaluru,21 Oct 1996,
ODI,RR Singh,6,-,6,1,0,100.0,1,,v Australia,Mohali,3 Nov 1996,
ODI,SR Tendulkar,6,8,8,1,0,75.0,2,,v Zimbabwe,Paarl,27 Jan 1997,
ODI,M Azharuddin,6,15,9,0,0,66.66,2,,v Zimbabwe,Paarl,27 Jan 1997,
ODI,A Kumble,6,4,5,1,0,120.0,2,,v South Africa,Durban,13 Feb 1997,
ODI,SS Karim,6,12,6,0,0,100.0,2,,v West Indies,Kingstown,30 Apr 1997,
ODI,SR Tendulkar,6,4,6,1,0,100.0,1,,v Sri Lanka,Colombo (RPS),20 Aug 1997,
ODI,A Jadeja,6,16,7,0,0,85.71,1,,v Sri Lanka,Colombo (SSC),23 Aug 1997,
ODI,SR Tendulkar,6,10,7,1,0,85.71,2,,v Pakistan,Toronto,20 Sep 1997,
ODI,M Azharuddin,6,25,10,1,0,60.0,2,,v Pakistan,Karachi,30 Sep 1997,
ODI,M Azharuddin,6,39,12,0,0,50.0,1,,v Pakistan,Lahore,2 Oct 1997,
ODI,VG Kambli,6,18,17,0,0,35.29,1,,v Pakistan,Lahore,2 Oct 1997,
ODI,A Kuruvilla,6,13,8,1,0,75.0,1,,v Pakistan,Lahore,2 Oct 1997,
ODI,A Jadeja,6,17,10,0,0,60.0,1,,v Pakistan,Sharjah,14 Dec 1997,
ODI,A Kumble,6,17,12,0,0,50.0,2,,v West Indies,Sharjah,16 Dec 1997,
ODI,SR Tendulkar,6,23,13,0,0,46.15,1,,v Sri Lanka,Margao,28 Dec 1997,
ODI,A Jadeja,6,-,7,0,0,85.71,1,,v Pakistan,Dhaka,11 Jan 1998,
ODI,NS Sidhu,6,16,21,0,0,28.57,1,,v Pakistan,Dhaka,16 Jan 1998,
ODI,HH Kanitkar,6,23,19,0,0,31.57,2,,v Pakistan,Toronto,16 Sep 1998,
ODI,AB Agarkar,6,11,9,1,0,66.66,1,,v Sri Lanka,Sharjah,9 Nov 1998,
ODI,AR Khurasiya,6,14,7,1,0,85.71,1,,v Pakistan,Mohali,1 Apr 1999,
ODI,A Jadeja,6,15,14,0,0,42.85,1,,v Pakistan,Manchester,8 Jun 1999,
ODI,SC Ganguly,6,26,9,1,0,66.66,1,,v Zimbabwe,Singapore,4 Sep 1999,
ODI,SB Joshi,6,-,6,0,1,100.0,1,,v Kenya,Nairobi (Gym),29 Sep 1999,
ODI,RR Singh,6,11,8,1,0,75.0,2,,v South Africa,Nairobi (Gym),3 Oct 1999,
ODI,SS Dighe,6,8,11,0,0,54.54,1,,v Pakistan,Brisbane,10 Jan 2000,
ODI,DJ Gandhi,6,18,12,1,0,50.0,1,,v Australia,Sydney,14 Jan 2000,
ODI,HH Kanitkar,6,12,12,0,0,50.0,1,,v Pakistan,Adelaide,25 Jan 2000,
ODI,SC Ganguly,6,16,11,1,0,54.54,2,,v South Africa,Nagpur,19 Mar 2000,
ODI,SC Ganguly,6,19,14,1,0,42.85,1,,v South Africa,Sharjah,27 Mar 2000,
ODI,RR Singh,6,22,18,0,0,33.33,2,,v Sri Lanka,Dhaka,1 Jun 2000,
ODI,S Sriram,6,-,11,1,0,54.54,2,,v Sri Lanka,Sharjah,27 Oct 2000,
ODI,Z Khan,6,-,8,1,0,75.0,2,,v Sri Lanka,Sharjah,27 Oct 2000,
ODI,R Dravid,6,18,16,1,0,37.5,1,,v Zimbabwe,Rajkot,14 Dec 2000,
ODI,SC Ganguly,6,24,27,0,0,22.22,1,,v Australia,Bengaluru,25 Mar 2001,
ODI,Yuvraj Singh,6,16,15,1,0,40.0,2,,v New Zealand,Colombo (RPS),20 Jul 2001,
ODI,HK Badani,6,10,10,1,0,60.0,2,,v New Zealand,Colombo (RPS),26 Jul 2001,
ODI,Harbhajan Singh,6,18,16,0,0,37.5,2,,v New Zealand,Colombo (RPS),26 Jul 2001,
ODI,Yuvraj Singh,6,10,6,1,0,100.0,2,,v Sri Lanka,Colombo (RPS),5 Aug 2001,
ODI,Harbhajan Singh,6,3,6,1,0,100.0,2,,v England,Cuttack,22 Jan 2002,
ODI,A Ratra,6,13,9,0,0,66.66,1,,v Zimbabwe,Faridabad,7 Mar 2002,
ODI,AB Agarkar,6,9,7,0,0,85.71,1,,v Zimbabwe,Mohali,10 Mar 2002,
ODI,R Dravid,6,16,11,1,0,54.54,1,,v Zimbabwe,Kochi,13 Mar 2002,
ODI,Harbhajan Singh,6,13,9,1,0,66.66,1,,v West Indies,Port of Spain,1 Jun 2002,
ODI,SC Ganguly,6,23,10,0,0,60.0,2,,v England,The Oval,9 Jul 2002,
ODI,AB Agarkar,6,16,11,1,0,54.54,1,,v West Indies,Nagpur,9 Nov 2002,
ODI,M Kaif,6,17,13,1,0,46.15,1,,v New Zealand,Auckland,26 Dec 2002,
ODI,AB Agarkar,6,16,11,1,0,54.54,1,,v New Zealand,Christchurch,1 Jan 2003,
ODI,V Sehwag,6,15,9,1,0,66.66,1,,v Netherlands,Paarl,12 Feb 2003,
ODI,PA Patel,6,18,6,1,0,100.0,1,,v South Africa,Dhaka,18 Apr 2003,
ODI,Harbhajan Singh,6,7,7,1,0,85.71,2,,v Australia,Wankhede,1 Nov 2003,
ODI,A Kumble,6,11,10,1,0,60.0,2,,v Australia,Wankhede,1 Nov 2003,
ODI,RS Gavaskar,6,15,8,1,0,75.0,1,,v Australia,W.A.C.A,1 Feb 2004,
ODI,SC Ganguly,6,33,21,0,0,28.57,1,,v Australia,Melbourne,6 Feb 2004,
ODI,PA Patel,6,34,16,0,0,37.5,2,,v Sri Lanka,Dambulla,18 Jul 2004,
ODI,SC Ganguly,6,39,16,1,0,37.5,2,,v Sri Lanka,Dambulla,18 Jul 2004,
ODI,IK Pathan,6,11,8,0,0,75.0,1,,v Pakistan,Birmingham,19 Sep 2004,
ODI,SR Tendulkar,6,15,11,1,0,54.54,2,,v Pakistan,Jamshedpur,9 Apr 2005,
ODI,V Sehwag,6,43,23,0,0,26.08,1,,v West Indies,Colombo (RPS),7 Aug 2005,
ODI,R Dravid,6,12,11,1,0,54.54,2,,v Zimbabwe,Harare,4 Sep 2005,
ODI,AB Agarkar,6,11,5,1,0,120.0,1,,v New Zealand,Harare,6 Sep 2005,
ODI,Y Venugopal Rao,6,9,9,0,0,66.66,1,,v Sri Lanka,Ahmedabad,6 Nov 2005,
ODI,R Dravid,6,54,31,1,0,19.35,1,,v South Africa,Eden Gardens,25 Nov 2005,
ODI,SK Raina,6,22,11,0,0,54.54,1,,v Pakistan,Abu Dhabi,19 Apr 2006,
ODI,R Dravid,6,24,22,1,0,27.27,2,,v Australia,Kuala Lumpur,16 Sep 2006,
ODI,AB Agarkar,6,25,16,1,0,37.5,2,,v South Africa,Durban,22 Nov 2006,
ODI,AB Agarkar,6,11,9,1,0,66.66,2,,v South Africa,Cape Town,26 Nov 2006,
ODI,AB Agarkar,6,19,14,1,0,42.85,2,,v South Africa,Gqeberha,29 Nov 2006,
ODI,MS Dhoni,6,26,19,0,0,31.57,1,,v West Indies,Cuttack,24 Jan 2007,
ODI,Harbhajan Singh,6,27,30,1,0,20.0,1,,v West Indies,Cuttack,24 Jan 2007,
ODI,Yuvraj Singh,6,15,12,0,0,50.0,2,,v Sri Lanka,Port of Spain,23 Mar 2007,
ODI,KD Karthik,6,5,4,1,0,150.0,1,,v Bangladesh,Mirpur,12 May 2007,
ODI,AB Agarkar,6,4,5,1,0,120.0,1,,v England,Manchester,30 Aug 2007,
ODI,G Gambhir,6,12,11,0,0,54.54,2,,v Australia,Hyderabad,5 Oct 2007,
ODI,Yuvraj Singh,6,10,11,1,0,54.54,2,,v Australia,Nagpur,14 Oct 2007,
ODI,SC Ganguly,6,2,3,1,0,200.0,1,,v Pakistan,Mohali,8 Nov 2007,
ODI,V Sehwag,6,15,8,1,0,75.0,1,,v Australia,Brisbane,3 Feb 2008,
ODI,Yuvraj Singh,6,3,3,1,0,200.0,1,,v Sri Lanka,Canberra,12 Feb 2008,
ODI,P Kumar,6,13,8,0,0,75.0,2,,v Sri Lanka,Adelaide,19 Feb 2008,
ODI,G Gambhir,6,22,13,1,0,46.15,2,,v Sri Lanka,Karachi,6 Jul 2008,
ODI,MS Dhoni,6,30,28,0,0,21.42,1,,v Sri Lanka,Dambulla,18 Aug 2008,
ODI,S Badrinath,6,42,19,0,0,31.57,1,,v Sri Lanka,Colombo (RPS),24 Aug 2008,
ODI,S Badrinath,6,10,11,0,0,54.54,1,,v Sri Lanka,Colombo (RPS),27 Aug 2008,
ODI,Yuvraj Singh,6,13,9,0,0,66.66,2,,v England,Cuttack,26 Nov 2008,
ODI,SR Tendulkar,6,11,9,0,0,66.66,1,,v Sri Lanka,Colombo (RPS),31 Jan 2009,
ODI,V Sehwag,6,6,6,1,0,100.0,2,,v Sri Lanka,Colombo (RPS),8 Feb 2009,
ODI,P Kumar,6,11,12,1,0,50.0,1,,v New Zealand,Auckland,14 Mar 2009,
ODI,G Gambhir,6,13,5,1,0,120.0,2,,v West Indies,Johannesburg,30 Sep 2009,
ODI,G Gambhir,6,31,15,0,0,40.0,2,,v Australia,Delhi,31 Oct 2009,
ODI,MS Dhoni,6,17,15,0,0,40.0,2,,v Australia,Hyderabad,5 Nov 2009,
ODI,V Sehwag,6,1,4,0,1,150.0,1,,v Australia,Guwahati,8 Nov 2009,
ODI,Yuvraj Singh,6,29,16,1,0,37.5,1,,v Australia,Guwahati,8 Nov 2009,
ODI,RA Jadeja,6,13,9,0,0,66.66,2,,v Pakistan,Dambulla,19 Jun 2010,
ODI,SK Raina,6,11,6,1,0,100.0,2,,v New Zealand,Dambulla,10 Aug 2010,
ODI,Yuvraj Singh,6,29,19,1,0,31.57,1,,v New Zealand,Dambulla,25 Aug 2010,
ODI,P Kumar,6,19,12,1,0,50.0,1,,v New Zealand,Dambulla,25 Aug 2010,
ODI,Z Khan,6,28,16,0,0,37.5,2,,v South Africa,Durban,12 Jan 2011,
ODI,P Kumar,6,18,13,0,0,46.15,2,,v West Indies,North Sound,13 Jun 2011,
ODI,PA Patel,6,17,11,0,0,54.54,1,,v West Indies,Kingston,16 Jun 2011,
ODI,MS Dhoni,6,9,5,1,0,120.0,1,,v England,Southampton,6 Sep 2011,
ODI,R Ashwin,6,17,10,0,0,60.0,2,,v West Indies,Cuttack,29 Nov 2011,
ODI,R Vinay Kumar,6,14,12,0,0,50.0,2,,v Australia,Brisbane,19 Feb 2012,
ODI,SR Tendulkar,6,25,19,1,0,31.57,1,,v Sri Lanka,Mirpur,13 Mar 2012,
ODI,IK Pathan,6,28,19,0,0,31.57,1,,v Sri Lanka,Hambantota,24 Jul 2012,
ODI,V Kohli,6,12,9,1,0,66.66,2,,v Pakistan,Eden Gardens,3 Jan 2013,
ODI,KD Karthik,6,10,11,0,0,54.54,1,,v England,Birmingham,23 Jun 2013,
ODI,KD Karthik,6,11,7,1,0,85.71,1,,v West Indies,Port of Spain,5 Jul 2013,
ODI,B Kumar,6,4,4,1,0,150.0,2,,v New Zealand,Napier,19 Jan 2014,
ODI,V Kohli,6,27,20,1,0,30.0,2,,v New Zealand,Auckland,25 Jan 2014,
ODI,RA Jadeja,6,21,16,0,0,37.5,1,,v West Indies,Delhi,11 Oct 2014,
ODI,MS Dhoni,6,10,5,0,0,120.0,1,,v West Indies,Dharamsala,17 Oct 2014,
ODI,SK Raina,6,6,5,1,0,120.0,1,,v South Africa,Melbourne,22 Feb 2015,
ODI,MS Dhoni,6,28,11,0,0,54.54,1,,v Bangladesh,Melbourne,19 Mar 2015,
ODI,S Dhawan,6,10,4,1,0,150.0,1,,v Australia,Brisbane,15 Jan 2016,
ODI,MK Pandey,6,13,5,1,0,120.0,1,,v Australia,Brisbane,15 Jan 2016,
ODI,RG Sharma,6,17,11,0,0,54.54,1,,v Australia,Melbourne,17 Jan 2016,
ODI,MS Dhoni,6,7,6,1,0,100.0,2,,v England,Pune,15 Jan 2017,
ODI,AR Patel,6,-,9,0,0,66.66,2,,v Sri Lanka,Pallekele,24 Aug 2017,
ODI,S Dhawan,6,7,5,1,0,120.0,2,,v West Indies,Thiruvananthapuram,1 Nov 2018,
ODI,S Dhawan,6,24,13,1,0,46.15,1,,v New Zealand,Wellington,3 Feb 2019,
ODI,B Kumar,6,21,8,0,0,75.0,1,,v New Zealand,Wellington,3 Feb 2019,
ODI,KD Karthik,6,29,25,1,0,24.0,2,,v New Zealand,Manchester,9 Jul 2019,
ODI,KL Rahul,6,-,15,1,0,40.0,1,,v West Indies,Chennai,15 Dec 2019,
ODI,SS Iyer,6,16,9,1,0,66.66,1,,v England,Pune,23 Mar 2021,
ODI,SA Yadav,6,13,7,1,0,85.71,1,,v West Indies,Ahmedabad,11 Feb 2022,
ODI,Ishan Kishan,6,25,13,0,0,46.15,2,,v Zimbabwe,Harare,20 Aug 2022,
ODI,SA Yadav,6,17,10,0,0,60.0,1,,v New Zealand,Christchurch,30 Nov 2022,
ODI,Kuldeep Yadav,6,33,15,0,0,40.0,2,,v Australia,Chennai,22 Mar 2023,
ODI,Mukesh Kumar,6,11,7,1,0,85.71,1,,v West Indies,Bridgetown,29 Jul 2023,
ODI,Mohammed Shami,6,10,6,1,0,100.0,2,,v Bangladesh,Colombo (RPS),15 Sep 2023,
ODI,Mohammed Shami,6,9,10,1,0,60.0,1,,v Australia,Ahmedabad,19 Nov 2023,
ODI,Shubman Gill,6,20,14,0,0,42.85,2,,v Sri Lanka,Colombo (RPS),7 Aug 2024,
ODI,RR Pant,6,10,9,1,0,66.66,2,,v Sri Lanka,Colombo (RPS),7 Aug 2024,
ODI,Kuldeep Yadav,6,33,30,0,0,20.0,2,,v Sri Lanka,Colombo (RPS),7 Aug 2024,
ODI,RMH Binny,5*,16,14,0,0,35.71,1,,v New Zealand,Melbourne,10 Jan 1981,
ODI,DR Doshi,5*,8,5,0,0,100.0,1,,v New Zealand,Melbourne,10 Jan 1981,
ODI,RJ Shastri,5*,-,3,-,0,166.66,1,,v West Indies,Manchester,9 Jun 1983,
ODI,SMH Kirmani,5*,-,8,0,0,62.5,2,,v Pakistan,Sharjah,17 Nov 1985,
ODI,RR Kulkarni,5*,11,4,0,0,125.0,2,,v Australia,Adelaide,26 Jan 1986,
ODI,Maninder Singh,5*,-,8,0,0,62.5,2,,v Pakistan,Nagpur,24 Mar 1987,
ODI,KS More,5*,-,4,0,0,125.0,1,,v Australia,Delhi,22 Oct 1987,
ODI,M Azharuddin,5*,-,7,0,0,71.42,1,,v West Indies,Sharjah,16 Oct 1988,
ODI,CS Pandit,5*,-,9,0,0,55.55,2,,v Pakistan,Dhaka,31 Oct 1988,
ODI,Arshad Ayub,5*,-,6,0,0,83.33,2,,v Pakistan,Sharjah,20 Oct 1989,
ODI,KS More,5*,-,18,0,0,27.77,1,,v West Indies,Wankhede,30 Oct 1989,
ODI,N Kapil Dev,5*,19,8,1,0,62.5,2,,v England,Nottingham,20 Jul 1990,
ODI,CS Pandit,5*,14,8,0,0,62.5,2,,v Australia,Sydney,20 Jan 1992,
ODI,J Srinath,5*,7,5,0,0,100.0,1,,v West Indies,Wellington,10 Mar 1992,
ODI,M Prabhakar,5*,-,11,0,0,45.45,1,,v South Africa,Johannesburg,13 Dec 1992,
ODI,N Kapil Dev,5*,4,4,1,0,125.0,2,,v England,Chandigarh,21 Jan 1993,
ODI,J Srinath,5*,-,2,1,0,250.0,1,,v Sri Lanka,Moratuwa,14 Aug 1993,
ODI,A Kumble,5*,-,3,1,0,166.66,1,,v West Indies,Eden Gardens,27 Nov 1993,
ODI,BKV Prasad,5*,5,5,0,0,100.0,2,,v South Africa,Hamilton,18 Feb 1995,
ODI,BKV Prasad,5*,7,4,1,0,125.0,2,,v South Africa,Sharjah,19 Apr 1996,
ODI,NM Kulkarni,5*,10,7,0,0,71.42,1,,v Sri Lanka,Colombo (SSC),23 Aug 1997,
ODI,J Srinath,5*,-,3,0,0,166.66,2,,v Pakistan,Dhaka,18 Jan 1998,
ODI,HH Kanitkar,5*,12,14,0,0,35.71,2,,v Australia,Sharjah,22 Apr 1998,
ODI,HH Kanitkar,5*,6,4,0,0,125.0,1,,v Sri Lanka,Colombo (RPS),7 Jul 1998,
ODI,J Srinath,5*,6,4,0,0,125.0,1,,v Australia,Dhaka,28 Oct 1998,
ODI,NR Mongia,5*,2,2,1,0,250.0,1,,v South Africa,Hove,15 May 1999,
ODI,J Srinath,5*,18,9,1,0,55.55,1,,v Australia,Sydney,14 Jan 2000,
ODI,BKV Prasad,5*,18,9,0,0,55.55,2,,v Australia,Adelaide,26 Jan 2000,
ODI,AB Agarkar,5*,-,11,0,0,45.45,2,,v Sri Lanka,Sharjah,27 Oct 2000,
ODI,SS Das,5*,9,6,0,0,83.33,1,,v South Africa,Johannesburg,5 Oct 2001,
ODI,AB Agarkar,5*,6,3,1,0,166.66,2,,v Zimbabwe,Hyderabad (Deccan),16 Mar 2002,
ODI,Harbhajan Singh,5*,11,6,0,0,83.33,1,,v West Indies,Port of Spain,2 Jun 2002,
ODI,T Yohannan,5*,7,5,0,0,100.0,1,,v Sri Lanka,Bristol,11 Jul 2002,
ODI,Z Khan,5*,15,8,1,0,62.5,2,,v Australia,Wankhede,1 Nov 2003,
ODI,IK Pathan,5*,2,3,1,0,166.66,1,,v Zimbabwe,Brisbane,20 Jan 2004,
ODI,IK Pathan,5*,6,4,1,0,125.0,1,,v Zimbabwe,Adelaide,24 Jan 2004,
ODI,L Balaji,5*,17,11,0,0,45.45,2,,v Pakistan,Colombo (RPS),25 Jul 2004,
ODI,Joginder Sharma,5*,4,2,1,0,250.0,1,,v Bangladesh,Chattogram,23 Dec 2004,
ODI,M Kaif,5*,14,9,0,0,55.55,2,,v Pakistan,Rawalpindi,11 Feb 2006,
ODI,Harbhajan Singh,5*,3,3,0,0,166.66,1,,v Australia,Mohali,29 Oct 2006,
ODI,IK Pathan,5*,16,8,1,0,62.5,2,,v Pakistan,Guwahati,5 Nov 2007,
ODI,P Kumar,5*,11,7,0,0,71.42,1,,v Sri Lanka,Rajkot,15 Dec 2009,
ODI,PP Ojha,5*,7,4,1,0,125.0,1,,v Sri Lanka,Harare,5 Jun 2010,
ODI,A Mishra,5*,17,14,0,0,35.71,2,,v West Indies,North Sound,13 Jun 2011,
ODI,R Ashwin,5*,18,11,0,0,45.45,1,,v West Indies,Kingston,30 Jun 2013,
ODI,R Ashwin,5*,14,5,0,0,100.0,1,,v South Africa,Melbourne,22 Feb 2015,
ODI,Harbhajan Singh,5*,8,4,0,0,125.0,1,,v Zimbabwe,Harare,12 Jul 2015,
ODI,KM Jadhav,5*,14,8,1,0,62.5,2,,v Australia,Nagpur,1 Oct 2017,
ODI,Kuldeep Yadav,5*,-,5,0,0,100.0,2,,v Bangladesh,Dubai (DICS),28 Sep 2018,
ODI,Kuldeep Yadav,5*,18,6,0,0,83.33,1,,v New Zealand,Hyderabad,18 Jan 2023,
ODI,Mohammed Siraj,5*,32,19,0,0,26.31,1,,v Sri Lanka,Colombo (RPS),12 Sep 2023,
ODI,Mohammed Siraj,5*,17,11,0,0,45.45,2,,v Sri Lanka,Colombo (RPS),2 Aug 2024,
ODI,N Kapil Dev,5,-,16,-,0,31.25,1,,v Pakistan,Sialkot,13 Oct 1978,
ODI,SMH Kirmani,5,-,16,-,0,31.25,1,,v Pakistan,Sialkot,13 Oct 1978,
ODI,KD Ghavri,5,-,14,-,0,35.71,1,,v Pakistan,Sialkot,13 Oct 1978,
ODI,BS Bedi,5,6,8,0,0,62.5,2,,v Sri Lanka,Manchester,16 Jun 1979,
ODI,Yashpal Sharma,5,17,17,0,0,29.41,1,,v New Zealand,Melbourne,10 Jan 1981,
ODI,GR Viswanath,5,-,7,-,0,71.42,2,,v New Zealand,Hamilton,15 Feb 1981,
ODI,DB Vengsarkar,5,-,26,0,0,19.23,1,,v England,Leeds,2 Jun 1982,
ODI,DB Vengsarkar,5,-,14,1,0,35.71,2,,v Australia,Nottingham,13 Jun 1983,
ODI,M Amarnath,5,-,20,1,0,25.0,1,,v Zimbabwe,Tunbridge Wells,18 Jun 1983,
ODI,RJ Shastri,5,30,17,0,0,29.41,2,,v Australia,New Delhi,28 Sep 1984,
ODI,M Amarnath,5,-,16,0,0,31.25,2,,v Pakistan,Quetta,12 Oct 1984,
ODI,M Amarnath,5,-,10,1,0,50.0,1,,v Pakistan,Sharjah,22 Mar 1985,
ODI,M Amarnath,5,-,10,0,0,50.0,1,,v Sri Lanka,Colombo (PSS),22 Sep 1985,
ODI,SM Gavaskar,5,6,8,0,0,62.5,1,,v Australia,Brisbane,12 Jan 1986,
ODI,AO Malhotra,5,19,17,0,0,29.41,2,,v Australia,Sydney,21 Jan 1986,
ODI,M Amarnath,5,43,32,0,0,15.62,2,,v New Zealand,Adelaide,25 Jan 1986,
ODI,S Madan Lal,5,-,8,0,0,62.5,1,,v Pakistan,Sharjah,5 Dec 1986,
ODI,R Lamba,5,-,11,0,0,45.45,2,,v Sri Lanka,Kanpur,24 Dec 1986,
ODI,N Kapil Dev,5,-,8,-,0,62.5,1,,v Sri Lanka,Vadodara,15 Jan 1987,
ODI,M Azharuddin,5,-,8,-,0,62.5,1,,v Sri Lanka,Vadodara,15 Jan 1987,
ODI,DB Vengsarkar,5,-,25,0,0,20.0,1,,v Pakistan,Indore,27 Jan 1987,
ODI,R Lamba,5,-,22,1,0,22.72,1,,v Pakistan,Indore,27 Jan 1987,
ODI,S Viswanath,5,-,6,1,0,83.33,1,,v Pakistan,Pune,22 Mar 1987,
ODI,C Sharma,5,-,6,0,0,83.33,2,,v Pakistan,Nagpur,24 Mar 1987,
ODI,K Srikkanth,5,-,15,0,0,33.33,1,,v Pakistan,Sharjah,10 Apr 1987,
ODI,M Prabhakar,5,-,7,0,0,71.42,2,,v Australia,Chennai,9 Oct 1987,
ODI,K Srikkanth,5,-,24,1,0,20.83,2,,v West Indies,Nagpur,8 Dec 1987,
ODI,N Kapil Dev,5,-,8,0,0,62.5,1,,v New Zealand,Sharjah,27 Mar 1988,
ODI,KS More,5,-,3,1,0,166.66,1,,v New Zealand,Sharjah,1 Apr 1988,
ODI,K Srikkanth,5,6,9,1,0,55.55,2,,v New Zealand,Cuttack,12 Dec 1988,
ODI,WV Raman,5,14,10,0,0,50.0,2,,v New Zealand,Vadodara,17 Dec 1988,
ODI,K Srikkanth,5,-,17,0,0,29.41,1,,v West Indies,Port of Spain,9 Mar 1989,
ODI,AK Sharma,5,-,6,0,0,83.33,1,,v West Indies,Port of Spain,9 Mar 1989,
ODI,RJ Shastri,5,-,18,0,0,27.77,1,,v West Indies,Sharjah,13 Oct 1989,
ODI,Arshad Ayub,5,-,6,0,0,83.33,2,,v West Indies,Delhi,23 Oct 1989,
ODI,M Amarnath,5,6,5,1,0,100.0,2,,v Australia,Bengaluru,27 Oct 1989,
ODI,SK Sharma,5,-,9,0,0,55.55,2,,v Pakistan,Sharjah,27 Apr 1990,
ODI,N Kapil Dev,5,11,10,0,0,50.0,1,,v West Indies,W.A.C.A,6 Dec 1991,
ODI,ST Banerjee,5,8,8,0,0,62.5,1,,v Australia,Hobart,10 Dec 1991,
ODI,J Srinath,5,11,6,1,0,83.33,1,,v Australia,Sydney,14 Jan 1992,
ODI,M Azharuddin,5,14,12,0,0,41.66,2,,v West Indies,Melbourne,16 Jan 1992,
ODI,K Srikkanth,5,41,39,0,0,12.82,1,,v Pakistan,Sydney,4 Mar 1992,
ODI,KS More,5,5,5,1,0,100.0,1,,v West Indies,Wellington,10 Mar 1992,
ODI,N Kapil Dev,5,10,9,0,0,55.55,1,,v Zimbabwe,Harare,25 Oct 1992,
ODI,A Jadeja,5,-,19,1,0,26.31,1,,v South Africa,Gqeberha,9 Dec 1992,
ODI,M Azharuddin,5,-,31,0,0,16.12,1,,v South Africa,Gqeberha,9 Dec 1992,
ODI,RJ Shastri,5,-,6,0,0,83.33,2,,v South Africa,Durban,17 Dec 1992,
ODI,SR Tendulkar,5,7,6,1,0,83.33,2,,v England,Gwalior,4 Mar 1993,
ODI,NR Mongia,5,9,9,0,0,55.55,1,,v Pakistan,Sharjah,15 Apr 1994,
ODI,RK Chauhan,5,19,17,0,0,29.41,2,,v Pakistan,Sharjah,22 Apr 1994,
ODI,VG Kambli,5,23,21,1,0,23.8,2,,v West Indies,Faridabad,17 Oct 1994,
ODI,NS Sidhu,5,13,12,0,0,41.66,2,,v South Africa,Hamilton,18 Feb 1995,
ODI,A Jadeja,5,-,5,0,0,100.0,1,,v Pakistan,Singapore,5 Apr 1996,
ODI,J Srinath,5,8,4,1,0,125.0,1,,v England,Leeds,25 May 1996,
ODI,J Srinath,5,7,7,1,0,71.42,1,,v South Africa,Wankhede,6 Nov 1996,
ODI,RR Singh,5,30,24,0,0,20.83,1,,v South Africa,Wankhede,6 Nov 1996,
ODI,SC Ganguly,5,11,10,0,0,50.0,2,,v South Africa,Durban,13 Feb 1997,
ODI,NS Sidhu,5,30,16,0,0,31.25,1,,v West Indies,Port of Spain,26 Apr 1997,
ODI,BKV Prasad,5,5,7,0,0,71.42,1,,v West Indies,Port of Spain,26 Apr 1997,
ODI,RR Singh,5,13,13,1,0,38.46,1,,v Pakistan,Dhaka,16 Jan 1998,
ODI,NS Sidhu,5,-,4,1,0,125.0,2,,v Pakistan,Dhaka,18 Jan 1998,
ODI,SR Tendulkar,5,44,17,0,0,29.41,1,,v Zimbabwe,Vadodara,5 Apr 1998,
ODI,BKV Prasad,5,10,4,0,0,125.0,1,,v New Zealand,Sharjah,17 Apr 1998,
ODI,R Dravid,5,31,22,0,0,22.72,2,,v Bangladesh,Mohali,14 May 1998,
ODI,M Azharuddin,5,10,6,0,0,83.33,1,,v Sri Lanka,Colombo (RPS),7 Jul 1998,
ODI,AB Agarkar,5,7,3,0,0,166.66,1,,v Sri Lanka,Colombo (RPS),7 Jul 1998,
ODI,AB Agarkar,5,5,7,1,0,71.42,2,,v Pakistan,Toronto,13 Sep 1998,
ODI,SB Joshi,5,7,6,1,0,83.33,2,,v Pakistan,Toronto,16 Sep 1998,
ODI,A Jadeja,5,12,17,0,0,29.41,1,,v Pakistan,Toronto,20 Sep 1998,
ODI,SC Ganguly,5,19,15,1,0,33.33,2,,v Sri Lanka,Sharjah,6 Nov 1998,
ODI,SR Tendulkar,5,27,12,1,0,41.66,2,,v New Zealand,Auckland,16 Jan 1999,
ODI,LR Shukla,5,13,9,0,0,55.55,1,,v Pakistan,Mohali,1 Apr 1999,
ODI,RR Singh,5,13,13,1,0,38.46,2,,v Pakistan,Bengaluru,4 Apr 1999,
ODI,AR Khurasiya,5,14,7,1,0,71.42,2,,v Pakistan,Sharjah,13 Apr 1999,
ODI,S Ramesh,5,3,4,1,0,125.0,1,,v Sri Lanka,Taunton,26 May 1999,
ODI,A Jadeja,5,15,4,0,0,125.0,1,,v Sri Lanka,Taunton,26 May 1999,
ODI,R Dravid,5,25,11,0,0,45.45,1,,v Australia,Galle,23 Aug 1999,
ODI,N Chopra,5,6,7,1,0,71.42,2,,v Australia,Colombo (SSC),28 Aug 1999,
ODI,AR Khurasiya,5,17,5,0,0,100.0,1,,v Zimbabwe,Singapore,4 Sep 1999,
ODI,MSK Prasad,5,9,6,0,0,83.33,2,,v West Indies,Singapore,5 Sep 1999,
ODI,R Dravid,5,-,14,1,0,35.71,2,,v West Indies,Toronto,11 Sep 1999,
ODI,N Chopra,5,13,8,0,0,62.5,2,,v South Africa,Nairobi (Gym),3 Oct 1999,
ODI,R Dravid,5,7,7,0,0,71.42,2,,v New Zealand,Guwahati,14 Nov 1999,
ODI,SC Ganguly,5,21,9,0,0,55.55,1,,v Australia,Sydney,14 Jan 2000,
ODI,BKV Prasad,5,8,7,0,0,71.42,2,,v Pakistan,Hobart,21 Jan 2000,
ODI,SC Ganguly,5,13,8,1,0,62.5,2,,v Australia,Adelaide,26 Jan 2000,
ODI,SS Dighe,5,14,9,0,0,55.55,2,,v South Africa,Kochi,9 Mar 2000,
ODI,A Jadeja,5,20,10,0,0,50.0,2,,v South Africa,Vadodara,17 Mar 2000,
ODI,A Kumble,5,3,4,1,0,125.0,2,,v South Africa,Nagpur,19 Mar 2000,
ODI,SR Tendulkar,5,10,8,0,0,62.5,1,,v South Africa,Sharjah,22 Mar 2000,
ODI,N Chopra,5,22,13,0,0,38.46,2,,v Sri Lanka,Dhaka,1 Jun 2000,
ODI,V Dahiya,5,15,11,1,0,45.45,1,,v Australia,Nairobi (Gym),7 Oct 2000,
ODI,SR Tendulkar,5,-,11,0,0,45.45,2,,v Sri Lanka,Sharjah,29 Oct 2000,
ODI,SC Ganguly,5,15,9,1,0,55.55,1,,v Zimbabwe,Jodhpur,8 Dec 2000,
ODI,Yuvraj Singh,5,13,16,0,0,31.25,1,,v Zimbabwe,Jodhpur,8 Dec 2000,
ODI,SC Ganguly,5,27,17,1,0,29.41,2,,v New Zealand,Colombo (RPS),20 Jul 2001,
ODI,V Sehwag,5,9,5,0,0,100.0,1,,v South Africa,Johannesburg,5 Oct 2001,
ODI,J Srinath,5,9,5,1,0,100.0,2,,v South Africa,East London,19 Oct 2001,
ODI,VVS Laxman,5,20,10,0,0,50.0,1,,v South Africa,Durban,26 Oct 2001,
ODI,V Sehwag,5,11,10,0,0,50.0,2,,v England,Cuttack,22 Jan 2002,
ODI,Harbhajan Singh,5,15,11,1,0,45.45,2,,v England,Wankhede,3 Feb 2002,
ODI,A Kumble,5,8,6,0,0,83.33,2,,v England,Wankhede,3 Feb 2002,
ODI,M Kaif,5,7,6,1,0,83.33,1,,v Zimbabwe,Guwahati,19 Mar 2002,
ODI,D Mongia,5,55,30,0,0,16.66,2,,v Sri Lanka,Birmingham,6 Jul 2002,
ODI,Yuvraj Singh,5,19,13,0,0,38.46,2,,v England,The Oval,9 Jul 2002,
ODI,R Dravid,5,8,12,0,0,41.66,2,,v England,Lord's,13 Jul 2002,
ODI,D Mongia,5,21,17,1,0,29.41,2,,v West Indies,Jodhpur,21 Nov 2002,
ODI,Z Khan,5,15,15,1,0,33.33,1,,v New Zealand,Hamilton,14 Jan 2003,
ODI,M Kaif,5,15,6,0,0,83.33,1,,v England,Durban,26 Feb 2003,
ODI,SR Tendulkar,5,21,12,1,0,41.66,2,,v Kenya,Cape Town,7 Mar 2003,
ODI,M Kaif,5,21,13,1,0,38.46,2,,v Kenya,Cape Town,7 Mar 2003,
ODI,Yuvraj Singh,5,7,6,0,0,83.33,1,,v Sri Lanka,Johannesburg,10 Mar 2003,
ODI,M Kaif,5,18,8,1,0,62.5,1,,v South Africa,Dhaka,21 Apr 2003,
ODI,Harbhajan Singh,5,11,7,0,0,71.42,1,,v New Zealand,Cuttack,6 Nov 2003,
ODI,V Sehwag,5,10,12,1,0,41.66,2,,v Australia,Eden Gardens,18 Nov 2003,
ODI,A Kumble,5,8,4,1,0,125.0,2,,v Australia,Melbourne,9 Jan 2004,
ODI,Yuvraj Singh,5,6,4,1,0,125.0,1,,v Australia,Brisbane,18 Jan 2004,
ODI,HK Badani,5,3,3,1,0,166.66,1,,v Zimbabwe,Adelaide,24 Jan 2004,
ODI,SR Tendulkar,5,17,6,1,0,83.33,1,,v Australia,W.A.C.A,1 Feb 2004,
ODI,VVS Laxman,5,30,7,1,0,71.42,2,,v Australia,Sydney,8 Feb 2004,
ODI,R Dravid,5,16,9,0,0,55.55,2,,v Pakistan,Colombo (RPS),25 Jul 2004,
ODI,V Sehwag,5,12,12,1,0,41.66,2,,v Sri Lanka,Colombo (RPS),1 Aug 2004,
ODI,M Kaif,5,16,15,0,0,33.33,2,,v Sri Lanka,Colombo (RPS),1 Aug 2004,
ODI,A Kumble,5,10,7,0,0,71.42,1,,v England,Lord's,5 Sep 2004,
ODI,M Kaif,5,4,3,1,0,166.66,1,,v Pakistan,Ahmedabad,12 Apr 2005,
ODI,V Sehwag,5,21,13,1,0,38.46,1,,v Pakistan,Kanpur,15 Apr 2005,
ODI,Z Khan,5,4,3,1,0,166.66,2,,v Sri Lanka,Colombo (RPS),9 Aug 2005,
ODI,SC Ganguly,5,11,10,1,0,50.0,2,,v New Zealand,Bulawayo,26 Aug 2005,
ODI,R Dravid,5,10,9,1,0,55.55,2,,v New Zealand,Bulawayo,26 Aug 2005,
ODI,V Sehwag,5,5,6,1,0,83.33,1,,v Pakistan,Peshawar,6 Feb 2006,
ODI,Z Khan,5,7,3,1,0,166.66,1,,v Pakistan,Peshawar,6 Feb 2006,
ODI,R Dravid,5,30,23,0,0,21.73,2,,v England,Faridabad,31 Mar 2006,
ODI,M Kaif,5,23,13,0,0,38.46,2,,v England,Kochi,6 Apr 2006,
ODI,RR Powar,5,11,6,0,0,83.33,1,,v Pakistan,Abu Dhabi,18 Apr 2006,
ODI,RR Powar,5,10,10,0,0,50.0,1,,v West Indies,Cuttack,24 Jan 2007,
ODI,RR Powar,5,18,13,0,0,38.46,1,,v West Indies,Chennai,27 Jan 2007,
ODI,R Dravid,5,8,9,1,0,55.55,2,,v Sri Lanka,Rajkot,11 Feb 2007,
ODI,RR Powar,5,11,11,0,0,45.45,1,,v Bangladesh,Mirpur,12 May 2007,
ODI,G Gambhir,5,13,11,1,0,45.45,2,,v South Africa,Belfast,1 Jul 2007,
ODI,RR Powar,5,15,13,0,0,38.46,2,,v England,Birmingham,27 Aug 2007,
ODI,RV Uthappa,5,17,6,1,0,83.33,1,,v Australia,Vadodara,11 Oct 2007,
ODI,Harbhajan Singh,5,6,3,1,0,166.66,1,,v Australia,Vadodara,11 Oct 2007,
ODI,MS Dhoni,5,22,11,1,0,45.45,2,,v Australia,Wankhede,17 Oct 2007,
ODI,SC Ganguly,5,11,5,1,0,100.0,2,,v Pakistan,Gwalior,15 Nov 2007,
ODI,RV Uthappa,5,17,13,0,0,38.46,1,,v Australia,Brisbane,3 Feb 2008,
ODI,SR Tendulkar,5,23,15,1,0,33.33,2,,v Australia,Adelaide,17 Feb 2008,
ODI,Yuvraj Singh,5,6,3,1,0,166.66,2,,v Australia,Sydney,24 Feb 2008,
ODI,P Kumar,5,12,8,0,0,62.5,2,,v Pakistan,Mirpur,14 Jun 2008,
ODI,IK Pathan,5,11,8,1,0,62.5,2,,v Sri Lanka,Dambulla,20 Aug 2008,
ODI,PP Ojha,5,10,9,1,0,55.55,2,,v Sri Lanka,Colombo (RPS),29 Aug 2008,
ODI,SR Tendulkar,5,15,16,0,0,31.25,2,,v Sri Lanka,Dambulla,28 Jan 2009,
ODI,V Sehwag,5,13,8,1,0,62.5,1,,v Sri Lanka,Colombo (RPS),5 Feb 2009,
ODI,Yuvraj Singh,5,5,6,1,0,83.33,1,,v Sri Lanka,Colombo (RPS),5 Feb 2009,
ODI,G Gambhir,5,23,16,0,0,31.25,1,,v New Zealand,Auckland,14 Mar 2009,
ODI,Z Khan,5,16,10,0,0,50.0,1,,v New Zealand,Auckland,14 Mar 2009,
ODI,YK Pathan,5,14,10,0,0,50.0,2,,v Pakistan,Centurion,26 Sep 2009,
ODI,RA Jadeja,5,16,13,0,0,38.46,2,,v Australia,Vadodara,25 Oct 2009,
ODI,YK Pathan,5,-,8,0,0,62.5,2,,v South Africa,Ahmedabad,27 Feb 2010,
ODI,Yuvraj Singh,5,50,25,1,0,20.0,2,,v New Zealand,Dambulla,10 Aug 2010,
ODI,RG Sharma,5,16,9,0,0,55.55,2,,v Sri Lanka,Dambulla,28 Aug 2010,
ODI,MS Dhoni,5,15,12,1,0,41.66,2,,v South Africa,Cape Town,18 Jan 2011,
ODI,RG Sharma,5,15,8,1,0,62.5,2,,v South Africa,Centurion,23 Jan 2011,
ODI,MS Dhoni,5,11,10,1,0,50.0,2,,v South Africa,Centurion,23 Jan 2011,
ODI,V Sehwag,5,5,3,1,0,166.66,2,,v Ireland,Bengaluru,6 Mar 2011,
ODI,Z Khan,5,4,3,1,0,166.66,1,,v West Indies,Chennai,20 Mar 2011,
ODI,SK Raina,5,10,7,0,0,71.42,2,,v West Indies,Cuttack,29 Nov 2011,
ODI,G Gambhir,5,17,8,0,0,62.5,2,,v Australia,Melbourne,5 Feb 2012,
ODI,R Ashwin,5,4,3,0,0,166.66,2,,v Australia,Melbourne,5 Feb 2012,
ODI,G Gambhir,5,6,5,1,0,100.0,2,,v Australia,Brisbane,19 Feb 2012,
ODI,R Ashwin,5,11,6,0,0,83.33,2,,v Sri Lanka,Brisbane,21 Feb 2012,
ODI,V Sehwag,5,8,11,1,0,45.45,2,,v Australia,Sydney,26 Feb 2012,
ODI,RG Sharma,5,10,8,0,0,62.5,1,,v Sri Lanka,Hambantota,21 Jul 2012,
ODI,PP Ojha,5,27,18,0,0,27.77,1,,v Sri Lanka,Hambantota,24 Jul 2012,
ODI,I Sharma,5,21,15,1,0,33.33,1,,v Pakistan,Delhi,6 Jan 2013,
ODI,RG Sharma,5,16,13,0,0,38.46,2,,v Sri Lanka,Kingston,2 Jul 2013,
ODI,RA Jadeja,5,15,14,0,0,35.71,2,,v Sri Lanka,Port of Spain,11 Jul 2013,
ODI,R Vinay Kumar,5,25,16,0,0,31.25,2,,v Sri Lanka,Port of Spain,11 Jul 2013,
ODI,AT Rayudu,5,44,25,0,0,20.0,1,,v Zimbabwe,Harare,26 Jul 2013,
ODI,R Ashwin,5,11,10,0,0,50.0,2,,v Australia,Pune,13 Oct 2013,
ODI,S Dhawan,5,16,6,1,0,83.33,2,,v West Indies,Kochi,21 Nov 2013,
ODI,I Sharma,5,14,10,0,0,50.0,2,,v New Zealand,Napier,19 Jan 2014,
ODI,R Ashwin,5,7,4,1,0,125.0,2,,v New Zealand,Hamilton,22 Jan 2014,
ODI,R Ashwin,5,3,3,1,0,166.66,1,,v New Zealand,Hamilton,28 Jan 2014,
ODI,RA Jadeja,5,7,6,1,0,83.33,2,,v New Zealand,Wellington,31 Jan 2014,
ODI,V Kohli,5,29,11,0,0,45.45,1,,v Pakistan,Mirpur,2 Mar 2014,
ODI,WP Saha,5,17,12,1,0,41.66,1,,v Bangladesh,Mirpur,17 Jun 2014,
ODI,RV Uthappa,5,21,13,1,0,38.46,1,,v Bangladesh,Mirpur,19 Jun 2014,
ODI,A Mishra,5,15,13,1,0,38.46,2,,v West Indies,Kochi,8 Oct 2014,
ODI,B Kumar,5,6,5,0,0,100.0,1,,v England,Brisbane,20 Jan 2015,
ODI,RA Jadeja,5,18,9,0,0,55.55,1,,v England,W.A.C.A,30 Jan 2015,
ODI,R Ashwin,5,19,13,0,0,38.46,2,,v Australia,Sydney,26 Mar 2015,
ODI,MS Dhoni,5,13,7,0,0,71.42,2,,v Bangladesh,Mirpur,18 Jun 2015,
ODI,KM Jadhav,5,11,13,1,0,38.46,1,,v Zimbabwe,Harare,10 Jul 2015,
ODI,AR Patel,5,13,8,0,0,62.5,2,,v South Africa,Wankhede,25 Oct 2015,
ODI,RA Jadeja,5,9,5,0,0,100.0,1,,v Australia,Brisbane,15 Jan 2016,
ODI,Gurkeerat Singh,5,9,6,1,0,83.33,2,,v Australia,Canberra,20 Jan 2016,
ODI,AM Rahane,5,11,10,1,0,50.0,2,,v New Zealand,Mohali,23 Oct 2016,
ODI,KL Rahul,5,11,5,1,0,100.0,1,,v England,Cuttack,19 Jan 2017,
ODI,V Kohli,5,11,9,0,0,55.55,2,,v Pakistan,The Oval,18 Jun 2017,
ODI,S Dhawan,5,-,7,0,0,71.42,2,,v West Indies,North Sound,2 Jul 2017,
ODI,S Dhawan,5,-,3,1,0,166.66,2,,v Sri Lanka,Pallekele,27 Aug 2017,
ODI,AM Rahane,5,-,17,0,0,29.41,2,,v Sri Lanka,Colombo (RPS),3 Sep 2017,
ODI,AM Rahane,5,18,15,0,0,33.33,1,,v Australia,Chennai,17 Sep 2017,
ODI,MS Dhoni,5,19,10,1,0,50.0,1,,v Australia,Eden Gardens,21 Sep 2017,
ODI,AR Patel,5,15,6,0,0,83.33,2,,v Australia,Bengaluru,28 Sep 2017,
ODI,RG Sharma,5,19,13,1,0,38.46,1,,v South Africa,Johannesburg,10 Feb 2018,
ODI,B Kumar,5,14,7,0,0,71.42,1,,v South Africa,Johannesburg,10 Feb 2018,
ODI,KK Ahmed,5,8,5,1,0,100.0,1,,v New Zealand,Hamilton,31 Jan 2019,
ODI,YS Chahal,5,8,5,1,0,100.0,2,,v New Zealand,Manchester,9 Jul 2019,
ODI,KL Rahul,5,-,11,0,0,45.45,1,,v Australia,Canberra,2 Dec 2020,
ODI,RG Sharma,5,14,8,0,0,62.5,1,,v West Indies,Ahmedabad,9 Feb 2022,
ODI,Kuldeep Yadav,5,11,8,0,0,62.5,1,,v West Indies,Ahmedabad,11 Feb 2022,
ODI,V Kohli,5,9,6,1,0,83.33,2,,v Bangladesh,Mirpur,7 Dec 2022,
ODI,Ishan Kishan,5,19,14,0,0,35.71,1,,v New Zealand,Hyderabad,18 Jan 2023,
ODI,HH Pandya,5,10,7,0,0,71.42,2,,v West Indies,Bridgetown,27 Jul 2023,
ODI,HH Pandya,5,26,18,0,0,27.77,1,,v Sri Lanka,Colombo (RPS),12 Sep 2023,
ODI,JJ Bumrah,5,13,12,0,0,41.66,1,,v Sri Lanka,Colombo (RPS),12 Sep 2023,
ODI,NT Tilak Varma,5,10,9,1,0,55.55,2,,v Bangladesh,Colombo (RPS),15 Sep 2023,
ODI,Ishan Kishan,5,21,15,0,0,33.33,2,,v Bangladesh,Colombo (RPS),15 Sep 2023,
ODI,JJ Bumrah,5,14,11,1,0,45.45,2,,v Australia,Rajkot,27 Sep 2023,
ODI,RD Gaikwad,5,16,10,1,0,50.0,2,,v South Africa,Johannesburg,17 Dec 2023,
ODI,Washington Sundar,5,5,4,1,0,125.0,2,,v Sri Lanka,Colombo (RPS),2 Aug 2024,
ODI,V Kohli,5,12,8,1,0,62.5,2,,v England,Cuttack,9 Feb 2025,
ODI,Mohammed Shami,5,21,8,0,0,62.5,1,,v New Zealand,Dubai (DICS),2 Mar 2025,
ODI,Kuldeep Yadav,5,10,3,1,0,166.66,2,,v New Zealand,Indore,18 Jan 2026,
ODI,BS Bedi,4*,-,5,-,0,80.0,1,,v New Zealand,Christchurch,21 Feb 1976,
ODI,Yashpal Sharma,4*,-,4,0,0,100.0,2,,v Pakistan,Lahore,31 Dec 1982,
ODI,N Kapil Dev,4*,-,3,1,0,133.33,1,,v Sri Lanka,Wankhede,17 Jan 1987,
ODI,Maninder Singh,4*,-,13,0,0,30.76,2,,v West Indies,Nagpur,8 Dec 1987,
ODI,Arshad Ayub,4*,-,5,0,0,80.0,2,,v West Indies,Bridgetown,7 Mar 1989,
ODI,N Kapil Dev,4*,-,1,1,0,400.0,2,,v England,Kanpur,25 Oct 1989,
ODI,AS Wassan,4*,9,6,0,0,66.66,1,,v New Zealand,Wellington,6 Mar 1990,
ODI,V Razdan,4*,-,4,0,0,100.0,1,,v Sri Lanka,Nagpur,1 Dec 1990,
ODI,M Prabhakar,4*,8,6,0,0,66.66,2,,v Australia,Sydney,20 Jan 1992,
ODI,J Srinath,4*,3,3,0,0,133.33,1,,v New Zealand,Dunedin,12 Mar 1992,
ODI,KS More,4*,-,6,0,0,66.66,2,,v South Africa,Centurion,11 Dec 1992,
ODI,A Kumble,4*,-,3,0,0,133.33,1,,v Sri Lanka,Moratuwa,14 Aug 1993,
ODI,N Kapil Dev,4*,6,3,0,0,133.33,1,,v Sri Lanka,Rajkot,15 Feb 1994,
ODI,NR Mongia,4*,14,7,0,0,57.14,1,,v U.A.E.,Sharjah,13 Apr 1994,
ODI,AC Bedade,4*,16,8,0,0,50.0,2,,v Sri Lanka,Colombo (SSC),17 Sep 1994,
ODI,NR Mongia,4*,25,21,0,0,19.04,2,,v West Indies,Kanpur,30 Oct 1994,
ODI,M Prabhakar,4*,2,1,1,0,400.0,1,,v West Indies,Jaipur,11 Nov 1994,
ODI,VG Kambli,4*,5,4,1,0,100.0,2,,v New Zealand,Bengaluru,14 May 1997,
ODI,NR Mongia,4*,7,3,0,0,133.33,1,,v Zimbabwe,Vadodara,5 Apr 1998,
ODI,DS Mohanty,4*,11,6,0,0,66.66,2,,v Zimbabwe,Harare,30 Sep 1998,
ODI,A Kumble,4*,11,11,0,0,36.36,2,,v Pakistan,Jaipur,24 Mar 1999,
ODI,GK Pandey,4*,10,9,0,0,44.44,1,,v Pakistan,Mohali,1 Apr 1999,
ODI,RR Singh,4*,9,3,0,0,133.33,1,,v South Africa,Hove,15 May 1999,
ODI,RR Singh,4*,6,4,0,0,100.0,1,,v Sri Lanka,Colombo (SSC),29 Aug 1999,
ODI,SB Joshi,4*,3,4,1,0,100.0,2,,v West Indies,Singapore,5 Sep 1999,
ODI,N Chopra,4*,-,7,0,0,57.14,1,,v West Indies,Toronto,14 Sep 1999,
ODI,MSK Prasad,4*,-,4,0,0,100.0,1,,v Kenya,Nairobi (Gym),29 Sep 1999,
ODI,Z Khan,4*,-,3,0,0,133.33,1,,v Zimbabwe,Sharjah,22 Oct 2000,
ODI,RS Sodhi,4*,6,4,0,0,100.0,1,,v Zimbabwe,Ahmedabad,5 Dec 2000,
ODI,Z Khan,4*,8,7,0,0,57.14,2,,v England,Lord's,13 Jul 2002,
ODI,AB Agarkar,4*,2,2,1,0,200.0,2,,v Bangladesh,Dhaka,16 Apr 2003,
ODI,AM Salvi,4*,13,9,0,0,44.44,1,,v South Africa,Dhaka,18 Apr 2003,
ODI,M Kartik,4*,7,7,0,0,57.14,2,,v Australia,Bengaluru,12 Nov 2003,
ODI,A Kumble,4*,6,5,1,0,80.0,2,,v Pakistan,Colombo (RPS),25 Jul 2004,
ODI,Yuvraj Singh,4*,6,6,1,0,66.66,2,,v South Africa,Bengaluru,19 Nov 2005,
ODI,KD Karthik,4*,5,6,1,0,66.66,2,,v Sri Lanka,Margao,14 Feb 2007,
ODI,Z Khan,4*,2,3,1,0,133.33,1,,v England,Leeds,2 Sep 2007,
ODI,G Gambhir,4*,12,10,1,0,40.0,2,,v Australia,Bengaluru,29 Sep 2007,
ODI,MM Patel,4*,4,2,1,0,200.0,2,,v Sri Lanka,Colombo (RPS),29 Aug 2008,
ODI,RG Sharma,4*,12,6,0,0,66.66,1,,v Sri Lanka,Colombo (RPS),5 Feb 2009,
ODI,A Nehra,4*,10,6,0,0,66.66,1,,v Sri Lanka,Mirpur,5 Jan 2010,
ODI,MM Patel,4*,22,9,0,0,44.44,2,,v South Africa,Centurion,23 Jan 2011,
ODI,RA Jadeja,4*,8,2,0,0,200.0,1,,v Bangladesh,Mirpur,16 Mar 2012,
ODI,MS Dhoni,4*,4,1,1,0,400.0,2,,v Pakistan,Mirpur,18 Mar 2012,
ODI,SK Raina,4*,6,7,0,0,57.14,1,,v Sri Lanka,Port of Spain,9 Jul 2013,
ODI,MM Sharma,4*,20,10,0,0,40.0,1,,v Bangladesh,Mirpur,17 Jun 2014,
ODI,Mohammed Shami,4*,5,5,1,0,80.0,1,,v South Africa,Melbourne,22 Feb 2015,
ODI,AR Patel,4*,7,4,0,0,100.0,1,,v South Africa,Chennai,22 Oct 2015,
ODI,MK Pandey,4*,2,1,1,0,400.0,2,,v Zimbabwe,Harare,13 Jun 2016,
ODI,KD Karthik,4*,4,3,0,0,133.33,1,,v New Zealand,Kanpur,29 Oct 2017,
ODI,MS Dhoni,4*,5,3,1,0,133.33,2,,v South Africa,Durban,1 Feb 2018,
ODI,YS Chahal,4*,-,6,0,0,66.66,2,,v Australia,Sydney,29 Nov 2020,
ODI,Ravi Bishnoi,4*,8,2,1,0,200.0,2,,v South Africa,Lucknow,6 Oct 2022,
ODI,Mohammed Shami,4*,11,4,0,0,100.0,1,,v Sri Lanka,Guwahati,10 Jan 2023,
ODI,Mukesh Kumar,4*,9,9,1,0,44.44,1,,v South Africa,Gqeberha,19 Dec 2023,
ODI,Arshdeep Singh,4*,2,2,1,0,200.0,2,,v New Zealand,Indore,18 Jan 2026,
ODI,GR Viswanath,4,-,4,1,0,100.0,1,,v England,Leeds,13 Jul 1974,
ODI,FM Engineer,4,-,15,0,0,26.66,1,,v England,The Oval,15 Jul 1974,
ODI,R Sudhakar Rao,4,-,14,-,0,28.57,2,,v New Zealand,Auckland,22 Feb 1976,
ODI,SM Gavaskar,4,-,9,-,0,44.44,1,,v Pakistan,Sialkot,13 Oct 1978,
ODI,SM Gavaskar,4,11,11,0,0,36.36,1,,v Australia,Melbourne,6 Dec 1980,
ODI,KBJ Azad,4,18,22,0,0,18.18,1,,v Australia,Melbourne,6 Dec 1980,
ODI,DB Vengsarkar,4,15,17,0,0,23.52,1,,v Australia,Sydney,18 Dec 1980,
ODI,N Kapil Dev,4,7,5,0,0,80.0,1,,v Australia,Sydney,18 Dec 1980,
ODI,RMH Binny,4,8,6,0,0,66.66,1,,v New Zealand,Adelaide,23 Dec 1980,
ODI,SMH Kirmani,4,15,13,0,0,30.76,1,,v Australia,Sydney,8 Jan 1981,
ODI,TE Srinivasan,4,30,23,0,0,17.39,1,,v New Zealand,Melbourne,10 Jan 1981,
ODI,N Kapil Dev,4,4,4,1,0,100.0,1,,v Australia,Melbourne,11 Jan 1981,
ODI,SM Patil,4,-,12,-,0,33.33,2,,v New Zealand,Auckland,14 Feb 1981,
ODI,AO Malhotra,4,-,14,0,0,28.57,2,,v England,The Oval,4 Jun 1982,
ODI,SM Patil,4,-,9,0,0,44.44,2,,v Pakistan,Gujranwala,3 Dec 1982,
ODI,SM Gavaskar,4,-,11,0,0,36.36,2,,v Zimbabwe,Leicester,11 Jun 1983,
ODI,KBJ Azad,4,-,15,1,0,26.66,2,,v Pakistan,Jaipur,2 Oct 1983,
ODI,SC Khanna,4,27,14,0,0,28.57,1,,v Australia,Thiruvananthapuram,1 Oct 1984,
ODI,SM Gavaskar,4,12,10,0,0,40.0,1,,v Australia,Ahmedabad,5 Oct 1984,
ODI,Maninder Singh,4,-,7,0,0,57.14,2,,v Pakistan,Quetta,12 Oct 1984,
ODI,Yashpal Sharma,4,-,4,0,0,100.0,1,,v England,Cuttack,27 Dec 1984,
ODI,M Prabhakar,4,-,7,0,0,57.14,2,,v England,Nagpur,23 Jan 1985,
ODI,K Srikkanth,4,-,12,0,0,33.33,2,,v Pakistan,Sharjah,17 Nov 1985,
ODI,RMH Binny,4,11,10,0,0,40.0,1,,v Australia,Melbourne,9 Feb 1986,
ODI,SM Gavaskar,4,-,6,1,0,66.66,1,,v England,Manchester,26 May 1986,
ODI,R Lamba,4,-,13,0,0,30.76,1,,v Pakistan,Eden Gardens,18 Feb 1987,
ODI,G Sharma,4,-,4,0,0,100.0,1,,v Pakistan,Pune,22 Mar 1987,
ODI,M Prabhakar,4,-,25,0,0,16.0,2,,v England,Sharjah,2 Apr 1987,
ODI,R Lamba,4,-,14,1,0,28.57,2,,v England,Sharjah,2 Apr 1987,
ODI,Maninder Singh,4,-,5,0,0,80.0,2,,v Australia,Chennai,9 Oct 1987,
ODI,SM Gavaskar,4,-,7,1,0,57.14,2,,v England,Wankhede,5 Nov 1987,
ODI,M Prabhakar,4,-,11,0,0,36.36,2,,v England,Wankhede,5 Nov 1987,
ODI,Arshad Ayub,4,-,5,1,0,80.0,2,,v West Indies,Nagpur,8 Dec 1987,
ODI,KS More,4,-,8,0,0,50.0,1,,v West Indies,Port of Spain,11 Mar 1989,
ODI,NS Sidhu,4,-,13,0,0,30.76,2,,v West Indies,Georgetown,21 Mar 1989,
ODI,M Prabhakar,4,-,12,0,0,33.33,1,,v West Indies,Wankhede,30 Oct 1989,
ODI,M Azharuddin,4,-,9,0,0,44.44,2,,v Pakistan,Lahore,22 Dec 1989,
ODI,VB Chandrasekhar,4,15,3,1,0,133.33,2,,v New Zealand,Dunedin,1 Mar 1990,
ODI,SLV Raju,4,13,9,0,0,44.44,2,,v New Zealand,Dunedin,1 Mar 1990,
ODI,AS Wassan,4,16,11,0,0,36.36,2,,v Australia,Christchurch,3 Mar 1990,
ODI,Gursharan Singh,4,9,10,0,0,40.0,1,,v Australia,Hamilton,8 Mar 1990,
ODI,KS More,4,-,5,1,0,80.0,2,,v Pakistan,Sharjah,27 Apr 1990,
ODI,RJ Shastri,4,-,25,0,0,16.0,2,,v Sri Lanka,Cuttack,28 Dec 1990,
ODI,SR Tendulkar,4,-,11,0,0,36.36,2,,v Sri Lanka,Cuttack,28 Dec 1990,
ODI,M Prabhakar,4,-,15,0,0,26.66,2,,v Sri Lanka,Cuttack,28 Dec 1990,
ODI,SR Tendulkar,4,-,8,0,0,50.0,1,,v South Africa,Gwalior,12 Nov 1991,
ODI,PK Amre,4,-,3,0,0,133.33,1,,v South Africa,Gwalior,12 Nov 1991,
ODI,KS More,4,15,10,0,0,40.0,1,,v West Indies,W.A.C.A,6 Dec 1991,
ODI,RJ Shastri,4,26,22,0,0,18.18,1,,v West Indies,Adelaide,14 Dec 1991,
ODI,K Srikkanth,4,44,33,0,0,12.12,1,,v West Indies,Brisbane,11 Jan 1992,
ODI,SR Tendulkar,4,12,10,0,0,40.0,2,,v Australia,Melbourne,18 Jan 1992,
ODI,ND Hirwani,4,17,7,0,0,57.14,2,,v Australia,Melbourne,18 Jan 1992,
ODI,KS More,4,3,4,0,0,100.0,1,,v Pakistan,Sydney,4 Mar 1992,
ODI,SR Tendulkar,4,11,11,0,0,36.36,1,,v West Indies,Wellington,10 Mar 1992,
ODI,PK Amre,4,14,8,0,0,50.0,1,,v West Indies,Wellington,10 Mar 1992,
ODI,PK Amre,4,-,8,0,0,50.0,1,,v South Africa,Cape Town,7 Dec 1992,
ODI,KS More,4,-,3,1,0,133.33,1,,v South Africa,Cape Town,7 Dec 1992,
ODI,RK Chauhan,4,-,7,0,0,57.14,2,,v Sri Lanka,Colombo (RPS),12 Aug 1993,
ODI,N Kapil Dev,4,-,16,0,0,25.0,1,,v Sri Lanka,Moratuwa,14 Aug 1993,
ODI,WV Raman,4,-,14,0,0,28.57,2,,v West Indies,Ahmedabad,16 Nov 1993,
ODI,VG Kambli,4,-,6,0,0,66.66,1,,v South Africa,Eden Gardens,24 Nov 1993,
ODI,J Srinath,4,-,6,0,0,66.66,1,,v South Africa,Eden Gardens,24 Nov 1993,
ODI,J Srinath,4,3,5,1,0,80.0,2,,v New Zealand,Napier,25 Mar 1994,
ODI,N Kapil Dev,4,8,4,0,0,100.0,1,,v New Zealand,Wellington,30 Mar 1994,
ODI,VG Kambli,4,15,13,0,0,30.76,1,,v Pakistan,Sharjah,15 Apr 1994,
ODI,N Kapil Dev,4,5,4,1,0,100.0,1,,v Australia,Colombo (RPS),9 Sep 1994,
ODI,A Kumble,4,12,12,0,0,33.33,2,,v West Indies,Faridabad,17 Oct 1994,
ODI,NR Mongia,4,10,10,0,0,40.0,1,,v New Zealand,Napier,16 Feb 1995,
ODI,SR Tendulkar,4,13,9,1,0,44.44,2,,v Pakistan,Sharjah,7 Apr 1995,
ODI,A Kumble,4,8,6,0,0,66.66,1,,v New Zealand,Jamshedpur,15 Nov 1995,
ODI,M Azharuddin,4,6,4,0,0,100.0,2,,v New Zealand,Brabourne,29 Nov 1995,
ODI,NR Mongia,4,-,14,0,0,28.57,1,,v Sri Lanka,Singapore,3 Apr 1996,
ODI,A Kumble,4,-,10,0,0,40.0,1,,v Sri Lanka,Singapore,3 Apr 1996,
ODI,R Dravid,4,-,7,0,0,57.14,1,,v Pakistan,Singapore,5 Apr 1996,
ODI,M Azharuddin,4,11,8,0,0,50.0,1,,v South Africa,Sharjah,17 Apr 1996,
ODI,SC Ganguly,4,5,4,1,0,100.0,2,,v Australia,Bengaluru,21 Oct 1996,
ODI,J Srinath,4,5,4,0,0,100.0,2,,v South Africa,Jaipur,23 Oct 1996,
ODI,A Kumble,4,19,8,0,0,50.0,2,,v Zimbabwe,Paarl,27 Jan 1997,
ODI,NR Mongia,4,19,22,0,0,18.18,1,,v Zimbabwe,Bulawayo,15 Feb 1997,
ODI,D Ganesh,4,11,8,0,0,50.0,1,,v Zimbabwe,Bulawayo,15 Feb 1997,
ODI,RR Singh,4,16,11,0,0,36.36,2,,v West Indies,Kingstown,30 Apr 1997,
ODI,SC Ganguly,4,6,5,1,0,80.0,1,,v West Indies,Bridgetown,3 May 1997,
ODI,VG Kambli,4,38,19,0,0,21.05,1,,v Sri Lanka,Wankhede,17 May 1997,
ODI,SR Tendulkar,4,10,7,1,0,57.14,2,,v Pakistan,Chennai,21 May 1997,
ODI,A Jadeja,4,16,7,0,0,57.14,2,,v Pakistan,Chennai,21 May 1997,
ODI,RK Chauhan,4,10,9,0,0,44.44,2,,v Sri Lanka,Colombo (SSC),24 Aug 1997,
ODI,M Azharuddin,4,8,8,0,0,50.0,2,,v West Indies,Sharjah,16 Dec 1997,
ODI,J Srinath,4,8,5,0,0,80.0,2,,v West Indies,Sharjah,16 Dec 1997,
ODI,DS Mohanty,4,6,9,0,0,44.44,1,,v Pakistan,Dhaka,16 Jan 1998,
ODI,M Azharuddin,4,-,11,0,0,36.36,2,,v Pakistan,Dhaka,18 Jan 1998,
ODI,AB Agarkar,4,6,6,0,0,66.66,1,,v Australia,Delhi,14 Apr 1998,
ODI,NS Sidhu,4,11,12,0,0,33.33,1,,v New Zealand,Sharjah,17 Apr 1998,
ODI,Harbhajan Singh,4,7,8,1,0,50.0,2,,v Australia,Sharjah,19 Apr 1998,
ODI,VVS Laxman,4,7,7,1,0,57.14,2,,v Bangladesh,Wankhede,25 May 1998,
ODI,SC Ganguly,4,18,12,0,0,33.33,2,,v New Zealand,Colombo (RPS),23 Jun 1998,
ODI,A Kumble,4,17,10,0,0,40.0,2,,v Sri Lanka,Colombo (SSC),1 Jul 1998,
ODI,R Dravid,4,16,10,1,0,40.0,2,,v Pakistan,Toronto,12 Sep 1998,
ODI,NR Mongia,4,7,5,1,0,80.0,2,,v Pakistan,Toronto,19 Sep 1998,
ODI,N Chopra,4,9,7,0,0,57.14,2,,v Sri Lanka,Sharjah,6 Nov 1998,
ODI,VG Kambli,4,5,4,1,0,100.0,2,,v Pakistan,Jaipur,24 Mar 1999,
ODI,AB Agarkar,4,12,14,0,0,28.57,2,,v Pakistan,Jaipur,24 Mar 1999,
ODI,BKV Prasad,4,8,7,0,0,57.14,1,,v Pakistan,Mohali,1 Apr 1999,
ODI,MSK Prasad,4,7,7,0,0,57.14,1,,v Australia,Galle,23 Aug 1999,
ODI,RR Singh,4,9,10,0,0,40.0,1,,v Sri Lanka,Colombo (RPS),25 Aug 1999,
ODI,A Kumble,4,14,7,0,0,57.14,2,,v Australia,Colombo (SSC),28 Aug 1999,
ODI,N Chopra,4,5,4,0,0,100.0,1,,v Zimbabwe,Singapore,4 Sep 1999,
ODI,RR Singh,4,-,19,0,0,21.05,2,,v West Indies,Toronto,12 Sep 1999,
ODI,SC Ganguly,4,11,6,0,0,66.66,1,,v New Zealand,Hyderabad (Deccan),8 Nov 1999,
ODI,AB Agarkar,4,3,3,1,0,133.33,2,,v New Zealand,Guwahati,14 Nov 1999,
ODI,J Srinath,4,5,6,0,0,66.66,1,,v Pakistan,Adelaide,25 Jan 2000,
ODI,SB Joshi,4,2,2,1,0,200.0,2,,v South Africa,Vadodara,17 Mar 2000,
ODI,AB Agarkar,4,3,4,1,0,100.0,1,,v South Africa,Sharjah,27 Mar 2000,
ODI,NR Mongia,4,19,14,0,0,28.57,2,,v Pakistan,Dhaka,3 Jun 2000,
ODI,T Kumaran,4,9,8,0,0,50.0,2,,v Pakistan,Dhaka,3 Jun 2000,
ODI,SR Tendulkar,4,-,10,0,0,40.0,2,,v Zimbabwe,Sharjah,26 Oct 2000,
ODI,Yuvraj Singh,4,-,11,0,0,36.36,2,,v Zimbabwe,Sharjah,26 Oct 2000,
ODI,V Dahiya,4,-,14,0,0,28.57,2,,v Sri Lanka,Sharjah,29 Oct 2000,
ODI,SB Joshi,4,-,11,1,0,36.36,2,,v Sri Lanka,Sharjah,29 Oct 2000,
ODI,RS Sodhi,4,20,16,0,0,25.0,1,,v Zimbabwe,Jodhpur,8 Dec 2000,
ODI,SC Ganguly,4,29,15,0,0,26.66,1,,v Australia,Pune,28 Mar 2001,
ODI,D Mongia,4,19,5,0,0,80.0,1,,v Australia,Indore,31 Mar 2001,
ODI,R Dravid,4,5,5,0,0,80.0,2,,v West Indies,Bulawayo,30 Jun 2001,
ODI,V Sehwag,4,9,9,1,0,44.44,2,,v West Indies,Harare,4 Jul 2001,
ODI,HK Badani,4,26,24,0,0,16.66,2,,v West Indies,Harare,4 Jul 2001,
ODI,SC Ganguly,4,9,8,1,0,50.0,2,,v New Zealand,Colombo (RPS),26 Jul 2001,
ODI,Harbhajan Singh,4,5,3,1,0,133.33,1,,v Sri Lanka,Colombo (SSC),1 Aug 2001,
ODI,V Sehwag,4,8,4,1,0,100.0,2,,v Sri Lanka,Colombo (RPS),5 Aug 2001,
ODI,V Sehwag,4,8,5,0,0,80.0,2,,v South Africa,East London,19 Oct 2001,
ODI,D Mongia,4,18,14,0,0,28.57,1,,v Zimbabwe,Kochi,13 Mar 2002,
ODI,Z Khan,4,4,2,1,0,200.0,1,,v West Indies,Port of Spain,2 Jun 2002,
ODI,VVS Laxman,4,11,8,1,0,50.0,2,,v England,Colombo (RPS),22 Sep 2002,
ODI,Harbhajan Singh,4,10,4,0,0,100.0,1,,v South Africa,Colombo (RPS),25 Sep 2002,
ODI,Yuvraj Singh,4,14,8,0,0,50.0,1,,v West Indies,Jamshedpur,6 Nov 2002,
ODI,V Sehwag,4,3,3,1,0,133.33,2,,v West Indies,Ahmedabad,15 Nov 2002,
ODI,M Kaif,4,9,11,0,0,36.36,1,,v West Indies,Vadodara,18 Nov 2002,
ODI,AB Agarkar,4,-,8,0,0,50.0,2,,v West Indies,Vijayawada,24 Nov 2002,
ODI,SB Bangar,4,3,5,1,0,80.0,2,,v New Zealand,Napier,29 Dec 2002,
ODI,SC Ganguly,4,36,24,0,0,16.66,1,,v New Zealand,Christchurch,1 Jan 2003,
ODI,V Sehwag,4,23,19,0,0,21.05,1,,v New Zealand,Hamilton,14 Jan 2003,
ODI,V Sehwag,4,10,4,1,0,100.0,1,,v Australia,Centurion,15 Feb 2003,
ODI,SR Tendulkar,4,2,5,1,0,80.0,2,,v Australia,Johannesburg,23 Mar 2003,
ODI,Z Khan,4,20,8,0,0,50.0,2,,v Australia,Johannesburg,23 Mar 2003,
ODI,PA Patel,4,11,11,0,0,36.36,1,,v Bangladesh,Dhaka,11 Apr 2003,
ODI,R Dravid,4,7,6,0,0,66.66,1,,v New Zealand,Chennai,23 Oct 2003,
ODI,Yuvraj Singh,4,8,6,0,0,66.66,2,,v Australia,Eden Gardens,18 Nov 2003,
ODI,Yuvraj Singh,4,14,8,1,0,50.0,2,,v Zimbabwe,W.A.C.A,3 Feb 2004,
ODI,RS Gavaskar,4,20,10,0,0,40.0,2,,v Zimbabwe,W.A.C.A,3 Feb 2004,
ODI,Yuvraj Singh,4,19,15,1,0,26.66,2,,v Australia,Sydney,8 Feb 2004,
ODI,VVS Laxman,4,17,7,0,0,57.14,2,,v Pakistan,Rawalpindi,16 Mar 2004,
ODI,R Dravid,4,18,10,0,0,40.0,1,,v Pakistan,Lahore,24 Mar 2004,
ODI,SC Ganguly,4,22,20,0,0,20.0,2,,v Sri Lanka,Colombo (RPS),1 Aug 2004,
ODI,V Sehwag,4,11,12,0,0,33.33,1,,v England,Nottingham,1 Sep 2004,
ODI,Yuvraj Singh,4,25,6,1,0,66.66,1,,v England,Nottingham,1 Sep 2004,
ODI,Yuvraj Singh,4,13,8,1,0,50.0,2,,v Bangladesh,Dhaka,26 Dec 2004,
ODI,SR Tendulkar,4,8,4,1,0,100.0,1,,v Pakistan,Kochi,2 Apr 2005,
ODI,SC Ganguly,4,12,8,1,0,50.0,2,,v Pakistan,Jamshedpur,9 Apr 2005,
ODI,M Kaif,4,15,11,0,0,36.36,2,,v Pakistan,Delhi,17 Apr 2005,
ODI,Harbhajan Singh,4,4,2,1,0,200.0,1,,v Sri Lanka,Dambulla,3 Aug 2005,
ODI,AB Agarkar,4,6,8,0,0,50.0,1,,v Sri Lanka,Ahmedabad,6 Nov 2005,
ODI,M Kaif,4,10,9,0,0,44.44,1,,v England,Delhi,28 Mar 2006,
ODI,V Sehwag,4,2,5,1,0,80.0,1,,v England,Jamshedpur,12 Apr 2006,
ODI,Yuvraj Singh,4,15,11,0,0,36.36,1,,v England,Jamshedpur,12 Apr 2006,
ODI,Harbhajan Singh,4,10,8,0,0,50.0,1,,v England,Jamshedpur,12 Apr 2006,
ODI,M Kaif,4,18,12,0,0,33.33,2,,v West Indies,Kingston,20 May 2006,
ODI,AB Agarkar,4,17,15,0,0,26.66,1,,v West Indies,Kuala Lumpur,20 Sep 2006,
ODI,SR Tendulkar,4,11,10,1,0,40.0,2,,v Australia,Kuala Lumpur,22 Sep 2006,
ODI,RP Singh,4,10,12,0,0,33.33,2,,v Australia,Kuala Lumpur,22 Sep 2006,
ODI,R Dravid,4,3,3,1,0,133.33,2,,v England,Jaipur,15 Oct 2006,
ODI,SK Raina,4,24,12,0,0,33.33,2,,v South Africa,Durban,22 Nov 2006,
ODI,SR Tendulkar,4,4,3,1,0,133.33,2,,v Ireland,Belfast,23 Jun 2007,
ODI,KD Karthik,4,29,22,1,0,18.18,1,,v England,Manchester,30 Aug 2007,
ODI,R Dravid,4,3,5,0,0,80.0,2,,v England,The Oval,5 Sep 2007,
ODI,Harbhajan Singh,4,12,10,0,0,40.0,2,,v Australia,Kochi,2 Oct 2007,
ODI,MS Dhoni,4,12,7,1,0,57.14,1,,v Australia,Vadodara,11 Oct 2007,
ODI,SR Tendulkar,4,14,7,1,0,57.14,2,,v Pakistan,Guwahati,5 Nov 2007,
ODI,MS Dhoni,4,24,10,0,0,40.0,1,,v Pakistan,Mohali,8 Nov 2007,
ODI,S Sreesanth,4,4,3,0,0,133.33,1,,v Australia,Brisbane,3 Feb 2008,
ODI,Harbhajan Singh,4,8,6,0,0,66.66,2,,v Australia,Adelaide,17 Feb 2008,
ODI,RP Singh,4,14,13,0,0,30.76,2,,v Sri Lanka,Colombo (RPS),29 Aug 2008,
ODI,SK Raina,4,10,9,1,0,44.44,1,,v England,Indore,17 Nov 2008,
ODI,RP Singh,4,5,5,0,0,80.0,1,,v England,Indore,17 Nov 2008,
ODI,I Sharma,4,9,6,0,0,66.66,2,,v Sri Lanka,Colombo (RPS),8 Feb 2009,
ODI,RG Sharma,4,9,12,0,0,33.33,1,,v West Indies,Kingston,26 Jun 2009,
ODI,KD Karthik,4,3,5,0,0,80.0,1,,v West Indies,Kingston,28 Jun 2009,
ODI,KD Karthik,4,8,11,0,0,36.36,2,,v New Zealand,Colombo (RPS),11 Sep 2009,
ODI,Harbhajan Singh,4,11,10,0,0,40.0,2,,v Sri Lanka,Colombo (RPS),12 Sep 2009,
ODI,R Dravid,4,1,2,1,0,200.0,2,,v West Indies,Johannesburg,30 Sep 2009,
ODI,SR Tendulkar,4,14,8,1,0,50.0,1,,v Australia,Nagpur,28 Oct 2009,
ODI,A Nehra,4,16,12,0,0,33.33,1,,v Australia,Guwahati,8 Nov 2009,
ODI,V Sehwag,4,3,4,1,0,100.0,1,,v Sri Lanka,Nagpur,18 Dec 2009,
ODI,S Sreesanth,4,12,15,0,0,26.66,1,,v Sri Lanka,Mirpur,13 Jan 2010,
ODI,SR Tendulkar,4,-,5,1,0,80.0,1,,v South Africa,Jaipur,21 Feb 2010,
ODI,RG Sharma,4,13,11,0,0,36.36,2,,v New Zealand,Dambulla,10 Aug 2010,
ODI,A Mithun,4,25,16,0,0,25.0,2,,v New Zealand,Dambulla,10 Aug 2010,
ODI,A Nehra,4,13,11,1,0,36.36,2,,v New Zealand,Dambulla,10 Aug 2010,
ODI,WP Saha,4,5,5,0,0,80.0,1,,v New Zealand,Guwahati,28 Nov 2010,
ODI,S Sreesanth,4,12,6,1,0,66.66,1,,v New Zealand,Guwahati,28 Nov 2010,
ODI,Z Khan,4,10,5,0,0,80.0,1,,v England,Bengaluru,27 Feb 2011,
ODI,SK Raina,4,14,8,0,0,50.0,1,,v West Indies,Chennai,20 Mar 2011,
ODI,S Dhawan,4,35,15,0,0,26.66,2,,v West Indies,North Sound,11 Jun 2011,
ODI,G Gambhir,4,3,3,1,0,133.33,2,,v West Indies,Cuttack,29 Nov 2011,
ODI,IK Pathan,4,9,10,0,0,40.0,1,,v West Indies,Chennai,11 Dec 2011,
ODI,SK Raina,4,14,9,0,0,44.44,2,,v Australia,Melbourne,5 Feb 2012,
ODI,MS Dhoni,4,6,5,1,0,80.0,2,,v Sri Lanka,W.A.C.A,8 Feb 2012,
ODI,PA Patel,4,15,7,0,0,57.14,2,,v Sri Lanka,Brisbane,21 Feb 2012,
ODI,RG Sharma,4,9,6,0,0,66.66,1,,v Bangladesh,Mirpur,16 Mar 2012,
ODI,RG Sharma,4,18,14,0,0,28.57,2,,v Sri Lanka,Colombo (RPS),31 Jul 2012,
ODI,RG Sharma,4,12,9,1,0,44.44,1,,v Sri Lanka,Pallekele,4 Aug 2012,
ODI,V Sehwag,4,20,11,1,0,36.36,1,,v Pakistan,Chennai,30 Dec 2012,
ODI,RG Sharma,4,19,14,0,0,28.57,1,,v Pakistan,Chennai,30 Dec 2012,
ODI,AM Rahane,4,22,11,1,0,36.36,1,,v Pakistan,Delhi,6 Jan 2013,
ODI,AM Rahane,4,23,14,0,0,28.57,1,,v England,Kochi,15 Jan 2013,
ODI,RG Sharma,4,15,9,1,0,44.44,1,,v England,Dharamsala,27 Jan 2013,
ODI,R Ashwin,4,17,13,0,0,30.76,2,,v Sri Lanka,Kingston,2 Jul 2013,
ODI,SK Raina,4,16,11,0,0,36.36,1,,v Zimbabwe,Harare,26 Jul 2013,
ODI,RG Sharma,4,19,14,0,0,28.57,2,,v West Indies,Kanpur,27 Nov 2013,
ODI,B Kumar,4,5,3,1,0,133.33,2,,v New Zealand,Auckland,25 Jan 2014,
ODI,RG Sharma,4,20,13,0,0,30.76,2,,v New Zealand,Wellington,31 Jan 2014,
ODI,KD Karthik,4,2,3,1,0,133.33,1,,v Sri Lanka,Fatullah,28 Feb 2014,
ODI,A Mishra,4,27,16,0,0,25.0,1,,v Bangladesh,Mirpur,17 Jun 2014,
ODI,V Kohli,4,13,8,0,0,50.0,1,,v England,Brisbane,20 Jan 2015,
ODI,S Dhawan,4,27,20,1,0,20.0,2,,v Zimbabwe,Auckland,14 Mar 2015,
ODI,R Ashwin,4,10,10,0,0,40.0,1,,v Bangladesh,Mirpur,21 Jun 2015,
ODI,UT Yadav,4,3,3,1,0,133.33,1,,v South Africa,Indore,14 Oct 2015,
ODI,AM Rahane,4,12,7,0,0,57.14,2,,v South Africa,Rajkot,18 Oct 2015,
ODI,A Mishra,4,12,7,1,0,57.14,2,,v South Africa,Wankhede,25 Oct 2015,
ODI,MS Dhoni,4,23,16,0,0,25.0,2,,v Pakistan,The Oval,18 Jun 2017,
ODI,Yuvraj Singh,4,-,10,0,0,40.0,1,,v West Indies,Port of Spain,23 Jun 2017,
ODI,HH Pandya,4,-,5,0,0,80.0,1,,v West Indies,Port of Spain,25 Jun 2017,
ODI,S Dhawan,4,-,3,1,0,133.33,2,,v West Indies,Kingston,6 Jul 2017,
ODI,RG Sharma,4,-,13,0,0,30.76,2,,v Sri Lanka,Dambulla,20 Aug 2017,
ODI,KL Rahul,4,-,6,0,0,66.66,2,,v Sri Lanka,Pallekele,24 Aug 2017,
ODI,V Kohli,4,-,2,1,0,200.0,2,,v Sri Lanka,Pallekele,24 Aug 2017,
ODI,S Dhawan,4,-,6,1,0,66.66,1,,v Sri Lanka,Colombo (RPS),31 Aug 2017,
ODI,S Dhawan,4,-,6,1,0,66.66,2,,v West Indies,Guwahati,21 Oct 2018,
ODI,RG Sharma,4,14,8,1,0,50.0,1,,v West Indies,Visakhapatnam,24 Oct 2018,
ODI,RR Pant,4,6,4,1,0,100.0,2,,v Sri Lanka,Leeds,6 Jul 2019,
ODI,V Kohli,4,-,4,1,0,100.0,1,,v West Indies,Chennai,15 Dec 2019,
ODI,SS Iyer,4,-,9,0,0,44.44,1,,v Australia,Wankhede,14 Jan 2020,
ODI,KL Rahul,4,17,8,0,0,50.0,2,,v New Zealand,Auckland,8 Feb 2020,
ODI,S Dhawan,4,18,17,0,0,23.52,1,,v England,Pune,26 Mar 2021,
ODI,B Kumar,4,17,11,0,0,36.36,2,,v South Africa,Paarl,19 Jan 2022,
ODI,Mohammed Siraj,4,14,6,1,0,66.66,1,,v West Indies,Ahmedabad,11 Feb 2022,
ODI,S Dhawan,4,23,16,0,0,25.0,2,,v South Africa,Lucknow,6 Oct 2022,
ODI,SA Yadav,4,2,3,1,0,133.33,1,,v New Zealand,Auckland,25 Nov 2022,
ODI,V Kohli,4,27,9,1,0,44.44,2,,v Sri Lanka,Eden Gardens,12 Jan 2023,
ODI,SA Yadav,4,6,4,0,0,100.0,1,,v Sri Lanka,Thiruvananthapuram,15 Jan 2023,
ODI,V Kohli,4,15,9,1,0,44.44,2,,v Australia,Wankhede,17 Mar 2023,
ODI,Kuldeep Yadav,4,21,17,0,0,23.52,1,,v Australia,Visakhapatnam,19 Mar 2023,
ODI,V Kohli,4,8,7,1,0,57.14,1,,v Pakistan,Pallekele,2 Sep 2023,
ODI,Kuldeep Yadav,4,21,13,0,0,30.76,1,,v Pakistan,Pallekele,2 Sep 2023,
ODI,RA Jadeja,4,18,19,0,0,21.05,1,,v Sri Lanka,Colombo (RPS),12 Sep 2023,
ODI,SS Iyer,4,21,16,0,0,25.0,1,,v England,Lucknow,29 Oct 2023,
ODI,RG Sharma,4,2,2,1,0,200.0,1,,v Sri Lanka,Wankhede,2 Nov 2023,
ODI,Shubman Gill,4,21,7,0,0,57.14,1,,v Australia,Ahmedabad,19 Nov 2023,
ODI,SS Iyer,4,3,3,1,0,133.33,1,,v Australia,Ahmedabad,19 Nov 2023,
ODI,RD Gaikwad,4,2,2,1,0,200.0,1,,v South Africa,Gqeberha,19 Dec 2023,
ODI,Mohammed Siraj,4,18,18,0,0,22.22,2,,v Sri Lanka,Colombo (RPS),4 Aug 2024,
ODI,RA Jadeja,4,6,5,0,0,80.0,2,,v New Zealand,Vadodara,11 Jan 2026,
ODI,S Madan Lal,3*,-,13,0,0,23.07,1,,v England,The Oval,15 Jul 1974,
ODI,SMH Kirmani,3*,16,11,0,0,27.27,1,,v Australia,Melbourne,11 Jan 1981,
ODI,B Reddy,3*,12,9,0,0,33.33,2,,v New Zealand,Brisbane,18 Jan 1981,
ODI,RJ Shastri,3*,-,16,0,0,18.75,2,,v Pakistan,Multan,17 Dec 1982,
ODI,S Viswanath,3*,-,28,0,0,10.71,1,,v Pakistan,Sharjah,22 Mar 1985,
ODI,RR Kulkarni,3*,-,5,0,0,60.0,1,,v Sri Lanka,Vadodara,15 Jan 1987,
ODI,KS More,3*,-,3,0,0,100.0,1,,v New Zealand,Sharjah,27 Mar 1988,
ODI,AK Sharma,3*,-,3,0,0,100.0,2,,v New Zealand,Visakhapatnam,10 Dec 1988,
ODI,N Kapil Dev,3*,-,6,0,0,50.0,1,,v South Africa,New Delhi,14 Nov 1991,
ODI,SLV Raju,3*,8,7,0,0,42.85,1,,v Australia,Adelaide,15 Dec 1991,
ODI,A Kumble,3*,-,5,0,0,60.0,1,,v South Africa,Cape Town,7 Dec 1992,
ODI,SLV Raju,3*,-,4,0,0,75.0,2,,v South Africa,Durban,17 Dec 1992,
ODI,RK Chauhan,3*,-,10,0,0,30.0,2,,v West Indies,Ahmedabad,16 Nov 1993,
ODI,NR Mongia,3*,4,3,0,0,100.0,1,,v New Zealand,Wellington,30 Mar 1994,
ODI,M Prabhakar,3*,-,8,0,0,37.5,1,,v Sri Lanka,Colombo (RPS),4 Sep 1994,
ODI,U Chatterjee,3*,-,25,0,0,12.0,2,,v Pakistan,Sharjah,7 Apr 1995,
ODI,SLV Raju,3*,6,4,0,0,75.0,2,,v Australia,Wankhede,27 Feb 1996,
ODI,SB Joshi,3*,11,8,0,0,37.5,1,,v South Africa,Durban,12 Feb 1997,
ODI,A Kuruvilla,3*,9,6,0,0,50.0,1,,v West Indies,Port of Spain,26 Apr 1997,
ODI,NM Kulkarni,3*,10,5,0,0,60.0,2,,v Sri Lanka,Colombo (SSC),24 Aug 1997,
ODI,R Dravid,3*,8,4,0,0,75.0,1,,v Pakistan,Toronto,21 Sep 1997,
ODI,Harvinder Singh,3*,10,5,0,0,60.0,1,,v Pakistan,Dhaka,16 Jan 1998,
ODI,A Kumble,3*,8,4,0,0,75.0,1,,v New Zealand,Sharjah,17 Apr 1998,
ODI,Harbhajan Singh,3*,7,6,0,0,50.0,1,,v New Zealand,Sharjah,20 Apr 1998,
ODI,BKV Prasad,3*,18,10,0,0,30.0,2,,v Pakistan,Toronto,16 Sep 1998,
ODI,A Jadeja,3*,7,6,0,0,50.0,2,,v Zimbabwe,Bulawayo,26 Sep 1998,
ODI,SB Joshi,3*,16,5,0,0,60.0,1,,v Sri Lanka,Sharjah,9 Nov 1998,
ODI,NR Mongia,3*,6,6,0,0,50.0,1,,v New Zealand,Nottingham,12 Jun 1999,
ODI,A Kumble,3*,7,5,0,0,60.0,1,,v Australia,Galle,23 Aug 1999,
ODI,BKV Prasad,3*,9,4,0,0,75.0,2,,v South Africa,Nairobi (Gym),3 Oct 1999,
ODI,BKV Prasad,3*,-,10,0,0,30.0,2,,v Sri Lanka,Sharjah,29 Oct 2000,
ODI,J Srinath,3*,2,2,0,0,150.0,1,,v Australia,Pune,28 Mar 2001,
ODI,Z Khan,3*,16,8,0,0,37.5,1,,v Sri Lanka,Colombo (SSC),1 Aug 2001,
ODI,J Srinath,3*,5,5,0,0,60.0,1,,v West Indies,Vadodara,18 Nov 2002,
ODI,J Srinath,3*,-,7,0,0,42.85,2,,v West Indies,Vijayawada,24 Nov 2002,
ODI,IK Pathan,3*,18,8,0,0,37.5,2,,v Zimbabwe,W.A.C.A,3 Feb 2004,
ODI,M Kartik,3*,6,5,0,0,60.0,1,,v Pakistan,Karachi,13 Mar 2004,
ODI,Harbhajan Singh,3*,7,3,0,0,100.0,1,,v Pakistan,Birmingham,19 Sep 2004,
ODI,Jai P Yadav,3*,8,3,0,0,100.0,1,,v Sri Lanka,Nagpur,25 Oct 2005,
ODI,A Kumble,3*,15,8,0,0,37.5,1,,v West Indies,Chennai,27 Jan 2007,
ODI,Z Khan,3*,6,3,0,0,100.0,2,,v Australia,Nagpur,14 Oct 2007,
ODI,S Sreesanth,3*,2,4,0,0,75.0,2,,v Australia,Sydney,24 Feb 2008,
ODI,RG Sharma,3*,8,7,0,0,42.85,2,,v Sri Lanka,Hobart,26 Feb 2008,
ODI,I Sharma,3*,9,8,0,0,37.5,2,,v Australia,Mohali,2 Nov 2009,
ODI,UT Yadav,3*,2,3,0,0,100.0,1,,v Zimbabwe,Harare,3 Jun 2010,
ODI,Pankaj Singh,3*,9,3,0,0,100.0,1,,v Sri Lanka,Harare,5 Jun 2010,
ODI,P Kumar,3*,2,2,0,0,150.0,2,,v Pakistan,Dambulla,19 Jun 2010,
ODI,Harbhajan Singh,3*,13,8,0,0,37.5,2,,v South Africa,Gqeberha,21 Jan 2011,
ODI,PA Patel,3*,9,3,0,0,100.0,1,,v West Indies,Indore,8 Dec 2011,
ODI,V Kohli,3*,8,9,0,0,33.33,1,,v Australia,Sydney,26 Jan 2015,
ODI,Mohammed Shami,3*,2,3,0,0,100.0,1,,v Pakistan,Adelaide,15 Feb 2015,
ODI,R Ashwin,3*,5,3,0,0,100.0,1,,v Bangladesh,Melbourne,19 Mar 2015,
ODI,R Dhawan,3*,5,5,0,0,60.0,1,,v Australia,Melbourne,17 Jan 2016,
ODI,MS Dhoni,3*,9,6,0,0,50.0,2,,v Australia,Indore,24 Sep 2017,
ODI,HH Pandya,3*,15,6,0,0,50.0,2,,v South Africa,Durban,1 Feb 2018,
ODI,Mohammed Shami,3*,11,5,0,0,60.0,1,,v West Indies,Port of Spain,11 Aug 2019,
ODI,Kuldeep Yadav,3*,8,3,0,0,100.0,1,,v Bangladesh,Chattogram,10 Dec 2022,
ODI,Mohammed Siraj,3*,8,5,0,0,60.0,2,,v Australia,Chennai,22 Mar 2023,
ODI,RA Jadeja,3*,8,6,0,0,50.0,2,,v Australia,Mohali,22 Sep 2023,
ODI,AR Patel,3*,11,4,0,0,75.0,2,,v Pakistan,Dubai (DICS),23 Feb 2025,
ODI,Harshit Rana,3*,7,2,0,0,150.0,1,,v South Africa,Ranchi,30 Nov 2025,
ODI,ED Solkar,3,-,9,0,0,33.33,1,,v England,Leeds,13 Jul 1974,
ODI,AD Gaekwad,3,-,8,0,0,37.5,1,,v New Zealand,Christchurch,21 Feb 1976,
ODI,M Amarnath,3,-,16,0,0,18.75,2,,v New Zealand,Auckland,22 Feb 1976,
ODI,DB Vengsarkar,3,-,21,0,0,14.28,1,,v Pakistan,Sialkot,13 Oct 1978,
ODI,KD Ghavri,3,15,8,0,0,37.5,2,,v Sri Lanka,Manchester,16 Jun 1979,
ODI,DB Vengsarkar,3,13,12,0,0,25.0,1,,v New Zealand,Adelaide,23 Dec 1980,
ODI,DB Vengsarkar,3,35,20,0,0,15.0,1,,v Australia,Sydney,8 Jan 1981,
ODI,SM Patil,3,5,3,0,0,100.0,1,,v Australia,Melbourne,11 Jan 1981,
ODI,KD Ghavri,3,-,3,0,0,100.0,2,,v New Zealand,Hamilton,15 Feb 1981,
ODI,SM Patil,3,-,6,0,0,50.0,2,,v England,Jalandhar,20 Dec 1981,
ODI,SV Nayak,3,-,19,0,0,15.78,1,,v England,Leeds,2 Jun 1982,
ODI,SM Gavaskar,3,-,8,0,0,37.5,1,,v West Indies,St George's,7 Apr 1983,
ODI,SMH Kirmani,3,-,9,0,0,33.33,1,,v West Indies,St George's,7 Apr 1983,
ODI,S Venkataraghavan,3,-,11,0,0,27.27,1,,v West Indies,St George's,7 Apr 1983,
ODI,Yashpal Sharma,3,-,11,0,0,27.27,2,,v Australia,Nottingham,13 Jun 1983,
ODI,K Srikkanth,3,-,13,0,0,23.07,2,,v West Indies,Jamshedpur,7 Dec 1983,
ODI,GAHM Parkar,3,15,14,0,0,21.42,1,,v Australia,Thiruvananthapuram,1 Oct 1984,
ODI,SC Khanna,3,11,6,0,0,50.0,1,,v Australia,Jamshedpur,3 Oct 1984,
ODI,SM Patil,3,9,8,0,0,37.5,1,,v Australia,Ahmedabad,5 Oct 1984,
ODI,M Azharuddin,3,-,13,0,0,23.07,2,,v Pakistan,Sharjah,17 Nov 1985,
ODI,M Azharuddin,3,6,4,0,0,75.0,1,,v New Zealand,Launceston,2 Feb 1986,
ODI,N Kapil Dev,3,-,3,0,0,100.0,2,,v Sri Lanka,Sharjah,13 Apr 1986,
ODI,CS Pandit,3,-,4,0,0,75.0,2,,v West Indies,Sharjah,30 Nov 1986,
ODI,K Srikkanth,3,-,5,0,0,60.0,1,,v Pakistan,Sharjah,5 Dec 1986,
ODI,S Viswanath,3,-,3,0,0,100.0,2,,v England,Sharjah,2 Apr 1987,
ODI,M Prabhakar,3,4,5,0,0,60.0,1,,v New Zealand,Bengaluru,14 Oct 1987,
ODI,N Kapil Dev,3,9,5,0,0,60.0,1,,v Australia,Delhi,22 Oct 1987,
ODI,M Azharuddin,3,-,8,0,0,37.5,2,,v West Indies,Guwahati,23 Dec 1987,
ODI,M Amarnath,3,-,15,0,0,20.0,2,,v West Indies,Gwalior,22 Jan 1988,
ODI,RJ Shastri,3,-,6,0,0,50.0,1,,v West Indies,Thiruvananthapuram,25 Jan 1988,
ODI,KS More,3,-,3,0,0,100.0,1,,v West Indies,Thiruvananthapuram,25 Jan 1988,
ODI,NS Sidhu,3,-,25,0,0,12.0,1,,v West Indies,Sharjah,16 Oct 1988,
ODI,N Kapil Dev,3,-,7,0,0,42.85,1,,v West Indies,Sharjah,16 Oct 1988,
ODI,N Kapil Dev,3,-,5,0,0,60.0,2,,v Pakistan,Sharjah,19 Oct 1988,
ODI,DB Vengsarkar,3,-,7,0,0,42.85,1,,v West Indies,Sharjah,21 Oct 1988,
ODI,NS Sidhu,3,-,17,0,0,17.64,2,,v Pakistan,Dhaka,31 Oct 1988,
ODI,RR Singh,3,-,5,0,0,60.0,1,,v West Indies,Port of Spain,11 Mar 1989,
ODI,RJ Shastri,3,-,4,0,0,75.0,1,,v West Indies,Port of Spain,11 Mar 1989,
ODI,RJ Shastri,3,-,6,0,0,50.0,2,,v West Indies,Georgetown,21 Mar 1989,
ODI,Arshad Ayub,3,-,12,0,0,25.0,1,,v West Indies,Wankhede,30 Oct 1989,
ODI,AK Sharma,3,15,9,0,0,33.33,2,,v New Zealand,Dunedin,1 Mar 1990,
ODI,VB Chandrasekhar,3,7,10,0,0,30.0,1,,v Australia,Hamilton,8 Mar 1990,
ODI,RJ Shastri,3,-,8,0,0,37.5,2,,v Pakistan,Sharjah,27 Apr 1990,
ODI,N Kapil Dev,3,-,7,0,0,42.85,1,,v South Africa,Gwalior,12 Nov 1991,
ODI,K Srikkanth,3,16,8,0,0,37.5,1,,v West Indies,W.A.C.A,6 Dec 1991,
ODI,N Kapil Dev,3,15,7,0,0,42.85,1,,v Australia,Hobart,10 Dec 1991,
ODI,K Srikkanth,3,8,4,0,0,75.0,1,,v Australia,Adelaide,15 Dec 1991,
ODI,SC Ganguly,3,33,13,0,0,23.07,1,,v West Indies,Brisbane,11 Jan 1992,
ODI,VG Kambli,3,16,11,0,0,27.27,2,,v England,W.A.C.A,22 Feb 1992,
ODI,N Kapil Dev,3,9,4,0,0,75.0,1,,v West Indies,Wellington,10 Mar 1992,
ODI,J Srinath,3,-,5,0,0,60.0,1,,v South Africa,Johannesburg,13 Dec 1992,
ODI,V Yadav,3,-,3,0,0,100.0,2,,v South Africa,Durban,17 Dec 1992,
ODI,SR Tendulkar,3,7,6,0,0,50.0,2,,v England,Bengaluru,26 Feb 1993,
ODI,SR Tendulkar,3,16,9,0,0,33.33,1,,v Zimbabwe,Faridabad,19 Mar 1993,
ODI,SR Tendulkar,3,-,25,0,0,12.0,1,,v South Africa,Mohali,22 Nov 1993,
ODI,M Prabhakar,3,-,19,0,0,15.78,1,,v South Africa,Eden Gardens,24 Nov 1993,
ODI,V Yadav,3,-,7,0,0,42.85,1,,v South Africa,Eden Gardens,24 Nov 1993,
ODI,V Yadav,3,-,4,0,0,75.0,1,,v West Indies,Eden Gardens,27 Nov 1993,
ODI,PK Amre,3,5,12,0,0,25.0,1,,v Sri Lanka,Jalandhar,20 Feb 1994,
ODI,NR Mongia,3,10,11,0,0,27.27,1,,v Sri Lanka,Jalandhar,20 Feb 1994,
ODI,M Azharuddin,3,5,3,0,0,100.0,2,,v Pakistan,Sharjah,22 Apr 1994,
ODI,NR Mongia,3,15,10,0,0,30.0,2,,v Pakistan,Sharjah,22 Apr 1994,
ODI,NR Mongia,3,7,5,0,0,60.0,1,,v Australia,Colombo (RPS),9 Sep 1994,
ODI,M Prabhakar,3,13,11,0,0,27.27,2,,v West Indies,Faridabad,17 Oct 1994,
ODI,NS Sidhu,3,22,17,0,0,17.64,2,,v West Indies,Chennai,23 Oct 1994,
ODI,AC Bedade,3,10,5,0,0,60.0,1,,v West Indies,Eden Gardens,5 Nov 1994,
ODI,BKV Prasad,3,-,16,0,0,18.75,2,,v Pakistan,Sharjah,7 Apr 1995,
ODI,NS Sidhu,3,6,7,0,0,42.85,2,,v Sri Lanka,Sharjah,9 Apr 1995,
ODI,U Chatterjee,3,6,5,0,0,60.0,1,,v New Zealand,Jamshedpur,15 Nov 1995,
ODI,M Prabhakar,3,4,6,0,0,50.0,2,,v Australia,Wankhede,27 Feb 1996,
ODI,SR Tendulkar,3,10,12,0,0,25.0,1,,v Zimbabwe,Kanpur,6 Mar 1996,
ODI,NR Mongia,3,6,3,0,0,100.0,1,,v Pakistan,Bengaluru,9 Mar 1996,
ODI,NS Sidhu,3,7,8,0,0,37.5,2,,v Sri Lanka,Eden Gardens,13 Mar 1996,
ODI,R Dravid,3,-,4,0,0,75.0,1,,v Sri Lanka,Singapore,3 Apr 1996,
ODI,NR Mongia,3,-,9,0,0,33.33,1,,v Pakistan,Singapore,5 Apr 1996,
ODI,R Dravid,3,-,5,0,0,60.0,2,,v Pakistan,Sharjah,12 Apr 1996,
ODI,A Kumble,3,-,4,0,0,75.0,2,,v Pakistan,Sharjah,12 Apr 1996,
ODI,PS Vaidya,3,-,3,0,0,100.0,2,,v Pakistan,Sharjah,12 Apr 1996,
ODI,NS Sidhu,3,17,13,0,0,23.07,2,,v England,The Oval,23 May 1996,
ODI,SV Manjrekar,3,9,8,0,0,37.5,2,,v England,The Oval,23 May 1996,
ODI,M Azharuddin,3,6,6,0,0,50.0,1,,v Australia,Colombo (SSC),6 Sep 1996,
ODI,VG Kambli,3,-,5,0,0,60.0,1,,v Pakistan,Toronto,17 Sep 1996,
ODI,J Srinath,3,-,5,0,0,60.0,1,,v Pakistan,Toronto,18 Sep 1996,
ODI,SR Tendulkar,3,-,9,0,0,33.33,2,,v Pakistan,Toronto,21 Sep 1996,
ODI,NR Mongia,3,8,4,0,0,75.0,2,,v South Africa,Hyderabad (Deccan),17 Oct 1996,
ODI,NR Mongia,3,11,8,0,0,37.5,1,,v South Africa,Rajkot,29 Oct 1996,
ODI,J Srinath,3,-,8,0,0,37.5,1,,v Australia,Mohali,3 Nov 1996,
ODI,J Srinath,3,8,4,0,0,75.0,1,,v South Africa,Wankhede,14 Dec 1996,
ODI,SA Ankola,3,10,9,0,0,33.33,2,,v South Africa,Bloemfontein,23 Jan 1997,
ODI,J Srinath,3,13,14,0,0,21.42,1,,v South Africa,Gqeberha,2 Feb 1997,
ODI,A Kumble,3,15,10,0,0,30.0,1,,v South Africa,Durban,12 Feb 1997,
ODI,SS Karim,3,19,10,0,0,30.0,2,,v South Africa,Durban,13 Feb 1997,
ODI,M Azharuddin,3,16,12,0,0,25.0,1,,v West Indies,Port of Spain,26 Apr 1997,
ODI,A Jadeja,3,5,4,0,0,75.0,1,,v Sri Lanka,Colombo (RPS),18 Jul 1997,
ODI,A Kuruvilla,3,11,9,0,0,33.33,1,,v Sri Lanka,Colombo (SSC),23 Aug 1997,
ODI,SS Karim,3,3,5,0,0,60.0,1,,v Pakistan,Toronto,13 Sep 1997,
ODI,NS Sidhu,3,12,13,0,0,23.07,2,,v England,Sharjah,11 Dec 1997,
ODI,M Azharuddin,3,22,19,0,0,15.78,2,,v England,Sharjah,11 Dec 1997,
ODI,J Srinath,3,6,7,0,0,42.85,2,,v England,Sharjah,11 Dec 1997,
ODI,SR Tendulkar,3,4,4,0,0,75.0,1,,v Pakistan,Sharjah,14 Dec 1997,
ODI,M Azharuddin,3,12,8,0,0,37.5,2,,v Australia,Kanpur,7 Apr 1998,
ODI,N Chopra,3,8,5,0,0,60.0,2,,v Kenya,Gwalior,28 May 1998,
ODI,JV Paranjpe,3,6,6,0,0,50.0,2,,v Pakistan,Toronto,13 Sep 1998,
ODI,RR Singh,3,7,2,0,0,150.0,1,,v Australia,Dhaka,28 Oct 1998,
ODI,SB Joshi,3,15,7,0,0,42.85,1,,v Australia,Dhaka,28 Oct 1998,
ODI,SR Tendulkar,3,15,6,0,0,50.0,2,,v Sri Lanka,Sharjah,6 Nov 1998,
ODI,RR Singh,3,9,8,0,0,37.5,1,,v Sri Lanka,Sharjah,9 Nov 1998,
ODI,R Dravid,3,12,13,0,0,23.07,2,,v Zimbabwe,Sharjah,11 Nov 1998,
ODI,RR Singh,3,12,6,0,0,50.0,2,,v New Zealand,Christchurch,19 Jan 1999,
ODI,M Azharuddin,3,4,4,0,0,75.0,1,,v Sri Lanka,Nagpur,22 Mar 1999,
ODI,R Dravid,3,11,9,0,0,33.33,2,,v Pakistan,Jaipur,24 Mar 1999,
ODI,J Srinath,3,5,8,0,0,37.5,2,,v Pakistan,Jaipur,24 Mar 1999,
ODI,AR Khurasiya,3,5,4,0,0,75.0,2,,v Pakistan,Bengaluru,4 Apr 1999,
ODI,A Jadeja,3,11,6,0,0,50.0,2,,v Pakistan,Sharjah,13 Apr 1999,
ODI,J Srinath,3,10,8,0,0,37.5,1,,v Pakistan,Sharjah,16 Apr 1999,
ODI,M Azharuddin,3,11,9,0,0,33.33,2,,v Australia,The Oval,4 Jun 1999,
ODI,A Kumble,3,5,6,0,0,50.0,2,,v Australia,The Oval,4 Jun 1999,
ODI,A Kumble,3,16,15,0,0,20.0,1,,v Sri Lanka,Colombo (RPS),25 Aug 1999,
ODI,VG Kambli,3,29,17,0,0,17.64,2,,v Australia,Colombo (SSC),28 Aug 1999,
ODI,AR Khurasiya,3,11,11,0,0,27.27,2,,v West Indies,Singapore,5 Sep 1999,
ODI,RR Singh,3,-,5,0,0,60.0,1,,v Kenya,Nairobi (Gym),29 Sep 1999,
ODI,SS Dighe,3,36,25,0,0,12.0,2,,v Australia,Melbourne,12 Jan 2000,
ODI,R Dravid,3,26,14,0,0,21.42,2,,v Pakistan,W.A.C.A,28 Jan 2000,
ODI,VVS Laxman,3,34,22,0,0,13.63,1,,v Australia,W.A.C.A,30 Jan 2000,
ODI,SR Tendulkar,3,23,21,0,0,14.28,1,,v Australia,W.A.C.A,30 Jan 2000,
ODI,R Dravid,3,17,10,0,0,30.0,2,,v South Africa,Vadodara,17 Mar 2000,
ODI,N Chopra,3,15,8,0,0,37.5,2,,v South Africa,Nagpur,19 Mar 2000,
ODI,SB Joshi,3,12,8,0,0,37.5,2,,v Pakistan,Sharjah,26 Mar 2000,
ODI,M Azharuddin,3,12,11,0,0,27.27,2,,v Sri Lanka,Dhaka,1 Jun 2000,
ODI,AB Agarkar,3,9,9,0,0,33.33,1,,v Australia,Nairobi (Gym),7 Oct 2000,
ODI,SB Joshi,3,-,4,0,0,75.0,2,,v Sri Lanka,Sharjah,27 Oct 2000,
ODI,SC Ganguly,3,-,13,0,0,23.07,2,,v Sri Lanka,Sharjah,29 Oct 2000,
ODI,Yuvraj Singh,3,-,8,0,0,37.5,2,,v Sri Lanka,Sharjah,29 Oct 2000,
ODI,VG Kambli,3,-,15,0,0,20.0,2,,v Sri Lanka,Sharjah,29 Oct 2000,
ODI,V Dahiya,3,9,6,0,0,50.0,1,,v Zimbabwe,Jodhpur,8 Dec 2000,
ODI,SS Dighe,3,4,3,0,0,100.0,1,,v Sri Lanka,Colombo (SSC),1 Aug 2001,
ODI,SR Tendulkar,3,24,20,0,0,15.0,2,,v Kenya,Gqeberha,17 Oct 2001,
ODI,Yuvraj Singh,3,10,8,0,0,37.5,2,,v South Africa,East London,19 Oct 2001,
ODI,Harbhajan Singh,3,4,5,0,0,60.0,1,,v South Africa,Durban,26 Oct 2001,
ODI,VVS Laxman,3,10,6,0,0,50.0,2,,v England,Cuttack,22 Jan 2002,
ODI,A Ratra,3,12,12,0,0,25.0,1,,v Zimbabwe,Kochi,13 Mar 2002,
ODI,AB Agarkar,3,8,7,0,0,42.85,1,,v Zimbabwe,Kochi,13 Mar 2002,
ODI,Sarandeep Singh,3,12,17,0,0,17.64,1,,v Zimbabwe,Kochi,13 Mar 2002,
ODI,AB Agarkar,3,10,6,0,0,50.0,1,,v West Indies,Port of Spain,2 Jun 2002,
ODI,A Nehra,3,12,6,0,0,50.0,1,,v Sri Lanka,Bristol,11 Jul 2002,
ODI,Yuvraj Singh,3,7,7,0,0,42.85,1,,v Zimbabwe,Colombo (RPS),14 Sep 2002,
ODI,R Dravid,3,-,8,0,0,37.5,2,,v West Indies,Vijayawada,24 Nov 2002,
ODI,J Srinath,3,17,6,0,0,50.0,2,,v New Zealand,Napier,29 Dec 2002,
ODI,Harbhajan Singh,3,2,5,0,0,60.0,1,,v Zimbabwe,Harare,19 Feb 2003,
ODI,V Sehwag,3,8,8,0,0,37.5,2,,v Kenya,Cape Town,7 Mar 2003,
ODI,SC Ganguly,3,10,6,0,0,50.0,2,,v New Zealand,Centurion,14 Mar 2003,
ODI,D Mongia,3,13,8,0,0,37.5,1,,v Bangladesh,Dhaka,11 Apr 2003,
ODI,Harbhajan Singh,3,6,5,0,0,60.0,1,,v Bangladesh,Dhaka,11 Apr 2003,
ODI,VVS Laxman,3,10,4,0,0,75.0,1,,v New Zealand,Hyderabad (Deccan),15 Nov 2003,
ODI,SB Bangar,3,5,5,0,0,60.0,2,,v Australia,Melbourne,9 Jan 2004,
ODI,IK Pathan,3,9,6,0,0,50.0,2,,v Australia,Melbourne,9 Jan 2004,
ODI,SR Tendulkar,3,16,8,0,0,37.5,2,,v Zimbabwe,W.A.C.A,3 Feb 2004,
ODI,V Sehwag,3,13,8,0,0,37.5,1,,v Australia,Melbourne,6 Feb 2004,
ODI,SC Ganguly,3,31,15,0,0,20.0,2,,v Australia,Sydney,8 Feb 2004,
ODI,Yuvraj Singh,3,11,9,0,0,33.33,1,,v Pakistan,Karachi,13 Mar 2004,
ODI,VVS Laxman,3,33,20,0,0,15.0,1,,v Pakistan,Peshawar,19 Mar 2004,
ODI,M Kaif,3,15,18,0,0,16.66,2,,v Pakistan,Colombo (RPS),25 Jul 2004,
ODI,IK Pathan,3,16,14,0,0,21.42,1,,v England,Nottingham,1 Sep 2004,
ODI,VVS Laxman,3,12,9,0,0,33.33,1,,v Pakistan,Birmingham,19 Sep 2004,
ODI,S Sriram,3,8,5,0,0,60.0,1,,v Bangladesh,Chattogram,23 Dec 2004,
ODI,M Kartik,3,11,6,0,0,50.0,2,,v Bangladesh,Dhaka,26 Dec 2004,
ODI,MS Dhoni,3,8,7,0,0,42.85,1,,v Pakistan,Kochi,2 Apr 2005,
ODI,A Nehra,3,8,7,0,0,42.85,2,,v Pakistan,Jamshedpur,9 Apr 2005,
ODI,Yuvraj Singh,3,29,21,0,0,14.28,1,,v Sri Lanka,Ahmedabad,6 Nov 2005,
ODI,AB Agarkar,3,6,6,0,0,50.0,1,,v Pakistan,Peshawar,6 Feb 2006,
ODI,MS Dhoni,3,11,10,0,0,30.0,1,,v Pakistan,Abu Dhabi,18 Apr 2006,
ODI,Harbhajan Singh,3,9,3,0,0,100.0,1,,v Pakistan,Abu Dhabi,18 Apr 2006,
ODI,S Sreesanth,3,19,13,0,0,23.07,2,,v South Africa,Gqeberha,29 Nov 2006,
ODI,RV Uthappa,3,5,4,0,0,75.0,1,,v Bermuda,Port of Spain,19 Mar 2007,
ODI,G Gambhir,3,13,14,0,0,21.42,2,,v England,Southampton,21 Aug 2007,
ODI,Z Khan,3,16,14,0,0,21.42,2,,v Australia,Kochi,2 Oct 2007,
ODI,IK Pathan,3,7,4,0,0,75.0,2,,v Australia,Hyderabad,5 Oct 2007,
ODI,Z Khan,3,13,4,0,0,75.0,2,,v Australia,Hyderabad,5 Oct 2007,
ODI,G Gambhir,3,28,13,0,0,23.07,2,,v Pakistan,Gwalior,15 Nov 2007,
ODI,Yuvraj Singh,3,31,14,0,0,21.42,2,,v Australia,Melbourne,10 Feb 2008,
ODI,Harbhajan Singh,3,8,6,0,0,50.0,2,,v Sri Lanka,Adelaide,19 Feb 2008,
ODI,G Gambhir,3,9,4,0,0,75.0,2,,v Australia,Sydney,2 Mar 2008,
ODI,Harbhajan Singh,3,7,3,0,0,100.0,1,,v Australia,Brisbane,4 Mar 2008,
ODI,YK Pathan,3,23,12,0,0,25.0,1,,v Pakistan,Mirpur,10 Jun 2008,
ODI,RG Sharma,3,8,8,0,0,37.5,2,,v Sri Lanka,Karachi,6 Jul 2008,
ODI,RG Sharma,3,11,5,0,0,60.0,2,,v Sri Lanka,Colombo (RPS),29 Aug 2008,
ODI,Z Khan,3,21,10,0,0,30.0,2,,v Sri Lanka,Colombo (RPS),29 Aug 2008,
ODI,RG Sharma,3,16,13,0,0,23.07,1,,v England,Indore,17 Nov 2008,
ODI,YK Pathan,3,14,13,0,0,23.07,2,,v Sri Lanka,Colombo (RPS),8 Feb 2009,
ODI,V Sehwag,3,15,6,0,0,50.0,1,,v New Zealand,Christchurch,8 Mar 2009,
ODI,I Sharma,3,7,7,0,0,42.85,1,,v New Zealand,Auckland,14 Mar 2009,
ODI,MS Dhoni,3,8,9,0,0,33.33,2,,v Pakistan,Centurion,26 Sep 2009,
ODI,SK Raina,3,8,5,0,0,60.0,1,,v Zimbabwe,Harare,3 Jun 2010,
ODI,I Sharma,3,-,24,0,0,12.5,1,,v Sri Lanka,Dambulla,22 Aug 2010,
ODI,Harbhajan Singh,3,8,7,0,0,42.85,1,,v South Africa,Johannesburg,15 Jan 2011,
ODI,Harbhajan Singh,3,8,9,0,0,33.33,1,,v South Africa,Nagpur,12 Mar 2011,
ODI,Harbhajan Singh,3,16,6,0,0,50.0,1,,v West Indies,Chennai,20 Mar 2011,
ODI,S Dhawan,3,12,4,0,0,75.0,2,,v West Indies,Port of Spain,8 Jun 2011,
ODI,SK Raina,3,11,10,0,0,30.0,2,,v West Indies,North Sound,11 Jun 2011,
ODI,PA Patel,3,28,19,0,0,15.78,1,,v England,The Oval,9 Sep 2011,
ODI,V Kohli,3,13,6,0,0,50.0,2,,v West Indies,Cuttack,29 Nov 2011,
ODI,R Vinay Kumar,3,7,8,0,0,37.5,2,,v West Indies,Ahmedabad,5 Dec 2011,
ODI,RA Jadeja,3,14,10,0,0,30.0,2,,v Sri Lanka,Adelaide,14 Feb 2012,
ODI,SR Tendulkar,3,21,12,0,0,25.0,2,,v Australia,Brisbane,19 Feb 2012,
ODI,G Gambhir,3,12,6,0,0,50.0,1,,v Sri Lanka,Hambantota,21 Jul 2012,
ODI,V Sehwag,3,6,6,0,0,50.0,2,,v Sri Lanka,Colombo (RPS),28 Jul 2012,
ODI,R Ashwin,3,15,22,0,0,13.63,2,,v Pakistan,Eden Gardens,3 Jan 2013,
ODI,AB Dinda,3,6,4,0,0,75.0,2,,v England,Rajkot,11 Jan 2013,
ODI,Yuvraj Singh,3,27,16,0,0,18.75,2,,v England,Mohali,23 Jan 2013,
ODI,RG Sharma,3,24,23,0,0,13.04,2,,v New Zealand,Napier,19 Jan 2014,
ODI,AM Rahane,3,22,14,0,0,21.42,2,,v New Zealand,Auckland,25 Jan 2014,
ODI,AM Rahane,3,22,8,0,0,37.5,1,,v New Zealand,Hamilton,28 Jan 2014,
ODI,STR Binny,3,29,8,0,0,37.5,1,,v Bangladesh,Mirpur,17 Jun 2014,
ODI,AM Rahane,3,25,18,0,0,16.66,1,,v Bangladesh,Mirpur,19 Jun 2014,
ODI,RA Jadeja,3,7,5,0,0,60.0,1,,v Pakistan,Adelaide,15 Feb 2015,
ODI,V Kohli,3,6,8,0,0,37.5,1,,v Bangladesh,Melbourne,19 Mar 2015,
ODI,B Kumar,3,13,10,0,0,30.0,1,,v Bangladesh,Mirpur,21 Jun 2015,
ODI,SK Raina,3,3,3,0,0,100.0,2,,v South Africa,Kanpur,11 Oct 2015,
ODI,RG Sharma,3,6,10,0,0,30.0,1,,v South Africa,Indore,14 Oct 2015,
ODI,V Kohli,3,-,12,0,0,25.0,2,,v West Indies,North Sound,2 Jul 2017,
ODI,V Kohli,3,-,11,0,0,27.27,2,,v Sri Lanka,Pallekele,27 Aug 2017,
ODI,MK Pandey,3,14,13,0,0,23.07,1,,v Australia,Eden Gardens,21 Sep 2017,
ODI,YS Chahal,3,-,5,0,0,60.0,2,,v West Indies,Pune,27 Oct 2018,
ODI,KK Ahmed,3,-,11,0,0,27.27,2,,v West Indies,Pune,27 Oct 2018,
ODI,V Kohli,3,10,8,0,0,37.5,2,,v Australia,Sydney,12 Jan 2019,
ODI,Kuldeep Yadav,3,14,6,0,0,50.0,2,,v Australia,Sydney,12 Jan 2019,
ODI,Kuldeep Yadav,3,-,3,0,0,100.0,1,,v Australia,Nagpur,5 Mar 2019,
ODI,Mohammed Shami,3,-,7,0,0,42.85,2,,v Australia,Delhi,13 Mar 2019,
ODI,MA Agarwal,3,12,5,0,0,60.0,2,,v New Zealand,Auckland,8 Feb 2020,
ODI,B Kumar,3,13,5,0,0,60.0,1,,v England,Pune,28 Mar 2021,
ODI,Mohammed Siraj,3,9,5,0,0,60.0,1,,v West Indies,Ahmedabad,9 Feb 2022,
ODI,YS Chahal,3,11,13,0,0,23.07,2,,v England,Lord's,14 Jul 2022,
ODI,SN Thakur,3,12,6,0,0,50.0,2,,v West Indies,Port of Spain,24 Jul 2022,
ODI,Shubman Gill,3,13,7,0,0,42.85,2,,v South Africa,Lucknow,6 Oct 2022,
ODI,Avesh Khan,3,8,6,0,0,50.0,2,,v South Africa,Lucknow,6 Oct 2022,
ODI,S Dhawan,3,-,10,0,0,30.0,1,,v New Zealand,Hamilton,27 Nov 2022,
ODI,S Dhawan,3,24,8,0,0,37.5,1,,v Bangladesh,Chattogram,10 Dec 2022,
ODI,SS Iyer,3,12,6,0,0,50.0,1,,v Bangladesh,Chattogram,10 Dec 2022,
ODI,SN Thakur,3,14,5,0,0,60.0,1,,v Bangladesh,Chattogram,10 Dec 2022,
ODI,SN Thakur,3,9,3,0,0,100.0,1,,v New Zealand,Hyderabad,18 Jan 2023,
ODI,Kuldeep Yadav,3,11,3,0,0,100.0,1,,v New Zealand,Indore,24 Jan 2023,
ODI,Ishan Kishan,3,11,8,0,0,37.5,2,,v Australia,Wankhede,17 Mar 2023,
ODI,SN Thakur,3,5,3,0,0,100.0,1,,v Pakistan,Pallekele,2 Sep 2023,
ODI,V Kohli,3,12,12,0,0,25.0,1,,v Sri Lanka,Colombo (RPS),12 Sep 2023,
ODI,SS Iyer,3,8,8,0,0,37.5,2,,v Australia,Mohali,22 Sep 2023,
ODI,Arshdeep Singh,3,9,4,0,0,75.0,2,,v Sri Lanka,Colombo (RPS),4 Aug 2024,
ODI,SS Iyer,3,19,10,0,0,30.0,2,,v New Zealand,Indore,18 Jan 2026,
ODI,DR Doshi,2*,4,5,0,0,40.0,1,,v New Zealand,W.A.C.A,9 Dec 1980,
ODI,RMH Binny,2*,-,3,0,0,66.66,1,,v England,Ahmedabad,25 Nov 1981,
ODI,N Kapil Dev,2*,-,8,0,0,25.0,2,,v Zimbabwe,Leicester,11 Jun 1983,
ODI,SM Gavaskar,2*,-,4,0,0,50.0,2,,v England,Chandigarh,27 Jan 1985,
ODI,L Sivaramakrishnan,2*,13,13,0,0,15.38,1,,v New Zealand,W.A.C.A,18 Jan 1986,
ODI,Maninder Singh,2*,6,4,0,0,50.0,1,,v Australia,Srinagar,9 Sep 1986,
ODI,K Srikkanth,2*,-,13,0,0,15.38,1,,v Pakistan,Hyderabad (Deccan),20 Mar 1987,
ODI,Maninder Singh,2*,-,12,0,0,16.66,1,,v Pakistan,Pune,22 Mar 1987,
ODI,RJ Shastri,2*,9,10,0,0,20.0,2,,v Australia,Sharjah,5 Apr 1987,
ODI,Maninder Singh,2*,-,3,0,0,66.66,1,,v Pakistan,Sharjah,10 Apr 1987,
ODI,AK Sharma,2*,-,2,0,0,100.0,1,,v West Indies,Rajkot,5 Jan 1988,
ODI,AK Sharma,2*,1,1,0,0,200.0,2,,v New Zealand,Cuttack,12 Dec 1988,
ODI,C Sharma,2*,-,5,0,0,40.0,1,,v West Indies,Port of Spain,11 Mar 1989,
ODI,M Azharuddin,2*,-,1,0,0,200.0,1,,v Pakistan,Sharjah,15 Oct 1989,
ODI,KS More,2*,-,9,0,0,22.22,1,,v West Indies,Sharjah,16 Oct 1989,
ODI,Maninder Singh,2*,-,3,0,0,66.66,2,,v Pakistan,Lahore,22 Dec 1989,
ODI,M Prabhakar,2*,-,4,0,0,50.0,1,,v Sri Lanka,Sharjah,25 Apr 1990,
ODI,SK Sharma,2*,-,4,0,0,50.0,1,,v Sri Lanka,Sharjah,25 Apr 1990,
ODI,SP Mukherjee,2*,-,2,0,0,100.0,2,,v Sri Lanka,Cuttack,28 Dec 1990,
ODI,M Prabhakar,2*,-,2,0,0,100.0,1,,v West Indies,Sharjah,19 Oct 1991,
ODI,ST Banerjee,2*,6,4,0,0,50.0,1,,v West Indies,W.A.C.A,6 Dec 1991,
ODI,J Srinath,2*,5,2,0,0,100.0,1,,v Australia,Hobart,10 Dec 1991,
ODI,M Prabhakar,2*,2,1,0,0,200.0,1,,v Pakistan,Sydney,4 Mar 1992,
ODI,KS More,2*,5,8,0,0,25.0,1,,v New Zealand,Dunedin,12 Mar 1992,
ODI,SA Ankola,2*,-,3,0,0,66.66,1,,v South Africa,Mohali,22 Nov 1993,
ODI,SA Ankola,2*,-,3,0,0,66.66,1,,v South Africa,Eden Gardens,24 Nov 1993,
ODI,RK Chauhan,2*,6,3,0,0,66.66,1,,v Australia,Colombo (RPS),9 Sep 1994,
ODI,BKV Prasad,2*,6,2,0,0,100.0,1,,v South Africa,Durban,12 Feb 1997,
ODI,BKV Prasad,2*,5,3,0,0,66.66,2,,v South Africa,Durban,13 Feb 1997,
ODI,A Kuruvilla,2*,8,3,0,0,66.66,1,,v Sri Lanka,Colombo (RPS),20 Aug 1997,
ODI,BKV Prasad,2*,2,1,0,0,200.0,1,,v Sri Lanka,Colombo (SSC),23 Aug 1997,
ODI,NR Mongia,2*,3,2,0,0,100.0,1,,v Australia,Kochi,1 Apr 1998,
ODI,RR Singh,2*,17,2,0,0,100.0,2,,v Kenya,Bengaluru,20 May 1998,
ODI,NR Mongia,2*,4,6,0,0,33.33,2,,v Pakistan,Toronto,12 Sep 1998,
ODI,BKV Prasad,2*,10,6,0,0,33.33,2,,v Pakistan,Toronto,19 Sep 1998,
ODI,BKV Prasad,2*,1,3,0,0,66.66,1,,v England,Birmingham,29 May 1999,
ODI,N Chopra,2*,1,2,0,0,100.0,1,,v Zimbabwe,Nairobi (Gym),1 Oct 1999,
ODI,A Jadeja,2*,10,4,0,0,50.0,1,,v New Zealand,Hyderabad (Deccan),8 Nov 1999,
ODI,SB Joshi,2*,4,3,0,0,66.66,1,,v Australia,W.A.C.A,30 Jan 2000,
ODI,A Jadeja,2*,10,9,0,0,22.22,2,,v South Africa,Jamshedpur,12 Mar 2000,
ODI,SS Karim,2*,6,2,0,0,100.0,2,,v South Africa,Vadodara,17 Mar 2000,
ODI,A Nehra,2*,3,2,0,0,100.0,2,,v New Zealand,Colombo (RPS),20 Jul 2001,
ODI,A Nehra,2*,10,10,0,0,20.0,2,,v Sri Lanka,Colombo (RPS),5 Aug 2001,
ODI,T Yohannan,2*,7,6,0,0,33.33,1,,v West Indies,Port of Spain,1 Jun 2002,
ODI,A Kumble,2*,5,2,0,0,100.0,1,,v South Africa,Colombo (RPS),25 Sep 2002,
ODI,A Nehra,2*,2,2,0,0,100.0,1,,v West Indies,Nagpur,9 Nov 2002,
ODI,A Nehra,2*,7,6,0,0,33.33,1,,v New Zealand,Hamilton,14 Jan 2003,
ODI,Yuvraj Singh,2*,-,10,0,0,20.0,1,,v South Africa,Dhaka,21 Apr 2003,
ODI,RS Gavaskar,2*,5,3,0,0,66.66,1,,v Australia,Brisbane,18 Jan 2004,
ODI,RS Gavaskar,2*,3,2,0,0,100.0,1,,v Australia,Sydney,22 Jan 2004,
ODI,A Nehra,2*,4,2,0,0,100.0,1,,v England,Lord's,5 Sep 2004,
ODI,Z Khan,2*,5,3,0,0,66.66,1,,v Pakistan,Kochi,2 Apr 2005,
ODI,A Nehra,2*,3,2,0,0,100.0,1,,v Sri Lanka,Dambulla,30 Jul 2005,
ODI,SC Ganguly,2*,20,12,0,0,16.66,1,,v West Indies,Colombo (RPS),7 Aug 2005,
ODI,R Dravid,2*,10,5,0,0,40.0,2,,v Sri Lanka,Mohali,28 Oct 2005,
ODI,MS Dhoni,2*,23,5,0,0,40.0,2,,v Pakistan,Multan,16 Feb 2006,
ODI,RP Singh,2*,5,3,0,0,66.66,1,,v England,Delhi,28 Mar 2006,
ODI,RR Powar,2*,17,10,0,0,20.0,2,,v England,Kochi,6 Apr 2006,
ODI,MM Patel,2*,7,5,0,0,40.0,2,,v West Indies,Kingston,20 May 2006,
ODI,S Sreesanth,2*,-,2,0,0,100.0,2,,v West Indies,Port of Spain,28 May 2006,
ODI,SR Tendulkar,2*,16,3,0,0,66.66,1,,v Sri Lanka,Colombo (SSC),18 Aug 2006,
ODI,MM Patel,2*,2,2,0,0,100.0,1,,v West Indies,Kuala Lumpur,20 Sep 2006,
ODI,Z Khan,2*,16,11,0,0,18.18,2,,v South Africa,Cape Town,26 Nov 2006,
ODI,PP Chawla,2*,5,2,0,0,100.0,1,,v South Africa,Belfast,26 Jun 2007,
ODI,KD Karthik,2*,7,3,0,0,66.66,1,,v England,Leeds,2 Sep 2007,
ODI,I Sharma,2*,21,10,0,0,20.0,2,,v Australia,Adelaide,17 Feb 2008,
ODI,Z Khan,2*,9,10,0,0,20.0,2,,v Sri Lanka,Dambulla,20 Aug 2008,
ODI,P Kumar,2*,11,3,0,0,66.66,1,,v Sri Lanka,Colombo (RPS),24 Aug 2008,
ODI,V Kohli,2*,6,2,0,0,100.0,1,,v Sri Lanka,Colombo (RPS),14 Sep 2009,
ODI,A Nehra,2*,4,2,0,0,100.0,2,,v Australia,Vadodara,25 Oct 2009,
ODI,MM Patel,2*,9,3,0,0,66.66,2,,v Australia,Hyderabad,5 Nov 2009,
ODI,A Nehra,2*,18,3,0,0,66.66,1,,v Sri Lanka,Mirpur,13 Jan 2010,
ODI,PP Ojha,2*,-,10,0,0,20.0,1,,v Sri Lanka,Dambulla,22 Aug 2010,
ODI,P Kumar,2*,7,2,0,0,100.0,1,,v England,Chester-le-Street,3 Sep 2011,
ODI,R Ashwin,2*,5,5,0,0,40.0,1,,v Sri Lanka,Pallekele,4 Aug 2012,
ODI,I Sharma,2*,17,7,0,0,28.57,2,,v Sri Lanka,Port of Spain,11 Jul 2013,
ODI,RA Jadeja,2*,16,11,0,0,18.18,2,,v West Indies,Kanpur,27 Nov 2013,
ODI,VR Aaron,2*,14,3,0,0,66.66,2,,v New Zealand,Auckland,25 Jan 2014,
ODI,KD Karthik,2*,7,2,0,0,100.0,2,,v Bangladesh,Fatullah,26 Feb 2014,
ODI,Mohammed Shami,2*,5,3,0,0,66.66,1,,v Australia,Melbourne,18 Jan 2015,
ODI,DS Kulkarni,2*,3,2,0,0,100.0,1,,v Bangladesh,Mirpur,21 Jun 2015,
ODI,AR Patel,2*,5,3,0,0,66.66,1,,v Zimbabwe,Harare,10 Jul 2015,
ODI,Kuldeep Yadav,2*,-,6,0,0,33.33,2,,v West Indies,North Sound,2 Jul 2017,
ODI,UT Yadav,2*,3,2,0,0,100.0,2,,v Australia,Bengaluru,28 Sep 2017,
ODI,Kuldeep Yadav,2*,7,4,0,0,50.0,1,,v South Africa,Gqeberha,13 Feb 2018,
ODI,Mohammed Shami,2*,-,4,0,0,50.0,1,,v Australia,Nagpur,5 Mar 2019,
ODI,M Prasidh Krishna,2*,6,3,0,0,66.66,2,,v South Africa,Cape Town,23 Jan 2022,
ODI,JJ Bumrah,2*,15,6,0,0,33.33,2,,v England,Lord's,14 Jul 2022,
ODI,Kuldeep Yadav,2*,2,2,0,0,100.0,1,,v Zimbabwe,Harare,22 Aug 2022,
ODI,SV Samson,2*,5,4,0,0,50.0,2,,v South Africa,Delhi,11 Oct 2022,
ODI,KR Sen,2*,9,4,0,0,50.0,1,,v Bangladesh,Mirpur,4 Dec 2022,
ODI,AR Patel,2*,9,2,0,0,100.0,1,,v Sri Lanka,Thiruvananthapuram,15 Jan 2023,
ODI,Mohammed Shami,2*,3,2,0,0,100.0,1,,v New Zealand,Hyderabad,18 Jan 2023,
ODI,Umran Malik,2*,7,5,0,0,40.0,1,,v New Zealand,Indore,24 Jan 2023,
ODI,SA Yadav,2*,1,1,0,0,200.0,1,,v Netherlands,Bengaluru,12 Nov 2023,
ODI,RA Jadeja,2*,2,1,0,0,200.0,2,,v Australia,Dubai (DICS),4 Mar 2025,
ODI,Mohammed Siraj,2*,13,3,0,0,66.66,1,,v New Zealand,Rajkot,14 Jan 2026,
ODI,S Madan Lal,2,-,10,0,0,20.0,1,,v England,Leeds,13 Jul 1974,
ODI,GR Viswanath,2,49,9,0,0,22.22,1,,v New Zealand,Manchester,14 Jun 1975,
ODI,ED Solkar,2,-,5,0,0,40.0,2,,v New Zealand,Auckland,22 Feb 1976,
ODI,CPS Chauhan,2,-,11,0,0,18.18,1,,v Pakistan,Quetta,1 Oct 1978,
ODI,BS Bedi,2,-,10,0,0,20.0,1,,v Pakistan,Sialkot,13 Oct 1978,
ODI,GR Viswanath,2,12,12,0,0,16.66,1,,v New Zealand,Brisbane,21 Dec 1980,
ODI,CPS Chauhan,2,12,16,0,0,12.5,1,,v Australia,Sydney,8 Jan 1981,
ODI,DR Doshi,2,1,4,0,0,50.0,1,,v Australia,Sydney,8 Jan 1981,
ODI,KD Ghavri,2,8,7,0,0,28.57,2,,v New Zealand,Brisbane,18 Jan 1981,
ODI,SMH Kirmani,2,-,7,0,0,28.57,2,,v New Zealand,Hamilton,15 Feb 1981,
ODI,GAHM Parkar,2,-,14,0,0,14.28,2,,v England,The Oval,4 Jun 1982,
ODI,Yashpal Sharma,2,-,21,0,0,9.52,2,,v England,The Oval,4 Jun 1982,
ODI,Yashpal Sharma,2,-,6,0,0,33.33,2,,v West Indies,Port of Spain,9 Mar 1983,
ODI,M Amarnath,2,-,17,0,0,11.76,2,,v Australia,Nottingham,13 Jun 1983,
ODI,K Srikkanth,2,-,9,0,0,22.22,2,,v West Indies,The Oval,15 Jun 1983,
ODI,SM Gavaskar,2,14,12,0,0,16.66,1,,v West Indies,Lord's,25 Jun 1983,
ODI,RMH Binny,2,9,8,0,0,25.0,1,,v West Indies,Lord's,25 Jun 1983,
ODI,Yashpal Sharma,2,-,15,0,0,13.33,2,,v Pakistan,Hyderabad (Deccan),10 Sep 1983,
ODI,DB Vengsarkar,2,-,6,0,0,33.33,1,,v West Indies,Guwahati,17 Dec 1983,
ODI,RJ Shastri,2,5,7,0,0,28.57,1,,v Australia,Thiruvananthapuram,1 Oct 1984,
ODI,SM Patil,2,-,4,0,0,50.0,1,,v England,Pune,5 Dec 1984,
ODI,RMH Binny,2,-,3,0,0,66.66,1,,v England,Cuttack,27 Dec 1984,
ODI,RJ Shastri,2,2,5,0,0,40.0,2,,v Pakistan,Melbourne,20 Feb 1985,
ODI,RMH Binny,2,2,3,0,0,66.66,1,,v England,Sydney,26 Feb 1985,
ODI,SM Gavaskar,2,-,9,0,0,22.22,1,,v Pakistan,Sharjah,22 Mar 1985,
ODI,RMH Binny,2,3,5,0,0,40.0,2,,v Australia,Sharjah,29 Mar 1985,
ODI,M Amarnath,2,-,3,0,0,66.66,2,,v Sri Lanka,Colombo (SSC),25 Aug 1985,
ODI,KS More,2,22,18,0,0,11.11,1,,v New Zealand,W.A.C.A,18 Jan 1986,
ODI,RJ Shastri,2,8,8,0,0,25.0,2,,v New Zealand,Adelaide,25 Jan 1986,
ODI,M Azharuddin,2,23,13,0,0,15.38,2,,v Australia,Adelaide,26 Jan 1986,
ODI,N Kapil Dev,2,2,4,0,0,50.0,1,,v New Zealand,Launceston,2 Feb 1986,
ODI,KS More,2,9,5,0,0,40.0,2,,v Australia,Sydney,5 Feb 1986,
ODI,CS Pandit,2,-,5,0,0,40.0,2,,v Sri Lanka,Sharjah,13 Apr 1986,
ODI,RJ Shastri,2,5,2,0,0,100.0,1,,v Australia,Rajkot,7 Oct 1986,
ODI,DB Vengsarkar,2,-,18,0,0,11.11,2,,v West Indies,Sharjah,30 Nov 1986,
ODI,SM Gavaskar,2,-,8,0,0,25.0,2,,v Sri Lanka,Kanpur,24 Dec 1986,
ODI,R Lamba,2,-,2,0,0,100.0,2,,v Sri Lanka,Guwahati,11 Jan 1987,
ODI,K Srikkanth,2,-,14,0,0,14.28,1,,v Pakistan,Indore,27 Jan 1987,
ODI,DB Vengsarkar,2,-,22,0,0,9.09,1,,v Pakistan,Pune,22 Mar 1987,
ODI,N Kapil Dev,2,5,4,0,0,50.0,2,,v Australia,Sharjah,5 Apr 1987,
ODI,S Viswanath,2,-,6,0,0,33.33,1,,v Pakistan,Sharjah,10 Apr 1987,
ODI,SM Gavaskar,2,19,14,0,0,14.28,1,,v New Zealand,Bengaluru,14 Oct 1987,
ODI,C Sharma,2,-,20,0,0,10.0,2,,v West Indies,Nagpur,8 Dec 1987,
ODI,M Azharuddin,2,-,8,0,0,25.0,1,,v West Indies,Faridabad,19 Jan 1988,
ODI,ND Hirwani,2,-,16,0,0,12.5,2,,v West Indies,Gwalior,22 Jan 1988,
ODI,SK Sharma,2,-,2,0,0,100.0,1,,v West Indies,Thiruvananthapuram,25 Jan 1988,
ODI,KS More,2,-,4,0,0,50.0,2,,v Pakistan,Sharjah,19 Oct 1988,
ODI,N Kapil Dev,2,-,12,0,0,16.66,2,,v Pakistan,Dhaka,31 Oct 1988,
ODI,AK Sharma,2,-,4,0,0,50.0,2,,v Pakistan,Dhaka,31 Oct 1988,
ODI,CS Pandit,2,-,13,0,0,15.38,2,,v New Zealand,Visakhapatnam,10 Dec 1988,
ODI,Arshad Ayub,2,-,3,0,0,66.66,2,,v West Indies,Georgetown,21 Mar 1989,
ODI,AK Sharma,2,-,5,0,0,40.0,1,,v West Indies,Sharjah,16 Oct 1989,
ODI,KS More,2,-,3,0,0,66.66,2,,v Pakistan,Eden Gardens,28 Oct 1989,
ODI,NS Sidhu,2,-,6,0,0,33.33,2,,v Pakistan,Gujranwala,18 Dec 1989,
ODI,KS More,2,-,6,0,0,33.33,2,,v Pakistan,Gujranwala,18 Dec 1989,
ODI,DB Vengsarkar,2,10,5,0,0,40.0,2,,v New Zealand,Dunedin,1 Mar 1990,
ODI,WV Raman,2,9,6,0,0,33.33,2,,v Australia,Christchurch,3 Mar 1990,
ODI,KS More,2,8,6,0,0,33.33,1,,v New Zealand,Wellington,6 Mar 1990,
ODI,KS More,2,-,5,0,0,40.0,1,,v Sri Lanka,Sharjah,25 Apr 1990,
ODI,M Azharuddin,2,-,4,0,0,50.0,1,,v Sri Lanka,Nagpur,1 Dec 1990,
ODI,SLV Raju,2,-,4,0,0,50.0,2,,v Pakistan,Sharjah,25 Oct 1991,
ODI,SV Manjrekar,2,8,6,0,0,33.33,1,,v Australia,W.A.C.A,8 Dec 1991,
ODI,M Prabhakar,2,11,10,0,0,20.0,1,,v Australia,W.A.C.A,8 Dec 1991,
ODI,CS Pandit,2,7,5,0,0,40.0,1,,v Australia,Sydney,14 Jan 1992,
ODI,SV Manjrekar,2,36,24,0,0,8.33,2,,v West Indies,Melbourne,16 Jan 1992,
ODI,N Kapil Dev,2,5,4,0,0,50.0,2,,v Australia,Sydney,20 Jan 1992,
ODI,PK Amre,2,-,9,0,0,22.22,1,,v South Africa,Johannesburg,13 Dec 1992,
ODI,KS More,2,-,9,0,0,22.22,1,,v South Africa,Johannesburg,13 Dec 1992,
ODI,J Srinath,2,8,7,0,0,28.57,2,,v England,Bengaluru,26 Feb 1993,
ODI,M Prabhakar,2,10,7,0,0,28.57,1,,v England,Jamshedpur,1 Mar 1993,
ODI,SA Ankola,2,5,3,0,0,66.66,1,,v England,Jamshedpur,1 Mar 1993,
ODI,VG Kambli,2,7,7,0,0,28.57,2,,v England,Gwalior,4 Mar 1993,
ODI,N Kapil Dev,2,14,9,0,0,22.22,2,,v England,Gwalior,4 Mar 1993,
ODI,N Kapil Dev,2,5,3,0,0,66.66,2,,v England,Gwalior,5 Mar 1993,
ODI,AK Sharma,2,2,2,0,0,100.0,2,,v England,Gwalior,5 Mar 1993,
ODI,PK Amre,2,3,5,0,0,40.0,1,,v Zimbabwe,Faridabad,19 Mar 1993,
ODI,SR Tendulkar,2,-,8,0,0,25.0,2,,v West Indies,Ahmedabad,16 Nov 1993,
ODI,J Srinath,2,-,8,0,0,25.0,2,,v West Indies,Ahmedabad,16 Nov 1993,
ODI,PK Amre,2,-,6,0,0,33.33,1,,v South Africa,Mohali,22 Nov 1993,
ODI,V Yadav,2,-,6,0,0,33.33,1,,v South Africa,Mohali,22 Nov 1993,
ODI,A Kumble,2,-,2,0,0,100.0,1,,v South Africa,Mohali,22 Nov 1993,
ODI,NS Sidhu,2,28,5,0,0,40.0,2,,v West Indies,Kanpur,30 Oct 1994,
ODI,M Azharuddin,2,15,5,0,0,40.0,1,,v West Indies,Jaipur,11 Nov 1994,
ODI,M Prabhakar,2,24,12,0,0,16.66,1,,v New Zealand,Napier,16 Feb 1995,
ODI,J Srinath,2,4,2,0,0,100.0,1,,v New Zealand,Napier,16 Feb 1995,
ODI,VG Kambli,2,11,11,0,0,18.18,2,,v Kenya,Cuttack,18 Feb 1996,
ODI,SV Manjrekar,2,27,18,0,0,11.11,1,,v Zimbabwe,Kanpur,6 Mar 1996,
ODI,M Azharuddin,2,14,10,0,0,20.0,1,,v Zimbabwe,Kanpur,6 Mar 1996,
ODI,SR Tendulkar,2,23,15,0,0,13.33,2,,v South Africa,Sharjah,14 Apr 1996,
ODI,V Rathour,2,-,12,0,0,16.66,1,,v Pakistan,Sharjah,15 Apr 1996,
ODI,A Jadeja,2,4,3,0,0,66.66,2,,v South Africa,Sharjah,19 Apr 1996,
ODI,J Srinath,2,6,5,0,0,40.0,1,,v Australia,Colombo (SSC),6 Sep 1996,
ODI,NR Mongia,2,-,5,0,0,40.0,1,,v Pakistan,Toronto,18 Sep 1996,
ODI,SR Tendulkar,2,-,13,0,0,15.38,1,,v Pakistan,Toronto,18 Sep 1996,
ODI,A Kumble,2,-,1,0,0,200.0,1,,v Pakistan,Toronto,18 Sep 1996,
ODI,SB Joshi,2,-,3,0,0,66.66,2,,v Pakistan,Toronto,23 Sep 1996,
ODI,M Azharuddin,2,-,13,0,0,15.38,2,,v Pakistan,Toronto,23 Sep 1996,
ODI,J Srinath,2,-,4,0,0,50.0,2,,v Pakistan,Toronto,23 Sep 1996,
ODI,SB Joshi,2,7,5,0,0,40.0,2,,v South Africa,Hyderabad (Deccan),17 Oct 1996,
ODI,NS Sidhu,2,23,16,0,0,12.5,1,,v South Africa,Rajkot,29 Oct 1996,
ODI,M Azharuddin,2,17,8,0,0,25.0,2,,v Zimbabwe,Benoni,9 Feb 1997,
ODI,SC Ganguly,2,24,20,0,0,10.0,1,,v Zimbabwe,Bulawayo,15 Feb 1997,
ODI,RR Singh,2,9,8,0,0,25.0,1,,v West Indies,Port of Spain,26 Apr 1997,
ODI,SR Tendulkar,2,19,4,0,0,50.0,1,,v Sri Lanka,Wankhede,17 May 1997,
ODI,SB Joshi,2,4,4,0,0,50.0,2,,v Pakistan,Chennai,21 May 1997,
ODI,BKV Prasad,2,3,2,0,0,100.0,2,,v Pakistan,Chennai,21 May 1997,
ODI,A Kumble,2,10,9,0,0,22.22,1,,v Sri Lanka,Colombo (RPS),20 Aug 1997,
ODI,RK Chauhan,2,4,3,0,0,66.66,1,,v Sri Lanka,Colombo (SSC),23 Aug 1997,
ODI,SC Ganguly,2,26,20,0,0,10.0,1,,v Pakistan,Toronto,18 Sep 1997,
ODI,SS Karim,2,29,16,0,0,12.5,1,,v Pakistan,Toronto,18 Sep 1997,
ODI,SR Tendulkar,2,17,11,0,0,18.18,1,,v Pakistan,Hyderabad (Sind),28 Sep 1997,
ODI,NM Kulkarni,2,6,2,0,0,100.0,1,,v Pakistan,Lahore,2 Oct 1997,
ODI,A Kumble,2,7,3,0,0,66.66,2,,v England,Sharjah,11 Dec 1997,
ODI,BKV Prasad,2,2,2,0,0,100.0,2,,v Australia,Sharjah,19 Apr 1998,
ODI,NR Mongia,2,16,6,0,0,33.33,2,,v Sri Lanka,Colombo (SSC),1 Jul 1998,
ODI,J Srinath,2,7,6,0,0,33.33,2,,v Pakistan,Toronto,19 Sep 1998,
ODI,SR Tendulkar,2,7,6,0,0,33.33,2,,v Zimbabwe,Harare,30 Sep 1998,
ODI,M Azharuddin,2,24,15,0,0,13.33,2,,v Zimbabwe,Harare,30 Sep 1998,
ODI,Harbhajan Singh,2,3,4,0,0,50.0,2,,v Zimbabwe,Harare,30 Sep 1998,
ODI,BKV Prasad,2,7,5,0,0,40.0,2,,v Zimbabwe,Sharjah,11 Nov 1998,
ODI,BKV Prasad,2,7,6,0,0,33.33,2,,v New Zealand,Christchurch,19 Jan 1999,
ODI,VG Kambli,2,2,2,0,0,100.0,1,,v Sri Lanka,Nagpur,22 Mar 1999,
ODI,SC Ganguly,2,17,6,0,0,33.33,1,,v England,Sharjah,11 Apr 1999,
ODI,M Azharuddin,2,22,15,0,0,13.33,1,,v Pakistan,Sharjah,16 Apr 1999,
ODI,SR Tendulkar,2,10,3,0,0,66.66,1,,v Sri Lanka,Taunton,26 May 1999,
ODI,NR Mongia,2,11,5,0,0,40.0,1,,v England,Birmingham,29 May 1999,
ODI,R Dravid,2,8,6,0,0,33.33,2,,v Australia,The Oval,4 Jun 1999,
ODI,NR Mongia,2,21,9,0,0,22.22,2,,v Australia,The Oval,4 Jun 1999,
ODI,BKV Prasad,2,13,9,0,0,22.22,2,,v Australia,The Oval,4 Jun 1999,
ODI,RR Singh,2,-,3,0,0,66.66,1,,v West Indies,Singapore,8 Sep 1999,
ODI,HH Kanitkar,2,-,33,0,0,6.06,2,,v West Indies,Toronto,12 Sep 1999,
ODI,MSK Prasad,2,-,15,0,0,13.33,1,,v West Indies,Toronto,14 Sep 1999,
ODI,S Ramesh,2,-,15,0,0,13.33,1,,v West Indies,Toronto,14 Sep 1999,
ODI,MSK Prasad,2,3,3,0,0,66.66,2,,v New Zealand,Rajkot,5 Nov 1999,
ODI,R Vijay Bharadwaj,2,17,9,0,0,22.22,1,,v New Zealand,Gwalior,11 Nov 1999,
ODI,SR Tendulkar,2,21,10,0,0,20.0,2,,v New Zealand,Guwahati,14 Nov 1999,
ODI,RR Singh,2,11,7,0,0,28.57,2,,v New Zealand,Guwahati,14 Nov 1999,
ODI,AB Agarkar,2,5,5,0,0,40.0,1,,v Pakistan,Brisbane,10 Jan 2000,
ODI,VVS Laxman,2,11,15,0,0,13.33,2,,v Australia,Melbourne,12 Jan 2000,
ODI,VVS Laxman,2,31,25,0,0,8.0,1,,v Australia,Sydney,14 Jan 2000,
ODI,SS Dighe,2,35,21,0,0,9.52,1,,v Australia,Sydney,14 Jan 2000,
ODI,RR Singh,2,24,12,0,0,16.66,2,,v Pakistan,Hobart,21 Jan 2000,
ODI,J Srinath,2,8,2,0,0,100.0,2,,v Pakistan,Hobart,21 Jan 2000,
ODI,SS Dighe,2,17,13,0,0,15.38,2,,v Pakistan,W.A.C.A,28 Jan 2000,
ODI,M Azharuddin,2,12,9,0,0,22.22,1,,v South Africa,Faridabad,15 Mar 2000,
ODI,A Kumble,2,4,4,0,0,50.0,1,,v South Africa,Sharjah,27 Mar 2000,
ODI,AB Agarkar,2,-,10,0,0,20.0,2,,v Sri Lanka,Sharjah,29 Oct 2000,
ODI,S Sriram,2,10,8,0,0,25.0,1,,v Zimbabwe,Rajkot,14 Dec 2000,
ODI,J Srinath,2,5,5,0,0,40.0,1,,v Australia,Bengaluru,25 Mar 2001,
ODI,D Mongia,2,5,6,0,0,33.33,1,,v Australia,Pune,28 Mar 2001,
ODI,V Dahiya,2,9,7,0,0,28.57,1,,v Australia,Pune,28 Mar 2001,
ODI,SC Ganguly,2,2,5,0,0,40.0,2,,v Zimbabwe,Harare,24 Jun 2001,
ODI,V Sehwag,2,7,7,0,0,28.57,2,,v Zimbabwe,Bulawayo,27 Jun 2001,
ODI,V Sehwag,2,12,7,0,0,28.57,2,,v West Indies,Harare,7 Jul 2001,
ODI,HK Badani,2,17,7,0,0,28.57,2,,v New Zealand,Colombo (RPS),20 Jul 2001,
ODI,Z Khan,2,8,6,0,0,33.33,2,,v New Zealand,Colombo (RPS),20 Jul 2001,
ODI,A Nehra,2,13,14,0,0,14.28,2,,v New Zealand,Colombo (RPS),26 Jul 2001,
ODI,HK Badani,2,19,11,0,0,18.18,1,,v Sri Lanka,Colombo (SSC),1 Aug 2001,
ODI,SS Das,2,8,8,0,0,25.0,1,,v South Africa,Centurion,10 Oct 2001,
ODI,J Srinath,2,3,4,0,0,50.0,1,,v South Africa,Centurion,10 Oct 2001,
ODI,SS Das,2,5,3,0,0,66.66,2,,v South Africa,East London,19 Oct 2001,
ODI,AB Agarkar,2,3,2,0,0,100.0,1,,v England,Eden Gardens,19 Jan 2002,
ODI,A Ratra,2,2,2,0,0,100.0,1,,v England,Eden Gardens,19 Jan 2002,
ODI,HK Badani,2,10,7,0,0,28.57,2,,v England,Delhi,31 Jan 2002,
ODI,A Kumble,2,5,6,0,0,33.33,2,,v England,Delhi,31 Jan 2002,
ODI,Z Khan,2,18,13,0,0,15.38,1,,v Zimbabwe,Kochi,13 Mar 2002,
ODI,VVS Laxman,2,13,5,0,0,40.0,1,,v West Indies,Port of Spain,1 Jun 2002,
ODI,A Ratra,2,7,6,0,0,33.33,2,,v England,The Oval,9 Jul 2002,
ODI,Z Khan,2,8,7,0,0,28.57,2,,v England,The Oval,9 Jul 2002,
ODI,Harbhajan Singh,2,9,7,0,0,28.57,1,,v West Indies,Nagpur,9 Nov 2002,
ODI,J Srinath,2,3,2,0,0,100.0,1,,v West Indies,Nagpur,9 Nov 2002,
ODI,A Kumble,2,5,3,0,0,66.66,1,,v West Indies,Nagpur,9 Nov 2002,
ODI,SB Bangar,2,-,8,0,0,25.0,2,,v West Indies,Vijayawada,24 Nov 2002,
ODI,M Kartik,2,-,11,0,0,18.18,2,,v West Indies,Vijayawada,24 Nov 2002,
ODI,Yuvraj Singh,2,2,3,0,0,66.66,1,,v New Zealand,Auckland,26 Dec 2002,
ODI,SC Ganguly,2,15,13,0,0,15.38,1,,v New Zealand,Queenstown,4 Jan 2003,
ODI,D Mongia,2,18,10,0,0,20.0,2,,v New Zealand,Wellington,8 Jan 2003,
ODI,A Kumble,2,9,10,0,0,20.0,2,,v New Zealand,Wellington,8 Jan 2003,
ODI,G Gambhir,2,15,11,0,0,18.18,1,,v South Africa,Dhaka,18 Apr 2003,
ODI,AB Agarkar,2,16,10,0,0,20.0,2,,v Australia,Wankhede,1 Nov 2003,
ODI,Z Khan,2,3,3,0,0,66.66,2,,v Australia,Bengaluru,12 Nov 2003,
ODI,Harbhajan Singh,2,8,4,0,0,50.0,2,,v Australia,Eden Gardens,18 Nov 2003,
ODI,A Kumble,2,7,3,0,0,66.66,1,,v Australia,Melbourne,6 Feb 2004,
ODI,L Balaji,2,5,7,0,0,28.57,1,,v Australia,Melbourne,6 Feb 2004,
ODI,L Balaji,2,16,10,0,0,20.0,2,,v Australia,Sydney,8 Feb 2004,
ODI,Harbhajan Singh,2,9,8,0,0,25.0,2,,v Pakistan,Colombo (RPS),25 Jul 2004,
ODI,IK Pathan,2,14,4,0,0,50.0,2,,v Sri Lanka,Colombo (RPS),1 Aug 2004,
ODI,L Balaji,2,5,3,0,0,66.66,2,,v Pakistan,Amstelveen,21 Aug 2004,
ODI,M Kaif,2,26,10,0,0,20.0,1,,v England,Lord's,5 Sep 2004,
ODI,SR Tendulkar,2,17,8,0,0,25.0,1,,v Pakistan,Visakhapatnam,5 Apr 2005,
ODI,V Sehwag,2,8,5,0,0,40.0,2,,v Pakistan,Jamshedpur,9 Apr 2005,
ODI,Harbhajan Singh,2,7,10,0,0,20.0,2,,v Pakistan,Jamshedpur,9 Apr 2005,
ODI,MS Dhoni,2,17,7,0,0,28.57,1,,v Sri Lanka,Dambulla,30 Jul 2005,
ODI,V Sehwag,2,6,2,0,0,100.0,2,,v West Indies,Dambulla,31 Jul 2005,
ODI,SK Raina,2,6,5,0,0,40.0,1,,v Sri Lanka,Dambulla,3 Aug 2005,
ODI,MS Dhoni,2,13,5,0,0,40.0,2,,v New Zealand,Bulawayo,26 Aug 2005,
ODI,AB Agarkar,2,14,6,0,0,33.33,2,,v New Zealand,Bulawayo,26 Aug 2005,
ODI,SC Ganguly,2,25,8,0,0,25.0,2,,v Zimbabwe,Harare,4 Sep 2005,
ODI,SR Tendulkar,2,2,3,0,0,66.66,2,,v Sri Lanka,Jaipur,31 Oct 2005,
ODI,SR Tendulkar,2,20,9,0,0,22.22,1,,v South Africa,Hyderabad,16 Nov 2005,
ODI,SR Tendulkar,2,31,22,0,0,9.09,2,,v South Africa,Bengaluru,19 Nov 2005,
ODI,SR Tendulkar,2,18,15,0,0,13.33,1,,v South Africa,Eden Gardens,25 Nov 2005,
ODI,G Gambhir,2,9,8,0,0,25.0,2,,v Pakistan,Lahore,13 Feb 2006,
ODI,SK Raina,2,12,7,0,0,28.57,1,,v England,Jamshedpur,12 Apr 2006,
ODI,MS Dhoni,2,9,7,0,0,28.57,2,,v West Indies,Kingston,20 May 2006,
ODI,AB Agarkar,2,9,4,0,0,50.0,2,,v West Indies,Kingston,20 May 2006,
ODI,SK Raina,2,-,14,0,0,14.28,2,,v West Indies,Port of Spain,28 May 2006,
ODI,MS Dhoni,2,7,10,0,0,20.0,1,,v West Indies,Kuala Lumpur,14 Sep 2006,
ODI,RP Singh,2,10,16,0,0,12.5,1,,v West Indies,Kuala Lumpur,20 Sep 2006,
ODI,SR Tendulkar,2,20,9,0,0,22.22,2,,v South Africa,Cape Town,26 Nov 2006,
ODI,A Kumble,2,14,14,0,0,14.28,2,,v South Africa,Gqeberha,29 Nov 2006,
ODI,G Gambhir,2,16,11,0,0,18.18,1,,v West Indies,Cuttack,24 Jan 2007,
ODI,AB Agarkar,2,11,10,0,0,20.0,1,,v West Indies,Chennai,27 Jan 2007,
ODI,Harbhajan Singh,2,8,7,0,0,28.57,2,,v Sri Lanka,Rajkot,11 Feb 2007,
ODI,A Kumble,2,11,5,0,0,40.0,2,,v Sri Lanka,Rajkot,11 Feb 2007,
ODI,V Sehwag,2,12,6,0,0,33.33,1,,v Bangladesh,Port of Spain,17 Mar 2007,
ODI,R Dravid,2,10,10,0,0,20.0,2,,v South Africa,Belfast,29 Jun 2007,
ODI,SC Ganguly,2,12,6,0,0,33.33,2,,v England,Southampton,21 Aug 2007,
ODI,PP Chawla,2,13,10,0,0,20.0,2,,v England,Southampton,21 Aug 2007,
ODI,MK Tiwary,2,15,16,0,0,12.5,1,,v Australia,Brisbane,3 Feb 2008,
ODI,Yuvraj Singh,2,14,11,0,0,18.18,1,,v Sri Lanka,Brisbane,5 Feb 2008,
ODI,SR Tendulkar,2,3,3,0,0,66.66,2,,v Australia,Sydney,24 Feb 2008,
ODI,I Sharma,2,-,4,0,0,50.0,2,,v Australia,Sydney,24 Feb 2008,
ODI,RG Sharma,2,6,5,0,0,40.0,1,,v Australia,Brisbane,4 Mar 2008,
ODI,V Sehwag,2,7,8,0,0,25.0,2,,v Pakistan,Mirpur,14 Jun 2008,
ODI,PP Chawla,2,12,5,0,0,40.0,2,,v Pakistan,Mirpur,14 Jun 2008,
ODI,RV Uthappa,2,13,11,0,0,18.18,2,,v Bangladesh,Karachi,28 Jun 2008,
ODI,IK Pathan,2,17,6,0,0,33.33,2,,v Sri Lanka,Karachi,6 Jul 2008,
ODI,Harbhajan Singh,2,11,6,0,0,33.33,1,,v Sri Lanka,Colombo (RPS),24 Aug 2008,
ODI,Harbhajan Singh,2,7,4,0,0,50.0,1,,v Sri Lanka,Colombo (RPS),27 Aug 2008,
ODI,P Kumar,2,7,6,0,0,33.33,1,,v Sri Lanka,Colombo (RPS),27 Aug 2008,
ODI,Yuvraj Singh,2,17,13,0,0,15.38,1,,v New Zealand,Napier,3 Mar 2009,
ODI,Yuvraj Singh,2,8,6,0,0,33.33,2,,v West Indies,Gros Islet,3 Jul 2009,
ODI,RP Singh,2,8,6,0,0,33.33,2,,v Pakistan,Centurion,26 Sep 2009,
ODI,G Gambhir,2,18,6,0,0,33.33,1,,v Sri Lanka,Nagpur,18 Dec 2009,
ODI,Z Khan,2,4,4,0,0,50.0,1,,v Sri Lanka,Mirpur,5 Jan 2010,
ODI,V Kohli,2,6,8,0,0,25.0,1,,v Sri Lanka,Mirpur,13 Jan 2010,
ODI,AB Dinda,2,12,12,0,0,16.66,1,,v Sri Lanka,Dambulla,22 Jun 2010,
ODI,MS Dhoni,2,14,9,0,0,22.22,2,,v New Zealand,Dambulla,10 Aug 2010,
ODI,A Nehra,2,-,4,0,0,50.0,1,,v Sri Lanka,Dambulla,22 Aug 2010,
ODI,A Nehra,2,16,7,0,0,28.57,2,,v Sri Lanka,Dambulla,28 Aug 2010,
ODI,V Kohli,2,10,8,0,0,25.0,2,,v New Zealand,Chennai,10 Dec 2010,
ODI,Yuvraj Singh,2,4,4,0,0,50.0,2,,v South Africa,Durban,12 Jan 2011,
ODI,MS Dhoni,2,9,8,0,0,25.0,2,,v South Africa,Gqeberha,21 Jan 2011,
ODI,YK Pathan,2,4,3,0,0,66.66,2,,v South Africa,Gqeberha,21 Jan 2011,
ODI,V Kohli,2,11,6,0,0,33.33,2,,v South Africa,Centurion,23 Jan 2011,
ODI,PP Chawla,2,5,4,0,0,50.0,1,,v England,Bengaluru,27 Feb 2011,
ODI,SR Tendulkar,2,4,4,0,0,50.0,1,,v West Indies,Chennai,20 Mar 2011,
ODI,V Kohli,2,5,8,0,0,25.0,2,,v West Indies,Port of Spain,6 Jun 2011,
ODI,MK Tiwary,2,21,17,0,0,11.76,2,,v West Indies,North Sound,13 Jun 2011,
ODI,R Vinay Kumar,2,6,8,0,0,25.0,1,,v West Indies,Kingston,16 Jun 2011,
ODI,R Dravid,2,8,6,0,0,33.33,1,,v England,Chester-le-Street,3 Sep 2011,
ODI,R Dravid,2,19,11,0,0,18.18,1,,v England,The Oval,9 Sep 2011,
ODI,PA Patel,2,5,6,0,0,33.33,2,,v West Indies,Visakhapatnam,2 Dec 2011,
ODI,SK Raina,2,5,3,0,0,66.66,2,,v West Indies,Ahmedabad,5 Dec 2011,
ODI,SR Tendulkar,2,9,6,0,0,33.33,2,,v Australia,Melbourne,5 Feb 2012,
ODI,Z Khan,2,6,4,0,0,50.0,1,,v Sri Lanka,Hambantota,24 Jul 2012,
ODI,Yuvraj Singh,2,6,3,0,0,66.66,1,,v Pakistan,Chennai,30 Dec 2012,
ODI,I Sharma,2,35,12,0,0,16.66,2,,v Pakistan,Eden Gardens,3 Jan 2013,
ODI,B Kumar,2,13,10,0,0,20.0,1,,v Pakistan,Delhi,6 Jan 2013,
ODI,V Kohli,2,6,5,0,0,40.0,2,,v Sri Lanka,Kingston,2 Jul 2013,
ODI,I Sharma,2,11,7,0,0,28.57,2,,v Sri Lanka,Kingston,2 Jul 2013,
ODI,RA Jadeja,2,11,5,0,0,40.0,1,,v West Indies,Port of Spain,5 Jul 2013,
ODI,V Kohli,2,8,5,0,0,40.0,2,,v Sri Lanka,Port of Spain,11 Jul 2013,
ODI,RA Jadeja,2,9,4,0,0,50.0,1,,v Australia,Mohali,19 Oct 2013,
ODI,Mohammed Shami,2,11,7,0,0,28.57,2,,v New Zealand,Auckland,25 Jan 2014,
ODI,V Kohli,2,14,10,0,0,20.0,1,,v New Zealand,Hamilton,28 Jan 2014,
ODI,AM Rahane,2,15,10,0,0,20.0,2,,v New Zealand,Wellington,31 Jan 2014,
ODI,MK Tiwary,2,7,6,0,0,33.33,1,,v Bangladesh,Mirpur,19 Jun 2014,
ODI,V Kohli,2,7,5,0,0,40.0,2,,v West Indies,Kochi,8 Oct 2014,
ODI,B Kumar,2,9,10,0,0,20.0,2,,v West Indies,Kochi,8 Oct 2014,
ODI,RA Jadeja,2,4,2,0,0,100.0,1,,v West Indies,Dharamsala,17 Oct 2014,
ODI,AM Rahane,2,10,10,0,0,20.0,2,,v Sri Lanka,Ranchi,16 Nov 2014,
ODI,S Dhawan,2,3,4,0,0,50.0,1,,v Australia,Melbourne,18 Jan 2015,
ODI,RA Jadeja,2,4,4,0,0,50.0,1,,v South Africa,Melbourne,22 Feb 2015,
ODI,UT Yadav,2,11,11,0,0,18.18,2,,v Bangladesh,Mirpur,18 Jun 2015,
ODI,MK Tiwary,2,14,14,0,0,14.28,1,,v Zimbabwe,Harare,10 Jul 2015,
ODI,STR Binny,2,18,5,0,0,40.0,2,,v South Africa,Kanpur,11 Oct 2015,
ODI,AM Rahane,2,7,3,0,0,66.66,2,,v Australia,Canberra,20 Jan 2016,
ODI,B Kumar,2,6,6,0,0,33.33,2,,v Australia,Canberra,20 Jan 2016,
ODI,UT Yadav,2,11,11,0,0,18.18,2,,v Australia,Canberra,20 Jan 2016,
ODI,S Dhawan,2,-,6,0,0,33.33,1,,v West Indies,North Sound,30 Jun 2017,
ODI,KD Karthik,2,-,19,0,0,10.52,2,,v West Indies,North Sound,2 Jul 2017,
ODI,KM Jadhav,2,3,4,0,0,50.0,2,,v Australia,Indore,24 Sep 2017,
ODI,RG Sharma,2,19,13,0,0,15.38,1,,v Sri Lanka,Dharamsala,10 Dec 2017,
ODI,MK Pandey,2,21,15,0,0,13.33,1,,v Sri Lanka,Dharamsala,10 Dec 2017,
ODI,RG Sharma,2,24,18,0,0,11.11,1,,v England,Leeds,17 Jul 2018,
ODI,AT Rayudu,2,-,7,0,0,28.57,2,,v Bangladesh,Dubai (DICS),28 Sep 2018,
ODI,RG Sharma,2,16,16,0,0,12.5,1,,v New Zealand,Wellington,3 Feb 2019,
ODI,AT Rayudu,2,-,8,0,0,25.0,2,,v Australia,Ranchi,8 Mar 2019,
ODI,B Kumar,2,15,3,0,0,66.66,1,,v Bangladesh,Birmingham,2 Jul 2019,
ODI,S Dhawan,2,4,3,0,0,66.66,1,,v West Indies,Port of Spain,11 Aug 2019,
ODI,MK Pandey,2,-,4,0,0,50.0,1,,v Australia,Rajkot,17 Jan 2020,
ODI,SS Iyer,2,-,2,0,0,100.0,2,,v Australia,Sydney,27 Nov 2020,
ODI,K Gowtham,2,8,3,0,0,66.66,1,,v Sri Lanka,Colombo (RPS),23 Jul 2021,
ODI,VR Iyer,2,12,7,0,0,28.57,2,,v South Africa,Paarl,19 Jan 2022,
ODI,J Yadav,2,12,6,0,0,33.33,2,,v South Africa,Cape Town,23 Jan 2022,
ODI,YS Chahal,2,12,6,0,0,33.33,2,,v South Africa,Cape Town,23 Jan 2022,
ODI,SN Thakur,2,6,3,0,0,66.66,1,,v Bangladesh,Mirpur,4 Dec 2022,
ODI,Mohammed Siraj,2,24,12,0,0,16.66,2,,v Bangladesh,Mirpur,7 Dec 2022,
ODI,AR Patel,2,8,4,0,0,50.0,2,,v Australia,Chennai,22 Mar 2023,
ODI,Kuldeep Yadav,2,14,12,0,0,16.66,2,,v Australia,Rajkot,27 Sep 2023,
ODI,SA Yadav,2,8,4,0,0,50.0,2,,v New Zealand,Dharamsala,22 Oct 2023,
ODI,Mohammed Shami,2,11,4,0,0,50.0,1,,v Sri Lanka,Wankhede,2 Nov 2023,
ODI,Kuldeep Yadav,2,11,10,0,0,20.0,2,,v Sri Lanka,Colombo (RPS),2 Aug 2024,
ODI,AR Patel,2,4,7,0,0,28.57,2,,v Sri Lanka,Colombo (RPS),7 Aug 2024,
ODI,RG Sharma,2,25,7,0,0,28.57,2,,v England,Nagpur,6 Feb 2025,
ODI,KL Rahul,2,10,9,0,0,22.22,2,,v England,Nagpur,6 Feb 2025,
ODI,Arshdeep Singh,2,5,2,0,0,100.0,1,,v England,Ahmedabad,12 Feb 2025,
ODI,Shubman Gill,2,13,7,0,0,28.57,1,,v New Zealand,Dubai (DICS),2 Mar 2025,
ODI,Harshit Rana,2,5,4,0,0,50.0,1,,v New Zealand,Rajkot,14 Jan 2026,
ODI,S Venkataraghavan,1*,-,2,0,0,50.0,1,,v England,Leeds,13 Jul 1974,
ODI,KD Ghavri,1*,-,2,0,0,50.0,1,,v Pakistan,Quetta,1 Oct 1978,
ODI,BS Bedi,1*,5,12,0,0,8.33,1,,v New Zealand,Leeds,13 Jun 1979,
ODI,S Madan Lal,1*,-,1,0,0,100.0,1,,v England,Leeds,2 Jun 1982,
ODI,N Kapil Dev,1*,-,3,0,0,33.33,2,,v Sri Lanka,Delhi,15 Sep 1982,
ODI,M Amarnath,1*,-,2,0,0,50.0,2,,v Pakistan,Lahore,31 Dec 1982,
ODI,SMH Kirmani,1*,-,8,0,0,12.5,1,,v Pakistan,Karachi,21 Jan 1983,
ODI,AO Malhotra,1*,-,3,0,0,33.33,1,,v West Indies,Albion,29 Mar 1983,
ODI,N Kapil Dev,1*,10,6,0,0,16.66,2,,v England,Manchester,22 Jun 1983,
ODI,RR Kulkarni,1*,-,4,0,0,25.0,1,,v West Indies,Guwahati,17 Dec 1983,
ODI,DB Vengsarkar,1*,14,10,0,0,10.0,1,,v Australia,Jamshedpur,3 Oct 1984,
ODI,SC Khanna,1*,6,2,0,0,50.0,1,,v Australia,Indore,6 Oct 1984,
ODI,M Amarnath,1*,-,5,0,0,20.0,1,,v England,Cuttack,27 Dec 1984,
ODI,LS Rajput,1*,-,1,0,0,100.0,2,,v England,Chandigarh,27 Jan 1985,
ODI,L Sivaramakrishnan,1*,-,4,0,0,25.0,2,,v Sri Lanka,Colombo (SSC),25 Aug 1985,
ODI,KS More,1*,5,1,0,0,100.0,1,,v New Zealand,Melbourne,23 Jan 1986,
ODI,KS More,1*,2,2,0,0,50.0,1,,v New Zealand,Launceston,2 Feb 1986,
ODI,NS Yadav,1*,18,14,0,0,7.14,1,,v Australia,Melbourne,9 Feb 1986,
ODI,S Madan Lal,1*,-,3,0,0,33.33,2,,v Sri Lanka,Sharjah,13 Apr 1986,
ODI,S Madan Lal,1*,1,1,0,0,100.0,1,,v Australia,Rajkot,7 Oct 1986,
ODI,RMH Binny,1*,-,7,0,0,14.28,2,,v West Indies,Sharjah,30 Nov 1986,
ODI,Maninder Singh,1*,-,5,0,0,20.0,1,,v Pakistan,Sharjah,5 Dec 1986,
ODI,Maninder Singh,1*,-,3,0,0,33.33,1,,v Sri Lanka,Vadodara,15 Jan 1987,
ODI,SK Sharma,1*,-,4,0,0,25.0,2,,v West Indies,Ahmedabad,7 Jan 1988,
ODI,Maninder Singh,1*,-,2,0,0,50.0,1,,v West Indies,Thiruvananthapuram,25 Jan 1988,
ODI,ND Hirwani,1*,-,1,0,0,100.0,2,,v Sri Lanka,Dhaka,29 Oct 1988,
ODI,Arshad Ayub,1*,-,2,0,0,50.0,1,,v West Indies,St John's,18 Mar 1989,
ODI,ND Hirwani,1*,3,1,0,0,100.0,2,,v Australia,Christchurch,3 Mar 1990,
ODI,KS More,1*,-,4,0,0,25.0,2,,v Pakistan,Sharjah,23 Oct 1991,
ODI,N Kapil Dev,1*,8,3,0,0,33.33,2,,v West Indies,Melbourne,16 Jan 1992,
ODI,K Srikkanth,1*,2,2,0,0,50.0,1,,v Sri Lanka,Mackay,28 Feb 1992,
ODI,PK Amre,1*,3,1,0,0,100.0,1,,v South Africa,Adelaide,15 Mar 1992,
ODI,J Srinath,1*,1,1,0,0,100.0,1,,v Zimbabwe,Harare,25 Oct 1992,
ODI,J Srinath,1*,-,1,0,0,100.0,1,,v South Africa,Gqeberha,9 Dec 1992,
ODI,SLV Raju,1*,7,3,0,0,33.33,2,,v England,Bengaluru,26 Feb 1993,
ODI,KS More,1*,4,2,0,0,50.0,1,,v England,Jamshedpur,1 Mar 1993,
ODI,SA Ankola,1*,-,2,0,0,50.0,1,,v Zimbabwe,Faridabad,19 Mar 1993,
ODI,PK Amre,1*,4,1,0,0,100.0,1,,v Zimbabwe,Indore,18 Nov 1993,
ODI,SLV Raju,1*,2,1,0,0,100.0,1,,v Sri Lanka,Jalandhar,20 Feb 1994,
ODI,A Kumble,1*,3,2,0,0,50.0,2,,v New Zealand,Napier,25 Mar 1994,
ODI,J Srinath,1*,3,2,0,0,50.0,1,,v Pakistan,Sharjah,15 Apr 1994,
ODI,N Kapil Dev,1*,2,1,0,0,100.0,1,,v Sri Lanka,Colombo (RPS),5 Sep 1994,
ODI,A Kumble,1*,3,2,0,0,50.0,1,,v West Indies,Eden Gardens,5 Nov 1994,
ODI,M Prabhakar,1*,1,1,0,0,100.0,1,,v West Indies,Visakhapatnam,7 Nov 1994,
ODI,VG Kambli,1*,2,1,0,0,100.0,1,,v Sri Lanka,Delhi,2 Mar 1996,
ODI,BKV Prasad,1*,-,4,0,0,25.0,1,,v Pakistan,Singapore,5 Apr 1996,
ODI,BKV Prasad,1*,6,1,0,0,100.0,1,,v South Africa,Sharjah,17 Apr 1996,
ODI,J Srinath,1*,-,1,0,0,100.0,1,,v Sri Lanka,Colombo (RPS),28 Aug 1996,
ODI,BKV Prasad,1*,20,7,0,0,14.28,1,,v South Africa,Rajkot,29 Oct 1996,
ODI,SB Joshi,1*,5,1,0,0,100.0,1,,v South Africa,Wankhede,14 Dec 1996,
ODI,BKV Prasad,1*,7,1,0,0,100.0,2,,v Zimbabwe,Paarl,27 Jan 1997,
ODI,NA David,1*,3,2,0,0,50.0,1,,v West Indies,Bridgetown,3 May 1997,
ODI,SS Karim,1*,2,1,0,0,100.0,1,,v Sri Lanka,Colombo (RPS),26 Jul 1997,
ODI,A Kuruvilla,1*,8,4,0,0,25.0,1,,v Pakistan,Toronto,18 Sep 1997,
ODI,DS Mohanty,1*,3,1,0,0,100.0,1,,v Pakistan,Hyderabad (Sind),28 Sep 1997,
ODI,A Kuruvilla,1*,4,1,0,0,100.0,2,,v England,Sharjah,11 Dec 1997,
ODI,NR Mongia,1*,-,2,0,0,50.0,1,,v Pakistan,Dhaka,11 Jan 1998,
ODI,A Kumble,1*,9,1,0,0,100.0,1,,v Australia,Delhi,14 Apr 1998,
ODI,HH Kanitkar,1*,1,1,0,0,100.0,2,,v Bangladesh,Mohali,14 May 1998,
ODI,RR Singh,1*,15,6,0,0,16.66,2,,v Bangladesh,Wankhede,25 May 1998,
ODI,NM Kulkarni,1*,6,5,0,0,20.0,2,,v Kenya,Gwalior,28 May 1998,
ODI,BKV Prasad,1*,5,1,0,0,100.0,2,,v Sri Lanka,Colombo (SSC),1 Jul 1998,
ODI,BKV Prasad,1*,2,1,0,0,100.0,1,,v Pakistan,Sharjah,16 Apr 1999,
ODI,A Kumble,1*,3,1,0,0,100.0,2,,v Zimbabwe,Leicester,19 May 1999,
ODI,N Chopra,1*,12,2,0,0,50.0,1,,v South Africa,Sharjah,27 Mar 2000,
ODI,V Dahiya,1*,4,2,0,0,50.0,1,,v New Zealand,Nairobi (Gym),15 Oct 2000,
ODI,Z Khan,1*,-,1,0,0,100.0,1,,v Sri Lanka,Sharjah,20 Oct 2000,
ODI,S Sriram,1*,2,1,0,0,100.0,2,,v Zimbabwe,Kanpur,11 Dec 2000,
ODI,Z Khan,1*,7,2,0,0,50.0,1,,v Australia,Bengaluru,25 Mar 2001,
ODI,Harbhajan Singh,1*,5,1,0,0,100.0,1,,v Australia,Pune,28 Mar 2001,
ODI,A Nehra,1*,1,1,0,0,100.0,1,,v South Africa,Colombo (RPS),25 Sep 2002,
ODI,D Mongia,1*,8,7,0,0,14.28,2,,v Sri Lanka,Colombo (RPS),29 Sep 2002,
ODI,Harbhajan Singh,1*,2,2,0,0,50.0,1,,v West Indies,Vadodara,18 Nov 2002,
ODI,J Srinath,1*,14,10,0,0,10.0,2,,v New Zealand,Wellington,8 Jan 2003,
ODI,A Nehra,1*,4,1,0,0,100.0,2,,v New Zealand,Auckland,11 Jan 2003,
ODI,R Dravid,1*,3,1,0,0,100.0,1,,v Kenya,Durban,20 Mar 2003,
ODI,M Kaif,1*,7,1,0,0,100.0,1,,v Australia,Gwalior,26 Oct 2003,
ODI,M Kartik,1*,10,2,0,0,50.0,1,,v New Zealand,Cuttack,6 Nov 2003,
ODI,HK Badani,1*,4,1,0,0,100.0,1,,v Zimbabwe,Brisbane,20 Jan 2004,
ODI,IK Pathan,1*,2,1,0,0,100.0,1,,v U.A.E.,Dambulla,16 Jul 2004,
ODI,VVS Laxman,1*,6,3,0,0,33.33,2,,v Bangladesh,Colombo (SSC),21 Jul 2004,
ODI,A Kumble,1*,2,2,0,0,50.0,2,,v Pakistan,Amstelveen,21 Aug 2004,
ODI,Z Khan,1*,1,1,0,0,100.0,1,,v Pakistan,Kanpur,15 Apr 2005,
ODI,L Balaji,1*,6,1,0,0,100.0,1,,v Sri Lanka,Dambulla,3 Aug 2005,
ODI,RP Singh,1*,8,2,0,0,50.0,1,,v South Africa,Hyderabad,16 Nov 2005,
ODI,RP Singh,1*,1,1,0,0,100.0,1,,v South Africa,Eden Gardens,25 Nov 2005,
ODI,RR Powar,1*,2,1,0,0,100.0,1,,v England,Margao,3 Apr 2006,
ODI,MM Patel,1*,5,3,0,0,33.33,1,,v England,Jamshedpur,12 Apr 2006,
ODI,IK Pathan,1*,2,1,0,0,100.0,2,,v England,Indore,15 Apr 2006,
ODI,S Sreesanth,1*,-,1,0,0,100.0,1,,v West Indies,Basseterre,23 May 2006,
ODI,M Kaif,1*,4,2,0,0,50.0,1,,v West Indies,Kuala Lumpur,14 Sep 2006,
ODI,SK Raina,1*,3,1,0,0,100.0,2,,v Australia,Kuala Lumpur,16 Sep 2006,
ODI,PP Chawla,1*,1,1,0,0,100.0,1,,v England,Bristol,24 Aug 2007,
ODI,RP Singh,1*,13,6,0,0,16.66,1,,v England,Lord's,8 Sep 2007,
ODI,RP Singh,1*,2,1,0,0,100.0,1,,v Pakistan,Mohali,8 Nov 2007,
ODI,I Sharma,1*,2,1,0,0,100.0,1,,v Australia,Brisbane,3 Feb 2008,
ODI,S Sreesanth,1*,4,2,0,0,50.0,1,,v Australia,Brisbane,4 Mar 2008,
ODI,P Kumar,1*,5,1,0,0,100.0,1,,v Pakistan,Karachi,2 Jul 2008,
ODI,MM Patel,1*,1,1,0,0,100.0,1,,v Sri Lanka,Colombo (RPS),27 Aug 2008,
ODI,YK Pathan,1*,6,2,0,0,50.0,1,,v New Zealand,Christchurch,8 Mar 2009,
ODI,YK Pathan,1*,4,2,0,0,50.0,2,,v West Indies,Gros Islet,3 Jul 2009,
ODI,Harbhajan Singh,1*,3,1,0,0,100.0,1,,v Australia,Nagpur,28 Oct 2009,
ODI,S Sreesanth,1*,2,3,0,0,33.33,1,,v Sri Lanka,Mirpur,5 Jan 2010,
ODI,S Tyagi,1*,-,2,0,0,50.0,2,,v South Africa,Ahmedabad,27 Feb 2010,
ODI,SK Raina,1*,4,1,0,0,100.0,2,,v Bangladesh,Dambulla,16 Jun 2010,
ODI,MM Patel,1*,3,1,0,0,100.0,1,,v New Zealand,Guwahati,28 Nov 2010,
ODI,MM Patel,1*,1,1,0,0,100.0,2,,v South Africa,Durban,12 Jan 2011,
ODI,R Vinay Kumar,1*,1,1,0,0,100.0,1,,v England,Chester-le-Street,3 Sep 2011,
ODI,P Kumar,1*,2,2,0,0,50.0,1,,v England,The Oval,9 Sep 2011,
ODI,P Kumar,1*,9,1,0,0,100.0,1,,v England,Hyderabad,14 Oct 2011,
ODI,R Ashwin,1*,8,2,0,0,50.0,2,,v Australia,Adelaide,12 Feb 2012,
ODI,R Ashwin,1*,4,1,0,0,100.0,1,,v England,Kochi,15 Jan 2013,
ODI,B Kumar,1*,2,1,0,0,100.0,1,,v England,Birmingham,23 Jun 2013,
ODI,I Sharma,1*,3,3,0,0,33.33,2,,v Australia,Pune,13 Oct 2013,
ODI,B Kumar,1*,2,1,0,0,100.0,1,,v West Indies,Visakhapatnam,24 Nov 2013,
ODI,Mohammed Shami,1*,5,1,0,0,100.0,2,,v New Zealand,Hamilton,22 Jan 2014,
ODI,I Sharma,1*,1,1,0,0,100.0,2,,v New Zealand,Hamilton,22 Jan 2014,
ODI,A Mishra,1*,6,1,0,0,100.0,1,,v Pakistan,Mirpur,2 Mar 2014,
ODI,V Kohli,1*,9,3,0,0,33.33,2,,v England,Birmingham,2 Sep 2014,
ODI,Mohammed Shami,1*,6,1,0,0,100.0,1,,v West Indies,Delhi,11 Oct 2014,
ODI,RA Jadeja,1*,-,1,0,0,100.0,2,,v Sri Lanka,Ahmedabad,6 Nov 2014,
ODI,R Ashwin,1*,4,1,0,0,100.0,1,,v Pakistan,Adelaide,15 Feb 2015,
ODI,Mohammed Shami,1*,11,1,0,0,100.0,2,,v Australia,Sydney,26 Mar 2015,
ODI,B Kumar,1*,3,1,0,0,100.0,2,,v South Africa,Kanpur,11 Oct 2015,
ODI,J Yadav,1*,2,1,0,0,100.0,1,,v New Zealand,Visakhapatnam,29 Oct 2016,
ODI,B Kumar,1*,14,8,0,0,12.5,2,,v Pakistan,The Oval,18 Jun 2017,
ODI,MS Dhoni,1*,-,1,0,0,100.0,2,,v Sri Lanka,Colombo (RPS),3 Sep 2017,
ODI,KD Karthik,1*,-,3,0,0,33.33,2,,v Bangladesh,Dubai (DICS),21 Sep 2018,
ODI,KK Ahmed,1*,-,1,0,0,100.0,2,,v Afghanistan,Dubai (DICS),25 Sep 2018,
ODI,Kuldeep Yadav,1*,-,1,0,0,100.0,1,,v Australia,Mohali,10 Mar 2019,
ODI,JJ Bumrah,1*,-,4,0,0,25.0,2,,v Australia,Delhi,13 Mar 2019,
ODI,Kuldeep Yadav,1*,4,1,0,0,100.0,1,,v Afghanistan,Southampton,22 Jun 2019,
ODI,JJ Bumrah,1*,2,1,0,0,100.0,1,,v Afghanistan,Southampton,22 Jun 2019,
ODI,Mohammed Shami,1*,-,1,0,0,100.0,1,,v Australia,Rajkot,17 Jan 2020,
ODI,Mohammed Siraj,1*,6,2,0,0,50.0,1,,v West Indies,Port of Spain,22 Jul 2022,
ODI,Mohammed Siraj,1*,5,1,0,0,100.0,2,,v West Indies,Port of Spain,24 Jul 2022,
ODI,DL Chahar,1*,5,1,0,0,100.0,1,,v Zimbabwe,Harare,22 Aug 2022,
ODI,Mohammed Siraj,1*,2,1,0,0,100.0,1,,v Pakistan,Pallekele,2 Sep 2023,
ODI,Mohammed Shami,1*,2,1,0,0,100.0,2,,v New Zealand,Dharamsala,22 Oct 2023,
ODI,JJ Bumrah,1*,1,1,0,0,100.0,1,,v Sri Lanka,Wankhede,2 Nov 2023,
ODI,NT Tilak Varma,1*,3,3,0,0,33.33,2,,v South Africa,Johannesburg,17 Dec 2023,
ODI,Avesh Khan,1*,2,2,0,0,50.0,1,,v South Africa,Paarl,21 Dec 2023,
ODI,Kuldeep Yadav,1*,2,1,0,0,100.0,1,,v England,Ahmedabad,12 Feb 2025,
ODI,Kuldeep Yadav,1*,3,1,0,0,100.0,1,,v New Zealand,Dubai (DICS),2 Mar 2025,
ODI,M Amarnath,1,4,3,0,0,33.33,1,,v New Zealand,Manchester,14 Jun 1975,
ODI,ED Solkar,1,-,4,0,0,25.0,1,,v New Zealand,Christchurch,21 Feb 1976,
ODI,S Venkataraghavan,1,-,9,0,0,11.11,2,,v New Zealand,Auckland,22 Feb 1976,
ODI,S Amarnath,1,-,3,0,0,33.33,1,,v Pakistan,Sialkot,13 Oct 1978,
ODI,DB Vengsarkar,1,16,2,0,0,50.0,1,,v New Zealand,Leeds,13 Jun 1979,
ODI,M Amarnath,1,9,5,0,0,20.0,1,,v New Zealand,Leeds,13 Jun 1979,
ODI,S Venkataraghavan,1,7,2,0,0,50.0,1,,v New Zealand,Leeds,13 Jun 1979,
ODI,SMH Kirmani,1,1,3,0,0,33.33,1,,v New Zealand,W.A.C.A,9 Dec 1980,
ODI,KBJ Azad,1,4,4,0,0,25.0,1,,v Australia,Sydney,18 Dec 1980,
ODI,SM Gavaskar,1,14,14,0,0,7.14,1,,v New Zealand,Brisbane,21 Dec 1980,
ODI,SM Gavaskar,1,5,6,0,0,16.66,1,,v Australia,Sydney,8 Jan 1981,
ODI,KD Ghavri,1,14,8,0,0,12.5,1,,v Australia,Sydney,8 Jan 1981,
ODI,SM Gavaskar,1,11,8,0,0,12.5,2,,v Australia,Sydney,15 Jan 1981,
ODI,B Yograj Singh,1,-,3,0,0,33.33,2,,v New Zealand,Auckland,14 Feb 1981,
ODI,N Kapil Dev,1,-,3,0,0,33.33,2,,v New Zealand,Hamilton,15 Feb 1981,
ODI,SM Patil,1,-,5,0,0,20.0,2,,v England,The Oval,4 Jun 1982,
ODI,SM Gavaskar,1,-,5,0,0,20.0,2,,v Pakistan,Gujranwala,3 Dec 1982,
ODI,N Kapil Dev,1,-,4,0,0,25.0,1,,v West Indies,St George's,7 Apr 1983,
ODI,SMH Kirmani,1,-,2,0,0,50.0,1,,v West Indies,Manchester,9 Jun 1983,
ODI,RMH Binny,1,-,4,0,0,25.0,2,,v West Indies,The Oval,15 Jun 1983,
ODI,SM Patil,1,-,10,0,0,10.0,1,,v Zimbabwe,Tunbridge Wells,18 Jun 1983,
ODI,RJ Shastri,1,-,6,0,0,16.66,1,,v Zimbabwe,Tunbridge Wells,18 Jun 1983,
ODI,SM Patil,1,-,14,0,0,7.14,2,,v Pakistan,Hyderabad (Deccan),10 Sep 1983,
ODI,M Amarnath,1,-,19,0,0,5.26,2,,v Pakistan,Jaipur,2 Oct 1983,
ODI,S Madan Lal,1,8,8,0,0,12.5,2,,v Australia,New Delhi,28 Sep 1984,
ODI,DB Vengsarkar,1,-,4,0,0,25.0,1,,v Pakistan,Sharjah,22 Mar 1985,
ODI,L Sivaramakrishnan,1,-,6,0,0,16.66,1,,v Pakistan,Sharjah,22 Mar 1985,
ODI,N Kapil Dev,1,19,14,0,0,7.14,2,,v Australia,Sharjah,29 Mar 1985,
ODI,C Sharma,1,-,7,0,0,14.28,2,,v Pakistan,Sharjah,17 Nov 1985,
ODI,L Sivaramakrishnan,1,-,1,0,0,100.0,2,,v Pakistan,Sharjah,17 Nov 1985,
ODI,RMH Binny,1,6,9,0,0,11.11,1,,v New Zealand,W.A.C.A,18 Jan 1986,
ODI,RS Ghai,1,3,3,0,0,33.33,2,,v Australia,Adelaide,26 Jan 1986,
ODI,SM Gavaskar,1,10,3,0,0,33.33,1,,v New Zealand,Launceston,2 Feb 1986,
ODI,M Azharuddin,1,13,14,0,0,7.14,2,,v Australia,Sydney,5 Feb 1986,
ODI,N Kapil Dev,1,4,5,0,0,20.0,1,,v Australia,Melbourne,9 Feb 1986,
ODI,KS More,1,8,6,0,0,16.66,1,,v Australia,Melbourne,9 Feb 1986,
ODI,KBJ Azad,1,-,2,0,0,50.0,2,,v Sri Lanka,Sharjah,13 Apr 1986,
ODI,RJ Shastri,1,-,2,0,0,50.0,1,,v Pakistan,Sharjah,18 Apr 1986,
ODI,R Lamba,1,6,7,0,0,14.28,1,,v Australia,Srinagar,9 Sep 1986,
ODI,RMH Binny,1,3,5,0,0,20.0,1,,v Australia,Ahmedabad,5 Oct 1986,
ODI,RJ Shastri,1,-,12,0,0,8.33,1,,v Pakistan,Sharjah,5 Dec 1986,
ODI,S Madan Lal,1,-,9,0,0,11.11,2,,v Sri Lanka,Kanpur,24 Dec 1986,
ODI,SM Gavaskar,1,-,10,0,0,10.0,1,,v Pakistan,Hyderabad (Deccan),20 Mar 1987,
ODI,S Viswanath,1,-,11,0,0,9.09,1,,v Pakistan,Hyderabad (Deccan),20 Mar 1987,
ODI,S Madan Lal,1,-,5,0,0,20.0,1,,v Pakistan,Hyderabad (Deccan),20 Mar 1987,
ODI,M Azharuddin,1,-,5,0,0,20.0,1,,v Pakistan,Sharjah,10 Apr 1987,
ODI,K Srikkanth,1,-,13,0,0,7.69,2,,v West Indies,Guwahati,23 Dec 1987,
ODI,KS More,1,-,6,0,0,16.66,2,,v West Indies,Guwahati,23 Dec 1987,
ODI,M Prabhakar,1,-,4,0,0,25.0,2,,v West Indies,Guwahati,23 Dec 1987,
ODI,K Srikkanth,1,-,8,0,0,12.5,1,,v West Indies,Eden Gardens,2 Jan 1988,
ODI,N Kapil Dev,1,-,2,0,0,50.0,1,,v West Indies,Eden Gardens,2 Jan 1988,
ODI,S Viswanath,1,-,5,0,0,20.0,1,,v West Indies,Rajkot,5 Jan 1988,
ODI,WV Raman,1,-,4,0,0,25.0,2,,v West Indies,Gwalior,22 Jan 1988,
ODI,SK Sharma,1,-,11,0,0,9.09,2,,v West Indies,Gwalior,22 Jan 1988,
ODI,N Kapil Dev,1,-,4,0,0,25.0,1,,v West Indies,Thiruvananthapuram,25 Jan 1988,
ODI,M Amarnath,1,-,3,0,0,33.33,1,,v Sri Lanka,Sharjah,25 Mar 1988,
ODI,K Srikkanth,1,-,7,0,0,14.28,1,,v New Zealand,Sharjah,27 Mar 1988,
ODI,WV Raman,1,-,10,0,0,10.0,1,,v New Zealand,Sharjah,27 Mar 1988,
ODI,VB Chandrasekhar,1,4,4,0,0,25.0,2,,v New Zealand,Vadodara,17 Dec 1988,
ODI,J Arun Lal,1,-,17,0,0,5.88,1,,v West Indies,St John's,18 Mar 1989,
ODI,M Prabhakar,1,-,8,0,0,12.5,2,,v West Indies,Delhi,23 Oct 1989,
ODI,AK Sharma,1,-,5,0,0,20.0,2,,v Pakistan,Eden Gardens,28 Oct 1989,
ODI,SV Manjrekar,1,-,6,0,0,16.66,2,,v Pakistan,Eden Gardens,28 Oct 1989,
ODI,K Srikkanth,1,-,10,0,0,10.0,1,,v West Indies,Wankhede,30 Oct 1989,
ODI,RJ Shastri,1,-,6,0,0,16.66,2,,v Pakistan,Gujranwala,18 Dec 1989,
ODI,V Razdan,1,-,4,0,0,25.0,2,,v Pakistan,Gujranwala,18 Dec 1989,
ODI,NS Sidhu,1,-,7,0,0,14.28,2,,v Pakistan,Lahore,22 Dec 1989,
ODI,KS More,1,5,2,0,0,50.0,1,,v Australia,Hamilton,8 Mar 1990,
ODI,N Kapil Dev,1,-,2,0,0,50.0,2,,v Pakistan,Sharjah,27 Apr 1990,
ODI,AS Wassan,1,-,3,0,0,33.33,2,,v Sri Lanka,Cuttack,28 Dec 1990,
ODI,SV Manjrekar,1,-,10,0,0,10.0,2,,v South Africa,Eden Gardens,10 Nov 1991,
ODI,SR Tendulkar,1,-,3,0,0,33.33,1,,v South Africa,New Delhi,14 Nov 1991,
ODI,SR Tendulkar,1,14,9,0,0,11.11,1,,v West Indies,W.A.C.A,6 Dec 1991,
ODI,M Prabhakar,1,6,5,0,0,20.0,1,,v Australia,Hobart,10 Dec 1991,
ODI,RJ Shastri,1,2,2,0,0,50.0,1,,v Australia,Adelaide,15 Dec 1991,
ODI,NS Sidhu,1,26,19,0,0,5.26,1,,v West Indies,Brisbane,11 Jan 1992,
ODI,SV Manjrekar,1,11,4,0,0,25.0,1,,v West Indies,Brisbane,11 Jan 1992,
ODI,NS Sidhu,1,6,6,0,0,16.66,1,,v Australia,Sydney,14 Jan 1992,
ODI,KS More,1,6,4,0,0,25.0,2,,v England,W.A.C.A,22 Feb 1992,
ODI,A Jadeja,1,5,4,0,0,25.0,2,,v Australia,Brisbane,1 Mar 1992,
ODI,M Prabhakar,1,1,1,0,0,100.0,2,,v Australia,Brisbane,1 Mar 1992,
ODI,VG Kambli,1,2,2,0,0,50.0,1,,v Zimbabwe,Hamilton,7 Mar 1992,
ODI,SLV Raju,1,2,1,0,0,100.0,1,,v West Indies,Wellington,10 Mar 1992,
ODI,VG Kambli,1,4,3,0,0,33.33,1,,v South Africa,Adelaide,15 Mar 1992,
ODI,RJ Shastri,1,8,4,0,0,25.0,1,,v Zimbabwe,Harare,25 Oct 1992,
ODI,A Kumble,1,1,1,0,0,100.0,1,,v Zimbabwe,Harare,25 Oct 1992,
ODI,N Kapil Dev,1,-,2,0,0,50.0,1,,v South Africa,Gqeberha,9 Dec 1992,
ODI,M Prabhakar,1,-,15,0,0,6.66,1,,v South Africa,Gqeberha,9 Dec 1992,
ODI,PK Amre,1,-,10,0,0,10.0,2,,v South Africa,Centurion,11 Dec 1992,
ODI,N Kapil Dev,1,-,5,0,0,20.0,2,,v South Africa,Centurion,11 Dec 1992,
ODI,SR Tendulkar,1,9,5,0,0,20.0,2,,v England,Chandigarh,21 Jan 1993,
ODI,M Azharuddin,1,2,3,0,0,33.33,2,,v England,Bengaluru,26 Feb 1993,
ODI,KS More,1,4,3,0,0,33.33,2,,v England,Gwalior,4 Mar 1993,
ODI,PK Amre,1,-,5,0,0,20.0,2,,v Sri Lanka,Colombo (RPS),12 Aug 1993,
ODI,V Yadav,1,-,2,0,0,50.0,2,,v Sri Lanka,Colombo (RPS),12 Aug 1993,
ODI,N Kapil Dev,1,-,2,0,0,50.0,2,,v West Indies,Ahmedabad,16 Nov 1993,
ODI,M Prabhakar,1,-,8,0,0,12.5,1,,v South Africa,Mohali,22 Nov 1993,
ODI,J Srinath,1,-,4,0,0,25.0,1,,v South Africa,Mohali,22 Nov 1993,
ODI,SR Tendulkar,1,10,5,0,0,20.0,1,,v Sri Lanka,Rajkot,15 Feb 1994,
ODI,M Azharuddin,1,10,8,0,0,12.5,1,,v New Zealand,Christchurch,2 Apr 1994,
ODI,AC Bedade,1,7,3,0,0,33.33,1,,v Pakistan,Sharjah,15 Apr 1994,
ODI,AC Bedade,1,3,5,0,0,20.0,1,,v Australia,Colombo (RPS),9 Sep 1994,
ODI,A Kumble,1,4,3,0,0,33.33,1,,v Australia,Colombo (RPS),9 Sep 1994,
ODI,M Azharuddin,1,12,6,0,0,16.66,2,,v West Indies,Faridabad,17 Oct 1994,
ODI,C Sharma,1,7,3,0,0,33.33,1,,v West Indies,Jaipur,11 Nov 1994,
ODI,A Kumble,1,3,3,0,0,33.33,2,,v South Africa,Hamilton,18 Feb 1995,
ODI,BKV Prasad,1,2,3,0,0,33.33,1,,v New Zealand,Jamshedpur,15 Nov 1995,
ODI,M Prabhakar,1,8,12,0,0,8.33,2,,v New Zealand,Amritsar,18 Nov 1995,
ODI,M Azharuddin,1,5,6,0,0,16.66,2,,v New Zealand,Nagpur,26 Nov 1995,
ODI,SR Tendulkar,1,14,4,0,0,25.0,2,,v New Zealand,Brabourne,29 Nov 1995,
ODI,NS Sidhu,1,19,11,0,0,9.09,2,,v Kenya,Cuttack,18 Feb 1996,
ODI,A Jadeja,1,3,3,0,0,33.33,2,,v West Indies,Gwalior,21 Feb 1996,
ODI,NS Sidhu,1,14,5,0,0,20.0,2,,v West Indies,Gwalior,21 Feb 1996,
ODI,M Prabhakar,1,9,12,0,0,8.33,2,,v West Indies,Gwalior,21 Feb 1996,
ODI,A Jadeja,1,16,17,0,0,5.88,2,,v Australia,Wankhede,27 Feb 1996,
ODI,NR Mongia,1,10,8,0,0,12.5,2,,v Sri Lanka,Eden Gardens,13 Mar 1996,
ODI,SR Tendulkar,1,-,5,0,0,20.0,2,,v Pakistan,Sharjah,12 Apr 1996,
ODI,NS Sidhu,1,7,5,0,0,20.0,2,,v South Africa,Sharjah,14 Apr 1996,
ODI,NS Sidhu,1,8,10,0,0,10.0,1,,v South Africa,Sharjah,17 Apr 1996,
ODI,BKV Prasad,1,5,5,0,0,20.0,1,,v England,Leeds,25 May 1996,
ODI,SR Tendulkar,1,18,11,0,0,9.09,1,,v England,Manchester,26 May 1996,
ODI,VG Kambli,1,7,7,0,0,14.28,1,,v Australia,Colombo (SSC),6 Sep 1996,
ODI,SB Joshi,1,-,5,0,0,20.0,2,,v Pakistan,Toronto,21 Sep 1996,
ODI,M Azharuddin,1,3,3,0,0,33.33,2,,v Australia,Bengaluru,21 Oct 1996,
ODI,SB Joshi,1,2,6,0,0,16.66,2,,v Australia,Bengaluru,21 Oct 1996,
ODI,A Kumble,1,5,2,0,0,50.0,2,,v South Africa,Jaipur,23 Oct 1996,
ODI,A Jadeja,1,8,8,0,0,12.5,2,,v South Africa,Bloemfontein,23 Jan 1997,
ODI,SR Tendulkar,1,14,14,0,0,7.14,1,,v South Africa,Gqeberha,2 Feb 1997,
ODI,J Srinath,1,15,3,0,0,33.33,2,,v South Africa,Durban,13 Feb 1997,
ODI,SR Tendulkar,1,17,11,0,0,9.09,1,,v West Indies,Bridgetown,3 May 1997,
ODI,A Kuruvilla,1,4,3,0,0,33.33,2,,v Pakistan,Chennai,21 May 1997,
ODI,RR Singh,1,6,4,0,0,25.0,2,,v Sri Lanka,Colombo (RPS),17 Aug 1997,
ODI,R Dravid,1,5,1,0,0,100.0,2,,v Sri Lanka,Colombo (RPS),17 Aug 1997,
ODI,NR Mongia,1,7,2,0,0,50.0,2,,v Sri Lanka,Colombo (RPS),17 Aug 1997,
ODI,RK Chauhan,1,2,2,0,0,50.0,2,,v Sri Lanka,Colombo (RPS),17 Aug 1997,
ODI,M Azharuddin,1,4,7,0,0,14.28,1,,v Sri Lanka,Colombo (RPS),20 Aug 1997,
ODI,NR Mongia,1,2,1,0,0,100.0,1,,v Sri Lanka,Colombo (SSC),23 Aug 1997,
ODI,A Kuruvilla,1,4,3,0,0,33.33,1,,v Pakistan,Toronto,13 Sep 1997,
ODI,Harvinder Singh,1,3,2,0,0,50.0,1,,v Pakistan,Toronto,13 Sep 1997,
ODI,VG Kambli,1,8,8,0,0,12.5,1,,v Pakistan,Toronto,21 Sep 1997,
ODI,A Kuruvilla,1,10,2,0,0,50.0,1,,v Pakistan,Hyderabad (Sind),28 Sep 1997,
ODI,SR Tendulkar,1,3,2,0,0,50.0,2,,v West Indies,Sharjah,16 Dec 1997,
ODI,BKV Prasad,1,3,4,0,0,25.0,2,,v West Indies,Sharjah,16 Dec 1997,
ODI,RR Singh,1,-,3,0,0,33.33,1,,v Pakistan,Dhaka,11 Jan 1998,
ODI,SV Bahutule,1,-,3,0,0,33.33,1,,v Pakistan,Dhaka,11 Jan 1998,
ODI,SR Tendulkar,1,14,6,0,0,16.66,1,,v Pakistan,Dhaka,16 Jan 1998,
ODI,NS Sidhu,1,9,8,0,0,12.5,1,,v Australia,Kochi,1 Apr 1998,
ODI,SR Tendulkar,1,18,2,0,0,50.0,1,,v Zimbabwe,Cuttack,9 Apr 1998,
ODI,BKV Prasad,1,2,3,0,0,33.33,1,,v Australia,Delhi,14 Apr 1998,
ODI,HH Kanitkar,1,7,6,0,0,16.66,1,,v New Zealand,Sharjah,17 Apr 1998,
ODI,Harvinder Singh,1,6,5,0,0,20.0,2,,v Australia,Sharjah,19 Apr 1998,
ODI,A Jadeja,1,4,5,0,0,20.0,2,,v Australia,Sharjah,22 Apr 1998,
ODI,HH Kanitkar,1,6,3,0,0,33.33,2,,v Kenya,Bengaluru,20 May 1998,
ODI,VVS Laxman,1,4,5,0,0,20.0,2,,v Kenya,Bengaluru,20 May 1998,
ODI,R Dravid,1,22,21,0,0,4.76,2,,v Bangladesh,Wankhede,25 May 1998,
ODI,BKV Prasad,1,9,6,0,0,16.66,2,,v Pakistan,Toronto,13 Sep 1998,
ODI,M Azharuddin,1,7,5,0,0,20.0,2,,v Pakistan,Toronto,16 Sep 1998,
ODI,JV Paranjpe,1,12,16,0,0,6.25,2,,v Pakistan,Toronto,16 Sep 1998,
ODI,R Dravid,1,4,1,0,0,100.0,2,,v Pakistan,Toronto,19 Sep 1998,
ODI,HH Kanitkar,1,2,2,0,0,50.0,2,,v Pakistan,Toronto,19 Sep 1998,
ODI,SC Ganguly,1,12,6,0,0,16.66,1,,v Australia,Dhaka,28 Oct 1998,
ODI,M Azharuddin,1,9,4,0,0,25.0,1,,v West Indies,Dhaka,31 Oct 1998,
ODI,J Srinath,1,4,2,0,0,50.0,2,,v Sri Lanka,Sharjah,6 Nov 1998,
ODI,NR Mongia,1,7,5,0,0,20.0,2,,v Zimbabwe,Sharjah,8 Nov 1998,
ODI,NR Mongia,1,32,22,0,0,4.54,1,,v Sri Lanka,Sharjah,9 Nov 1998,
ODI,SC Ganguly,1,9,2,0,0,50.0,2,,v Zimbabwe,Sharjah,11 Nov 1998,
ODI,M Azharuddin,1,17,4,0,0,25.0,2,,v Pakistan,Jaipur,24 Mar 1999,
ODI,AB Agarkar,1,5,3,0,0,33.33,1,,v Sri Lanka,Pune,30 Mar 1999,
ODI,V Sehwag,1,5,2,0,0,50.0,1,,v Pakistan,Mohali,1 Apr 1999,
ODI,S Ramesh,1,11,5,0,0,20.0,2,,v Pakistan,Bengaluru,4 Apr 1999,
ODI,A Kumble,1,6,8,0,0,12.5,2,,v Pakistan,Bengaluru,4 Apr 1999,
ODI,M Azharuddin,1,8,7,0,0,14.28,2,,v Pakistan,Sharjah,8 Apr 1999,
ODI,AB Agarkar,1,4,5,0,0,20.0,2,,v Zimbabwe,Leicester,19 May 1999,
ODI,J Srinath,1,2,2,0,0,50.0,1,,v England,Birmingham,29 May 1999,
ODI,VG Kambli,1,9,5,0,0,20.0,1,,v West Indies,Singapore,7 Sep 1999,
ODI,VG Kambli,1,-,5,0,0,20.0,1,,v West Indies,Singapore,8 Sep 1999,
ODI,SC Ganguly,1,-,6,0,0,16.66,2,,v West Indies,Toronto,12 Sep 1999,
ODI,R Vijay Bharadwaj,1,8,2,0,0,50.0,2,,v New Zealand,Rajkot,5 Nov 1999,
ODI,SR Tendulkar,1,41,23,0,0,4.34,1,,v New Zealand,Gwalior,11 Nov 1999,
ODI,SR Tendulkar,1,13,11,0,0,9.09,1,,v Australia,Sydney,14 Jan 2000,
ODI,RR Singh,1,7,6,0,0,16.66,2,,v Australia,Adelaide,26 Jan 2000,
ODI,DS Mohanty,1,8,12,0,0,8.33,2,,v Australia,Adelaide,26 Jan 2000,
ODI,SC Ganguly,1,5,3,0,0,33.33,2,,v Pakistan,W.A.C.A,28 Jan 2000,
ODI,VVS Laxman,1,18,14,0,0,7.14,2,,v Pakistan,W.A.C.A,28 Jan 2000,
ODI,RR Singh,1,2,3,0,0,33.33,1,,v South Africa,Sharjah,22 Mar 2000,
ODI,AB Agarkar,1,13,11,0,0,9.09,1,,v South Africa,Sharjah,22 Mar 2000,
ODI,BKV Prasad,1,4,6,0,0,16.66,1,,v South Africa,Sharjah,27 Mar 2000,
ODI,M Azharuddin,1,7,3,0,0,33.33,2,,v Pakistan,Dhaka,3 Jun 2000,
ODI,V Dahiya,1,3,3,0,0,33.33,1,,v South Africa,Nairobi (Gym),13 Oct 2000,
ODI,VG Kambli,1,4,5,0,0,20.0,1,,v New Zealand,Nairobi (Gym),15 Oct 2000,
ODI,SC Ganguly,1,-,3,0,0,33.33,2,,v Sri Lanka,Sharjah,27 Oct 2000,
ODI,Z Khan,1,-,14,0,0,7.14,2,,v Sri Lanka,Sharjah,29 Oct 2000,
ODI,HK Badani,1,3,1,0,0,100.0,1,,v Zimbabwe,Jodhpur,8 Dec 2000,
ODI,AB Agarkar,1,5,5,0,0,20.0,1,,v Australia,Indore,31 Mar 2001,
ODI,Harbhajan Singh,1,5,6,0,0,16.66,2,,v Sri Lanka,Colombo (RPS),22 Jul 2001,
ODI,VVS Laxman,1,4,2,0,0,50.0,2,,v New Zealand,Colombo (RPS),26 Jul 2001,
ODI,SC Ganguly,1,10,7,0,0,14.28,2,,v Sri Lanka,Colombo (RPS),5 Aug 2001,
ODI,R Dravid,1,12,7,0,0,14.28,1,,v South Africa,Johannesburg,5 Oct 2001,
ODI,AB Agarkar,1,7,4,0,0,25.0,1,,v South Africa,Centurion,10 Oct 2001,
ODI,A Kumble,1,8,11,0,0,9.09,2,,v Kenya,Gqeberha,17 Oct 2001,
ODI,Harvinder Singh,1,7,5,0,0,20.0,2,,v Kenya,Gqeberha,17 Oct 2001,
ODI,SB Bangar,1,5,5,0,0,20.0,2,,v England,Chennai,25 Jan 2002,
ODI,Yuvraj Singh,1,6,6,0,0,16.66,1,,v West Indies,Port of Spain,1 Jun 2002,
ODI,D Mongia,1,7,5,0,0,20.0,2,,v England,Lord's,29 Jun 2002,
ODI,SR Tendulkar,1,12,9,0,0,11.11,2,,v England,Lord's,29 Jun 2002,
ODI,M Kaif,1,8,8,0,0,12.5,2,,v England,The Oval,9 Jul 2002,
ODI,V Sehwag,1,5,5,0,0,20.0,1,,v West Indies,Nagpur,9 Nov 2002,
ODI,Yuvraj Singh,1,2,2,0,0,50.0,1,,v West Indies,Nagpur,9 Nov 2002,
ODI,RS Sodhi,1,5,3,0,0,33.33,2,,v West Indies,Jodhpur,21 Nov 2002,
ODI,SB Bangar,1,10,9,0,0,11.11,1,,v New Zealand,Christchurch,1 Jan 2003,
ODI,J Srinath,1,6,3,0,0,33.33,1,,v New Zealand,Christchurch,1 Jan 2003,
ODI,Z Khan,1,12,6,0,0,16.66,1,,v New Zealand,Queenstown,4 Jan 2003,
ODI,M Kaif,1,20,13,0,0,7.69,2,,v New Zealand,Wellington,8 Jan 2003,
ODI,SR Tendulkar,1,21,13,0,0,7.69,2,,v New Zealand,Auckland,11 Jan 2003,
ODI,SB Bangar,1,5,2,0,0,50.0,2,,v New Zealand,Auckland,11 Jan 2003,
ODI,Z Khan,1,4,2,0,0,50.0,2,,v New Zealand,Auckland,11 Jan 2003,
ODI,SR Tendulkar,1,7,6,0,0,16.66,1,,v New Zealand,Hamilton,14 Jan 2003,
ODI,R Dravid,1,27,23,0,0,4.34,1,,v Australia,Centurion,15 Feb 2003,
ODI,M Kaif,1,15,16,0,0,6.25,1,,v Australia,Centurion,15 Feb 2003,
ODI,Z Khan,1,9,9,0,0,11.11,1,,v Australia,Centurion,15 Feb 2003,
ODI,Yuvraj Singh,1,3,5,0,0,20.0,1,,v Zimbabwe,Harare,19 Feb 2003,
ODI,V Sehwag,1,9,6,0,0,16.66,2,,v New Zealand,Centurion,14 Mar 2003,
ODI,J Srinath,1,6,4,0,0,25.0,2,,v Australia,Johannesburg,23 Mar 2003,
ODI,Harbhajan Singh,1,4,2,0,0,50.0,1,,v South Africa,Dhaka,18 Apr 2003,
ODI,M Kartik,1,11,4,0,0,25.0,2,,v Australia,Eden Gardens,18 Nov 2003,
ODI,AB Agarkar,1,5,4,0,0,25.0,2,,v Australia,Melbourne,9 Jan 2004,
ODI,SC Ganguly,1,7,8,0,0,12.5,1,,v Australia,Sydney,22 Jan 2004,
ODI,SC Ganguly,1,5,5,0,0,20.0,1,,v Zimbabwe,Adelaide,24 Jan 2004,
ODI,VVS Laxman,1,11,8,0,0,12.5,1,,v Australia,W.A.C.A,1 Feb 2004,
ODI,SC Ganguly,1,17,10,0,0,10.0,1,,v Australia,W.A.C.A,1 Feb 2004,
ODI,M Kaif,1,4,4,0,0,25.0,1,,v Pakistan,Peshawar,19 Mar 2004,
ODI,V Sehwag,1,10,5,0,0,20.0,2,,v Pakistan,Colombo (RPS),25 Jul 2004,
ODI,R Dravid,1,5,7,0,0,14.28,1,,v Sri Lanka,Colombo (RPS),27 Jul 2004,
ODI,M Kaif,1,5,2,0,0,50.0,1,,v Sri Lanka,Colombo (RPS),27 Jul 2004,
ODI,AB Agarkar,1,3,3,0,0,33.33,2,,v Pakistan,Amstelveen,21 Aug 2004,
ODI,IK Pathan,1,5,2,0,0,50.0,2,,v Pakistan,Amstelveen,21 Aug 2004,
ODI,R Dravid,1,11,8,0,0,12.5,2,,v England,The Oval,3 Sep 2004,
ODI,V Sehwag,1,1,2,0,0,50.0,1,,v England,Lord's,5 Sep 2004,
ODI,KD Karthik,1,10,12,0,0,8.33,1,,v England,Lord's,5 Sep 2004,
ODI,Yuvraj Singh,1,12,8,0,0,12.5,2,,v Pakistan,Jamshedpur,9 Apr 2005,
ODI,SR Tendulkar,1,13,10,0,0,10.0,1,,v Pakistan,Kanpur,15 Apr 2005,
ODI,A Nehra,1,10,9,0,0,11.11,2,,v Pakistan,Delhi,17 Apr 2005,
ODI,IK Pathan,1,3,4,0,0,25.0,2,,v Sri Lanka,Colombo (RPS),9 Aug 2005,
ODI,Yuvraj Singh,1,5,4,0,0,25.0,2,,v New Zealand,Bulawayo,26 Aug 2005,
ODI,AB Agarkar,1,3,1,0,0,100.0,1,,v Sri Lanka,Nagpur,25 Oct 2005,
ODI,V Sehwag,1,6,4,0,0,25.0,1,,v South Africa,Hyderabad,16 Nov 2005,
ODI,M Kaif,1,5,3,0,0,33.33,1,,v South Africa,Hyderabad,16 Nov 2005,
ODI,G Gambhir,1,3,4,0,0,25.0,1,,v South Africa,Hyderabad,16 Nov 2005,
ODI,M Kartik,1,4,3,0,0,33.33,1,,v Pakistan,Peshawar,6 Feb 2006,
ODI,Yuvraj Singh,1,5,6,0,0,16.66,1,,v England,Delhi,28 Mar 2006,
ODI,IK Pathan,1,6,4,0,0,25.0,2,,v West Indies,Kingston,18 May 2006,
ODI,Harbhajan Singh,1,12,4,0,0,25.0,2,,v West Indies,Kingston,20 May 2006,
ODI,IK Pathan,1,-,4,0,0,25.0,1,,v West Indies,Basseterre,23 May 2006,
ODI,RR Powar,1,-,8,0,0,12.5,1,,v West Indies,Basseterre,23 May 2006,
ODI,V Sehwag,1,8,6,0,0,16.66,1,,v West Indies,Kuala Lumpur,20 Sep 2006,
ODI,MM Patel,1,2,2,0,0,50.0,2,,v Australia,Kuala Lumpur,22 Sep 2006,
ODI,AB Agarkar,1,10,2,0,0,50.0,1,,v West Indies,Ahmedabad,26 Oct 2006,
ODI,D Mongia,1,8,9,0,0,11.11,2,,v South Africa,Durban,22 Nov 2006,
ODI,Harbhajan Singh,1,10,4,0,0,25.0,2,,v South Africa,Durban,22 Nov 2006,
ODI,Z Khan,1,4,8,0,0,12.5,2,,v South Africa,Durban,22 Nov 2006,
ODI,IK Pathan,1,12,10,0,0,10.0,2,,v South Africa,Cape Town,26 Nov 2006,
ODI,SR Tendulkar,1,4,3,0,0,33.33,2,,v South Africa,Gqeberha,29 Nov 2006,
ODI,Harbhajan Singh,1,3,5,0,0,20.0,1,,v South Africa,Centurion,3 Dec 2006,
ODI,A Kumble,1,9,3,0,0,33.33,1,,v South Africa,Centurion,3 Dec 2006,
ODI,Joginder Sharma,1,4,6,0,0,16.66,1,,v West Indies,Cuttack,24 Jan 2007,
ODI,S Sreesanth,1,5,5,0,0,20.0,1,,v West Indies,Chennai,27 Jan 2007,
ODI,SR Tendulkar,1,13,8,0,0,12.5,2,,v Sri Lanka,Margao,14 Feb 2007,
ODI,KD Karthik,1,10,9,0,0,11.11,2,,v Sri Lanka,Visakhapatnam,17 Feb 2007,
ODI,Z Khan,1,6,5,0,0,20.0,2,,v Sri Lanka,Port of Spain,23 Mar 2007,
ODI,Yuvraj Singh,1,11,9,0,0,11.11,2,,v Bangladesh,Mirpur,10 May 2007,
ODI,PP Chawla,1,4,2,0,0,50.0,1,,v Bangladesh,Mirpur,12 May 2007,
ODI,RR Powar,1,2,3,0,0,33.33,1,,v South Africa,Belfast,26 Jun 2007,
ODI,KD Karthik,1,5,2,0,0,50.0,1,,v England,Bristol,24 Aug 2007,
ODI,AB Agarkar,1,2,3,0,0,33.33,1,,v England,Bristol,24 Aug 2007,
ODI,RR Powar,1,2,2,0,0,50.0,1,,v England,Bristol,24 Aug 2007,
ODI,PP Chawla,1,2,2,0,0,50.0,2,,v England,Birmingham,27 Aug 2007,
ODI,MM Patel,1,2,3,0,0,33.33,2,,v England,Birmingham,27 Aug 2007,
ODI,R Dravid,1,6,8,0,0,12.5,1,,v England,Manchester,30 Aug 2007,
ODI,AB Agarkar,1,4,1,0,0,100.0,2,,v England,The Oval,5 Sep 2007,
ODI,IK Pathan,1,9,7,0,0,14.28,2,,v Australia,Kochi,2 Oct 2007,
ODI,RG Sharma,1,3,4,0,0,25.0,2,,v Australia,Hyderabad,5 Oct 2007,
ODI,S Sreesanth,1,11,12,0,0,8.33,2,,v Australia,Hyderabad,5 Oct 2007,
ODI,Yuvraj Singh,1,16,7,0,0,14.28,1,,v Australia,Vadodara,11 Oct 2007,
ODI,RV Uthappa,1,14,10,0,0,10.0,2,,v Pakistan,Jaipur,18 Nov 2007,
ODI,RG Sharma,1,12,3,0,0,33.33,2,,v Australia,Adelaide,17 Feb 2008,
ODI,S Sreesanth,1,15,4,0,0,25.0,2,,v Australia,Adelaide,17 Feb 2008,
ODI,RG Sharma,1,3,3,0,0,33.33,2,,v Australia,Sydney,24 Feb 2008,
ODI,SK Raina,1,12,6,0,0,16.66,1,,v Pakistan,Karachi,2 Jul 2008,
ODI,SK Raina,1,7,4,0,0,25.0,2,,v Sri Lanka,Dambulla,20 Aug 2008,
ODI,Harbhajan Singh,1,8,6,0,0,16.66,2,,v Sri Lanka,Dambulla,20 Aug 2008,
ODI,Z Khan,1,9,6,0,0,16.66,1,,v Sri Lanka,Colombo (RPS),24 Aug 2008,
ODI,MS Dhoni,1,17,7,0,0,14.28,2,,v Sri Lanka,Colombo (RPS),29 Aug 2008,
ODI,V Sehwag,1,6,4,0,0,25.0,1,,v England,Indore,17 Nov 2008,
ODI,Z Khan,1,6,7,0,0,14.28,1,,v England,Indore,17 Nov 2008,
ODI,SK Raina,1,10,8,0,0,12.5,2,,v England,Kanpur,20 Nov 2008,
ODI,Harbhajan Singh,1,8,5,0,0,20.0,1,,v New Zealand,Auckland,14 Mar 2009,
ODI,P Kumar,1,2,5,0,0,20.0,1,,v West Indies,Kingston,28 Jun 2009,
ODI,YK Pathan,1,8,5,0,0,20.0,2,,v Sri Lanka,Colombo (RPS),12 Sep 2009,
ODI,A Nehra,1,6,4,0,0,25.0,2,,v Sri Lanka,Colombo (RPS),12 Sep 2009,
ODI,P Kumar,1,1,1,0,0,100.0,1,,v Australia,Nagpur,28 Oct 2009,
ODI,A Nehra,1,1,2,0,0,50.0,2,,v Australia,Hyderabad,5 Nov 2009,
ODI,Harbhajan Singh,1,2,2,0,0,50.0,1,,v Sri Lanka,Mirpur,5 Jan 2010,
ODI,Yuvraj Singh,1,5,4,0,0,25.0,2,,v Bangladesh,Mirpur,7 Jan 2010,
ODI,S Sreesanth,1,-,3,0,0,33.33,2,,v South Africa,Ahmedabad,27 Feb 2010,
ODI,NV Ojha,1,13,7,0,0,14.28,1,,v Sri Lanka,Harare,5 Jun 2010,
ODI,P Kumar,1,12,8,0,0,12.5,2,,v New Zealand,Dambulla,10 Aug 2010,
ODI,SK Raina,1,7,3,0,0,33.33,1,,v New Zealand,Dambulla,25 Aug 2010,
ODI,M Vijay,1,2,3,0,0,33.33,2,,v South Africa,Durban,12 Jan 2011,
ODI,A Nehra,1,9,7,0,0,14.28,2,,v South Africa,Durban,12 Jan 2011,
ODI,A Nehra,1,10,3,0,0,33.33,1,,v South Africa,Johannesburg,15 Jan 2011,
ODI,M Vijay,1,9,8,0,0,12.5,2,,v South Africa,Cape Town,18 Jan 2011,
ODI,RG Sharma,1,6,6,0,0,16.66,2,,v South Africa,Gqeberha,21 Jan 2011,
ODI,V Kohli,1,2,3,0,0,33.33,1,,v South Africa,Nagpur,12 Mar 2011,
ODI,MM Patel,1,1,2,0,0,50.0,1,,v West Indies,Chennai,20 Mar 2011,
ODI,A Nehra,1,1,2,0,0,50.0,1,,v Pakistan,Mohali,30 Mar 2011,
ODI,YK Pathan,1,6,3,0,0,33.33,2,,v West Indies,North Sound,11 Jun 2011,
ODI,YK Pathan,1,3,2,0,0,50.0,2,,v West Indies,North Sound,13 Jun 2011,
ODI,R Ashwin,1,4,1,0,0,100.0,1,,v England,Southampton,6 Sep 2011,
ODI,G Gambhir,1,-,6,0,0,16.66,2,,v England,Wankhede,23 Oct 2011,
ODI,R Sharma,1,2,2,0,0,50.0,2,,v Australia,Melbourne,5 Feb 2012,
ODI,R Vinay Kumar,1,7,2,0,0,50.0,2,,v Sri Lanka,Adelaide,14 Feb 2012,
ODI,P Kumar,1,8,4,0,0,25.0,2,,v Australia,Sydney,26 Feb 2012,
ODI,V Kohli,1,6,5,0,0,20.0,1,,v Sri Lanka,Hambantota,24 Jul 2012,
ODI,SK Raina,1,6,5,0,0,20.0,1,,v Sri Lanka,Hambantota,24 Jul 2012,
ODI,Mohammed Shami,1,12,6,0,0,16.66,1,,v England,Dharamsala,27 Jan 2013,
ODI,SK Raina,1,3,6,0,0,16.66,1,,v England,Birmingham,23 Jun 2013,
ODI,R Ashwin,1,5,1,0,0,100.0,1,,v England,Birmingham,23 Jun 2013,
ODI,RG Sharma,1,5,7,0,0,14.28,1,,v Zimbabwe,Harare,26 Jul 2013,
ODI,UT Yadav,1,6,5,0,0,20.0,2,,v South Africa,Durban,8 Dec 2013,
ODI,AT Rayudu,1,7,7,0,0,14.28,1,,v Bangladesh,Mirpur,17 Jun 2014,
ODI,AT Rayudu,1,14,6,0,0,16.66,1,,v Bangladesh,Mirpur,19 Jun 2014,
ODI,AR Patel,1,4,3,0,0,33.33,1,,v Bangladesh,Mirpur,19 Jun 2014,
ODI,MM Sharma,1,23,13,0,0,7.69,1,,v Bangladesh,Mirpur,19 Jun 2014,
ODI,B Kumar,1,6,3,0,0,33.33,2,,v England,Leeds,5 Sep 2014,
ODI,S Dhawan,1,9,9,0,0,11.11,1,,v West Indies,Delhi,11 Oct 2014,
ODI,S Dhawan,1,9,5,0,0,20.0,1,,v England,Brisbane,20 Jan 2015,
ODI,SK Raina,1,4,3,0,0,33.33,1,,v England,Brisbane,20 Jan 2015,
ODI,Mohammed Shami,1,13,7,0,0,14.28,1,,v England,Brisbane,20 Jan 2015,
ODI,SK Raina,1,8,5,0,0,20.0,1,,v England,W.A.C.A,30 Jan 2015,
ODI,AR Patel,1,7,5,0,0,20.0,1,,v England,W.A.C.A,30 Jan 2015,
ODI,V Kohli,1,11,13,0,0,7.69,2,,v Australia,Sydney,26 Mar 2015,
ODI,V Kohli,1,9,4,0,0,25.0,2,,v Bangladesh,Mirpur,18 Jun 2015,
ODI,M Vijay,1,14,9,0,0,11.11,1,,v Zimbabwe,Harare,10 Jul 2015,
ODI,AR Patel,1,2,2,0,0,50.0,1,,v Zimbabwe,Harare,12 Jul 2015,
ODI,B Kumar,1,13,8,0,0,12.5,2,,v South Africa,Wankhede,25 Oct 2015,
ODI,R Ashwin,1,4,2,0,0,50.0,1,,v Australia,Brisbane,15 Jan 2016,
ODI,A Mishra,1,3,3,0,0,33.33,2,,v New Zealand,Delhi,20 Oct 2016,
ODI,S Dhawan,1,18,10,0,0,10.0,2,,v England,Pune,15 Jan 2017,
ODI,AM Rahane,1,8,6,0,0,16.66,2,,v England,Eden Gardens,22 Jan 2017,
ODI,R Ashwin,1,5,3,0,0,33.33,2,,v England,Eden Gardens,22 Jan 2017,
ODI,R Ashwin,1,11,3,0,0,33.33,2,,v Pakistan,The Oval,18 Jun 2017,
ODI,JJ Bumrah,1,10,9,0,0,11.11,2,,v Pakistan,The Oval,18 Jun 2017,
ODI,Mohammed Shami,1,-,2,0,0,50.0,2,,v West Indies,North Sound,2 Jul 2017,
ODI,KM Jadhav,1,-,3,0,0,33.33,2,,v Sri Lanka,Pallekele,24 Aug 2017,
ODI,YS Chahal,1,3,2,0,0,50.0,1,,v Australia,Eden Gardens,21 Sep 2017,
ODI,KM Jadhav,1,6,3,0,0,33.33,1,,v South Africa,Cape Town,7 Feb 2018,
ODI,S Kaul,1,-,2,0,0,50.0,2,,v England,Lord's,14 Jul 2018,
ODI,SK Raina,1,7,4,0,0,25.0,1,,v England,Leeds,17 Jul 2018,
ODI,Mohammed Shami,1,4,2,0,0,50.0,2,,v Australia,Sydney,12 Jan 2019,
ODI,KM Jadhav,1,13,7,0,0,14.28,1,,v New Zealand,Hamilton,31 Jan 2019,
ODI,B Kumar,1,16,12,0,0,8.33,1,,v New Zealand,Hamilton,31 Jan 2019,
ODI,MS Dhoni,1,13,6,0,0,16.66,1,,v New Zealand,Wellington,3 Feb 2019,
ODI,Mohammed Shami,1,4,1,0,0,100.0,1,,v New Zealand,Wellington,3 Feb 2019,
ODI,S Dhawan,1,-,10,0,0,10.0,2,,v Australia,Ranchi,8 Mar 2019,
ODI,B Kumar,1,-,2,0,0,50.0,1,,v Australia,Mohali,10 Mar 2019,
ODI,MS Dhoni,1,8,2,0,0,50.0,1,,v Pakistan,Manchester,16 Jun 2019,
ODI,RG Sharma,1,60,10,0,0,10.0,1,,v Afghanistan,Southampton,22 Jun 2019,
ODI,Mohammed Shami,1,7,2,0,0,50.0,1,,v Afghanistan,Southampton,22 Jun 2019,
ODI,Mohammed Shami,1,6,2,0,0,50.0,1,,v Bangladesh,Birmingham,2 Jul 2019,
ODI,KL Rahul,1,18,7,0,0,14.28,2,,v New Zealand,Manchester,9 Jul 2019,
ODI,RG Sharma,1,7,4,0,0,25.0,2,,v New Zealand,Manchester,9 Jul 2019,
ODI,V Kohli,1,8,6,0,0,16.66,2,,v New Zealand,Manchester,9 Jul 2019,
ODI,B Kumar,1,6,2,0,0,50.0,1,,v West Indies,Port of Spain,11 Aug 2019,
ODI,MA Agarwal,1,8,3,0,0,33.33,1,,v New Zealand,Mount Maunganui,11 Feb 2020,
ODI,Mohammed Shami,1,-,4,0,0,25,2,,v Australia,Sydney,29 Nov 2020,
ODI,HH Pandya,1,13,9,0,0,11.11,1,,v England,Pune,23 Mar 2021,
ODI,Ishan Kishan,1,13,4,0,0,25,2,,v Sri Lanka,Colombo (RPS),20 Jul 2021,
ODI,S Dhawan,1,9,3,0,0,33.33,2,,v England,Manchester,17 Jul 2022,
ODI,KL Rahul,1,9,5,0,0,20,2,,v Zimbabwe,Harare,20 Aug 2022,
ODI,DJ Hooda,1,3,3,0,0,33.33,1,,v Zimbabwe,Harare,22 Aug 2022,
ODI,AR Patel,1,9,4,0,0,25,1,,v Zimbabwe,Harare,22 Aug 2022,
ODI,SN Thakur,1,3,2,0,0,50,1,,v New Zealand,Auckland,25 Nov 2022,
ODI,HH Pandya,1,3,3,0,0,33.33,1,,v Australia,Visakhapatnam,19 Mar 2023,
ODI,SN Thakur,1,4,4,0,0,25,2,,v West Indies,Bridgetown,27 Jul 2023,
ODI,AR Patel,1,9,8,0,0,12.5,1,,v West Indies,Bridgetown,29 Jul 2023,
ODI,Mohammed Siraj,1,17,8,0,0,12.5,2,,v Australia,Rajkot,27 Sep 2023,
ODI,Mohammed Shami,1,4,5,0,0,20,1,,v England,Lucknow,29 Oct 2023,
ODI,SA Yadav,1,2,2,0,0,50,1,,v New Zealand,Wankhede,15 Nov 2023,
ODI,JJ Bumrah,1,5,3,0,0,33.33,1,,v Australia,Ahmedabad,19 Nov 2023,
ODI,Kuldeep Yadav,1,9,5,0,0,20,1,,v South Africa,Gqeberha,19 Dec 2023,
ODI,AR Patel,1,6,3,0,0,33.33,1,,v South Africa,Paarl,21 Dec 2023,
ODI,RG Sharma,1,5,2,0,0,50,1,,v England,Ahmedabad,12 Feb 2025,
ODI,V Kohli,1,4,2,0,0,50,2,,v New Zealand,Dubai (DICS),9 Mar 2025,
ODI,Harshit Rana,1,2,2,0,0,50,1,,v Australia,Perth,19 Oct 2025,
ODI,Washington Sundar,1,7,8,0,0,12.5,1,,v South Africa,Raipur,3 Dec 2025,
ODI,KL Rahul,1,5,6,0,0,16.66,2,,v New Zealand,Indore,18 Jan 2026,
ODI,B Yograj Singh,0*,9,7,0,0,0,1,,v Australia,Sydney,8 Jan 1981,
ODI,B Yograj Singh,0*,-,1,0,0,0,2,,v New Zealand,Hamilton,15 Feb 1981,
ODI,RMH Binny,0*,-,0,0,0,-,2,,v Pakistan,Hyderabad (Deccan),10 Sep 1983,
ODI,N Kapil Dev,0*,2,2,0,0,0,1,,v Australia,Jamshedpur,3 Oct 1984,
ODI,RMH Binny,0*,-,0,0,0,-,1,,v England,Pune,5 Dec 1984,
ODI,NS Yadav,0*,2,2,0,0,0,1,,v Australia,Brisbane,12 Jan 1986,
ODI,CS Pandit,0*,-,2,0,0,0,1,,v Pakistan,Sharjah,18 Apr 1986,
ODI,Maninder Singh,0*,-,0,0,0,-,2,,v Sri Lanka,Kanpur,24 Dec 1986,
ODI,M Prabhakar,0*,-,0,0,0,-,1,,v Pakistan,Hyderabad (Deccan),20 Mar 1987,
ODI,Maninder Singh,0*,-,0,0,0,-,2,,v England,Wankhede,5 Nov 1987,
ODI,Arshad Ayub,0*,-,0,0,0,-,1,,v New Zealand,Sharjah,1 Apr 1988,
ODI,M Venkataramana,0*,1,0,0,0,-,2,,v New Zealand,Vadodara,17 Dec 1988,
ODI,ND Hirwani,0*,-,1,0,0,0,1,,v West Indies,Port of Spain,9 Mar 1989,
ODI,RJ Shastri,0*,-,1,0,0,0,1,,v Pakistan,Sharjah,15 Oct 1989,
ODI,Maninder Singh,0*,-,1,0,0,0,2,,v Pakistan,Gujranwala,18 Dec 1989,
ODI,N Kapil Dev,0*,-,0,0,0,-,2,,v Sri Lanka,Pune,5 Dec 1990,
ODI,KS More,0*,-,3,0,0,0,2,,v South Africa,Eden Gardens,10 Nov 1991,
ODI,N Kapil Dev,0*,2,0,0,0,-,1,,v Sri Lanka,Mackay,28 Feb 1992,
ODI,J Srinath,0*,1,0,0,0,-,1,,v South Africa,Adelaide,15 Mar 1992,
ODI,A Kumble,0*,-,1,0,0,0,1,,v Sri Lanka,Colombo (RPS),25 Jul 1993,
ODI,J Srinath,0*,-,2,0,0,0,2,,v Sri Lanka,Colombo (RPS),12 Aug 1993,
ODI,BKV Prasad,0*,3,1,0,0,0,2,,v New Zealand,Nagpur,26 Nov 1995,
ODI,BKV Prasad,0*,2,0,0,0,-,1,,v Pakistan,Bengaluru,9 Mar 1996,
ODI,A Kumble,0*,1,0,0,0,-,2,,v Sri Lanka,Eden Gardens,13 Mar 1996,
ODI,SLV Raju,0*,-,2,0,0,0,2,,v Pakistan,Sharjah,12 Apr 1996,
ODI,SV Manjrekar,0*,-,0,0,0,-,1,,v Pakistan,Sharjah,15 Apr 1996,
ODI,SLV Raju,0*,1,1,0,0,0,2,,v South Africa,Sharjah,19 Apr 1996,
ODI,BKV Prasad,0*,-,0,0,0,-,1,,v Pakistan,Toronto,18 Sep 1996,
ODI,BKV Prasad,0*,-,0,0,0,-,2,,v Pakistan,Toronto,21 Sep 1996,
ODI,BKV Prasad,0*,1,0,0,0,-,1,,v Zimbabwe,Centurion,7 Feb 1997,
ODI,BKV Prasad,0*,1,0,0,0,-,1,,v Zimbabwe,Bulawayo,15 Feb 1997,
ODI,A Kumble,0*,3,0,0,0,-,2,,v Sri Lanka,Colombo (RPS),17 Aug 1997,
ODI,DS Mohanty,0*,1,0,0,0,-,1,,v Pakistan,Toronto,13 Sep 1997,
ODI,DS Mohanty,0*,3,0,0,0,-,1,,v Pakistan,Lahore,2 Oct 1997,
ODI,RK Chauhan,0*,4,1,0,0,0,2,,v West Indies,Sharjah,16 Dec 1997,
ODI,SV Bahutule,0*,6,2,0,0,0,1,,v Sri Lanka,Margao,28 Dec 1997,
ODI,NR Mongia,0*,-,6,0,0,0,2,,v Bangladesh,Dhaka,10 Jan 1998,
ODI,J Srinath,0*,-,1,0,0,0,1,,v Pakistan,Dhaka,11 Jan 1998,
ODI,Harbhajan Singh,0*,1,0,0,0,-,1,,v New Zealand,Sharjah,17 Apr 1998,
ODI,NR Mongia,0*,1,0,0,0,-,1,,v Australia,Dhaka,28 Oct 1998,
ODI,AB Agarkar,0*,3,1,0,0,0,1,,v Sri Lanka,Nagpur,22 Mar 1999,
ODI,J Srinath,0*,2,0,0,0,-,1,,v Sri Lanka,Taunton,26 May 1999,
ODI,BKV Prasad,0*,1,0,0,0,-,2,,v Australia,Colombo (SSC),28 Aug 1999,
ODI,A Kumble,0*,1,0,0,0,-,1,,v Zimbabwe,Singapore,4 Sep 1999,
ODI,DS Mohanty,0*,-,1,0,0,0,2,,v West Indies,Toronto,12 Sep 1999,
ODI,BKV Prasad,0*,1,0,0,0,-,1,,v Pakistan,Brisbane,10 Jan 2000,
ODI,SS Dighe,0*,1,2,0,0,0,1,,v Pakistan,Adelaide,25 Jan 2000,
ODI,BKV Prasad,0*,1,2,0,0,0,2,,v South Africa,Nagpur,19 Mar 2000,
ODI,SS Karim,0*,4,6,0,0,0,2,,v Pakistan,Sharjah,23 Mar 2000,
ODI,BKV Prasad,0*,3,3,0,0,0,2,,v Pakistan,Sharjah,26 Mar 2000,
ODI,A Bhandari,0*,2,0,0,0,-,2,,v Pakistan,Dhaka,3 Jun 2000,
ODI,Z Khan,0*,1,0,0,0,-,1,,v Australia,Margao,6 Apr 2001,
ODI,A Kumble,0*,1,1,0,0,0,1,,v England,Eden Gardens,19 Jan 2002,
ODI,VVS Laxman,0*,-,2,0,0,0,2,,v West Indies,Rajkot,12 Nov 2002,
ODI,A Nehra,0*,4,2,0,0,0,1,,v New Zealand,Auckland,26 Dec 2002,
ODI,A Nehra,0*,3,0,0,0,-,2,,v New Zealand,Napier,29 Dec 2002,
ODI,J Srinath,0*,6,1,0,0,0,2,,v New Zealand,Auckland,11 Jan 2003,
ODI,J Srinath,0*,1,0,0,0,-,1,,v Netherlands,Paarl,12 Feb 2003,
ODI,Harbhajan Singh,0*,5,1,0,0,0,1,,v England,Durban,26 Feb 2003,
ODI,L Balaji,0*,2,0,0,0,-,2,,v Australia,Melbourne,9 Jan 2004,
ODI,Z Khan,0*,3,2,0,0,0,2,,v Sri Lanka,Dambulla,18 Jul 2004,
ODI,IK Pathan,0*,1,0,0,0,-,1,,v Pakistan,Eden Gardens,13 Nov 2004,
ODI,Z Khan,0*,4,0,0,0,-,1,,v Pakistan,Ahmedabad,12 Apr 2005,
ODI,Harbhajan Singh,0*,1,0,0,0,-,2,,v New Zealand,Bulawayo,26 Aug 2005,
ODI,Jai P Yadav,0*,-,0,0,0,-,1,,v Zimbabwe,Harare,29 Aug 2005,
ODI,Jai P Yadav,0*,2,2,0,0,0,2,,v Zimbabwe,Harare,4 Sep 2005,
ODI,Yuvraj Singh,0*,3,0,0,0,-,2,,v Sri Lanka,Vadodara,12 Nov 2005,
ODI,S Sreesanth,0*,3,1,0,0,0,1,,v Pakistan,Peshawar,6 Feb 2006,
ODI,RR Powar,0*,-,0,0,0,-,1,,v West Indies,Port of Spain,26 May 2006,
ODI,RP Singh,0*,1,1,0,0,0,1,,v West Indies,Ahmedabad,26 Oct 2006,
ODI,MM Patel,0*,11,3,0,0,0,2,,v South Africa,Durban,22 Nov 2006,
ODI,S Sreesanth,0*,3,1,0,0,0,2,,v Sri Lanka,Rajkot,11 Feb 2007,
ODI,MM Patel,0*,1,0,0,0,-,2,,v Sri Lanka,Rajkot,11 Feb 2007,
ODI,RR Powar,0*,1,0,0,0,-,2,,v England,The Oval,5 Sep 2007,
ODI,IK Pathan,0*,2,0,0,0,-,2,,v Australia,Bengaluru,29 Sep 2007,
ODI,RV Uthappa,0*,3,0,0,0,-,1,,v Sri Lanka,Canberra,12 Feb 2008,
ODI,I Sharma,0*,6,2,0,0,0,2,,v Sri Lanka,Adelaide,19 Feb 2008,
ODI,PP Chawla,0*,5,2,0,0,0,1,,v Pakistan,Mirpur,10 Jun 2008,
ODI,SK Raina,0*,8,2,0,0,0,2,,v Bangladesh,Mirpur,12 Jun 2008,
ODI,I Sharma,0*,5,1,0,0,0,2,,v Pakistan,Mirpur,14 Jun 2008,
ODI,RG Sharma,0*,3,1,0,0,0,2,,v Pakistan,Karachi,26 Jun 2008,
ODI,MM Patel,0*,2,1,0,0,0,1,,v England,Indore,17 Nov 2008,
ODI,PP Ojha,0*,1,0,0,0,-,1,,v Sri Lanka,Colombo (RPS),31 Jan 2009,
ODI,A Nehra,0*,4,3,0,0,0,1,,v West Indies,Kingston,28 Jun 2009,
ODI,A Nehra,0*,3,0,0,0,-,2,,v Pakistan,Centurion,26 Sep 2009,
ODI,AM Nayar,0*,17,7,0,0,0,2,,v West Indies,Johannesburg,30 Sep 2009,
ODI,S Sreesanth,0*,-,0,0,0,-,1,,v South Africa,Jaipur,21 Feb 2010,
ODI,PP Ojha,0*,6,3,0,0,0,1,,v Sri Lanka,Dambulla,22 Jun 2010,
ODI,PP Ojha,0*,5,4,0,0,0,2,,v New Zealand,Dambulla,10 Aug 2010,
ODI,MM Patel,0*,3,1,0,0,0,2,,v Sri Lanka,Dambulla,28 Aug 2010,
ODI,MM Patel,0*,1,0,0,0,-,1,,v England,Bengaluru,27 Feb 2011,
ODI,MM Patel,0*,1,0,0,0,-,1,,v Pakistan,Mohali,30 Mar 2011,
ODI,RG Sharma,0*,1,1,0,0,0,1,,v England,Chester-le-Street,3 Sep 2011,
ODI,P Kumar,0*,1,1,0,0,0,1,,v England,Southampton,6 Sep 2011,
ODI,RA Jadeja,0*,1,0,0,0,-,1,,v England,Lord's,11 Sep 2011,
ODI,R Ashwin,0*,5,0,0,0,-,1,,v England,Cardiff,16 Sep 2011,
ODI,R Vinay Kumar,0*,3,0,0,0,-,1,,v England,Eden Gardens,25 Oct 2011,
ODI,UT Yadav,0*,1,0,0,0,-,2,,v Sri Lanka,Adelaide,14 Feb 2012,
ODI,UT Yadav,0*,5,2,0,0,0,2,,v Sri Lanka,Brisbane,21 Feb 2012,
ODI,UT Yadav,0*,3,3,0,0,0,2,,v Australia,Sydney,26 Feb 2012,
ODI,R Ashwin,0*,3,0,0,0,-,1,,v Sri Lanka,Hambantota,21 Jul 2012,
ODI,UT Yadav,0*,5,3,0,0,0,1,,v Sri Lanka,Hambantota,24 Jul 2012,
ODI,Mohammed Shami,0*,8,5,0,0,0,1,,v Pakistan,Delhi,6 Jan 2013,
ODI,I Sharma,0*,1,0,0,0,-,1,,v England,Dharamsala,27 Jan 2013,
ODI,B Kumar,0*,-,0,0,0,-,1,,v South Africa,Cardiff,6 Jun 2013,
ODI,I Sharma,0*,1,0,0,0,-,1,,v Australia,Mohali,19 Oct 2013,
ODI,RA Jadeja,0*,2,0,0,0,-,1,,v Australia,Bengaluru,2 Nov 2013,
ODI,MM Sharma,0*,23,5,0,0,0,2,,v South Africa,Johannesburg,5 Dec 2013,
ODI,I Sharma,0*,2,2,0,0,0,2,,v South Africa,Durban,8 Dec 2013,
ODI,UT Yadav,0*,5,2,0,0,0,1,,v Bangladesh,Mirpur,19 Jun 2014,
ODI,UT Yadav,0*,18,2,0,0,0,2,,v England,Leeds,5 Sep 2014,
ODI,UT Yadav,0*,2,0,0,0,-,1,,v England,Brisbane,20 Jan 2015,
ODI,B Kumar,0*,1,0,0,0,-,1,,v Zimbabwe,Harare,12 Jul 2015,
ODI,A Mishra,0*,1,0,0,0,-,2,,v South Africa,Kanpur,11 Oct 2015,
ODI,MM Sharma,0*,16,1,0,0,0,1,,v South Africa,Indore,14 Oct 2015,
ODI,MM Sharma,0*,6,4,0,0,0,2,,v South Africa,Wankhede,25 Oct 2015,
ODI,UT Yadav,0*,1,0,0,0,-,1,,v Australia,Brisbane,15 Jan 2016,
ODI,Gurkeerat Singh,0*,2,0,0,0,-,2,,v Australia,Sydney,23 Jan 2016,
ODI,B Kumar,0*,13,1,0,0,0,2,,v England,Eden Gardens,22 Jan 2017,
ODI,JJ Bumrah,0*,2,0,0,0,-,2,,v England,Eden Gardens,22 Jan 2017,
ODI,RA Jadeja,0*,-,0,0,0,-,1,,v Sri Lanka,The Oval,8 Jun 2017,
ODI,Kuldeep Yadav,0*,2,0,0,0,-,1,,v Australia,Chennai,17 Sep 2017,
ODI,Kuldeep Yadav,0*,3,0,0,0,-,1,,v New Zealand,Wankhede,22 Oct 2017,
ODI,YS Chahal,0*,-,9,0,0,0,1,,v Sri Lanka,Dharamsala,10 Dec 2017,
ODI,Kuldeep Yadav,0*,3,0,0,0,-,1,,v South Africa,Johannesburg,10 Feb 2018,
ODI,Kuldeep Yadav,0*,-,0,0,0,-,1,,v Hong Kong,Dubai (DICS),18 Sep 2018,
ODI,Mohammed Shami,0*,6,1,0,0,0,1,,v West Indies,Visakhapatnam,24 Oct 2018,
ODI,YS Chahal,0*,1,1,0,0,0,1,,v New Zealand,Wellington,3 Feb 2019,
ODI,JJ Bumrah,0*,-,1,0,0,0,2,,v Australia,Ranchi,8 Mar 2019,
ODI,KM Jadhav,0*,2,0,0,0,-,1,,v Australia,The Oval,9 Jun 2019,
ODI,Kuldeep Yadav,0*,7,1,0,0,0,1,,v West Indies,Manchester,27 Jun 2019,
ODI,JJ Bumrah,0*,1,0,0,0,-,1,,v Bangladesh,Birmingham,2 Jul 2019,
ODI,JJ Bumrah,0*,4,0,0,0,-,2,,v New Zealand,Manchester,9 Jul 2019,
ODI,Mohammed Shami,0*,-,1,0,0,0,1,,v West Indies,Chennai,15 Dec 2019,
ODI,RA Jadeja,0*,-,0,0,0,-,1,,v West Indies,Visakhapatnam,18 Dec 2019,
ODI,JJ Bumrah,0*,-,0,0,0,-,1,,v Australia,Wankhede,14 Jan 2020,
ODI,JJ Bumrah,0*,3,1,0,0,0,2,,v New Zealand,Auckland,8 Feb 2020,
ODI,JJ Bumrah,0*,-,3,0,0,0,2,,v Australia,Sydney,27 Nov 2020,
ODI,SN Thakur,0*,1,0,0,0,-,1,,v England,Pune,26 Mar 2021,
ODI,T Natarajan,0*,2,0,0,0,-,1,,v England,Pune,28 Mar 2021,
ODI,C Sakariya,0*,4,1,0,0,0,1,,v Sri Lanka,Colombo (RPS),23 Jul 2021,
ODI,M Prasidh Krishna,0*,8,3,0,0,0,1,,v West Indies,Ahmedabad,9 Feb 2022,
ODI,M Prasidh Krishna,0*,3,0,0,0,-,1,,v West Indies,Ahmedabad,11 Feb 2022,
ODI,Umran Malik,0*,6,4,0,0,0,1,,v New Zealand,Christchurch,30 Nov 2022,
ODI,Umran Malik,0*,6,0,0,0,-,2,,v Bangladesh,Mirpur,7 Dec 2022,
ODI,Mohammed Siraj,0*,2,2,0,0,0,1,,v Bangladesh,Chattogram,10 Dec 2022,
ODI,M Prasidh Krishna,0*,6,2,0,0,0,2,,v Bangladesh,Colombo (RPS),15 Sep 2023,
ODI,M Prasidh Krishna,0*,4,3,0,0,0,2,,v Australia,Rajkot,27 Sep 2023,
ODI,Mohammed Siraj,0*,-,0,0,0,-,2,,v Sri Lanka,Colombo (RPS),7 Aug 2024,
ODI,Mohammed Siraj,0*,3,0,0,0,-,1,,v Australia,Perth,19 Oct 2025,
ODI,Mohammed Siraj,0*,1,1,0,0,0,1,,v Australia,Adelaide,23 Oct 2025,
ODI,Kuldeep Yadav,0*,1,1,0,0,0,1,,v South Africa,Ranchi,30 Nov 2025,
ODI,BS Bedi,0,-,2,0,0,0,1,,v England,Leeds,13 Jul 1974,
ODI,ED Solkar,0,-,17,0,0,0,1,,v England,The Oval,15 Jul 1974,
ODI,S Venkataraghavan,0,-,2,0,0,0,1,,v New Zealand,Christchurch,21 Feb 1976,
ODI,SMH Kirmani,0,-,1,0,0,0,1,,v Pakistan,Quetta,1 Oct 1978,
ODI,GR Viswanath,0,-,3,0,0,0,1,,v Pakistan,Sialkot,13 Oct 1978,
ODI,S Venkataraghavan,0,-,3,0,0,0,1,,v Pakistan,Sialkot,13 Oct 1978,
ODI,SC Khanna,0,17,12,0,0,0,1,,v West Indies,Birmingham,9 Jun 1979,
ODI,RMH Binny,0,4,0,0,0,-,1,,v Australia,Melbourne,6 Dec 1980,
ODI,KD Ghavri,0,1,1,0,0,0,1,,v Australia,Melbourne,6 Dec 1980,
ODI,SM Gavaskar,0,1,1,0,0,0,1,,v New Zealand,W.A.C.A,9 Dec 1980,
ODI,N Kapil Dev,0,4,2,0,0,0,1,,v New Zealand,W.A.C.A,9 Dec 1980,
ODI,SM Patil,0,4,7,0,0,0,1,,v Australia,Sydney,18 Dec 1980,
ODI,B Yograj Singh,0,1,1,0,0,0,1,,v New Zealand,Brisbane,21 Dec 1980,
ODI,DR Doshi,0,3,5,0,0,0,1,,v New Zealand,Brisbane,21 Dec 1980,
ODI,N Kapil Dev,0,3,1,0,0,0,1,,v Australia,Sydney,8 Jan 1981,
ODI,DB Vengsarkar,0,1,2,0,0,0,1,,v New Zealand,Melbourne,10 Jan 1981,
ODI,N Kapil Dev,0,1,2,0,0,0,2,,v New Zealand,Brisbane,18 Jan 1981,
ODI,DR Doshi,0,1,1,0,0,0,2,,v New Zealand,Brisbane,18 Jan 1981,
ODI,DB Vengsarkar,0,-,3,0,0,0,2,,v New Zealand,Auckland,14 Feb 1981,
ODI,SM Gavaskar,0,-,13,0,0,0,1,,v England,Ahmedabad,25 Nov 1981,
ODI,K Srikkanth,0,-,10,0,0,0,1,,v England,Ahmedabad,25 Nov 1981,
ODI,N Kapil Dev,0,-,2,0,0,0,2,,v England,Cuttack,27 Jan 1982,
ODI,SM Patil,0,-,6,0,0,0,1,,v England,Leeds,2 Jun 1982,
ODI,N Kapil Dev,0,-,1,0,0,0,2,,v West Indies,Port of Spain,9 Mar 1983,
ODI,SM Patil,0,-,7,0,0,0,2,,v Australia,Nottingham,13 Jun 1983,
ODI,RMH Binny,0,-,6,0,0,0,2,,v Australia,Nottingham,13 Jun 1983,
ODI,SMH Kirmani,0,-,2,0,0,0,2,,v West Indies,The Oval,15 Jun 1983,
ODI,BS Sandhu,0,-,2,0,0,0,2,,v West Indies,The Oval,15 Jun 1983,
ODI,SM Gavaskar,0,-,2,0,0,0,1,,v Zimbabwe,Tunbridge Wells,18 Jun 1983,
ODI,K Srikkanth,0,-,13,0,0,0,1,,v Zimbabwe,Tunbridge Wells,18 Jun 1983,
ODI,KBJ Azad,0,3,3,0,0,0,1,,v West Indies,Lord's,25 Jun 1983,
ODI,SM Patil,0,-,8,0,0,0,1,,v West Indies,Srinagar,13 Oct 1983,
ODI,BS Sandhu,0,-,2,0,0,0,1,,v West Indies,Srinagar,13 Oct 1983,
ODI,AD Gaekwad,0,-,7,0,0,0,1,,v West Indies,Vadodara,9 Nov 1983,
ODI,K Srikkanth,0,-,5,0,0,0,1,,v West Indies,Indore,1 Dec 1983,
ODI,J Arun Lal,0,-,4,0,0,0,1,,v West Indies,Indore,1 Dec 1983,
ODI,J Arun Lal,0,-,2,0,0,0,2,,v West Indies,Jamshedpur,7 Dec 1983,
ODI,KBJ Azad,0,3,2,0,0,0,2,,v Australia,New Delhi,28 Sep 1984,
ODI,AK Patel,0,3,3,0,0,0,2,,v Australia,New Delhi,28 Sep 1984,
ODI,N Kapil Dev,0,-,1,0,0,0,2,,v Pakistan,Quetta,12 Oct 1984,
ODI,SM Gavaskar,0,-,3,0,0,0,1,,v England,Pune,5 Dec 1984,
ODI,LS Rajput,0,-,1,0,0,0,2,,v England,Nagpur,23 Jan 1985,
ODI,DB Vengsarkar,0,1,1,0,0,0,2,,v Pakistan,Melbourne,20 Feb 1985,
ODI,S Madan Lal,0,1,1,0,0,0,1,,v England,Sydney,26 Feb 1985,
ODI,M Azharuddin,0,3,2,0,0,0,2,,v Australia,Melbourne,3 Mar 1985,
ODI,RJ Shastri,0,-,1,0,0,0,1,,v Pakistan,Sharjah,22 Mar 1985,
ODI,K Srikkanth,0,3,1,0,0,0,2,,v Australia,Sharjah,29 Mar 1985,
ODI,SM Gavaskar,0,-,1,0,0,0,2,,v Sri Lanka,Colombo (SSC),25 Aug 1985,
ODI,N Kapil Dev,0,-,3,0,0,0,2,,v Pakistan,Sharjah,17 Nov 1985,
ODI,M Amarnath,0,-,7,0,0,0,1,,v West Indies,Sharjah,22 Nov 1985,
ODI,RJ Shastri,0,6,6,0,0,0,1,,v Australia,Brisbane,12 Jan 1986,
ODI,K Srikkanth,0,2,4,0,0,0,1,,v New Zealand,W.A.C.A,18 Jan 1986,
ODI,N Kapil Dev,0,1,1,0,0,0,1,,v New Zealand,W.A.C.A,18 Jan 1986,
ODI,M Amarnath,0,1,1,0,0,0,2,,v Australia,Adelaide,26 Jan 1986,
ODI,KS More,0,4,3,0,0,0,2,,v Australia,Adelaide,26 Jan 1986,
ODI,K Srikkanth,0,7,5,0,0,0,2,,v Australia,Sydney,5 Feb 1986,
ODI,N Kapil Dev,0,2,1,0,0,0,2,,v Australia,Sydney,5 Feb 1986,
ODI,C Sharma,0,1,0,0,0,-,1,,v Australia,Melbourne,9 Feb 1986,
ODI,SM Gavaskar,0,5,6,0,0,0,2,,v New Zealand,Sharjah,10 Apr 1986,
ODI,KBJ Azad,0,-,3,0,0,0,1,,v Pakistan,Sharjah,18 Apr 1986,
ODI,K Srikkanth,0,-,1,0,0,0,2,,v England,The Oval,24 May 1986,
ODI,R Lamba,0,-,3,0,0,0,2,,v Sri Lanka,Sharjah,27 Nov 1986,
ODI,R Lamba,0,-,13,0,0,0,2,,v West Indies,Sharjah,30 Nov 1986,
ODI,RJ Shastri,0,-,1,0,0,0,2,,v West Indies,Sharjah,30 Nov 1986,
ODI,SM Gavaskar,0,-,3,0,0,0,1,,v Pakistan,Sharjah,5 Dec 1986,
ODI,RMH Binny,0,-,1,0,0,0,1,,v Pakistan,Sharjah,5 Dec 1986,
ODI,CS Pandit,0,-,3,0,0,0,2,,v Sri Lanka,Kanpur,24 Dec 1986,
ODI,LS Rajput,0,-,3,0,0,0,1,,v Pakistan,Eden Gardens,18 Feb 1987,
ODI,M Azharuddin,0,-,2,0,0,0,1,,v Pakistan,Pune,22 Mar 1987,
ODI,K Srikkanth,0,2,3,0,0,0,2,,v Australia,Sharjah,5 Apr 1987,
ODI,SM Gavaskar,0,-,8,0,0,0,1,,v Pakistan,Sharjah,10 Apr 1987,
ODI,RMH Binny,0,-,3,0,0,0,2,,v Australia,Chennai,9 Oct 1987,
ODI,DB Vengsarkar,0,9,8,0,0,0,1,,v New Zealand,Bengaluru,14 Oct 1987,
ODI,KS More,0,-,5,0,0,0,2,,v England,Wankhede,5 Nov 1987,
ODI,C Sharma,0,-,1,0,0,0,2,,v England,Wankhede,5 Nov 1987,
ODI,AD Gaekwad,0,-,1,0,0,0,2,,v West Indies,Nagpur,8 Dec 1987,
ODI,Maninder Singh,0,-,1,0,0,0,2,,v West Indies,Guwahati,23 Dec 1987,
ODI,SK Sharma,0,-,4,0,0,0,1,,v West Indies,Eden Gardens,2 Jan 1988,
ODI,SV Manjrekar,0,-,2,0,0,0,2,,v West Indies,Ahmedabad,7 Jan 1988,
ODI,J Arun Lal,0,-,1,0,0,0,1,,v West Indies,Faridabad,19 Jan 1988,
ODI,J Arun Lal,0,-,3,0,0,0,2,,v West Indies,Gwalior,22 Jan 1988,
ODI,N Kapil Dev,0,-,4,0,0,0,1,,v West Indies,Sharjah,21 Oct 1988,
ODI,DB Vengsarkar,0,-,2,0,0,0,2,,v Pakistan,Dhaka,31 Oct 1988,
ODI,M Azharuddin,0,-,2,0,0,0,2,,v Sri Lanka,Dhaka,4 Nov 1988,
ODI,DB Vengsarkar,0,-,2,0,0,0,2,,v New Zealand,Visakhapatnam,10 Dec 1988,
ODI,SK Sharma,0,16,10,0,0,0,2,,v New Zealand,Vadodara,17 Dec 1988,
ODI,C Sharma,0,10,2,0,0,0,2,,v New Zealand,Vadodara,17 Dec 1988,
ODI,N Kapil Dev,0,-,3,0,0,0,2,,v West Indies,Bridgetown,7 Mar 1989,
ODI,ND Hirwani,0,-,2,0,0,0,1,,v West Indies,Port of Spain,11 Mar 1989,
ODI,KS More,0,-,2,0,0,0,1,,v West Indies,St John's,18 Mar 1989,
ODI,M Prabhakar,0,-,2,0,0,0,1,,v West Indies,Sharjah,13 Oct 1989,
ODI,KS More,0,-,1,0,0,0,2,,v West Indies,Delhi,23 Oct 1989,
ODI,Arshad Ayub,0,-,1,0,0,0,2,,v Pakistan,Eden Gardens,28 Oct 1989,
ODI,SR Tendulkar,0,-,2,0,0,0,2,,v Pakistan,Gujranwala,18 Dec 1989,
ODI,M Prabhakar,0,-,1,0,0,0,2,,v Pakistan,Lahore,22 Dec 1989,
ODI,SA Ankola,0,-,1,0,0,0,2,,v Pakistan,Lahore,22 Dec 1989,
ODI,SR Tendulkar,0,2,2,0,0,0,2,,v New Zealand,Dunedin,1 Mar 1990,
ODI,WV Raman,0,12,8,0,0,0,1,,v New Zealand,Wellington,6 Mar 1990,
ODI,DB Vengsarkar,0,1,1,0,0,0,1,,v New Zealand,Wellington,6 Mar 1990,
ODI,ND Hirwani,0,2,1,0,0,0,1,,v New Zealand,Wellington,6 Mar 1990,
ODI,NS Sidhu,0,-,1,0,0,0,2,,v Pakistan,Sharjah,27 Apr 1990,
ODI,A Kumble,0,-,6,0,0,0,2,,v Pakistan,Sharjah,27 Apr 1990,
ODI,WV Raman,0,1,2,0,0,0,2,,v England,Leeds,18 Jul 1990,
ODI,NS Sidhu,0,-,4,0,0,0,1,,v Sri Lanka,Margao,8 Dec 1990,
ODI,A Kumble,0,-,4,0,0,0,1,,v Sri Lanka,Margao,8 Dec 1990,
ODI,AS Wassan,0,-,8,0,0,0,1,,v Sri Lanka,Margao,8 Dec 1990,
ODI,SLV Raju,0,-,6,0,0,0,2,,v Sri Lanka,Cuttack,28 Dec 1990,
ODI,WV Raman,0,-,2,0,0,0,2,,v West Indies,Sharjah,22 Oct 1991,
ODI,M Azharuddin,0,-,1,0,0,0,2,,v Pakistan,Sharjah,23 Oct 1991,
ODI,N Kapil Dev,0,-,1,0,0,0,2,,v Pakistan,Sharjah,23 Oct 1991,
ODI,M Azharuddin,0,-,1,0,0,0,2,,v Pakistan,Sharjah,25 Oct 1991,
ODI,SR Tendulkar,0,-,1,0,0,0,2,,v Pakistan,Sharjah,25 Oct 1991,
ODI,RJ Shastri,0,-,5,0,0,0,2,,v South Africa,Eden Gardens,10 Nov 1991,
ODI,J Srinath,0,2,1,0,0,0,1,,v West Indies,W.A.C.A,6 Dec 1991,
ODI,RJ Shastri,0,6,6,0,0,0,1,,v Australia,Hobart,10 Dec 1991,
ODI,J Srinath,0,1,1,0,0,0,1,,v West Indies,Brisbane,11 Jan 1992,
ODI,M Prabhakar,0,5,1,0,0,0,2,,v Australia,Melbourne,18 Jan 1992,
ODI,CS Pandit,0,4,2,0,0,0,2,,v Australia,Melbourne,18 Jan 1992,
ODI,J Srinath,0,3,3,0,0,0,2,,v Australia,Melbourne,18 Jan 1992,
ODI,M Azharuddin,0,2,1,0,0,0,2,,v England,W.A.C.A,22 Feb 1992,
ODI,M Prabhakar,0,1,2,0,0,0,2,,v England,W.A.C.A,22 Feb 1992,
ODI,K Srikkanth,0,13,10,0,0,0,2,,v Australia,Brisbane,1 Mar 1992,
ODI,SLV Raju,0,1,0,0,0,-,2,,v Australia,Brisbane,1 Mar 1992,
ODI,SV Manjrekar,0,2,1,0,0,0,1,,v Pakistan,Sydney,4 Mar 1992,
ODI,K Srikkanth,0,5,3,0,0,0,1,,v New Zealand,Dunedin,12 Mar 1992,
ODI,K Srikkanth,0,5,5,0,0,0,1,,v South Africa,Adelaide,15 Mar 1992,
ODI,A Jadeja,0,2,1,0,0,0,1,,v Zimbabwe,Harare,25 Oct 1992,
ODI,J Srinath,0,-,0,0,0,-,1,,v South Africa,Cape Town,7 Dec 1992,
ODI,WV Raman,0,-,16,0,0,0,1,,v South Africa,Johannesburg,13 Dec 1992,
ODI,A Kumble,0,-,1,0,0,0,2,,v South Africa,Durban,17 Dec 1992,
ODI,NS Sidhu,0,6,2,0,0,0,1,,v England,Jaipur,18 Jan 1993,
ODI,M Prabhakar,0,13,10,0,0,0,2,,v England,Bengaluru,26 Feb 1993,
ODI,KS More,0,2,2,0,0,0,2,,v England,Bengaluru,26 Feb 1993,
ODI,M Prabhakar,0,1,1,0,0,0,2,,v England,Gwalior,4 Mar 1993,
ODI,AK Sharma,0,1,1,0,0,0,2,,v England,Gwalior,4 Mar 1993,
ODI,A Kumble,0,-,1,0,0,0,1,,v Zimbabwe,Faridabad,19 Mar 1993,
ODI,NS Sidhu,0,-,2,0,0,0,2,,v Sri Lanka,Colombo (RPS),12 Aug 1993,
ODI,N Kapil Dev,0,-,2,0,0,0,2,,v Sri Lanka,Colombo (RPS),12 Aug 1993,
ODI,RK Chauhan,0,-,1,0,0,0,1,,v Sri Lanka,Moratuwa,14 Aug 1993,
ODI,WV Raman,0,-,1,0,0,0,2,,v Sri Lanka,Kanpur,7 Nov 1993,
ODI,AK Sharma,0,-,1,0,0,0,2,,v West Indies,Ahmedabad,16 Nov 1993,
ODI,WV Raman,0,12,7,0,0,0,1,,v Zimbabwe,Indore,18 Nov 1993,
ODI,V Yadav,0,1,2,0,0,0,1,,v Zimbabwe,Indore,18 Nov 1993,
ODI,A Kumble,0,-,2,0,0,0,1,,v South Africa,Eden Gardens,24 Nov 1993,
ODI,PK Amre,0,-,4,0,0,0,1,,v West Indies,Eden Gardens,27 Nov 1993,
ODI,SA Ankola,0,2,1,0,0,0,1,,v Sri Lanka,Jalandhar,20 Feb 1994,
ODI,SA Ankola,0,1,1,0,0,0,2,,v New Zealand,Napier,25 Mar 1994,
ODI,NR Mongia,0,1,1,0,0,0,2,,v New Zealand,Napier,25 Mar 1994,
ODI,NS Sidhu,0,8,7,0,0,0,1,,v U.A.E.,Sharjah,13 Apr 1994,
ODI,A Jadeja,0,2,3,0,0,0,2,,v Pakistan,Sharjah,22 Apr 1994,
ODI,BKV Prasad,0,4,4,0,0,0,2,,v Pakistan,Sharjah,22 Apr 1994,
ODI,SR Tendulkar,0,6,2,0,0,0,2,,v Sri Lanka,Colombo (SSC),17 Sep 1994,
ODI,SR Tendulkar,0,3,4,0,0,0,2,,v West Indies,Faridabad,17 Oct 1994,
ODI,J Srinath,0,2,3,0,0,0,2,,v West Indies,Faridabad,17 Oct 1994,
ODI,M Prabhakar,0,1,1,0,0,0,2,,v West Indies,Wankhede,20 Oct 1994,
ODI,SR Tendulkar,0,7,4,0,0,0,2,,v West Indies,Wankhede,20 Oct 1994,
ODI,V Yadav,0,2,1,0,0,0,1,,v West Indies,Eden Gardens,5 Nov 1994,
ODI,VG Kambli,0,4,1,0,0,0,1,,v West Indies,Visakhapatnam,7 Nov 1994,
ODI,BKV Prasad,0,1,1,0,0,0,1,,v New Zealand,Napier,16 Feb 1995,
ODI,SLV Raju,0,2,3,0,0,0,1,,v New Zealand,Napier,16 Feb 1995,
ODI,M Prabhakar,0,6,5,0,0,0,2,,v Pakistan,Sharjah,7 Apr 1995,
ODI,VG Kambli,0,1,2,0,0,0,2,,v Pakistan,Sharjah,7 Apr 1995,
ODI,J Srinath,0,7,3,0,0,0,2,,v Pakistan,Sharjah,7 Apr 1995,
ODI,A Kumble,0,6,2,0,0,0,2,,v Pakistan,Sharjah,7 Apr 1995,
ODI,A Jadeja,0,2,2,0,0,0,1,,v New Zealand,Jamshedpur,15 Nov 1995,
ODI,SV Manjrekar,0,2,2,0,0,0,2,,v New Zealand,Brabourne,29 Nov 1995,
ODI,VG Kambli,0,6,2,0,0,0,2,,v Australia,Wankhede,27 Feb 1996,
ODI,BKV Prasad,0,5,2,0,0,0,2,,v Australia,Wankhede,27 Feb 1996,
ODI,M Azharuddin,0,3,6,0,0,0,2,,v Sri Lanka,Eden Gardens,13 Mar 1996,
ODI,A Jadeja,0,9,11,0,0,0,2,,v Sri Lanka,Eden Gardens,13 Mar 1996,
ODI,AR Kapoor,0,1,1,0,0,0,2,,v Sri Lanka,Eden Gardens,13 Mar 1996,
ODI,SLV Raju,0,-,2,0,0,0,1,,v Sri Lanka,Singapore,3 Apr 1996,
ODI,J Srinath,0,-,1,0,0,0,1,,v Pakistan,Singapore,5 Apr 1996,
ODI,J Srinath,0,-,1,0,0,0,2,,v Pakistan,Sharjah,12 Apr 1996,
ODI,A Kumble,0,1,2,0,0,0,2,,v England,The Oval,23 May 1996,
ODI,A Kumble,0,6,2,0,0,0,1,,v England,Leeds,25 May 1996,
ODI,A Jadeja,0,-,9,0,0,0,1,,v Sri Lanka,Colombo (RPS),28 Aug 1996,
ODI,A Kumble,0,9,3,0,0,0,1,,v Australia,Colombo (SSC),6 Sep 1996,
ODI,J Srinath,0,-,1,0,0,0,1,,v Pakistan,Toronto,17 Sep 1996,
ODI,AR Kapoor,0,-,3,0,0,0,1,,v Pakistan,Toronto,18 Sep 1996,
ODI,NR Mongia,0,-,9,0,0,0,2,,v Pakistan,Toronto,21 Sep 1996,
ODI,BKV Prasad,0,1,1,0,0,0,2,,v South Africa,Hyderabad (Deccan),17 Oct 1996,
ODI,R Dravid,0,1,1,0,0,0,2,,v South Africa,Jaipur,23 Oct 1996,
ODI,AR Kapoor,0,2,1,0,0,0,1,,v South Africa,Rajkot,29 Oct 1996,
ODI,SR Tendulkar,0,12,4,0,0,0,2,,v South Africa,Bloemfontein,23 Jan 1997,
ODI,RR Singh,0,12,11,0,0,0,2,,v South Africa,Bloemfontein,23 Jan 1997,
ODI,SC Ganguly,0,3,4,0,0,0,1,,v South Africa,Gqeberha,2 Feb 1997,
ODI,SA Ankola,0,3,2,0,0,0,1,,v Zimbabwe,Centurion,7 Feb 1997,
ODI,J Srinath,0,2,1,0,0,0,1,,v South Africa,Durban,12 Feb 1997,
ODI,SA Ankola,0,1,1,0,0,0,2,,v South Africa,Durban,13 Feb 1997,
ODI,A Jadeja,0,6,3,0,0,0,1,,v Zimbabwe,Bulawayo,15 Feb 1997,
ODI,SB Joshi,0,0,1,0,0,0,1,,v Zimbabwe,Bulawayo,15 Feb 1997,
ODI,A Kumble,0,2,1,0,0,0,2,,v West Indies,Kingstown,30 Apr 1997,
ODI,A Kuruvilla,0,4,0,0,0,-,2,,v West Indies,Kingstown,30 Apr 1997,
ODI,BKV Prasad,0,2,1,0,0,0,2,,v West Indies,Kingstown,30 Apr 1997,
ODI,SC Ganguly,0,1,1,0,0,0,1,,v Sri Lanka,Wankhede,17 May 1997,
ODI,A Kumble,0,5,4,0,0,0,1,,v Sri Lanka,Wankhede,17 May 1997,
ODI,A Kumble,0,3,4,0,0,0,2,,v Pakistan,Chennai,21 May 1997,
ODI,RK Chauhan,0,6,1,0,0,0,1,,v Sri Lanka,Colombo (RPS),20 Aug 1997,
ODI,BKV Prasad,0,5,5,0,0,0,1,,v Sri Lanka,Colombo (RPS),20 Aug 1997,
ODI,RK Chauhan,0,2,2,0,0,0,1,,v Pakistan,Toronto,13 Sep 1997,
ODI,SR Tendulkar,0,26,10,0,0,0,1,,v Pakistan,Toronto,18 Sep 1997,
ODI,SC Ganguly,0,7,5,0,0,0,1,,v Pakistan,Hyderabad (Sind),28 Sep 1997,
ODI,SS Karim,0,4,2,0,0,0,1,,v Pakistan,Hyderabad (Sind),28 Sep 1997,
ODI,RK Chauhan,0,1,1,0,0,0,1,,v Pakistan,Hyderabad (Sind),28 Sep 1997,
ODI,NM Kulkarni,0,2,1,0,0,0,1,,v Pakistan,Hyderabad (Sind),28 Sep 1997,
ODI,RR Singh,0,3,1,0,0,0,1,,v Pakistan,Sharjah,14 Dec 1997,
ODI,NS Sidhu,0,-,0,0,0,-,2,,v Bangladesh,Dhaka,10 Jan 1998,
ODI,M Azharuddin,0,1,1,0,0,0,1,,v Zimbabwe,Vadodara,5 Apr 1998,
ODI,VVS Laxman,0,3,3,0,0,0,1,,v Zimbabwe,Cuttack,9 Apr 1998,
ODI,RL Sanghvi,0,1,2,0,0,0,1,,v Australia,Delhi,14 Apr 1998,
ODI,NR Mongia,0,2,3,0,0,0,1,,v New Zealand,Sharjah,17 Apr 1998,
ODI,Harvinder Singh,0,4,2,0,0,0,1,,v New Zealand,Sharjah,20 Apr 1998,
ODI,A Jadeja,0,3,1,0,0,0,2,,v Sri Lanka,Colombo (SSC),1 Jul 1998,
ODI,Harbhajan Singh,0,1,1,0,0,0,2,,v Sri Lanka,Colombo (SSC),1 Jul 1998,
ODI,NS Sidhu,0,1,1,0,0,0,1,,v Pakistan,Toronto,20 Sep 1998,
ODI,SS Raul,0,1,1,0,0,0,1,,v Pakistan,Toronto,20 Sep 1998,
ODI,M Azharuddin,0,3,3,0,0,0,1,,v Australia,Dhaka,28 Oct 1998,
ODI,SC Ganguly,0,7,3,0,0,0,1,,v Sri Lanka,Sharjah,9 Nov 1998,
ODI,SB Joshi,0,1,2,0,0,0,2,,v Zimbabwe,Sharjah,11 Nov 1998,
ODI,SR Tendulkar,0,10,5,0,0,0,1,,v New Zealand,Taupo,9 Jan 1999,
ODI,SC Ganguly,0,6,9,0,0,0,1,,v New Zealand,Wellington,14 Jan 1999,
ODI,GK Pandey,0,4,2,0,0,0,2,,v Pakistan,Jaipur,24 Mar 1999,
ODI,RR Singh,0,2,1,0,0,0,1,,v Sri Lanka,Pune,30 Mar 1999,
ODI,R Dravid,0,3,3,0,0,0,1,,v Pakistan,Mohali,1 Apr 1999,
ODI,J Srinath,0,1,1,0,0,0,2,,v Pakistan,Bengaluru,4 Apr 1999,
ODI,A Jadeja,0,1,1,0,0,0,2,,v Pakistan,Sharjah,8 Apr 1999,
ODI,S Ramesh,0,1,3,0,0,0,1,,v Pakistan,Sharjah,16 Apr 1999,
ODI,R Dravid,0,1,1,0,0,0,1,,v Pakistan,Sharjah,16 Apr 1999,
ODI,NR Mongia,0,7,4,0,0,0,1,,v Pakistan,Sharjah,16 Apr 1999,
ODI,BKV Prasad,0,1,1,0,0,0,2,,v Zimbabwe,Leicester,19 May 1999,
ODI,RR Singh,0,1,1,0,0,0,1,,v Sri Lanka,Taunton,26 May 1999,
ODI,SR Tendulkar,0,5,4,0,0,0,2,,v Australia,The Oval,4 Jun 1999,
ODI,J Srinath,0,2,2,0,0,0,2,,v Australia,The Oval,4 Jun 1999,
ODI,DS Mohanty,0,3,3,0,0,0,2,,v Australia,The Oval,4 Jun 1999,
ODI,MSK Prasad,0,2,0,0,0,-,1,,v Sri Lanka,Colombo (RPS),25 Aug 1999,
ODI,R Dravid,0,2,2,0,0,0,2,,v Australia,Colombo (SSC),28 Aug 1999,
ODI,A Jadeja,0,4,2,0,0,0,2,,v Australia,Colombo (SSC),28 Aug 1999,
ODI,S Ramesh,0,10,7,0,0,0,2,,v West Indies,Singapore,5 Sep 1999,
ODI,SR Tendulkar,0,-,6,0,0,0,1,,v West Indies,Singapore,8 Sep 1999,
ODI,MSK Prasad,0,-,6,0,0,0,2,,v West Indies,Toronto,12 Sep 1999,
ODI,S Ramesh,0,-,2,0,0,0,2,,v West Indies,Toronto,12 Sep 1999,
ODI,DS Mohanty,0,2,2,0,0,0,2,,v South Africa,Nairobi (Gym),3 Oct 1999,
ODI,N Chopra,0,3,1,0,0,0,2,,v New Zealand,Rajkot,5 Nov 1999,
ODI,SR Tendulkar,0,2,3,0,0,0,2,,v New Zealand,Delhi,17 Nov 1999,
ODI,HH Kanitkar,0,2,2,0,0,0,1,,v Pakistan,Brisbane,10 Jan 2000,
ODI,J Srinath,0,3,1,0,0,0,1,,v Pakistan,Brisbane,10 Jan 2000,
ODI,JJ Martin,0,1,1,0,0,0,2,,v Australia,Melbourne,12 Jan 2000,
ODI,A Kumble,0,2,1,0,0,0,1,,v Australia,Sydney,14 Jan 2000,
ODI,BKV Prasad,0,1,1,0,0,0,1,,v Australia,Sydney,14 Jan 2000,
ODI,DS Mohanty,0,2,3,0,0,0,2,,v Pakistan,Hobart,21 Jan 2000,
ODI,HH Kanitkar,0,2,1,0,0,0,2,,v Australia,Adelaide,26 Jan 2000,
ODI,J Srinath,0,5,4,0,0,0,2,,v Australia,Adelaide,26 Jan 2000,
ODI,AB Agarkar,0,1,3,0,0,0,2,,v Pakistan,W.A.C.A,28 Jan 2000,
ODI,SB Joshi,0,5,2,0,0,0,2,,v South Africa,Jamshedpur,12 Mar 2000,
ODI,SS Karim,0,1,3,0,0,0,1,,v South Africa,Sharjah,22 Mar 2000,
ODI,A Jadeja,0,2,2,0,0,0,1,,v South Africa,Sharjah,27 Mar 2000,
ODI,AB Agarkar,0,6,2,0,0,0,2,,v Sri Lanka,Dhaka,1 Jun 2000,
ODI,RR Singh,0,1,1,0,0,0,1,,v South Africa,Nairobi (Gym),13 Oct 2000,
ODI,VG Kambli,0,1,1,0,0,0,1,,v South Africa,Nairobi (Gym),13 Oct 2000,
ODI,V Dahiya,0,-,1,0,0,0,1,,v Sri Lanka,Sharjah,20 Oct 2000,
ODI,S Sriram,0,-,4,0,0,0,2,,v Zimbabwe,Sharjah,26 Oct 2000,
ODI,SB Joshi,0,1,1,0,0,0,2,,v Zimbabwe,Cuttack,2 Dec 2000,
ODI,Harbhajan Singh,0,2,1,0,0,0,1,,v Australia,Bengaluru,25 Mar 2001,
ODI,SC Ganguly,0,2,3,0,0,0,1,,v Australia,Indore,31 Mar 2001,
ODI,V Dahiya,0,3,4,0,0,0,1,,v Australia,Indore,31 Mar 2001,
ODI,HK Badani,0,2,1,0,0,0,2,,v Zimbabwe,Bulawayo,27 Jun 2001,
ODI,SR Tendulkar,0,10,4,0,0,0,2,,v West Indies,Harare,7 Jul 2001,
ODI,Z Khan,0,1,1,0,0,0,2,,v West Indies,Harare,7 Jul 2001,
ODI,V Sehwag,0,2,3,0,0,0,2,,v New Zealand,Colombo (RPS),20 Jul 2001,
ODI,Harbhajan Singh,0,9,2,0,0,0,2,,v New Zealand,Colombo (RPS),20 Jul 2001,
ODI,SS Dighe,0,3,3,0,0,0,2,,v New Zealand,Colombo (RPS),26 Jul 2001,
ODI,AR Khurasiya,0,1,2,0,0,0,2,,v Sri Lanka,Colombo (RPS),28 Jul 2001,
ODI,V Sehwag,0,1,1,0,0,0,1,,v Sri Lanka,Colombo (SSC),1 Aug 2001,
ODI,SC Ganguly,0,26,16,0,0,0,1,,v Sri Lanka,Colombo (SSC),1 Aug 2001,
ODI,VVS Laxman,0,11,9,0,0,0,2,,v New Zealand,Colombo (SSC),2 Aug 2001,
ODI,Yuvraj Singh,0,1,1,0,0,0,2,,v Kenya,Gqeberha,17 Oct 2001,
ODI,D Dasgupta,0,5,1,0,0,0,2,,v South Africa,East London,19 Oct 2001,
ODI,A Kumble,0,1,1,0,0,0,2,,v South Africa,East London,19 Oct 2001,
ODI,Yuvraj Singh,0,3,2,0,0,0,1,,v South Africa,Durban,26 Oct 2001,
ODI,J Srinath,0,1,1,0,0,0,1,,v South Africa,Durban,26 Oct 2001,
ODI,A Kumble,0,2,2,0,0,0,1,,v South Africa,Durban,26 Oct 2001,
ODI,AB Agarkar,0,2,2,0,0,0,2,,v England,Wankhede,3 Feb 2002,
ODI,J Srinath,0,1,1,0,0,0,2,,v England,Wankhede,3 Feb 2002,
ODI,SB Bangar,0,2,2,0,0,0,1,,v Zimbabwe,Faridabad,7 Mar 2002,
ODI,SB Bangar,0,1,1,0,0,0,1,,v Zimbabwe,Mohali,10 Mar 2002,
ODI,R Vijay Bharadwaj,0,3,1,0,0,0,1,,v Zimbabwe,Guwahati,19 Mar 2002,
ODI,V Sehwag,0,2,1,0,0,0,1,,v West Indies,Port of Spain,1 Jun 2002,
ODI,AB Agarkar,0,3,2,0,0,0,1,,v West Indies,Port of Spain,1 Jun 2002,
ODI,A Nehra,0,4,2,0,0,0,1,,v West Indies,Port of Spain,2 Jun 2002,
ODI,SC Ganguly,0,1,1,0,0,0,1,,v England,Chester-le-Street,4 Jul 2002,
ODI,V Sehwag,0,1,1,0,0,0,2,,v Sri Lanka,Birmingham,6 Jul 2002,
ODI,AB Agarkar,0,1,2,0,0,0,2,,v England,The Oval,9 Jul 2002,
ODI,Harbhajan Singh,0,2,0,0,0,-,1,,v Sri Lanka,Bristol,11 Jul 2002,
ODI,Z Khan,0,3,1,0,0,0,1,,v Sri Lanka,Bristol,11 Jul 2002,
ODI,A Kumble,0,2,2,0,0,0,2,,v England,Lord's,13 Jul 2002,
ODI,D Mongia,0,3,4,0,0,0,1,,v Zimbabwe,Colombo (RPS),14 Sep 2002,
ODI,Z Khan,0,3,3,0,0,0,1,,v South Africa,Colombo (RPS),25 Sep 2002,
ODI,D Mongia,0,14,9,0,0,0,2,,v Sri Lanka,Colombo (RPS),30 Sep 2002,
ODI,Jai P Yadav,0,4,5,0,0,0,1,,v West Indies,Jamshedpur,6 Nov 2002,
ODI,V Sehwag,0,5,5,0,0,0,1,,v New Zealand,Auckland,26 Dec 2002,
ODI,A Kumble,0,2,3,0,0,0,1,,v New Zealand,Auckland,26 Dec 2002,
ODI,J Srinath,0,8,7,0,0,0,1,,v New Zealand,Auckland,26 Dec 2002,
ODI,SC Ganguly,0,1,3,0,0,0,2,,v New Zealand,Napier,29 Dec 2002,
ODI,Yuvraj Singh,0,1,2,0,0,0,2,,v New Zealand,Napier,29 Dec 2002,
ODI,Harbhajan Singh,0,3,1,0,0,0,1,,v New Zealand,Christchurch,1 Jan 2003,
ODI,M Kaif,0,9,4,0,0,0,1,,v New Zealand,Queenstown,4 Jan 2003,
ODI,AB Agarkar,0,7,3,0,0,0,1,,v New Zealand,Queenstown,4 Jan 2003,
ODI,A Nehra,0,14,10,0,0,0,1,,v New Zealand,Queenstown,4 Jan 2003,
ODI,SC Ganguly,0,1,1,0,0,0,2,,v New Zealand,Wellington,8 Jan 2003,
ODI,SR Tendulkar,0,9,10,0,0,0,2,,v New Zealand,Wellington,8 Jan 2003,
ODI,AB Agarkar,0,4,2,0,0,0,2,,v New Zealand,Auckland,11 Jan 2003,
ODI,D Mongia,0,1,1,0,0,0,1,,v New Zealand,Hamilton,14 Jan 2003,
ODI,M Kaif,0,8,6,0,0,0,1,,v New Zealand,Hamilton,14 Jan 2003,
ODI,Z Khan,0,5,2,0,0,0,1,,v Netherlands,Paarl,12 Feb 2003,
ODI,Yuvraj Singh,0,8,8,0,0,0,1,,v Australia,Centurion,15 Feb 2003,
ODI,J Srinath,0,3,2,0,0,0,1,,v Australia,Centurion,15 Feb 2003,
ODI,Z Khan,0,1,0,0,0,-,1,,v England,Durban,26 Feb 2003,
ODI,J Srinath,0,1,1,0,0,0,1,,v England,Durban,26 Feb 2003,
ODI,SC Ganguly,0,2,1,0,0,0,2,,v Pakistan,Centurion,1 Mar 2003,
ODI,M Kaif,0,4,3,0,0,0,2,,v Australia,Johannesburg,23 Mar 2003,
ODI,Z Khan,0,1,1,0,0,0,1,,v Bangladesh,Dhaka,11 Apr 2003,
ODI,AM Salvi,0,1,1,0,0,0,1,,v Bangladesh,Dhaka,11 Apr 2003,
ODI,V Sehwag,0,2,3,0,0,0,1,,v Australia,Gwalior,26 Oct 2003,
ODI,V Sehwag,0,1,1,0,0,0,2,,v Australia,Wankhede,1 Nov 2003,
ODI,Yuvraj Singh,0,1,3,0,0,0,1,,v New Zealand,Cuttack,6 Nov 2003,
ODI,Z Khan,0,1,1,0,0,0,2,,v Australia,Eden Gardens,18 Nov 2003,
ODI,AM Salvi,0,2,4,0,0,0,2,,v Australia,Eden Gardens,18 Nov 2003,
ODI,SB Bangar,0,2,4,0,0,0,1,,v Zimbabwe,Adelaide,24 Jan 2004,
ODI,PA Patel,0,13,8,0,0,0,1,,v Zimbabwe,Adelaide,24 Jan 2004,
ODI,R Dravid,0,17,11,0,0,0,2,,v Australia,Sydney,8 Feb 2004,
ODI,Z Khan,0,3,2,0,0,0,1,,v Pakistan,Karachi,13 Mar 2004,
ODI,Z Khan,0,1,1,0,0,0,2,,v Pakistan,Rawalpindi,16 Mar 2004,
ODI,A Nehra,0,1,1,0,0,0,2,,v Pakistan,Rawalpindi,16 Mar 2004,
ODI,SR Tendulkar,0,7,5,0,0,0,1,,v Pakistan,Peshawar,19 Mar 2004,
ODI,V Sehwag,0,3,3,0,0,0,1,,v U.A.E.,Dambulla,16 Jul 2004,
ODI,R Dravid,0,5,1,0,0,0,2,,v Pakistan,Amstelveen,21 Aug 2004,
ODI,L Balaji,0,2,1,0,0,0,1,,v England,Nottingham,1 Sep 2004,
ODI,A Nehra,0,2,1,0,0,0,1,,v England,Nottingham,1 Sep 2004,
ODI,V Sehwag,0,2,2,0,0,0,2,,v England,The Oval,3 Sep 2004,
ODI,IK Pathan,0,2,2,0,0,0,2,,v England,The Oval,3 Sep 2004,
ODI,Harbhajan Singh,0,1,1,0,0,0,1,,v England,Lord's,5 Sep 2004,
ODI,SC Ganguly,0,3,5,0,0,0,1,,v Pakistan,Birmingham,19 Sep 2004,
ODI,Yuvraj Singh,0,2,3,0,0,0,1,,v Pakistan,Birmingham,19 Sep 2004,
ODI,A Nehra,0,2,2,0,0,0,1,,v Pakistan,Birmingham,19 Sep 2004,
ODI,SC Ganguly,0,2,2,0,0,0,1,,v Bangladesh,Chattogram,23 Dec 2004,
ODI,MS Dhoni,0,1,1,0,0,0,1,,v Bangladesh,Chattogram,23 Dec 2004,
ODI,V Sehwag,0,3,3,0,0,0,2,,v Bangladesh,Dhaka,26 Dec 2004,
ODI,SC Ganguly,0,1,1,0,0,0,1,,v Pakistan,Kochi,2 Apr 2005,
ODI,L Balaji,0,3,2,0,0,0,1,,v Pakistan,Kochi,2 Apr 2005,
ODI,M Kaif,0,2,1,0,0,0,1,,v Pakistan,Visakhapatnam,5 Apr 2005,
ODI,D Mongia,0,25,4,0,0,0,2,,v Pakistan,Delhi,17 Apr 2005,
ODI,SK Raina,0,2,1,0,0,0,1,,v Sri Lanka,Dambulla,30 Jul 2005,
ODI,R Dravid,0,3,1,0,0,0,1,,v Sri Lanka,Dambulla,3 Aug 2005,
ODI,Harbhajan Singh,0,5,1,0,0,0,2,,v Sri Lanka,Colombo (RPS),9 Aug 2005,
ODI,Y Venugopal Rao,0,2,1,0,0,0,2,,v New Zealand,Bulawayo,26 Aug 2005,
ODI,Y Venugopal Rao,0,-,3,0,0,0,1,,v Zimbabwe,Harare,29 Aug 2005,
ODI,AB Agarkar,0,-,1,0,0,0,1,,v Zimbabwe,Harare,29 Aug 2005,
ODI,R Dravid,0,2,2,0,0,0,1,,v New Zealand,Harare,6 Sep 2005,
ODI,Jai P Yadav,0,3,2,0,0,0,1,,v New Zealand,Harare,6 Sep 2005,
ODI,A Nehra,0,4,2,0,0,0,1,,v New Zealand,Harare,6 Sep 2005,
ODI,IK Pathan,0,2,3,0,0,0,2,,v Sri Lanka,Pune,3 Nov 2005,
ODI,MS Dhoni,0,1,1,0,0,0,1,,v Sri Lanka,Ahmedabad,6 Nov 2005,
ODI,IK Pathan,0,2,2,0,0,0,1,,v South Africa,Eden Gardens,25 Nov 2005,
ODI,Harbhajan Singh,0,7,4,0,0,0,1,,v South Africa,Eden Gardens,25 Nov 2005,
ODI,G Gambhir,0,5,7,0,0,0,2,,v South Africa,Wankhede,28 Nov 2005,
ODI,IK Pathan,0,2,2,0,0,0,2,,v Pakistan,Lahore,13 Feb 2006,
ODI,M Kaif,0,4,2,0,0,0,2,,v Pakistan,Lahore,13 Feb 2006,
ODI,SR Tendulkar,0,7,3,0,0,0,2,,v Pakistan,Multan,16 Feb 2006,
ODI,M Kaif,0,5,6,0,0,0,2,,v Pakistan,Multan,16 Feb 2006,
ODI,S Sreesanth,0,1,1,0,0,0,1,,v England,Delhi,28 Mar 2006,
ODI,M Kaif,0,6,6,0,0,0,2,,v England,Faridabad,31 Mar 2006,
ODI,M Kaif,0,4,3,0,0,0,1,,v England,Margao,3 Apr 2006,
ODI,S Sreesanth,0,1,0,0,0,-,1,,v Pakistan,Abu Dhabi,18 Apr 2006,
ODI,R Dravid,0,-,4,0,0,0,1,,v West Indies,Basseterre,23 May 2006,
ODI,AB Agarkar,0,-,4,0,0,0,1,,v West Indies,Port of Spain,26 May 2006,
ODI,RV Uthappa,0,-,3,0,0,0,2,,v West Indies,Port of Spain,28 May 2006,
ODI,MM Patel,0,-,1,0,0,0,2,,v West Indies,Port of Spain,28 May 2006,
ODI,IK Pathan,0,1,1,0,0,0,2,,v Australia,Kuala Lumpur,16 Sep 2006,
ODI,Yuvraj Singh,0,6,3,0,0,0,2,,v Australia,Kuala Lumpur,16 Sep 2006,
ODI,R Dravid,0,2,3,0,0,0,1,,v West Indies,Kuala Lumpur,20 Sep 2006,
ODI,Yuvraj Singh,0,5,4,0,0,0,1,,v West Indies,Kuala Lumpur,20 Sep 2006,
ODI,S Sreesanth,0,9,4,0,0,0,1,,v West Indies,Kuala Lumpur,20 Sep 2006,
ODI,Harbhajan Singh,0,2,2,0,0,0,2,,v Australia,Kuala Lumpur,22 Sep 2006,
ODI,SK Raina,0,2,2,0,0,0,2,,v England,Jaipur,15 Oct 2006,
ODI,IK Pathan,0,7,6,0,0,0,1,,v West Indies,Ahmedabad,26 Oct 2006,
ODI,W Jaffer,0,2,3,0,0,0,2,,v South Africa,Durban,22 Nov 2006,
ODI,V Sehwag,0,2,4,0,0,0,2,,v South Africa,Cape Town,26 Nov 2006,
ODI,A Kumble,0,5,3,0,0,0,2,,v South Africa,Cape Town,26 Nov 2006,
ODI,VVS Laxman,0,2,1,0,0,0,1,,v South Africa,Centurion,3 Dec 2006,
ODI,SR Tendulkar,0,6,6,0,0,0,1,,v West Indies,Cuttack,24 Jan 2007,
ODI,G Gambhir,0,9,6,0,0,0,1,,v West Indies,Chennai,27 Jan 2007,
ODI,MS Dhoni,0,5,3,0,0,0,1,,v Bangladesh,Port of Spain,17 Mar 2007,
ODI,Harbhajan Singh,0,4,3,0,0,0,1,,v Bangladesh,Port of Spain,17 Mar 2007,
ODI,AB Agarkar,0,7,2,0,0,0,1,,v Bangladesh,Port of Spain,17 Mar 2007,
ODI,SR Tendulkar,0,5,3,0,0,0,2,,v Sri Lanka,Port of Spain,23 Mar 2007,
ODI,MS Dhoni,0,3,1,0,0,0,2,,v Sri Lanka,Port of Spain,23 Mar 2007,
ODI,G Gambhir,0,14,7,0,0,0,1,,v South Africa,Belfast,26 Jun 2007,
ODI,MS Dhoni,0,3,4,0,0,0,2,,v South Africa,Belfast,29 Jun 2007,
ODI,Yuvraj Singh,0,1,4,0,0,0,2,,v England,Southampton,21 Aug 2007,
ODI,RP Singh,0,5,4,0,0,0,2,,v England,Southampton,21 Aug 2007,
ODI,KD Karthik,0,2,2,0,0,0,2,,v England,Birmingham,27 Aug 2007,
ODI,RP Singh,0,1,1,0,0,0,1,,v England,Manchester,30 Aug 2007,
ODI,Z Khan,0,1,0,0,0,-,2,,v England,The Oval,5 Sep 2007,
ODI,R Dravid,0,5,3,0,0,0,1,,v England,Lord's,8 Sep 2007,
ODI,PP Chawla,0,5,6,0,0,0,1,,v England,Lord's,8 Sep 2007,
ODI,SR Tendulkar,0,9,6,0,0,0,2,,v Australia,Bengaluru,29 Sep 2007,
ODI,RV Uthappa,0,4,3,0,0,0,2,,v Australia,Hyderabad,5 Oct 2007,
ODI,R Dravid,0,5,4,0,0,0,2,,v Australia,Hyderabad,5 Oct 2007,
ODI,SC Ganguly,0,5,4,0,0,0,1,,v Australia,Vadodara,11 Oct 2007,
ODI,R Dravid,0,1,1,0,0,0,1,,v Australia,Vadodara,11 Oct 2007,
ODI,M Kartik,0,11,4,0,0,0,1,,v Australia,Vadodara,11 Oct 2007,
ODI,SC Ganguly,0,9,7,0,0,0,2,,v Australia,Wankhede,17 Oct 2007,
ODI,KD Karthik,0,12,6,0,0,0,2,,v Australia,Wankhede,17 Oct 2007,
ODI,IK Pathan,0,4,5,0,0,0,2,,v Australia,Wankhede,17 Oct 2007,
ODI,RV Uthappa,0,1,2,0,0,0,1,,v Pakistan,Mohali,8 Nov 2007,
ODI,RG Sharma,0,1,2,0,0,0,1,,v Sri Lanka,Brisbane,5 Feb 2008,
ODI,MM Patel,0,11,9,0,0,0,2,,v Australia,Adelaide,17 Feb 2008,
ODI,SR Tendulkar,0,6,2,0,0,0,2,,v Sri Lanka,Adelaide,19 Feb 2008,
ODI,YK Pathan,0,6,4,0,0,0,1,,v Pakistan,Karachi,2 Jul 2008,
ODI,Yuvraj Singh,0,2,2,0,0,0,2,,v Sri Lanka,Karachi,6 Jul 2008,
ODI,RP Singh,0,2,1,0,0,0,2,,v Sri Lanka,Karachi,6 Jul 2008,
ODI,G Gambhir,0,1,2,0,0,0,1,,v Sri Lanka,Dambulla,18 Aug 2008,
ODI,RG Sharma,0,2,2,0,0,0,2,,v Sri Lanka,Dambulla,20 Aug 2008,
ODI,Yuvraj Singh,0,12,6,0,0,0,1,,v Sri Lanka,Colombo (RPS),27 Aug 2008,
ODI,Z Khan,0,5,2,0,0,0,1,,v Sri Lanka,Colombo (RPS),27 Aug 2008,
ODI,YK Pathan,0,4,2,0,0,0,1,,v England,Rajkot,14 Nov 2008,
ODI,YK Pathan,0,1,1,0,0,0,1,,v Sri Lanka,Colombo (RPS),5 Feb 2009,
ODI,SK Raina,0,4,3,0,0,0,2,,v Sri Lanka,Colombo (RPS),8 Feb 2009,
ODI,Yuvraj Singh,0,5,4,0,0,0,1,,v New Zealand,Wellington,6 Mar 2009,
ODI,YK Pathan,0,3,4,0,0,0,1,,v New Zealand,Auckland,14 Mar 2009,
ODI,RA Jadeja,0,1,1,0,0,0,1,,v West Indies,Kingston,26 Jun 2009,
ODI,G Gambhir,0,7,2,0,0,0,1,,v West Indies,Kingston,28 Jun 2009,
ODI,RG Sharma,0,7,2,0,0,0,1,,v West Indies,Kingston,28 Jun 2009,
ODI,YK Pathan,0,12,9,0,0,0,1,,v West Indies,Kingston,28 Jun 2009,
ODI,SK Raina,0,6,1,0,0,0,2,,v Sri Lanka,Colombo (RPS),12 Sep 2009,
ODI,YK Pathan,0,5,1,0,0,0,1,,v Sri Lanka,Colombo (RPS),14 Sep 2009,
ODI,I Sharma,0,1,1,0,0,0,2,,v Pakistan,Centurion,26 Sep 2009,
ODI,Harbhajan Singh,0,1,2,0,0,0,2,,v Australia,Hyderabad,5 Nov 2009,
ODI,G Gambhir,0,1,2,0,0,0,1,,v Australia,Guwahati,8 Nov 2009,
ODI,SK Raina,0,6,5,0,0,0,1,,v Australia,Guwahati,8 Nov 2009,
ODI,Harbhajan Singh,0,1,2,0,0,0,1,,v Australia,Guwahati,8 Nov 2009,
ODI,MM Patel,0,1,2,0,0,0,1,,v Australia,Guwahati,8 Nov 2009,
ODI,Harbhajan Singh,0,1,1,0,0,0,1,,v Sri Lanka,Nagpur,18 Dec 2009,
ODI,G Gambhir,0,2,2,0,0,0,1,,v Sri Lanka,Mirpur,13 Jan 2010,
ODI,Yuvraj Singh,0,8,3,0,0,0,1,,v Sri Lanka,Mirpur,13 Jan 2010,
ODI,V Kohli,0,3,0,0,0,-,1,,v Zimbabwe,Bulawayo,28 May 2010,
ODI,A Mishra,0,3,3,0,0,0,1,,v Zimbabwe,Harare,3 Jun 2010,
ODI,AB Dinda,0,1,1,0,0,0,1,,v Sri Lanka,Harare,5 Jun 2010,
ODI,RG Sharma,0,1,1,0,0,0,2,,v Bangladesh,Dambulla,16 Jun 2010,
ODI,RA Jadeja,0,1,1,0,0,0,1,,v Sri Lanka,Dambulla,22 Jun 2010,
ODI,P Kumar,0,1,1,0,0,0,1,,v Sri Lanka,Dambulla,22 Jun 2010,
ODI,Z Khan,0,1,1,0,0,0,1,,v Sri Lanka,Dambulla,22 Jun 2010,
ODI,V Kohli,0,5,3,0,0,0,2,,v Sri Lanka,Dambulla,16 Aug 2010,
ODI,RG Sharma,0,3,2,0,0,0,2,,v Sri Lanka,Dambulla,16 Aug 2010,
ODI,RA Jadeja,0,-,9,0,0,0,1,,v Sri Lanka,Dambulla,22 Aug 2010,
ODI,P Kumar,0,-,1,0,0,0,1,,v Sri Lanka,Dambulla,22 Aug 2010,
ODI,KD Karthik,0,2,3,0,0,0,1,,v New Zealand,Dambulla,25 Aug 2010,
ODI,A Nehra,0,12,12,0,0,0,1,,v New Zealand,Dambulla,25 Aug 2010,
ODI,KD Karthik,0,3,2,0,0,0,2,,v Sri Lanka,Dambulla,28 Aug 2010,
ODI,I Sharma,0,17,12,0,0,0,2,,v Sri Lanka,Dambulla,28 Aug 2010,
ODI,S Dhawan,0,1,2,0,0,0,2,,v Australia,Visakhapatnam,20 Oct 2010,
ODI,MS Dhoni,0,3,1,0,0,0,2,,v Australia,Visakhapatnam,20 Oct 2010,
ODI,R Ashwin,0,3,2,0,0,0,1,,v New Zealand,Guwahati,28 Nov 2010,
ODI,A Nehra,0,7,6,0,0,0,1,,v New Zealand,Guwahati,28 Nov 2010,
ODI,V Kohli,0,3,2,0,0,0,2,,v New Zealand,Bengaluru,7 Dec 2010,
ODI,G Gambhir,0,1,3,0,0,0,2,,v New Zealand,Chennai,10 Dec 2010,
ODI,Harbhajan Singh,0,5,4,0,0,0,2,,v South Africa,Durban,12 Jan 2011,
ODI,Z Khan,0,5,3,0,0,0,1,,v South Africa,Johannesburg,15 Jan 2011,
ODI,Harbhajan Singh,0,4,1,0,0,0,1,,v England,Bengaluru,27 Feb 2011,
ODI,YK Pathan,0,4,2,0,0,0,1,,v South Africa,Nagpur,12 Mar 2011,
ODI,Z Khan,0,3,3,0,0,0,1,,v South Africa,Nagpur,12 Mar 2011,
ODI,A Nehra,0,2,3,0,0,0,1,,v South Africa,Nagpur,12 Mar 2011,
ODI,MM Patel,0,1,1,0,0,0,1,,v South Africa,Nagpur,12 Mar 2011,
ODI,Yuvraj Singh,0,1,1,0,0,0,1,,v Pakistan,Mohali,30 Mar 2011,
ODI,V Sehwag,0,2,2,0,0,0,2,,v Sri Lanka,Wankhede,2 Apr 2011,
ODI,V Kohli,0,1,1,0,0,0,2,,v West Indies,North Sound,11 Jun 2011,
ODI,I Sharma,0,5,3,0,0,0,2,,v West Indies,North Sound,13 Jun 2011,
ODI,SK Raina,0,2,4,0,0,0,1,,v West Indies,Kingston,16 Jun 2011,
ODI,A Mishra,0,1,1,0,0,0,1,,v West Indies,Kingston,16 Jun 2011,
ODI,I Sharma,0,1,2,0,0,0,1,,v West Indies,Kingston,16 Jun 2011,
ODI,R Ashwin,0,1,1,0,0,0,1,,v England,Chester-le-Street,3 Sep 2011,
ODI,AM Rahane,0,3,3,0,0,0,1,,v England,The Oval,9 Sep 2011,
ODI,RA Jadeja,0,2,1,0,0,0,1,,v England,Cardiff,16 Sep 2011,
ODI,SK Raina,0,5,3,0,0,0,2,,v England,Mohali,20 Oct 2011,
ODI,V Kohli,0,5,5,0,0,0,1,,v England,Eden Gardens,25 Oct 2011,
ODI,SK Raina,0,3,1,0,0,0,2,,v West Indies,Visakhapatnam,2 Dec 2011,
ODI,V Sehwag,0,3,1,0,0,0,2,,v West Indies,Ahmedabad,5 Dec 2011,
ODI,G Gambhir,0,1,1,0,0,0,2,,v West Indies,Ahmedabad,5 Dec 2011,
ODI,AM Rahane,0,1,1,0,0,0,1,,v West Indies,Chennai,11 Dec 2011,
ODI,PA Patel,0,1,1,0,0,0,1,,v West Indies,Chennai,11 Dec 2011,
ODI,RG Sharma,0,6,5,0,0,0,2,,v Australia,Brisbane,19 Feb 2012,
ODI,V Sehwag,0,1,2,0,0,0,2,,v Sri Lanka,Brisbane,21 Feb 2012,
ODI,R Vinay Kumar,0,4,4,0,0,0,2,,v Sri Lanka,Brisbane,21 Feb 2012,
ODI,G Gambhir,0,1,2,0,0,0,2,,v Pakistan,Mirpur,18 Mar 2012,
ODI,RG Sharma,0,5,5,0,0,0,1,,v Sri Lanka,Hambantota,24 Jul 2012,
ODI,RG Sharma,0,1,1,0,0,0,2,,v Sri Lanka,Colombo (RPS),28 Jul 2012,
ODI,G Gambhir,0,3,5,0,0,0,2,,v Sri Lanka,Colombo (RPS),31 Jul 2012,
ODI,SK Raina,0,3,1,0,0,0,1,,v Sri Lanka,Pallekele,4 Aug 2012,
ODI,V Kohli,0,9,5,0,0,0,1,,v Pakistan,Chennai,30 Dec 2012,
ODI,B Kumar,0,2,2,0,0,0,2,,v Pakistan,Eden Gardens,3 Jan 2013,
ODI,AB Dinda,0,2,2,0,0,0,2,,v Pakistan,Eden Gardens,3 Jan 2013,
ODI,R Ashwin,0,2,1,0,0,0,1,,v Pakistan,Delhi,6 Jan 2013,
ODI,AM Rahane,0,14,4,0,0,0,2,,v England,Ranchi,19 Jan 2013,
ODI,V Kohli,0,1,1,0,0,0,1,,v England,Dharamsala,27 Jan 2013,
ODI,Yuvraj Singh,0,14,3,0,0,0,1,,v England,Dharamsala,27 Jan 2013,
ODI,MS Dhoni,0,3,4,0,0,0,1,,v England,Birmingham,23 Jun 2013,
ODI,Mohammed Shami,0,2,1,0,0,0,2,,v Sri Lanka,Kingston,2 Jul 2013,
ODI,UT Yadav,0,19,6,0,0,0,2,,v Sri Lanka,Kingston,2 Jul 2013,
ODI,R Ashwin,0,1,1,0,0,0,2,,v Sri Lanka,Port of Spain,11 Jul 2013,
ODI,B Kumar,0,21,15,0,0,0,2,,v Sri Lanka,Port of Spain,11 Jul 2013,
ODI,SK Raina,0,2,2,0,0,0,2,,v Zimbabwe,Harare,24 Jul 2013,
ODI,CA Pujara,0,2,4,0,0,0,2,,v Zimbabwe,Bulawayo,3 Aug 2013,
ODI,Yuvraj Singh,0,1,1,0,0,0,1,,v Australia,Mohali,19 Oct 2013,
ODI,R Vinay Kumar,0,10,1,0,0,0,1,,v Australia,Mohali,19 Oct 2013,
ODI,Yuvraj Singh,0,2,3,0,0,0,2,,v Australia,Nagpur,30 Oct 2013,
ODI,V Kohli,0,4,3,0,0,0,1,,v Australia,Bengaluru,2 Nov 2013,
ODI,SK Raina,0,6,5,0,0,0,2,,v West Indies,Kochi,21 Nov 2013,
ODI,Yuvraj Singh,0,2,2,0,0,0,2,,v South Africa,Johannesburg,5 Dec 2013,
ODI,B Kumar,0,8,4,0,0,0,2,,v South Africa,Johannesburg,5 Dec 2013,
ODI,Mohammed Shami,0,3,4,0,0,0,2,,v South Africa,Johannesburg,5 Dec 2013,
ODI,S Dhawan,0,9,2,0,0,0,2,,v South Africa,Durban,8 Dec 2013,
ODI,V Kohli,0,7,5,0,0,0,2,,v South Africa,Durban,8 Dec 2013,
ODI,RA Jadeja,0,2,3,0,0,0,2,,v New Zealand,Napier,19 Jan 2014,
ODI,VR Aaron,0,3,1,0,0,0,2,,v New Zealand,Wellington,31 Jan 2014,
ODI,STR Binny,0,4,4,0,0,0,1,,v Sri Lanka,Fatullah,28 Feb 2014,
ODI,B Kumar,0,5,0,0,0,-,1,,v Sri Lanka,Fatullah,28 Feb 2014,
ODI,Mohammed Shami,0,1,3,0,0,0,1,,v Pakistan,Mirpur,2 Mar 2014,
ODI,CA Pujara,0,5,5,0,0,0,2,,v Bangladesh,Mirpur,15 Jun 2014,
ODI,AM Rahane,0,1,1,0,0,0,1,,v Bangladesh,Mirpur,17 Jun 2014,
ODI,V Kohli,0,1,3,0,0,0,1,,v England,Cardiff,27 Aug 2014,
ODI,AM Rahane,0,2,3,0,0,0,2,,v England,Leeds,5 Sep 2014,
ODI,Mohammed Shami,0,2,2,0,0,0,2,,v England,Leeds,5 Sep 2014,
ODI,SK Raina,0,3,2,0,0,0,2,,v West Indies,Kochi,8 Oct 2014,
ODI,R Ashwin,0,2,1,0,0,0,2,,v Sri Lanka,Ranchi,16 Nov 2014,
ODI,AR Patel,0,2,2,0,0,0,1,,v Australia,Melbourne,18 Jan 2015,
ODI,B Kumar,0,1,1,0,0,0,1,,v Australia,Melbourne,18 Jan 2015,
ODI,AR Patel,0,2,1,0,0,0,1,,v England,Brisbane,20 Jan 2015,
ODI,AM Rahane,0,3,1,0,0,0,1,,v Pakistan,Adelaide,15 Feb 2015,
ODI,RG Sharma,0,13,6,0,0,0,1,,v South Africa,Melbourne,22 Feb 2015,
ODI,MM Sharma,0,1,1,0,0,0,2,,v Australia,Sydney,26 Mar 2015,
ODI,UT Yadav,0,5,5,0,0,0,2,,v Australia,Sydney,26 Mar 2015,
ODI,R Ashwin,0,1,1,0,0,0,2,,v Bangladesh,Mirpur,18 Jun 2015,
ODI,RG Sharma,0,1,2,0,0,0,1,,v Bangladesh,Mirpur,21 Jun 2015,
ODI,AT Rayudu,0,5,3,0,0,0,1,,v Bangladesh,Mirpur,21 Jun 2015,
ODI,AR Patel,0,1,1,0,0,0,1,,v Bangladesh,Mirpur,21 Jun 2015,
ODI,RV Uthappa,0,6,3,0,0,0,1,,v Zimbabwe,Harare,10 Jul 2015,
ODI,SK Raina,0,6,5,0,0,0,1,,v South Africa,Indore,14 Oct 2015,
ODI,SK Raina,0,11,2,0,0,0,2,,v South Africa,Rajkot,18 Oct 2015,
ODI,Harbhajan Singh,0,2,1,0,0,0,1,,v South Africa,Chennai,22 Oct 2015,
ODI,B Kumar,0,1,1,0,0,0,1,,v South Africa,Chennai,22 Oct 2015,
ODI,Harbhajan Singh,0,6,4,0,0,0,2,,v South Africa,Wankhede,25 Oct 2015,
ODI,MS Dhoni,0,2,3,0,0,0,2,,v Australia,Canberra,20 Jan 2016,
ODI,I Sharma,0,8,3,0,0,0,2,,v Australia,Canberra,20 Jan 2016,
ODI,JJ Bumrah,0,4,1,0,0,0,2,,v New Zealand,Delhi,20 Oct 2016,
ODI,KM Jadhav,0,2,1,0,0,0,2,,v New Zealand,Ranchi,26 Oct 2016,
ODI,MK Pandey,0,4,5,0,0,0,1,,v New Zealand,Visakhapatnam,29 Oct 2016,
ODI,V Kohli,0,5,5,0,0,0,1,,v Sri Lanka,The Oval,8 Jun 2017,
ODI,RG Sharma,0,4,3,0,0,0,2,,v Pakistan,The Oval,18 Jun 2017,
ODI,UT Yadav,0,-,1,0,0,0,2,,v West Indies,North Sound,2 Jul 2017,
ODI,HH Pandya,0,-,3,0,0,0,2,,v Sri Lanka,Pallekele,24 Aug 2017,
ODI,KM Jadhav,0,-,2,0,0,0,2,,v Sri Lanka,Pallekele,27 Aug 2017,
ODI,V Kohli,0,7,4,0,0,0,1,,v Australia,Chennai,17 Sep 2017,
ODI,MK Pandey,0,4,2,0,0,0,1,,v Australia,Chennai,17 Sep 2017,
ODI,Kuldeep Yadav,0,1,2,0,0,0,1,,v Australia,Eden Gardens,21 Sep 2017,
ODI,S Dhawan,0,8,6,0,0,0,1,,v Sri Lanka,Dharamsala,10 Dec 2017,
ODI,KD Karthik,0,22,18,0,0,0,1,,v Sri Lanka,Dharamsala,10 Dec 2017,
ODI,B Kumar,0,8,5,0,0,0,1,,v Sri Lanka,Dharamsala,10 Dec 2017,
ODI,JJ Bumrah,0,38,15,0,0,0,1,,v Sri Lanka,Dharamsala,10 Dec 2017,
ODI,RG Sharma,0,4,6,0,0,0,1,,v South Africa,Cape Town,7 Feb 2018,
ODI,HH Pandya,0,1,1,0,0,0,1,,v South Africa,Gqeberha,13 Feb 2018,
ODI,KL Rahul,0,-,2,0,0,0,2,,v England,Lord's,14 Jul 2018,
ODI,UT Yadav,0,-,2,0,0,0,2,,v England,Lord's,14 Jul 2018,
ODI,MS Dhoni,0,-,3,0,0,0,1,,v Hong Kong,Dubai (DICS),18 Sep 2018,
ODI,SN Thakur,0,-,3,0,0,0,1,,v Hong Kong,Dubai (DICS),18 Sep 2018,
ODI,S Kaul,0,-,1,0,0,0,2,,v Afghanistan,Dubai (DICS),25 Sep 2018,
ODI,JJ Bumrah,0,-,3,0,0,0,2,,v West Indies,Pune,27 Oct 2018,
ODI,S Dhawan,0,4,1,0,0,0,2,,v Australia,Sydney,12 Jan 2019,
ODI,AT Rayudu,0,2,2,0,0,0,2,,v Australia,Sydney,12 Jan 2019,
ODI,AT Rayudu,0,13,4,0,0,0,1,,v New Zealand,Hamilton,31 Jan 2019,
ODI,KD Karthik,0,3,3,0,0,0,1,,v New Zealand,Hamilton,31 Jan 2019,
ODI,S Dhawan,0,-,1,0,0,0,2,,v Australia,Hyderabad,2 Mar 2019,
ODI,RG Sharma,0,-,6,0,0,0,1,,v Australia,Nagpur,5 Mar 2019,
ODI,MS Dhoni,0,-,1,0,0,0,1,,v Australia,Nagpur,5 Mar 2019,
ODI,JJ Bumrah,0,-,2,0,0,0,1,,v Australia,Nagpur,5 Mar 2019,
ODI,YS Chahal,0,-,1,0,0,0,1,,v Australia,Mohali,10 Mar 2019,
ODI,RA Jadeja,0,-,3,0,0,0,2,,v Australia,Delhi,13 Mar 2019,
ODI,Mohammed Shami,0,4,2,0,0,0,1,,v West Indies,Manchester,27 Jun 2019,
ODI,KL Rahul,0,10,9,0,0,0,2,,v England,Birmingham,30 Jun 2019,
ODI,HH Pandya,0,4,2,0,0,0,1,,v Bangladesh,Birmingham,2 Jul 2019,
ODI,B Kumar,0,10,1,0,0,0,2,,v New Zealand,Manchester,9 Jul 2019,
ODI,RR Pant,0,3,1,0,0,0,2,,v West Indies,Port of Spain,14 Aug 2019,
ODI,V Kohli,0,-,1,0,0,0,1,,v West Indies,Visakhapatnam,18 Dec 2019,
ODI,JJ Bumrah,0,-,2,0,0,0,2,,v Australia,Sydney,29 Nov 2020,
ODI,M Prasidh Krishna,0,4,3,0,0,0,1,,v England,Pune,28 Mar 2021,
ODI,HH Pandya,0,6,3,0,0,0,2,,v Sri Lanka,Colombo (RPS),20 Jul 2021,
ODI,V Kohli,0,4,5,0,0,0,1,,v South Africa,Paarl,21 Jan 2022,
ODI,RR Pant,0,5,1,0,0,0,2,,v South Africa,Cape Town,23 Jan 2022,
ODI,V Kohli,0,2,2,0,0,0,1,,v West Indies,Ahmedabad,11 Feb 2022,
ODI,RG Sharma,0,12,10,0,0,0,2,,v England,Lord's,14 Jul 2022,
ODI,RR Pant,0,9,5,0,0,0,2,,v England,Lord's,14 Jul 2022,
ODI,M Prasidh Krishna,0,4,3,0,0,0,2,,v England,Lord's,14 Jul 2022,
ODI,Kuldeep Yadav,0,3,1,0,0,0,2,,v South Africa,Lucknow,6 Oct 2022,
ODI,Shahbaz Ahmed,0,4,4,0,0,0,1,,v Bangladesh,Mirpur,4 Dec 2022,
ODI,DL Chahar,0,6,3,0,0,0,1,,v Bangladesh,Mirpur,4 Dec 2022,
ODI,SA Yadav,0,3,1,0,0,0,2,,v Australia,Wankhede,17 Mar 2023,
ODI,Shubman Gill,0,4,2,0,0,0,1,,v Australia,Visakhapatnam,19 Mar 2023,
ODI,SA Yadav,0,1,1,0,0,0,1,,v Australia,Visakhapatnam,19 Mar 2023,
ODI,Mohammed Shami,0,1,1,0,0,0,1,,v Australia,Visakhapatnam,19 Mar 2023,
ODI,Mohammed Siraj,0,9,3,0,0,0,1,,v Australia,Visakhapatnam,19 Mar 2023,
ODI,SA Yadav,0,2,1,0,0,0,2,,v Australia,Chennai,22 Mar 2023,
ODI,Umran Malik,0,1,2,0,0,0,1,,v West Indies,Bridgetown,29 Jul 2023,
ODI,Kuldeep Yadav,0,2,1,0,0,0,1,,v Sri Lanka,Colombo (RPS),12 Sep 2023,
ODI,RG Sharma,0,3,2,0,0,0,2,,v Bangladesh,Colombo (RPS),15 Sep 2023,
ODI,RG Sharma,0,10,6,0,0,0,2,,v Australia,Chennai,8 Oct 2023,
ODI,Ishan Kishan,0,3,1,0,0,0,2,,v Australia,Chennai,8 Oct 2023,
ODI,SS Iyer,0,2,3,0,0,0,2,,v Australia,Chennai,8 Oct 2023,
ODI,V Kohli,0,12,9,0,0,0,1,,v England,Lucknow,29 Oct 2023,
ODI,Arshdeep Singh,0,1,1,0,0,0,2,,v Sri Lanka,Colombo (RPS),2 Aug 2024,
ODI,S Dube,0,1,4,0,0,0,2,,v Sri Lanka,Colombo (RPS),4 Aug 2024,
ODI,KL Rahul,0,5,2,0,0,0,2,,v Sri Lanka,Colombo (RPS),4 Aug 2024,
ODI,V Kohli,0,12,8,0,0,0,1,,v Australia,Perth,19 Oct 2025,
ODI,Arshdeep Singh,0,1,0,0,0,-,1,,v Australia,Perth,19 Oct 2025,
ODI,V Kohli,0,3,4,0,0,0,1,,v Australia,Adelaide,23 Oct 2025,
ODI,Arshdeep Singh,0,1,1,0,0,0,1,,v South Africa,Ranchi,30 Nov 2025,
ODI,Mohammed Siraj,0,1,1,0,0,0,2,,v New Zealand,Indore,18 Jan 2026,
ODI,FM Engineer,DNB,-,-,-,-,-,2,,v England,Lord's,7 Jun 1975,
ODI,S Venkataraghavan,DNB,-,-,-,-,-,2,,v England,Lord's,7 Jun 1975,
ODI,S Abid Ali,DNB,-,-,-,-,-,2,,v England,Lord's,7 Jun 1975,
ODI,M Amarnath,DNB,-,-,-,-,-,2,,v England,Lord's,7 Jun 1975,
ODI,S Madan Lal,DNB,-,-,-,-,-,2,,v England,Lord's,7 Jun 1975,
ODI,KD Ghavri,DNB,-,-,-,-,-,2,,v England,Lord's,7 Jun 1975,
ODI,S Venkataraghavan,DNB,-,-,-,-,-,2,,v East Africa,Leeds,11 Jun 1975,
ODI,BS Bedi,DNB,-,-,-,-,-,2,,v East Africa,Leeds,11 Jun 1975,
ODI,S Abid Ali,DNB,-,-,-,-,-,2,,v East Africa,Leeds,11 Jun 1975,
ODI,ED Solkar,DNB,-,-,-,-,-,2,,v East Africa,Leeds,11 Jun 1975,
ODI,GR Viswanath,DNB,-,-,-,-,-,2,,v East Africa,Leeds,11 Jun 1975,
ODI,M Amarnath,DNB,-,-,-,-,-,2,,v East Africa,Leeds,11 Jun 1975,
ODI,S Madan Lal,DNB,-,-,-,-,-,2,,v East Africa,Leeds,11 Jun 1975,
ODI,BP Patel,DNB,-,-,-,-,-,2,,v East Africa,Leeds,11 Jun 1975,
ODI,AD Gaekwad,DNB,-,-,-,-,-,2,,v East Africa,Leeds,11 Jun 1975,
ODI,S Venkataraghavan,DNB,-,-,-,-,-,1,,v Pakistan,Quetta,1 Oct 1978,
ODI,BS Bedi,DNB,-,-,-,-,-,1,,v Pakistan,Quetta,1 Oct 1978,
ODI,S Venkataraghavan,DNB,-,-,-,-,-,2,,v Pakistan,Sahiwal,3 Nov 1978,
ODI,BS Bedi,DNB,-,-,-,-,-,2,,v Pakistan,Sahiwal,3 Nov 1978,
ODI,M Amarnath,DNB,-,-,-,-,-,2,,v Pakistan,Sahiwal,3 Nov 1978,
ODI,KD Ghavri,DNB,-,-,-,-,-,2,,v Pakistan,Sahiwal,3 Nov 1978,
ODI,N Kapil Dev,DNB,-,-,-,-,-,2,,v Pakistan,Sahiwal,3 Nov 1978,
ODI,B Reddy,DNB,-,-,-,-,-,2,,v Pakistan,Sahiwal,3 Nov 1978,
ODI,Yashpal Sharma,DNB,-,-,-,-,-,2,,v Pakistan,Sahiwal,3 Nov 1978,
ODI,DR Doshi,DNB,-,-,-,-,-,1,,v Australia,Melbourne,6 Dec 1980,
ODI,DR Doshi,DNB,-,-,-,-,-,1,,v Australia,Sydney,18 Dec 1980,
ODI,DR Doshi,DNB,-,-,-,-,-,1,,v New Zealand,Adelaide,23 Dec 1980,
ODI,B Yograj Singh,DNB,-,-,-,-,-,1,,v New Zealand,Adelaide,23 Dec 1980,
ODI,GR Viswanath,DNB,-,-,-,-,-,1,,v Australia,Melbourne,11 Jan 1981,
ODI,KD Ghavri,DNB,-,-,-,-,-,1,,v Australia,Melbourne,11 Jan 1981,
ODI,DR Doshi,DNB,-,-,-,-,-,1,,v Australia,Melbourne,11 Jan 1981,
ODI,B Yograj Singh,DNB,-,-,-,-,-,1,,v Australia,Melbourne,11 Jan 1981,
ODI,DR Doshi,DNB,-,-,-,-,-,2,,v Australia,Sydney,15 Jan 1981,
ODI,DR Doshi,DNB,-,-,-,-,-,1,,v England,Ahmedabad,25 Nov 1981,
ODI,Randhir Singh,DNB,-,-,-,-,-,1,,v England,Ahmedabad,25 Nov 1981,
ODI,SM Gavaskar,DNB,-,-,-,-,-,2,,v England,Jalandhar,20 Dec 1981,
ODI,S Madan Lal,DNB,-,-,-,-,-,2,,v England,Jalandhar,20 Dec 1981,
ODI,SMH Kirmani,DNB,-,-,-,-,-,2,,v England,Jalandhar,20 Dec 1981,
ODI,RJ Shastri,DNB,-,-,-,-,-,2,,v England,Jalandhar,20 Dec 1981,
ODI,SV Nayak,DNB,-,-,-,-,-,2,,v England,Jalandhar,20 Dec 1981,
ODI,S Madan Lal,DNB,-,-,-,-,-,2,,v England,Cuttack,27 Jan 1982,
ODI,SMH Kirmani,DNB,-,-,-,-,-,2,,v England,Cuttack,27 Jan 1982,
ODI,RJ Shastri,DNB,-,-,-,-,-,2,,v England,Cuttack,27 Jan 1982,
ODI,SV Nayak,DNB,-,-,-,-,-,2,,v England,Cuttack,27 Jan 1982,
ODI,SV Nayak,DNB,-,-,-,-,-,2,,v England,The Oval,4 Jun 1982,
ODI,S Madan Lal,DNB,-,-,-,-,-,1,,v Sri Lanka,Amritsar,12 Sep 1982,
ODI,SMH Kirmani,DNB,-,-,-,-,-,1,,v Sri Lanka,Amritsar,12 Sep 1982,
ODI,DR Doshi,DNB,-,-,-,-,-,1,,v Sri Lanka,Amritsar,12 Sep 1982,
ODI,M Amarnath,DNB,-,-,-,-,-,2,,v Sri Lanka,Delhi,15 Sep 1982,
ODI,S Madan Lal,DNB,-,-,-,-,-,2,,v Sri Lanka,Delhi,15 Sep 1982,
ODI,SMH Kirmani,DNB,-,-,-,-,-,2,,v Sri Lanka,Delhi,15 Sep 1982,
ODI,Yashpal Sharma,DNB,-,-,-,-,-,2,,v Sri Lanka,Delhi,15 Sep 1982,
ODI,DR Doshi,DNB,-,-,-,-,-,2,,v Sri Lanka,Delhi,15 Sep 1982,
ODI,M Amarnath,DNB,-,-,-,-,-,2,,v Sri Lanka,Bengaluru,26 Sep 1982,
ODI,S Madan Lal,DNB,-,-,-,-,-,2,,v Sri Lanka,Bengaluru,26 Sep 1982,
ODI,SMH Kirmani,DNB,-,-,-,-,-,2,,v Sri Lanka,Bengaluru,26 Sep 1982,
ODI,DR Doshi,DNB,-,-,-,-,-,2,,v Sri Lanka,Bengaluru,26 Sep 1982,
ODI,SM Patil,DNB,-,-,-,-,-,2,,v Sri Lanka,Bengaluru,26 Sep 1982,
ODI,S Madan Lal,DNB,-,-,-,-,-,2,,v Pakistan,Gujranwala,3 Dec 1982,
ODI,RJ Shastri,DNB,-,-,-,-,-,2,,v Pakistan,Gujranwala,3 Dec 1982,
ODI,BS Sandhu,DNB,-,-,-,-,-,2,,v Pakistan,Gujranwala,3 Dec 1982,
ODI,DR Doshi,DNB,-,-,-,-,-,2,,v Pakistan,Multan,17 Dec 1982,
ODI,BS Sandhu,DNB,-,-,-,-,-,2,,v Pakistan,Multan,17 Dec 1982,
ODI,S Madan Lal,DNB,-,-,-,-,-,2,,v Pakistan,Lahore,31 Dec 1982,
ODI,SMH Kirmani,DNB,-,-,-,-,-,2,,v Pakistan,Lahore,31 Dec 1982,
ODI,DB Vengsarkar,DNB,-,-,-,-,-,2,,v Pakistan,Lahore,31 Dec 1982,
ODI,RJ Shastri,DNB,-,-,-,-,-,2,,v Pakistan,Lahore,31 Dec 1982,
ODI,BS Sandhu,DNB,-,-,-,-,-,2,,v Pakistan,Lahore,31 Dec 1982,
ODI,Maninder Singh,DNB,-,-,-,-,-,1,,v Pakistan,Karachi,21 Jan 1983,
ODI,BS Sandhu,DNB,-,-,-,-,-,1,,v Pakistan,Karachi,21 Jan 1983,
ODI,TAP Sekhar,DNB,-,-,-,-,-,1,,v Pakistan,Karachi,21 Jan 1983,
ODI,S Venkataraghavan,DNB,-,-,-,-,-,2,,v West Indies,Port of Spain,9 Mar 1983,
ODI,Maninder Singh,DNB,-,-,-,-,-,2,,v West Indies,Port of Spain,9 Mar 1983,
ODI,S Venkataraghavan,DNB,-,-,-,-,-,1,,v West Indies,Albion,29 Mar 1983,
ODI,S Madan Lal,DNB,-,-,-,-,-,1,,v West Indies,Albion,29 Mar 1983,
ODI,SMH Kirmani,DNB,-,-,-,-,-,1,,v West Indies,Albion,29 Mar 1983,
ODI,BS Sandhu,DNB,-,-,-,-,-,1,,v West Indies,Albion,29 Mar 1983,
ODI,BS Sandhu,DNB,-,-,-,-,-,1,,v West Indies,Manchester,9 Jun 1983,
ODI,S Madan Lal,DNB,-,-,-,-,-,2,,v Zimbabwe,Leicester,11 Jun 1983,
ODI,SMH Kirmani,DNB,-,-,-,-,-,2,,v Zimbabwe,Leicester,11 Jun 1983,
ODI,RMH Binny,DNB,-,-,-,-,-,2,,v Zimbabwe,Leicester,11 Jun 1983,
ODI,BS Sandhu,DNB,-,-,-,-,-,2,,v Zimbabwe,Leicester,11 Jun 1983,
ODI,BS Sandhu,DNB,-,-,-,-,-,1,,v Zimbabwe,Tunbridge Wells,18 Jun 1983,
ODI,S Madan Lal,DNB,-,-,-,-,-,2,,v England,Manchester,22 Jun 1983,
ODI,SMH Kirmani,DNB,-,-,-,-,-,2,,v England,Manchester,22 Jun 1983,
ODI,RMH Binny,DNB,-,-,-,-,-,2,,v England,Manchester,22 Jun 1983,
ODI,KBJ Azad,DNB,-,-,-,-,-,2,,v England,Manchester,22 Jun 1983,
ODI,BS Sandhu,DNB,-,-,-,-,-,2,,v England,Manchester,22 Jun 1983,
ODI,S Madan Lal,DNB,-,-,-,-,-,2,,v Pakistan,Hyderabad (Deccan),10 Sep 1983,
ODI,SMH Kirmani,DNB,-,-,-,-,-,2,,v Pakistan,Hyderabad (Deccan),10 Sep 1983,
ODI,BS Sandhu,DNB,-,-,-,-,-,2,,v Pakistan,Hyderabad (Deccan),10 Sep 1983,
ODI,S Madan Lal,DNB,-,-,-,-,-,2,,v Pakistan,Jaipur,2 Oct 1983,
ODI,SMH Kirmani,DNB,-,-,-,-,-,2,,v Pakistan,Jaipur,2 Oct 1983,
ODI,BS Sandhu,DNB,-,-,-,-,-,2,,v Pakistan,Jaipur,2 Oct 1983,
ODI,S Madan Lal,DNB,-,-,-,-,-,1,,v West Indies,Vadodara,9 Nov 1983,
ODI,SMH Kirmani,DNB,-,-,-,-,-,1,,v West Indies,Vadodara,9 Nov 1983,
ODI,BS Sandhu,DNB,-,-,-,-,-,1,,v West Indies,Vadodara,9 Nov 1983,
ODI,SMH Kirmani,DNB,-,-,-,-,-,1,,v West Indies,Indore,1 Dec 1983,
ODI,BS Sandhu,DNB,-,-,-,-,-,1,,v West Indies,Indore,1 Dec 1983,
ODI,S Madan Lal,DNB,-,-,-,-,-,2,,v West Indies,Jamshedpur,7 Dec 1983,
ODI,SMH Kirmani,DNB,-,-,-,-,-,2,,v West Indies,Jamshedpur,7 Dec 1983,
ODI,RJ Shastri,DNB,-,-,-,-,-,2,,v West Indies,Jamshedpur,7 Dec 1983,
ODI,C Sharma,DNB,-,-,-,-,-,2,,v West Indies,Jamshedpur,7 Dec 1983,
ODI,Randhir Singh,DNB,-,-,-,-,-,1,,v West Indies,Guwahati,17 Dec 1983,
ODI,C Sharma,DNB,-,-,-,-,-,1,,v West Indies,Guwahati,17 Dec 1983,
ODI,SM Gavaskar,DNB,-,-,-,-,-,2,,v Sri Lanka,Sharjah,8 Apr 1984,
ODI,S Madan Lal,DNB,-,-,-,-,-,2,,v Sri Lanka,Sharjah,8 Apr 1984,
ODI,DB Vengsarkar,DNB,-,-,-,-,-,2,,v Sri Lanka,Sharjah,8 Apr 1984,
ODI,RMH Binny,DNB,-,-,-,-,-,2,,v Sri Lanka,Sharjah,8 Apr 1984,
ODI,SM Patil,DNB,-,-,-,-,-,2,,v Sri Lanka,Sharjah,8 Apr 1984,
ODI,KBJ Azad,DNB,-,-,-,-,-,2,,v Sri Lanka,Sharjah,8 Apr 1984,
ODI,RJ Shastri,DNB,-,-,-,-,-,2,,v Sri Lanka,Sharjah,8 Apr 1984,
ODI,C Sharma,DNB,-,-,-,-,-,2,,v Sri Lanka,Sharjah,8 Apr 1984,
ODI,M Prabhakar,DNB,-,-,-,-,-,2,,v Sri Lanka,Sharjah,8 Apr 1984,
ODI,S Madan Lal,DNB,-,-,-,-,-,1,,v Pakistan,Sharjah,13 Apr 1984,
ODI,RMH Binny,DNB,-,-,-,-,-,1,,v Pakistan,Sharjah,13 Apr 1984,
ODI,KBJ Azad,DNB,-,-,-,-,-,1,,v Pakistan,Sharjah,13 Apr 1984,
ODI,RJ Shastri,DNB,-,-,-,-,-,1,,v Pakistan,Sharjah,13 Apr 1984,
ODI,C Sharma,DNB,-,-,-,-,-,1,,v Pakistan,Sharjah,13 Apr 1984,
ODI,M Prabhakar,DNB,-,-,-,-,-,1,,v Pakistan,Sharjah,13 Apr 1984,
ODI,SM Gavaskar,DNB,-,-,-,-,-,1,,v Australia,Jamshedpur,3 Oct 1984,
ODI,S Madan Lal,DNB,-,-,-,-,-,1,,v Australia,Jamshedpur,3 Oct 1984,
ODI,RMH Binny,DNB,-,-,-,-,-,1,,v Australia,Jamshedpur,3 Oct 1984,
ODI,KBJ Azad,DNB,-,-,-,-,-,1,,v Australia,Jamshedpur,3 Oct 1984,
ODI,RJ Shastri,DNB,-,-,-,-,-,1,,v Australia,Jamshedpur,3 Oct 1984,
ODI,C Sharma,DNB,-,-,-,-,-,1,,v Australia,Jamshedpur,3 Oct 1984,
ODI,AK Patel,DNB,-,-,-,-,-,1,,v Australia,Jamshedpur,3 Oct 1984,
ODI,SMH Kirmani,DNB,-,-,-,-,-,1,,v Australia,Ahmedabad,5 Oct 1984,
ODI,C Sharma,DNB,-,-,-,-,-,1,,v Australia,Ahmedabad,5 Oct 1984,
ODI,AK Patel,DNB,-,-,-,-,-,1,,v Australia,Ahmedabad,5 Oct 1984,
ODI,S Madan Lal,DNB,-,-,-,-,-,1,,v Australia,Indore,6 Oct 1984,
ODI,BS Sandhu,DNB,-,-,-,-,-,1,,v Australia,Indore,6 Oct 1984,
ODI,M Prabhakar,DNB,-,-,-,-,-,1,,v Australia,Indore,6 Oct 1984,
ODI,AK Patel,DNB,-,-,-,-,-,1,,v Australia,Indore,6 Oct 1984,
ODI,M Amarnath,DNB,-,-,-,-,-,1,,v Pakistan,Sialkot,31 Oct 1984,
ODI,S Madan Lal,DNB,-,-,-,-,-,1,,v Pakistan,Sialkot,31 Oct 1984,
ODI,SMH Kirmani,DNB,-,-,-,-,-,1,,v Pakistan,Sialkot,31 Oct 1984,
ODI,RMH Binny,DNB,-,-,-,-,-,1,,v Pakistan,Sialkot,31 Oct 1984,
ODI,Maninder Singh,DNB,-,-,-,-,-,1,,v Pakistan,Sialkot,31 Oct 1984,
ODI,BS Sandhu,DNB,-,-,-,-,-,1,,v Pakistan,Sialkot,31 Oct 1984,
ODI,C Sharma,DNB,-,-,-,-,-,1,,v England,Pune,5 Dec 1984,
ODI,M Prabhakar,DNB,-,-,-,-,-,1,,v England,Pune,5 Dec 1984,
ODI,RS Ghai,DNB,-,-,-,-,-,1,,v England,Pune,5 Dec 1984,
ODI,KS More,DNB,-,-,-,-,-,1,,v England,Pune,5 Dec 1984,
ODI,M Prabhakar,DNB,-,-,-,-,-,1,,v England,Cuttack,27 Dec 1984,
ODI,AK Patel,DNB,-,-,-,-,-,1,,v England,Cuttack,27 Dec 1984,
ODI,RS Ghai,DNB,-,-,-,-,-,1,,v England,Cuttack,27 Dec 1984,
ODI,KS More,DNB,-,-,-,-,-,1,,v England,Cuttack,27 Dec 1984,
ODI,TAP Sekhar,DNB,-,-,-,-,-,1,,v England,Bengaluru,20 Jan 1985,
ODI,AK Patel,DNB,-,-,-,-,-,1,,v England,Bengaluru,20 Jan 1985,
ODI,RS Ghai,DNB,-,-,-,-,-,1,,v England,Bengaluru,20 Jan 1985,
ODI,TAP Sekhar,DNB,-,-,-,-,-,2,,v England,Nagpur,23 Jan 1985,
ODI,AK Patel,DNB,-,-,-,-,-,2,,v England,Nagpur,23 Jan 1985,
ODI,TAP Sekhar,DNB,-,-,-,-,-,2,,v England,Chandigarh,27 Jan 1985,
ODI,C Sharma,DNB,-,-,-,-,-,2,,v England,Chandigarh,27 Jan 1985,
ODI,M Prabhakar,DNB,-,-,-,-,-,2,,v England,Chandigarh,27 Jan 1985,
ODI,S Viswanath,DNB,-,-,-,-,-,2,,v England,Chandigarh,27 Jan 1985,
ODI,S Madan Lal,DNB,-,-,-,-,-,2,,v Pakistan,Melbourne,20 Feb 1985,
ODI,N Kapil Dev,DNB,-,-,-,-,-,2,,v Pakistan,Melbourne,20 Feb 1985,
ODI,RMH Binny,DNB,-,-,-,-,-,2,,v Pakistan,Melbourne,20 Feb 1985,
ODI,L Sivaramakrishnan,DNB,-,-,-,-,-,2,,v Pakistan,Melbourne,20 Feb 1985,
ODI,S Viswanath,DNB,-,-,-,-,-,2,,v Pakistan,Melbourne,20 Feb 1985,
ODI,L Sivaramakrishnan,DNB,-,-,-,-,-,1,,v England,Sydney,26 Feb 1985,
ODI,M Amarnath,DNB,-,-,-,-,-,2,,v Australia,Melbourne,3 Mar 1985,
ODI,SM Gavaskar,DNB,-,-,-,-,-,2,,v Australia,Melbourne,3 Mar 1985,
ODI,S Madan Lal,DNB,-,-,-,-,-,2,,v Australia,Melbourne,3 Mar 1985,
ODI,N Kapil Dev,DNB,-,-,-,-,-,2,,v Australia,Melbourne,3 Mar 1985,
ODI,RMH Binny,DNB,-,-,-,-,-,2,,v Australia,Melbourne,3 Mar 1985,
ODI,L Sivaramakrishnan,DNB,-,-,-,-,-,2,,v Australia,Melbourne,3 Mar 1985,
ODI,S Viswanath,DNB,-,-,-,-,-,2,,v Australia,Melbourne,3 Mar 1985,
ODI,M Amarnath,DNB,-,-,-,-,-,2,,v New Zealand,Sydney,5 Mar 1985,
ODI,SM Gavaskar,DNB,-,-,-,-,-,2,,v New Zealand,Sydney,5 Mar 1985,
ODI,S Madan Lal,DNB,-,-,-,-,-,2,,v New Zealand,Sydney,5 Mar 1985,
ODI,RMH Binny,DNB,-,-,-,-,-,2,,v New Zealand,Sydney,5 Mar 1985,
ODI,L Sivaramakrishnan,DNB,-,-,-,-,-,2,,v New Zealand,Sydney,5 Mar 1985,
ODI,S Viswanath,DNB,-,-,-,-,-,2,,v New Zealand,Sydney,5 Mar 1985,
ODI,M Amarnath,DNB,-,-,-,-,-,2,,v Pakistan,Melbourne,10 Mar 1985,
ODI,SM Gavaskar,DNB,-,-,-,-,-,2,,v Pakistan,Melbourne,10 Mar 1985,
ODI,S Madan Lal,DNB,-,-,-,-,-,2,,v Pakistan,Melbourne,10 Mar 1985,
ODI,N Kapil Dev,DNB,-,-,-,-,-,2,,v Pakistan,Melbourne,10 Mar 1985,
ODI,L Sivaramakrishnan,DNB,-,-,-,-,-,2,,v Pakistan,Melbourne,10 Mar 1985,
ODI,C Sharma,DNB,-,-,-,-,-,2,,v Pakistan,Melbourne,10 Mar 1985,
ODI,S Viswanath,DNB,-,-,-,-,-,2,,v Pakistan,Melbourne,10 Mar 1985,
ODI,L Sivaramakrishnan,DNB,-,-,-,-,-,2,,v Australia,Sharjah,29 Mar 1985,
ODI,S Viswanath,DNB,-,-,-,-,-,2,,v Australia,Sharjah,29 Mar 1985,
ODI,G Sharma,DNB,-,-,-,-,-,2,,v Sri Lanka,Colombo (SSC),25 Aug 1985,
ODI,M Amarnath,DNB,-,-,-,-,-,2,,v Sri Lanka,Colombo (PSS),21 Sep 1985,
ODI,RMH Binny,DNB,-,-,-,-,-,2,,v Sri Lanka,Colombo (PSS),21 Sep 1985,
ODI,C Sharma,DNB,-,-,-,-,-,2,,v Sri Lanka,Colombo (PSS),21 Sep 1985,
ODI,G Sharma,DNB,-,-,-,-,-,2,,v Sri Lanka,Colombo (PSS),21 Sep 1985,
ODI,S Viswanath,DNB,-,-,-,-,-,2,,v Sri Lanka,Colombo (PSS),21 Sep 1985,
ODI,C Sharma,DNB,-,-,-,-,-,1,,v Sri Lanka,Colombo (PSS),22 Sep 1985,
ODI,G Sharma,DNB,-,-,-,-,-,1,,v Sri Lanka,Colombo (PSS),22 Sep 1985,
ODI,S Viswanath,DNB,-,-,-,-,-,1,,v Sri Lanka,Colombo (PSS),22 Sep 1985,
ODI,SMH Kirmani,DNB,-,-,-,-,-,1,,v West Indies,Sharjah,22 Nov 1985,
ODI,RMH Binny,DNB,-,-,-,-,-,1,,v West Indies,Sharjah,22 Nov 1985,
ODI,RJ Shastri,DNB,-,-,-,-,-,1,,v West Indies,Sharjah,22 Nov 1985,
ODI,L Sivaramakrishnan,DNB,-,-,-,-,-,1,,v West Indies,Sharjah,22 Nov 1985,
ODI,RS Ghai,DNB,-,-,-,-,-,1,,v West Indies,Sharjah,22 Nov 1985,
ODI,SMH Kirmani,DNB,-,-,-,-,-,2,,v New Zealand,Brisbane,11 Jan 1986,
ODI,NS Yadav,DNB,-,-,-,-,-,2,,v New Zealand,Brisbane,11 Jan 1986,
ODI,RMH Binny,DNB,-,-,-,-,-,2,,v New Zealand,Brisbane,11 Jan 1986,
ODI,C Sharma,DNB,-,-,-,-,-,2,,v New Zealand,Brisbane,11 Jan 1986,
ODI,N Kapil Dev,DNB,-,-,-,-,-,2,,v Australia,Melbourne,16 Jan 1986,
ODI,RMH Binny,DNB,-,-,-,-,-,2,,v Australia,Melbourne,16 Jan 1986,
ODI,RJ Shastri,DNB,-,-,-,-,-,2,,v Australia,Melbourne,16 Jan 1986,
ODI,AO Malhotra,DNB,-,-,-,-,-,2,,v Australia,Melbourne,16 Jan 1986,
ODI,L Sivaramakrishnan,DNB,-,-,-,-,-,2,,v Australia,Melbourne,16 Jan 1986,
ODI,C Sharma,DNB,-,-,-,-,-,2,,v Australia,Melbourne,16 Jan 1986,
ODI,KS More,DNB,-,-,-,-,-,2,,v Australia,Melbourne,16 Jan 1986,
ODI,RMH Binny,DNB,-,-,-,-,-,2,,v Australia,Sydney,21 Jan 1986,
ODI,RJ Shastri,DNB,-,-,-,-,-,2,,v Australia,Sydney,21 Jan 1986,
ODI,L Sivaramakrishnan,DNB,-,-,-,-,-,2,,v Australia,Sydney,21 Jan 1986,
ODI,C Sharma,DNB,-,-,-,-,-,2,,v Australia,Sydney,21 Jan 1986,
ODI,KS More,DNB,-,-,-,-,-,2,,v Australia,Sydney,21 Jan 1986,
ODI,NS Yadav,DNB,-,-,-,-,-,1,,v New Zealand,Melbourne,23 Jan 1986,
ODI,RMH Binny,DNB,-,-,-,-,-,2,,v New Zealand,Adelaide,25 Jan 1986,
ODI,C Sharma,DNB,-,-,-,-,-,2,,v New Zealand,Adelaide,25 Jan 1986,
ODI,KS More,DNB,-,-,-,-,-,2,,v New Zealand,Adelaide,25 Jan 1986,
ODI,RR Kulkarni,DNB,-,-,-,-,-,2,,v New Zealand,Adelaide,25 Jan 1986,
ODI,RMH Binny,DNB,-,-,-,-,-,2,,v Australia,Melbourne,31 Jan 1986,
ODI,RJ Shastri,DNB,-,-,-,-,-,2,,v Australia,Melbourne,31 Jan 1986,
ODI,L Sivaramakrishnan,DNB,-,-,-,-,-,2,,v Australia,Melbourne,31 Jan 1986,
ODI,M Azharuddin,DNB,-,-,-,-,-,2,,v Australia,Melbourne,31 Jan 1986,
ODI,KS More,DNB,-,-,-,-,-,2,,v Australia,Melbourne,31 Jan 1986,
ODI,RMH Binny,DNB,-,-,-,-,-,2,,v New Zealand,Sharjah,10 Apr 1986,
ODI,Maninder Singh,DNB,-,-,-,-,-,2,,v New Zealand,Sharjah,10 Apr 1986,
ODI,Maninder Singh,DNB,-,-,-,-,-,2,,v Sri Lanka,Sharjah,13 Apr 1986,
ODI,C Sharma,DNB,-,-,-,-,-,2,,v Sri Lanka,Sharjah,13 Apr 1986,
ODI,S Madan Lal,DNB,-,-,-,-,-,1,,v Pakistan,Sharjah,18 Apr 1986,
ODI,Maninder Singh,DNB,-,-,-,-,-,1,,v Pakistan,Sharjah,18 Apr 1986,
ODI,M Azharuddin,DNB,-,-,-,-,-,1,,v Pakistan,Sharjah,18 Apr 1986,
ODI,DB Vengsarkar,DNB,-,-,-,-,-,2,,v England,The Oval,24 May 1986,
ODI,N Kapil Dev,DNB,-,-,-,-,-,2,,v England,The Oval,24 May 1986,
ODI,RMH Binny,DNB,-,-,-,-,-,2,,v England,The Oval,24 May 1986,
ODI,SM Patil,DNB,-,-,-,-,-,2,,v England,The Oval,24 May 1986,
ODI,RJ Shastri,DNB,-,-,-,-,-,2,,v England,The Oval,24 May 1986,
ODI,Maninder Singh,DNB,-,-,-,-,-,2,,v England,The Oval,24 May 1986,
ODI,C Sharma,DNB,-,-,-,-,-,2,,v England,The Oval,24 May 1986,
ODI,CS Pandit,DNB,-,-,-,-,-,2,,v England,The Oval,24 May 1986,
ODI,RMH Binny,DNB,-,-,-,-,-,1,,v England,Manchester,26 May 1986,
ODI,Maninder Singh,DNB,-,-,-,-,-,1,,v England,Manchester,26 May 1986,
ODI,CS Pandit,DNB,-,-,-,-,-,1,,v England,Manchester,26 May 1986,
ODI,RMH Binny,DNB,-,-,-,-,-,2,,v Australia,Jaipur,7 Sep 1986,
ODI,RJ Shastri,DNB,-,-,-,-,-,2,,v Australia,Jaipur,7 Sep 1986,
ODI,Maninder Singh,DNB,-,-,-,-,-,2,,v Australia,Jaipur,7 Sep 1986,
ODI,C Sharma,DNB,-,-,-,-,-,2,,v Australia,Jaipur,7 Sep 1986,
ODI,M Azharuddin,DNB,-,-,-,-,-,2,,v Australia,Jaipur,7 Sep 1986,
ODI,CS Pandit,DNB,-,-,-,-,-,2,,v Australia,Jaipur,7 Sep 1986,
ODI,S Madan Lal,DNB,-,-,-,-,-,2,,v Australia,Hyderabad (Deccan),24 Sep 1986,
ODI,DB Vengsarkar,DNB,-,-,-,-,-,2,,v Australia,Hyderabad (Deccan),24 Sep 1986,
ODI,N Kapil Dev,DNB,-,-,-,-,-,2,,v Australia,Hyderabad (Deccan),24 Sep 1986,
ODI,RJ Shastri,DNB,-,-,-,-,-,2,,v Australia,Hyderabad (Deccan),24 Sep 1986,
ODI,Maninder Singh,DNB,-,-,-,-,-,2,,v Australia,Hyderabad (Deccan),24 Sep 1986,
ODI,G Sharma,DNB,-,-,-,-,-,2,,v Australia,Hyderabad (Deccan),24 Sep 1986,
ODI,RP Singh,DNB,-,-,-,-,-,2,,v Australia,Hyderabad (Deccan),24 Sep 1986,
ODI,CS Pandit,DNB,-,-,-,-,-,2,,v Australia,Hyderabad (Deccan),24 Sep 1986,
ODI,RMH Binny,DNB,-,-,-,-,-,2,,v Australia,Delhi,2 Oct 1986,
ODI,Maninder Singh,DNB,-,-,-,-,-,2,,v Australia,Delhi,2 Oct 1986,
ODI,Maninder Singh,DNB,-,-,-,-,-,1,,v Australia,Rajkot,7 Oct 1986,
ODI,RS Ghai,DNB,-,-,-,-,-,1,,v Australia,Rajkot,7 Oct 1986,
ODI,RP Singh,DNB,-,-,-,-,-,1,,v Australia,Rajkot,7 Oct 1986,
ODI,S Madan Lal,DNB,-,-,-,-,-,2,,v Sri Lanka,Sharjah,27 Nov 1986,
ODI,RMH Binny,DNB,-,-,-,-,-,2,,v Sri Lanka,Sharjah,27 Nov 1986,
ODI,RJ Shastri,DNB,-,-,-,-,-,2,,v Sri Lanka,Sharjah,27 Nov 1986,
ODI,Maninder Singh,DNB,-,-,-,-,-,2,,v Sri Lanka,Sharjah,27 Nov 1986,
ODI,C Sharma,DNB,-,-,-,-,-,2,,v Sri Lanka,Sharjah,27 Nov 1986,
ODI,CS Pandit,DNB,-,-,-,-,-,2,,v Sri Lanka,Sharjah,27 Nov 1986,
ODI,Maninder Singh,DNB,-,-,-,-,-,2,,v West Indies,Sharjah,30 Nov 1986,
ODI,S Madan Lal,DNB,-,-,-,-,-,2,,v Sri Lanka,Guwahati,11 Jan 1987,
ODI,N Kapil Dev,DNB,-,-,-,-,-,2,,v Sri Lanka,Guwahati,11 Jan 1987,
ODI,NS Yadav,DNB,-,-,-,-,-,2,,v Sri Lanka,Guwahati,11 Jan 1987,
ODI,RJ Shastri,DNB,-,-,-,-,-,2,,v Sri Lanka,Guwahati,11 Jan 1987,
ODI,Maninder Singh,DNB,-,-,-,-,-,2,,v Sri Lanka,Guwahati,11 Jan 1987,
ODI,M Azharuddin,DNB,-,-,-,-,-,2,,v Sri Lanka,Guwahati,11 Jan 1987,
ODI,CS Pandit,DNB,-,-,-,-,-,2,,v Sri Lanka,Guwahati,11 Jan 1987,
ODI,S Madan Lal,DNB,-,-,-,-,-,2,,v Sri Lanka,Delhi,13 Jan 1987,
ODI,RJ Shastri,DNB,-,-,-,-,-,2,,v Sri Lanka,Delhi,13 Jan 1987,
ODI,Maninder Singh,DNB,-,-,-,-,-,2,,v Sri Lanka,Delhi,13 Jan 1987,
ODI,CS Pandit,DNB,-,-,-,-,-,2,,v Sri Lanka,Delhi,13 Jan 1987,
ODI,RR Kulkarni,DNB,-,-,-,-,-,2,,v Sri Lanka,Delhi,13 Jan 1987,
ODI,NS Yadav,DNB,-,-,-,-,-,1,,v Sri Lanka,Vadodara,15 Jan 1987,
ODI,S Madan Lal,DNB,-,-,-,-,-,1,,v Sri Lanka,Wankhede,17 Jan 1987,
ODI,NS Yadav,DNB,-,-,-,-,-,1,,v Sri Lanka,Wankhede,17 Jan 1987,
ODI,Maninder Singh,DNB,-,-,-,-,-,1,,v Sri Lanka,Wankhede,17 Jan 1987,
ODI,CS Pandit,DNB,-,-,-,-,-,1,,v Sri Lanka,Wankhede,17 Jan 1987,
ODI,RR Kulkarni,DNB,-,-,-,-,-,1,,v Sri Lanka,Wankhede,17 Jan 1987,
ODI,Maninder Singh,DNB,-,-,-,-,-,1,,v Pakistan,Indore,27 Jan 1987,
ODI,RR Kulkarni,DNB,-,-,-,-,-,1,,v Pakistan,Indore,27 Jan 1987,
ODI,S Madan Lal,DNB,-,-,-,-,-,1,,v Pakistan,Eden Gardens,18 Feb 1987,
ODI,RMH Binny,DNB,-,-,-,-,-,1,,v Pakistan,Eden Gardens,18 Feb 1987,
ODI,Maninder Singh,DNB,-,-,-,-,-,1,,v Pakistan,Eden Gardens,18 Feb 1987,
ODI,Maninder Singh,DNB,-,-,-,-,-,1,,v Pakistan,Hyderabad (Deccan),20 Mar 1987,
ODI,G Sharma,DNB,-,-,-,-,-,1,,v Pakistan,Hyderabad (Deccan),20 Mar 1987,
ODI,N Kapil Dev,DNB,-,-,-,-,-,1,,v Pakistan,Jamshedpur,26 Mar 1987,
ODI,Maninder Singh,DNB,-,-,-,-,-,1,,v Pakistan,Jamshedpur,26 Mar 1987,
ODI,M Azharuddin,DNB,-,-,-,-,-,1,,v Pakistan,Jamshedpur,26 Mar 1987,
ODI,G Sharma,DNB,-,-,-,-,-,1,,v Pakistan,Jamshedpur,26 Mar 1987,
ODI,S Viswanath,DNB,-,-,-,-,-,1,,v Pakistan,Jamshedpur,26 Mar 1987,
ODI,RR Kulkarni,DNB,-,-,-,-,-,1,,v Pakistan,Jamshedpur,26 Mar 1987,
ODI,Maninder Singh,DNB,-,-,-,-,-,2,,v England,Sharjah,2 Apr 1987,
ODI,G Sharma,DNB,-,-,-,-,-,2,,v England,Sharjah,2 Apr 1987,
ODI,DB Vengsarkar,DNB,-,-,-,-,-,2,,v Australia,Sharjah,5 Apr 1987,
ODI,Maninder Singh,DNB,-,-,-,-,-,2,,v Australia,Sharjah,5 Apr 1987,
ODI,M Prabhakar,DNB,-,-,-,-,-,2,,v Australia,Sharjah,5 Apr 1987,
ODI,G Sharma,DNB,-,-,-,-,-,2,,v Australia,Sharjah,5 Apr 1987,
ODI,S Viswanath,DNB,-,-,-,-,-,2,,v Australia,Sharjah,5 Apr 1987,
ODI,B Arun,DNB,-,-,-,-,-,2,,v Australia,Sharjah,5 Apr 1987,
ODI,G Sharma,DNB,-,-,-,-,-,1,,v Pakistan,Sharjah,10 Apr 1987,
ODI,Maninder Singh,DNB,-,-,-,-,-,1,,v New Zealand,Bengaluru,14 Oct 1987,
ODI,L Sivaramakrishnan,DNB,-,-,-,-,-,1,,v New Zealand,Bengaluru,14 Oct 1987,
ODI,N Kapil Dev,DNB,-,-,-,-,-,2,,v Zimbabwe,Wankhede,17 Oct 1987,
ODI,RJ Shastri,DNB,-,-,-,-,-,2,,v Zimbabwe,Wankhede,17 Oct 1987,
ODI,Maninder Singh,DNB,-,-,-,-,-,2,,v Zimbabwe,Wankhede,17 Oct 1987,
ODI,L Sivaramakrishnan,DNB,-,-,-,-,-,2,,v Zimbabwe,Wankhede,17 Oct 1987,
ODI,NS Sidhu,DNB,-,-,-,-,-,2,,v Zimbabwe,Wankhede,17 Oct 1987,
ODI,M Azharuddin,DNB,-,-,-,-,-,2,,v Zimbabwe,Wankhede,17 Oct 1987,
ODI,KS More,DNB,-,-,-,-,-,2,,v Zimbabwe,Wankhede,17 Oct 1987,
ODI,Maninder Singh,DNB,-,-,-,-,-,1,,v Australia,Delhi,22 Oct 1987,
ODI,C Sharma,DNB,-,-,-,-,-,1,,v Australia,Delhi,22 Oct 1987,
ODI,M Prabhakar,DNB,-,-,-,-,-,1,,v Australia,Delhi,22 Oct 1987,
ODI,RJ Shastri,DNB,-,-,-,-,-,2,,v Zimbabwe,Ahmedabad,26 Oct 1987,
ODI,Maninder Singh,DNB,-,-,-,-,-,2,,v Zimbabwe,Ahmedabad,26 Oct 1987,
ODI,C Sharma,DNB,-,-,-,-,-,2,,v Zimbabwe,Ahmedabad,26 Oct 1987,
ODI,M Prabhakar,DNB,-,-,-,-,-,2,,v Zimbabwe,Ahmedabad,26 Oct 1987,
ODI,M Azharuddin,DNB,-,-,-,-,-,2,,v Zimbabwe,Ahmedabad,26 Oct 1987,
ODI,KS More,DNB,-,-,-,-,-,2,,v Zimbabwe,Ahmedabad,26 Oct 1987,
ODI,DB Vengsarkar,DNB,-,-,-,-,-,2,,v New Zealand,Nagpur,31 Oct 1987,
ODI,N Kapil Dev,DNB,-,-,-,-,-,2,,v New Zealand,Nagpur,31 Oct 1987,
ODI,RJ Shastri,DNB,-,-,-,-,-,2,,v New Zealand,Nagpur,31 Oct 1987,
ODI,Maninder Singh,DNB,-,-,-,-,-,2,,v New Zealand,Nagpur,31 Oct 1987,
ODI,NS Sidhu,DNB,-,-,-,-,-,2,,v New Zealand,Nagpur,31 Oct 1987,
ODI,C Sharma,DNB,-,-,-,-,-,2,,v New Zealand,Nagpur,31 Oct 1987,
ODI,M Prabhakar,DNB,-,-,-,-,-,2,,v New Zealand,Nagpur,31 Oct 1987,
ODI,CS Pandit,DNB,-,-,-,-,-,2,,v New Zealand,Nagpur,31 Oct 1987,
ODI,Maninder Singh,DNB,-,-,-,-,-,1,,v West Indies,Eden Gardens,2 Jan 1988,
ODI,AK Sharma,DNB,-,-,-,-,-,1,,v West Indies,Eden Gardens,2 Jan 1988,
ODI,Arshad Ayub,DNB,-,-,-,-,-,1,,v West Indies,Rajkot,5 Jan 1988,
ODI,SK Sharma,DNB,-,-,-,-,-,1,,v West Indies,Rajkot,5 Jan 1988,
ODI,Maninder Singh,DNB,-,-,-,-,-,1,,v West Indies,Faridabad,19 Jan 1988,
ODI,C Sharma,DNB,-,-,-,-,-,1,,v West Indies,Faridabad,19 Jan 1988,
ODI,Arshad Ayub,DNB,-,-,-,-,-,1,,v West Indies,Faridabad,19 Jan 1988,
ODI,ND Hirwani,DNB,-,-,-,-,-,1,,v West Indies,Thiruvananthapuram,25 Jan 1988,
ODI,ND Hirwani,DNB,-,-,-,-,-,1,,v Sri Lanka,Sharjah,25 Mar 1988,
ODI,C Sharma,DNB,-,-,-,-,-,1,,v New Zealand,Sharjah,27 Mar 1988,
ODI,Arshad Ayub,DNB,-,-,-,-,-,1,,v New Zealand,Sharjah,27 Mar 1988,
ODI,ND Hirwani,DNB,-,-,-,-,-,1,,v New Zealand,Sharjah,27 Mar 1988,
ODI,ND Hirwani,DNB,-,-,-,-,-,1,,v New Zealand,Sharjah,1 Apr 1988,
ODI,SK Sharma,DNB,-,-,-,-,-,1,,v New Zealand,Sharjah,1 Apr 1988,
ODI,Maninder Singh,DNB,-,-,-,-,-,1,,v West Indies,Sharjah,16 Oct 1988,
ODI,KS More,DNB,-,-,-,-,-,1,,v West Indies,Sharjah,16 Oct 1988,
ODI,ND Hirwani,DNB,-,-,-,-,-,1,,v West Indies,Sharjah,16 Oct 1988,
ODI,SK Sharma,DNB,-,-,-,-,-,1,,v West Indies,Sharjah,16 Oct 1988,
ODI,ND Hirwani,DNB,-,-,-,-,-,2,,v Pakistan,Sharjah,19 Oct 1988,
ODI,Maninder Singh,DNB,-,-,-,-,-,1,,v West Indies,Sharjah,21 Oct 1988,
ODI,ND Hirwani,DNB,-,-,-,-,-,1,,v West Indies,Sharjah,21 Oct 1988,
ODI,DB Vengsarkar,DNB,-,-,-,-,-,2,,v Bangladesh,Chattogram,27 Oct 1988,
ODI,N Kapil Dev,DNB,-,-,-,-,-,2,,v Bangladesh,Chattogram,27 Oct 1988,
ODI,Maninder Singh,DNB,-,-,-,-,-,2,,v Bangladesh,Chattogram,27 Oct 1988,
ODI,M Azharuddin,DNB,-,-,-,-,-,2,,v Bangladesh,Chattogram,27 Oct 1988,
ODI,KS More,DNB,-,-,-,-,-,2,,v Bangladesh,Chattogram,27 Oct 1988,
ODI,Arshad Ayub,DNB,-,-,-,-,-,2,,v Bangladesh,Chattogram,27 Oct 1988,
ODI,ND Hirwani,DNB,-,-,-,-,-,2,,v Bangladesh,Chattogram,27 Oct 1988,
ODI,SK Sharma,DNB,-,-,-,-,-,2,,v Bangladesh,Chattogram,27 Oct 1988,
ODI,Maninder Singh,DNB,-,-,-,-,-,2,,v Pakistan,Dhaka,31 Oct 1988,
ODI,Arshad Ayub,DNB,-,-,-,-,-,2,,v Pakistan,Dhaka,31 Oct 1988,
ODI,SK Sharma,DNB,-,-,-,-,-,2,,v Pakistan,Dhaka,31 Oct 1988,
ODI,Maninder Singh,DNB,-,-,-,-,-,2,,v Sri Lanka,Dhaka,4 Nov 1988,
ODI,CS Pandit,DNB,-,-,-,-,-,2,,v Sri Lanka,Dhaka,4 Nov 1988,
ODI,Arshad Ayub,DNB,-,-,-,-,-,2,,v Sri Lanka,Dhaka,4 Nov 1988,
ODI,AK Sharma,DNB,-,-,-,-,-,2,,v Sri Lanka,Dhaka,4 Nov 1988,
ODI,SK Sharma,DNB,-,-,-,-,-,2,,v Sri Lanka,Dhaka,4 Nov 1988,
ODI,Maninder Singh,DNB,-,-,-,-,-,2,,v New Zealand,Visakhapatnam,10 Dec 1988,
ODI,Arshad Ayub,DNB,-,-,-,-,-,2,,v New Zealand,Visakhapatnam,10 Dec 1988,
ODI,SK Sharma,DNB,-,-,-,-,-,2,,v New Zealand,Visakhapatnam,10 Dec 1988,
ODI,Maninder Singh,DNB,-,-,-,-,-,2,,v New Zealand,Cuttack,12 Dec 1988,
ODI,CS Pandit,DNB,-,-,-,-,-,2,,v New Zealand,Cuttack,12 Dec 1988,
ODI,Arshad Ayub,DNB,-,-,-,-,-,2,,v New Zealand,Cuttack,12 Dec 1988,
ODI,SK Sharma,DNB,-,-,-,-,-,2,,v New Zealand,Cuttack,12 Dec 1988,
ODI,Maninder Singh,DNB,-,-,-,-,-,1,,v New Zealand,Indore,15 Dec 1988,
ODI,Arshad Ayub,DNB,-,-,-,-,-,1,,v New Zealand,Indore,15 Dec 1988,
ODI,SK Sharma,DNB,-,-,-,-,-,1,,v New Zealand,Indore,15 Dec 1988,
ODI,RGM Patel,DNB,-,-,-,-,-,2,,v New Zealand,Vadodara,17 Dec 1988,
ODI,C Sharma,DNB,-,-,-,-,-,2,,v West Indies,Bridgetown,7 Mar 1989,
ODI,C Sharma,DNB,-,-,-,-,-,1,,v West Indies,St John's,18 Mar 1989,
ODI,DB Vengsarkar,DNB,-,-,-,-,-,1,,v Pakistan,Sharjah,15 Oct 1989,
ODI,C Sharma,DNB,-,-,-,-,-,1,,v Pakistan,Sharjah,15 Oct 1989,
ODI,M Prabhakar,DNB,-,-,-,-,-,1,,v Pakistan,Sharjah,15 Oct 1989,
ODI,KS More,DNB,-,-,-,-,-,1,,v Pakistan,Sharjah,15 Oct 1989,
ODI,Arshad Ayub,DNB,-,-,-,-,-,1,,v Pakistan,Sharjah,15 Oct 1989,
ODI,Arshad Ayub,DNB,-,-,-,-,-,1,,v Sri Lanka,Ahmedabad,22 Oct 1989,
ODI,M Prabhakar,DNB,-,-,-,-,-,2,,v England,Kanpur,25 Oct 1989,
ODI,M Azharuddin,DNB,-,-,-,-,-,2,,v England,Kanpur,25 Oct 1989,
ODI,KS More,DNB,-,-,-,-,-,2,,v England,Kanpur,25 Oct 1989,
ODI,Arshad Ayub,DNB,-,-,-,-,-,2,,v England,Kanpur,25 Oct 1989,
ODI,AK Sharma,DNB,-,-,-,-,-,2,,v England,Kanpur,25 Oct 1989,
ODI,KS More,DNB,-,-,-,-,-,2,,v Australia,Bengaluru,27 Oct 1989,
ODI,Arshad Ayub,DNB,-,-,-,-,-,2,,v Australia,Bengaluru,27 Oct 1989,
ODI,N Kapil Dev,TDNB,-,-,-,-,-,-,,v Pakistan,Karachi,20 Dec 1989,
ODI,RJ Shastri,TDNB,-,-,-,-,-,-,,v Pakistan,Karachi,20 Dec 1989,
ODI,K Srikkanth,TDNB,-,-,-,-,-,-,,v Pakistan,Karachi,20 Dec 1989,
ODI,Maninder Singh,TDNB,-,-,-,-,-,-,,v Pakistan,Karachi,20 Dec 1989,
ODI,NS Sidhu,TDNB,-,-,-,-,-,-,,v Pakistan,Karachi,20 Dec 1989,
ODI,M Prabhakar,TDNB,-,-,-,-,-,-,,v Pakistan,Karachi,20 Dec 1989,
ODI,M Azharuddin,TDNB,-,-,-,-,-,-,,v Pakistan,Karachi,20 Dec 1989,
ODI,KS More,TDNB,-,-,-,-,-,-,,v Pakistan,Karachi,20 Dec 1989,
ODI,R Lamba,TDNB,-,-,-,-,-,-,,v Pakistan,Karachi,20 Dec 1989,
ODI,SV Manjrekar,TDNB,-,-,-,-,-,-,,v Pakistan,Karachi,20 Dec 1989,
ODI,SA Ankola,TDNB,-,-,-,-,-,-,,v Pakistan,Karachi,20 Dec 1989,
ODI,ND Hirwani,DNB,-,-,-,-,-,1,,v Australia,Hamilton,8 Mar 1990,
ODI,A Kumble,DNB,-,-,-,-,-,1,,v Sri Lanka,Sharjah,25 Apr 1990,
ODI,N Kapil Dev,DNB,-,-,-,-,-,2,,v England,Leeds,18 Jul 1990,
ODI,M Prabhakar,DNB,-,-,-,-,-,2,,v England,Leeds,18 Jul 1990,
ODI,KS More,DNB,-,-,-,-,-,2,,v England,Leeds,18 Jul 1990,
ODI,SK Sharma,DNB,-,-,-,-,-,2,,v England,Leeds,18 Jul 1990,
ODI,A Kumble,DNB,-,-,-,-,-,2,,v England,Leeds,18 Jul 1990,
ODI,M Prabhakar,DNB,-,-,-,-,-,2,,v England,Nottingham,20 Jul 1990,
ODI,KS More,DNB,-,-,-,-,-,2,,v England,Nottingham,20 Jul 1990,
ODI,SK Sharma,DNB,-,-,-,-,-,2,,v England,Nottingham,20 Jul 1990,
ODI,A Kumble,DNB,-,-,-,-,-,2,,v England,Nottingham,20 Jul 1990,
ODI,M Prabhakar,DNB,-,-,-,-,-,1,,v Sri Lanka,Nagpur,1 Dec 1990,
ODI,KS More,DNB,-,-,-,-,-,1,,v Sri Lanka,Nagpur,1 Dec 1990,
ODI,Arshad Ayub,DNB,-,-,-,-,-,1,,v Sri Lanka,Nagpur,1 Dec 1990,
ODI,A Kumble,DNB,-,-,-,-,-,1,,v Sri Lanka,Nagpur,1 Dec 1990,
ODI,M Prabhakar,DNB,-,-,-,-,-,2,,v Sri Lanka,Pune,5 Dec 1990,
ODI,KS More,DNB,-,-,-,-,-,2,,v Sri Lanka,Pune,5 Dec 1990,
ODI,Arshad Ayub,DNB,-,-,-,-,-,2,,v Sri Lanka,Pune,5 Dec 1990,
ODI,AS Wassan,DNB,-,-,-,-,-,2,,v Sri Lanka,Pune,5 Dec 1990,
ODI,A Kumble,DNB,-,-,-,-,-,2,,v Sri Lanka,Pune,5 Dec 1990,
ODI,N Kapil Dev,DNB,-,-,-,-,-,2,,v Bangladesh,Chandigarh,25 Dec 1990,
ODI,M Prabhakar,DNB,-,-,-,-,-,2,,v Bangladesh,Chandigarh,25 Dec 1990,
ODI,M Azharuddin,DNB,-,-,-,-,-,2,,v Bangladesh,Chandigarh,25 Dec 1990,
ODI,KS More,DNB,-,-,-,-,-,2,,v Bangladesh,Chandigarh,25 Dec 1990,
ODI,SR Tendulkar,DNB,-,-,-,-,-,2,,v Bangladesh,Chandigarh,25 Dec 1990,
ODI,SLV Raju,DNB,-,-,-,-,-,2,,v Bangladesh,Chandigarh,25 Dec 1990,
ODI,AS Wassan,DNB,-,-,-,-,-,2,,v Bangladesh,Chandigarh,25 Dec 1990,
ODI,SP Mukherjee,DNB,-,-,-,-,-,2,,v Bangladesh,Chandigarh,25 Dec 1990,
ODI,N Kapil Dev,DNB,-,-,-,-,-,2,,v Sri Lanka,Eden Gardens,4 Jan 1991,
ODI,M Prabhakar,DNB,-,-,-,-,-,2,,v Sri Lanka,Eden Gardens,4 Jan 1991,
ODI,KS More,DNB,-,-,-,-,-,2,,v Sri Lanka,Eden Gardens,4 Jan 1991,
ODI,SLV Raju,DNB,-,-,-,-,-,2,,v Sri Lanka,Eden Gardens,4 Jan 1991,
ODI,AS Wassan,DNB,-,-,-,-,-,2,,v Sri Lanka,Eden Gardens,4 Jan 1991,
ODI,SP Mukherjee,DNB,-,-,-,-,-,2,,v Sri Lanka,Eden Gardens,4 Jan 1991,
ODI,M Prabhakar,DNB,-,-,-,-,-,1,,v Pakistan,Sharjah,18 Oct 1991,
ODI,KS More,DNB,-,-,-,-,-,1,,v Pakistan,Sharjah,18 Oct 1991,
ODI,SLV Raju,DNB,-,-,-,-,-,1,,v Pakistan,Sharjah,18 Oct 1991,
ODI,J Srinath,DNB,-,-,-,-,-,1,,v Pakistan,Sharjah,18 Oct 1991,
ODI,VG Kambli,DNB,-,-,-,-,-,1,,v Pakistan,Sharjah,18 Oct 1991,
ODI,KS More,DNB,-,-,-,-,-,1,,v West Indies,Sharjah,19 Oct 1991,
ODI,SLV Raju,DNB,-,-,-,-,-,1,,v West Indies,Sharjah,19 Oct 1991,
ODI,A Kumble,DNB,-,-,-,-,-,1,,v West Indies,Sharjah,19 Oct 1991,
ODI,N Kapil Dev,DNB,-,-,-,-,-,2,,v West Indies,Sharjah,22 Oct 1991,
ODI,M Prabhakar,DNB,-,-,-,-,-,2,,v West Indies,Sharjah,22 Oct 1991,
ODI,KS More,DNB,-,-,-,-,-,2,,v West Indies,Sharjah,22 Oct 1991,
ODI,SLV Raju,DNB,-,-,-,-,-,2,,v West Indies,Sharjah,22 Oct 1991,
ODI,A Kumble,DNB,-,-,-,-,-,2,,v West Indies,Sharjah,22 Oct 1991,
ODI,VG Kambli,DNB,-,-,-,-,-,2,,v West Indies,Sharjah,22 Oct 1991,
ODI,SLV Raju,DNB,-,-,-,-,-,2,,v Pakistan,Sharjah,23 Oct 1991,
ODI,A Kumble,DNB,-,-,-,-,-,2,,v Pakistan,Sharjah,23 Oct 1991,
ODI,J Srinath,DNB,-,-,-,-,-,2,,v Pakistan,Sharjah,23 Oct 1991,
ODI,SLV Raju,DNB,-,-,-,-,-,2,,v South Africa,Eden Gardens,10 Nov 1991,
ODI,J Srinath,DNB,-,-,-,-,-,2,,v South Africa,Eden Gardens,10 Nov 1991,
ODI,M Prabhakar,DNB,-,-,-,-,-,1,,v South Africa,Gwalior,12 Nov 1991,
ODI,KS More,DNB,-,-,-,-,-,1,,v South Africa,Gwalior,12 Nov 1991,
ODI,SLV Raju,DNB,-,-,-,-,-,1,,v South Africa,Gwalior,12 Nov 1991,
ODI,J Srinath,DNB,-,-,-,-,-,1,,v South Africa,Gwalior,12 Nov 1991,
ODI,DB Vengsarkar,DNB,-,-,-,-,-,1,,v South Africa,New Delhi,14 Nov 1991,
ODI,M Prabhakar,DNB,-,-,-,-,-,1,,v South Africa,New Delhi,14 Nov 1991,
ODI,CS Pandit,DNB,-,-,-,-,-,1,,v South Africa,New Delhi,14 Nov 1991,
ODI,SLV Raju,DNB,-,-,-,-,-,1,,v South Africa,New Delhi,14 Nov 1991,
ODI,J Srinath,DNB,-,-,-,-,-,1,,v South Africa,New Delhi,14 Nov 1991,
ODI,PK Amre,DNB,-,-,-,-,-,1,,v South Africa,New Delhi,14 Nov 1991,
ODI,KS More,DNB,-,-,-,-,-,1,,v Australia,W.A.C.A,8 Dec 1991,
ODI,J Srinath,DNB,-,-,-,-,-,1,,v Australia,W.A.C.A,8 Dec 1991,
ODI,KS More,DNB,-,-,-,-,-,1,,v Australia,Hobart,10 Dec 1991,
ODI,M Prabhakar,DNB,-,-,-,-,-,1,,v West Indies,Adelaide,14 Dec 1991,
ODI,KS More,DNB,-,-,-,-,-,1,,v West Indies,Adelaide,14 Dec 1991,
ODI,ND Hirwani,DNB,-,-,-,-,-,1,,v West Indies,Adelaide,14 Dec 1991,
ODI,J Srinath,DNB,-,-,-,-,-,1,,v West Indies,Adelaide,14 Dec 1991,
ODI,PK Amre,DNB,-,-,-,-,-,1,,v West Indies,Adelaide,14 Dec 1991,
ODI,M Prabhakar,DNB,-,-,-,-,-,2,,v West Indies,Melbourne,16 Jan 1992,
ODI,CS Pandit,DNB,-,-,-,-,-,2,,v West Indies,Melbourne,16 Jan 1992,
ODI,ND Hirwani,DNB,-,-,-,-,-,2,,v West Indies,Melbourne,16 Jan 1992,
ODI,J Srinath,DNB,-,-,-,-,-,2,,v West Indies,Melbourne,16 Jan 1992,
ODI,SLV Raju,DNB,-,-,-,-,-,2,,v Australia,Sydney,20 Jan 1992,
ODI,J Srinath,DNB,-,-,-,-,-,2,,v Australia,Sydney,20 Jan 1992,
ODI,M Prabhakar,DNB,-,-,-,-,-,1,,v Sri Lanka,Mackay,28 Feb 1992,
ODI,M Azharuddin,DNB,-,-,-,-,-,1,,v Sri Lanka,Mackay,28 Feb 1992,
ODI,KS More,DNB,-,-,-,-,-,1,,v Sri Lanka,Mackay,28 Feb 1992,
ODI,SR Tendulkar,DNB,-,-,-,-,-,1,,v Sri Lanka,Mackay,28 Feb 1992,
ODI,SLV Raju,DNB,-,-,-,-,-,1,,v Sri Lanka,Mackay,28 Feb 1992,
ODI,J Srinath,DNB,-,-,-,-,-,1,,v Sri Lanka,Mackay,28 Feb 1992,
ODI,PK Amre,DNB,-,-,-,-,-,1,,v Sri Lanka,Mackay,28 Feb 1992,
ODI,A Jadeja,DNB,-,-,-,-,-,1,,v Sri Lanka,Mackay,28 Feb 1992,
ODI,VG Kambli,DNB,-,-,-,-,-,1,,v Sri Lanka,Mackay,28 Feb 1992,
ODI,SLV Raju,DNB,-,-,-,-,-,1,,v Pakistan,Sydney,4 Mar 1992,
ODI,J Srinath,DNB,-,-,-,-,-,1,,v Pakistan,Sydney,4 Mar 1992,
ODI,M Prabhakar,DNB,-,-,-,-,-,1,,v Zimbabwe,Hamilton,7 Mar 1992,
ODI,SLV Raju,DNB,-,-,-,-,-,1,,v Zimbabwe,Hamilton,7 Mar 1992,
ODI,M Prabhakar,DNB,-,-,-,-,-,1,,v New Zealand,Dunedin,12 Mar 1992,
ODI,SLV Raju,DNB,-,-,-,-,-,1,,v New Zealand,Dunedin,12 Mar 1992,
ODI,M Prabhakar,DNB,-,-,-,-,-,1,,v South Africa,Adelaide,15 Mar 1992,
ODI,KS More,DNB,-,-,-,-,-,1,,v South Africa,Adelaide,15 Mar 1992,
ODI,SLV Raju,DNB,-,-,-,-,-,1,,v South Africa,Adelaide,15 Mar 1992,
ODI,M Prabhakar,DNB,-,-,-,-,-,2,,v South Africa,Centurion,11 Dec 1992,
ODI,A Kumble,DNB,-,-,-,-,-,2,,v South Africa,Centurion,11 Dec 1992,
ODI,J Srinath,DNB,-,-,-,-,-,2,,v South Africa,Centurion,11 Dec 1992,
ODI,N Kapil Dev,DNB,-,-,-,-,-,1,,v South Africa,Bloemfontein,15 Dec 1992,
ODI,A Kumble,DNB,-,-,-,-,-,1,,v South Africa,Bloemfontein,15 Dec 1992,
ODI,J Srinath,DNB,-,-,-,-,-,1,,v South Africa,Bloemfontein,15 Dec 1992,
ODI,PK Amre,DNB,-,-,-,-,-,1,,v South Africa,Bloemfontein,15 Dec 1992,
ODI,V Yadav,DNB,-,-,-,-,-,1,,v South Africa,Bloemfontein,15 Dec 1992,
ODI,C Sharma,DNB,-,-,-,-,-,2,,v South Africa,East London,19 Dec 1992,
ODI,SLV Raju,DNB,-,-,-,-,-,2,,v South Africa,East London,19 Dec 1992,
ODI,A Kumble,DNB,-,-,-,-,-,2,,v South Africa,East London,19 Dec 1992,
ODI,ST Banerjee,DNB,-,-,-,-,-,2,,v South Africa,East London,19 Dec 1992,
ODI,N Kapil Dev,DNB,-,-,-,-,-,1,,v England,Jaipur,18 Jan 1993,
ODI,SLV Raju,DNB,-,-,-,-,-,1,,v England,Jaipur,18 Jan 1993,
ODI,A Kumble,DNB,-,-,-,-,-,1,,v England,Jaipur,18 Jan 1993,
ODI,J Srinath,DNB,-,-,-,-,-,1,,v England,Jaipur,18 Jan 1993,
ODI,PK Amre,DNB,-,-,-,-,-,1,,v England,Jaipur,18 Jan 1993,
ODI,V Yadav,DNB,-,-,-,-,-,1,,v England,Jaipur,18 Jan 1993,
ODI,SLV Raju,DNB,-,-,-,-,-,2,,v England,Chandigarh,21 Jan 1993,
ODI,A Kumble,DNB,-,-,-,-,-,2,,v England,Chandigarh,21 Jan 1993,
ODI,J Srinath,DNB,-,-,-,-,-,2,,v England,Chandigarh,21 Jan 1993,
ODI,V Yadav,DNB,-,-,-,-,-,2,,v England,Chandigarh,21 Jan 1993,
ODI,A Kumble,DNB,-,-,-,-,-,1,,v England,Jamshedpur,1 Mar 1993,
ODI,J Srinath,DNB,-,-,-,-,-,1,,v England,Jamshedpur,1 Mar 1993,
ODI,Maninder Singh,DNB,-,-,-,-,-,2,,v England,Gwalior,4 Mar 1993,
ODI,J Srinath,DNB,-,-,-,-,-,2,,v England,Gwalior,4 Mar 1993,
ODI,Maninder Singh,DNB,-,-,-,-,-,2,,v England,Gwalior,5 Mar 1993,
ODI,A Kumble,DNB,-,-,-,-,-,2,,v England,Gwalior,5 Mar 1993,
ODI,J Srinath,DNB,-,-,-,-,-,2,,v England,Gwalior,5 Mar 1993,
ODI,SLV Raju,DNB,-,-,-,-,-,1,,v Zimbabwe,Faridabad,19 Mar 1993,
ODI,J Srinath,DNB,-,-,-,-,-,1,,v Zimbabwe,Faridabad,19 Mar 1993,
ODI,N Kapil Dev,DNB,-,-,-,-,-,2,,v Zimbabwe,Guwahati,22 Mar 1993,
ODI,SA Ankola,DNB,-,-,-,-,-,2,,v Zimbabwe,Guwahati,22 Mar 1993,
ODI,A Kumble,DNB,-,-,-,-,-,2,,v Zimbabwe,Guwahati,22 Mar 1993,
ODI,J Srinath,DNB,-,-,-,-,-,2,,v Zimbabwe,Guwahati,22 Mar 1993,
ODI,PK Amre,DNB,-,-,-,-,-,2,,v Zimbabwe,Guwahati,22 Mar 1993,
ODI,V Yadav,DNB,-,-,-,-,-,2,,v Zimbabwe,Guwahati,22 Mar 1993,
ODI,N Kapil Dev,DNB,-,-,-,-,-,2,,v Zimbabwe,Pune,25 Mar 1993,
ODI,M Azharuddin,DNB,-,-,-,-,-,2,,v Zimbabwe,Pune,25 Mar 1993,
ODI,SA Ankola,DNB,-,-,-,-,-,2,,v Zimbabwe,Pune,25 Mar 1993,
ODI,SR Tendulkar,DNB,-,-,-,-,-,2,,v Zimbabwe,Pune,25 Mar 1993,
ODI,A Kumble,DNB,-,-,-,-,-,2,,v Zimbabwe,Pune,25 Mar 1993,
ODI,J Srinath,DNB,-,-,-,-,-,2,,v Zimbabwe,Pune,25 Mar 1993,
ODI,V Yadav,DNB,-,-,-,-,-,2,,v Zimbabwe,Pune,25 Mar 1993,
ODI,J Srinath,DNB,-,-,-,-,-,1,,v Sri Lanka,Colombo (RPS),25 Jul 1993,
ODI,RK Chauhan,DNB,-,-,-,-,-,1,,v Sri Lanka,Colombo (RPS),25 Jul 1993,
ODI,N Kapil Dev,DNB,-,-,-,-,-,2,,v Sri Lanka,Kanpur,7 Nov 1993,
ODI,AK Sharma,DNB,-,-,-,-,-,2,,v Sri Lanka,Kanpur,7 Nov 1993,
ODI,A Kumble,DNB,-,-,-,-,-,2,,v Sri Lanka,Kanpur,7 Nov 1993,
ODI,J Srinath,DNB,-,-,-,-,-,2,,v Sri Lanka,Kanpur,7 Nov 1993,
ODI,RK Chauhan,DNB,-,-,-,-,-,2,,v Sri Lanka,Kanpur,7 Nov 1993,
ODI,V Yadav,DNB,-,-,-,-,-,2,,v Sri Lanka,Kanpur,7 Nov 1993,
ODI,N Kapil Dev,DNB,-,-,-,-,-,1,,v Zimbabwe,Indore,18 Nov 1993,
ODI,A Kumble,DNB,-,-,-,-,-,1,,v Zimbabwe,Indore,18 Nov 1993,
ODI,J Srinath,DNB,-,-,-,-,-,1,,v Zimbabwe,Indore,18 Nov 1993,
ODI,RK Chauhan,DNB,-,-,-,-,-,1,,v Zimbabwe,Indore,18 Nov 1993,
ODI,SLV Raju,DNB,-,-,-,-,-,1,,v West Indies,Eden Gardens,27 Nov 1993,
ODI,J Srinath,DNB,-,-,-,-,-,1,,v West Indies,Eden Gardens,27 Nov 1993,
ODI,A Kumble,DNB,-,-,-,-,-,1,,v Sri Lanka,Rajkot,15 Feb 1994,
ODI,J Srinath,DNB,-,-,-,-,-,1,,v Sri Lanka,Rajkot,15 Feb 1994,
ODI,RK Chauhan,DNB,-,-,-,-,-,1,,v Sri Lanka,Rajkot,15 Feb 1994,
ODI,NR Mongia,DNB,-,-,-,-,-,1,,v Sri Lanka,Rajkot,15 Feb 1994,
ODI,N Kapil Dev,DNB,-,-,-,-,-,2,,v Sri Lanka,Hyderabad (Deccan),18 Feb 1994,
ODI,A Kumble,DNB,-,-,-,-,-,2,,v Sri Lanka,Hyderabad (Deccan),18 Feb 1994,
ODI,J Srinath,DNB,-,-,-,-,-,2,,v Sri Lanka,Hyderabad (Deccan),18 Feb 1994,
ODI,PK Amre,DNB,-,-,-,-,-,2,,v Sri Lanka,Hyderabad (Deccan),18 Feb 1994,
ODI,RK Chauhan,DNB,-,-,-,-,-,2,,v Sri Lanka,Hyderabad (Deccan),18 Feb 1994,
ODI,NR Mongia,DNB,-,-,-,-,-,2,,v Sri Lanka,Hyderabad (Deccan),18 Feb 1994,
ODI,N Kapil Dev,DNB,-,-,-,-,-,2,,v New Zealand,Auckland,27 Mar 1994,
ODI,SA Ankola,DNB,-,-,-,-,-,2,,v New Zealand,Auckland,27 Mar 1994,
ODI,A Kumble,DNB,-,-,-,-,-,2,,v New Zealand,Auckland,27 Mar 1994,
ODI,J Srinath,DNB,-,-,-,-,-,2,,v New Zealand,Auckland,27 Mar 1994,
ODI,RK Chauhan,DNB,-,-,-,-,-,2,,v New Zealand,Auckland,27 Mar 1994,
ODI,NR Mongia,DNB,-,-,-,-,-,2,,v New Zealand,Auckland,27 Mar 1994,
ODI,SA Ankola,DNB,-,-,-,-,-,1,,v New Zealand,Wellington,30 Mar 1994,
ODI,A Kumble,DNB,-,-,-,-,-,1,,v New Zealand,Wellington,30 Mar 1994,
ODI,J Srinath,DNB,-,-,-,-,-,1,,v New Zealand,Wellington,30 Mar 1994,
ODI,RK Chauhan,DNB,-,-,-,-,-,1,,v New Zealand,Wellington,30 Mar 1994,
ODI,SA Ankola,DNB,-,-,-,-,-,1,,v New Zealand,Christchurch,2 Apr 1994,
ODI,J Srinath,DNB,-,-,-,-,-,1,,v New Zealand,Christchurch,2 Apr 1994,
ODI,BKV Prasad,DNB,-,-,-,-,-,1,,v New Zealand,Christchurch,2 Apr 1994,
ODI,SLV Raju,DNB,-,-,-,-,-,1,,v U.A.E.,Sharjah,13 Apr 1994,
ODI,A Kumble,DNB,-,-,-,-,-,1,,v U.A.E.,Sharjah,13 Apr 1994,
ODI,J Srinath,DNB,-,-,-,-,-,1,,v U.A.E.,Sharjah,13 Apr 1994,
ODI,Bhupinder Singh snr,DNB,-,-,-,-,-,1,,v U.A.E.,Sharjah,13 Apr 1994,
ODI,A Kumble,DNB,-,-,-,-,-,2,,v Australia,Sharjah,19 Apr 1994,
ODI,J Srinath,DNB,-,-,-,-,-,2,,v Australia,Sharjah,19 Apr 1994,
ODI,RK Chauhan,DNB,-,-,-,-,-,2,,v Australia,Sharjah,19 Apr 1994,
ODI,NR Mongia,DNB,-,-,-,-,-,2,,v Australia,Sharjah,19 Apr 1994,
ODI,BKV Prasad,DNB,-,-,-,-,-,2,,v Australia,Sharjah,19 Apr 1994,
ODI,AC Bedade,DNB,-,-,-,-,-,2,,v Australia,Sharjah,19 Apr 1994,
ODI,N Kapil Dev,DNB,-,-,-,-,-,1,,v Sri Lanka,Colombo (RPS),4 Sep 1994,
ODI,NS Sidhu,DNB,-,-,-,-,-,1,,v Sri Lanka,Colombo (RPS),4 Sep 1994,
ODI,M Azharuddin,DNB,-,-,-,-,-,1,,v Sri Lanka,Colombo (RPS),4 Sep 1994,
ODI,A Kumble,DNB,-,-,-,-,-,1,,v Sri Lanka,Colombo (RPS),4 Sep 1994,
ODI,J Srinath,DNB,-,-,-,-,-,1,,v Sri Lanka,Colombo (RPS),4 Sep 1994,
ODI,RK Chauhan,DNB,-,-,-,-,-,1,,v Sri Lanka,Colombo (RPS),4 Sep 1994,
ODI,VG Kambli,DNB,-,-,-,-,-,1,,v Sri Lanka,Colombo (RPS),4 Sep 1994,
ODI,NR Mongia,DNB,-,-,-,-,-,1,,v Sri Lanka,Colombo (RPS),4 Sep 1994,
ODI,AC Bedade,DNB,-,-,-,-,-,1,,v Sri Lanka,Colombo (RPS),4 Sep 1994,
ODI,A Kumble,DNB,-,-,-,-,-,1,,v Sri Lanka,Colombo (RPS),5 Sep 1994,
ODI,J Srinath,DNB,-,-,-,-,-,1,,v Sri Lanka,Colombo (RPS),5 Sep 1994,
ODI,RK Chauhan,DNB,-,-,-,-,-,1,,v Sri Lanka,Colombo (RPS),5 Sep 1994,
ODI,NR Mongia,DNB,-,-,-,-,-,1,,v Sri Lanka,Colombo (RPS),5 Sep 1994,
ODI,SLV Raju,DNB,-,-,-,-,-,1,,v Australia,Colombo (RPS),9 Sep 1994,
ODI,N Kapil Dev,DNB,-,-,-,-,-,2,,v Sri Lanka,Colombo (SSC),17 Sep 1994,
ODI,A Kumble,DNB,-,-,-,-,-,2,,v Sri Lanka,Colombo (SSC),17 Sep 1994,
ODI,RK Chauhan,DNB,-,-,-,-,-,2,,v Sri Lanka,Colombo (SSC),17 Sep 1994,
ODI,NR Mongia,DNB,-,-,-,-,-,2,,v Sri Lanka,Colombo (SSC),17 Sep 1994,
ODI,BKV Prasad,DNB,-,-,-,-,-,2,,v Sri Lanka,Colombo (SSC),17 Sep 1994,
ODI,A Kumble,DNB,-,-,-,-,-,2,,v West Indies,Wankhede,20 Oct 1994,
ODI,J Srinath,DNB,-,-,-,-,-,2,,v West Indies,Wankhede,20 Oct 1994,
ODI,RK Chauhan,DNB,-,-,-,-,-,2,,v West Indies,Wankhede,20 Oct 1994,
ODI,NR Mongia,DNB,-,-,-,-,-,2,,v West Indies,Wankhede,20 Oct 1994,
ODI,BKV Prasad,DNB,-,-,-,-,-,2,,v West Indies,Wankhede,20 Oct 1994,
ODI,J Srinath,DNB,-,-,-,-,-,2,,v West Indies,Chennai,23 Oct 1994,
ODI,RK Chauhan,DNB,-,-,-,-,-,2,,v West Indies,Chennai,23 Oct 1994,
ODI,BKV Prasad,DNB,-,-,-,-,-,2,,v West Indies,Chennai,23 Oct 1994,
ODI,SLV Raju,DNB,-,-,-,-,-,2,,v New Zealand,Vadodara,28 Oct 1994,
ODI,A Kumble,DNB,-,-,-,-,-,2,,v New Zealand,Vadodara,28 Oct 1994,
ODI,J Srinath,DNB,-,-,-,-,-,2,,v New Zealand,Vadodara,28 Oct 1994,
ODI,A Jadeja,DNB,-,-,-,-,-,2,,v New Zealand,Vadodara,28 Oct 1994,
ODI,NR Mongia,DNB,-,-,-,-,-,2,,v New Zealand,Vadodara,28 Oct 1994,
ODI,BKV Prasad,DNB,-,-,-,-,-,2,,v New Zealand,Vadodara,28 Oct 1994,
ODI,SLV Raju,DNB,-,-,-,-,-,2,,v West Indies,Kanpur,30 Oct 1994,
ODI,A Kumble,DNB,-,-,-,-,-,2,,v West Indies,Kanpur,30 Oct 1994,
ODI,J Srinath,DNB,-,-,-,-,-,2,,v West Indies,Kanpur,30 Oct 1994,
ODI,BKV Prasad,DNB,-,-,-,-,-,2,,v West Indies,Kanpur,30 Oct 1994,
ODI,C Sharma,DNB,-,-,-,-,-,1,,v New Zealand,Delhi,3 Nov 1994,
ODI,SLV Raju,DNB,-,-,-,-,-,1,,v New Zealand,Delhi,3 Nov 1994,
ODI,A Kumble,DNB,-,-,-,-,-,1,,v New Zealand,Delhi,3 Nov 1994,
ODI,J Srinath,DNB,-,-,-,-,-,1,,v New Zealand,Delhi,3 Nov 1994,
ODI,V Yadav,DNB,-,-,-,-,-,1,,v New Zealand,Delhi,3 Nov 1994,
ODI,BKV Prasad,DNB,-,-,-,-,-,1,,v New Zealand,Delhi,3 Nov 1994,
ODI,SLV Raju,DNB,-,-,-,-,-,1,,v West Indies,Eden Gardens,5 Nov 1994,
ODI,J Srinath,DNB,-,-,-,-,-,1,,v West Indies,Eden Gardens,5 Nov 1994,
ODI,BKV Prasad,DNB,-,-,-,-,-,1,,v West Indies,Eden Gardens,5 Nov 1994,
ODI,SLV Raju,DNB,-,-,-,-,-,1,,v West Indies,Visakhapatnam,7 Nov 1994,
ODI,A Kumble,DNB,-,-,-,-,-,1,,v West Indies,Visakhapatnam,7 Nov 1994,
ODI,J Srinath,DNB,-,-,-,-,-,1,,v West Indies,Visakhapatnam,7 Nov 1994,
ODI,NR Mongia,DNB,-,-,-,-,-,1,,v West Indies,Visakhapatnam,7 Nov 1994,
ODI,BKV Prasad,DNB,-,-,-,-,-,1,,v West Indies,Visakhapatnam,7 Nov 1994,
ODI,C Sharma,DNB,-,-,-,-,-,2,,v West Indies,Cuttack,9 Nov 1994,
ODI,M Prabhakar,DNB,-,-,-,-,-,2,,v West Indies,Cuttack,9 Nov 1994,
ODI,SLV Raju,DNB,-,-,-,-,-,2,,v West Indies,Cuttack,9 Nov 1994,
ODI,A Kumble,DNB,-,-,-,-,-,2,,v West Indies,Cuttack,9 Nov 1994,
ODI,J Srinath,DNB,-,-,-,-,-,2,,v West Indies,Cuttack,9 Nov 1994,
ODI,NR Mongia,DNB,-,-,-,-,-,2,,v West Indies,Cuttack,9 Nov 1994,
ODI,AC Bedade,DNB,-,-,-,-,-,2,,v West Indies,Cuttack,9 Nov 1994,
ODI,SLV Raju,DNB,-,-,-,-,-,1,,v West Indies,Jaipur,11 Nov 1994,
ODI,A Kumble,DNB,-,-,-,-,-,1,,v West Indies,Jaipur,11 Nov 1994,
ODI,J Srinath,DNB,-,-,-,-,-,1,,v West Indies,Jaipur,11 Nov 1994,
ODI,NR Mongia,DNB,-,-,-,-,-,1,,v West Indies,Jaipur,11 Nov 1994,
ODI,SLV Raju,DNB,-,-,-,-,-,2,,v South Africa,Hamilton,18 Feb 1995,
ODI,A Kumble,DNB,-,-,-,-,-,2,,v Australia,Dunedin,22 Feb 1995,
ODI,J Srinath,DNB,-,-,-,-,-,2,,v Australia,Dunedin,22 Feb 1995,
ODI,AR Kapoor,DNB,-,-,-,-,-,2,,v Australia,Dunedin,22 Feb 1995,
ODI,PS Vaidya,DNB,-,-,-,-,-,2,,v Australia,Dunedin,22 Feb 1995,
ODI,M Azharuddin,DNB,-,-,-,-,-,2,,v Bangladesh,Sharjah,5 Apr 1995,
ODI,SV Manjrekar,DNB,-,-,-,-,-,2,,v Bangladesh,Sharjah,5 Apr 1995,
ODI,A Kumble,DNB,-,-,-,-,-,2,,v Bangladesh,Sharjah,5 Apr 1995,
ODI,J Srinath,DNB,-,-,-,-,-,2,,v Bangladesh,Sharjah,5 Apr 1995,
ODI,VG Kambli,DNB,-,-,-,-,-,2,,v Bangladesh,Sharjah,5 Apr 1995,
ODI,NR Mongia,DNB,-,-,-,-,-,2,,v Bangladesh,Sharjah,5 Apr 1995,
ODI,PS Vaidya,DNB,-,-,-,-,-,2,,v Bangladesh,Sharjah,5 Apr 1995,
ODI,U Chatterjee,DNB,-,-,-,-,-,2,,v Bangladesh,Sharjah,5 Apr 1995,
ODI,M Azharuddin,DNB,-,-,-,-,-,2,,v Sri Lanka,Sharjah,9 Apr 1995,
ODI,SV Manjrekar,DNB,-,-,-,-,-,2,,v Sri Lanka,Sharjah,9 Apr 1995,
ODI,A Kumble,DNB,-,-,-,-,-,2,,v Sri Lanka,Sharjah,9 Apr 1995,
ODI,A Jadeja,DNB,-,-,-,-,-,2,,v Sri Lanka,Sharjah,9 Apr 1995,
ODI,NR Mongia,DNB,-,-,-,-,-,2,,v Sri Lanka,Sharjah,9 Apr 1995,
ODI,BKV Prasad,DNB,-,-,-,-,-,2,,v Sri Lanka,Sharjah,9 Apr 1995,
ODI,AR Kapoor,DNB,-,-,-,-,-,2,,v Sri Lanka,Sharjah,9 Apr 1995,
ODI,SV Manjrekar,DNB,-,-,-,-,-,2,,v Sri Lanka,Sharjah,14 Apr 1995,
ODI,A Kumble,DNB,-,-,-,-,-,2,,v Sri Lanka,Sharjah,14 Apr 1995,
ODI,J Srinath,DNB,-,-,-,-,-,2,,v Sri Lanka,Sharjah,14 Apr 1995,
ODI,A Jadeja,DNB,-,-,-,-,-,2,,v Sri Lanka,Sharjah,14 Apr 1995,
ODI,NR Mongia,DNB,-,-,-,-,-,2,,v Sri Lanka,Sharjah,14 Apr 1995,
ODI,BKV Prasad,DNB,-,-,-,-,-,2,,v Sri Lanka,Sharjah,14 Apr 1995,
ODI,AR Kapoor,DNB,-,-,-,-,-,2,,v Sri Lanka,Sharjah,14 Apr 1995,
ODI,A Kumble,DNB,-,-,-,-,-,2,,v New Zealand,Amritsar,18 Nov 1995,
ODI,J Srinath,DNB,-,-,-,-,-,2,,v New Zealand,Amritsar,18 Nov 1995,
ODI,NR Mongia,DNB,-,-,-,-,-,2,,v New Zealand,Amritsar,18 Nov 1995,
ODI,BKV Prasad,DNB,-,-,-,-,-,2,,v New Zealand,Amritsar,18 Nov 1995,
ODI,AR Kapoor,DNB,-,-,-,-,-,2,,v New Zealand,Amritsar,18 Nov 1995,
ODI,A Kumble,DNB,-,-,-,-,-,2,,v New Zealand,Pune,24 Nov 1995,
ODI,J Srinath,DNB,-,-,-,-,-,2,,v New Zealand,Pune,24 Nov 1995,
ODI,BKV Prasad,DNB,-,-,-,-,-,2,,v New Zealand,Pune,24 Nov 1995,
ODI,AR Kapoor,DNB,-,-,-,-,-,2,,v New Zealand,Pune,24 Nov 1995,
ODI,A Kumble,DNB,-,-,-,-,-,2,,v New Zealand,Brabourne,29 Nov 1995,
ODI,J Srinath,DNB,-,-,-,-,-,2,,v New Zealand,Brabourne,29 Nov 1995,
ODI,NR Mongia,DNB,-,-,-,-,-,2,,v New Zealand,Brabourne,29 Nov 1995,
ODI,BKV Prasad,DNB,-,-,-,-,-,2,,v New Zealand,Brabourne,29 Nov 1995,
ODI,AR Kapoor,DNB,-,-,-,-,-,2,,v New Zealand,Brabourne,29 Nov 1995,
ODI,M Prabhakar,DNB,-,-,-,-,-,2,,v Kenya,Cuttack,18 Feb 1996,
ODI,M Azharuddin,DNB,-,-,-,-,-,2,,v Kenya,Cuttack,18 Feb 1996,
ODI,SLV Raju,DNB,-,-,-,-,-,2,,v Kenya,Cuttack,18 Feb 1996,
ODI,A Kumble,DNB,-,-,-,-,-,2,,v Kenya,Cuttack,18 Feb 1996,
ODI,J Srinath,DNB,-,-,-,-,-,2,,v Kenya,Cuttack,18 Feb 1996,
ODI,BKV Prasad,DNB,-,-,-,-,-,2,,v Kenya,Cuttack,18 Feb 1996,
ODI,A Kumble,DNB,-,-,-,-,-,2,,v West Indies,Gwalior,21 Feb 1996,
ODI,J Srinath,DNB,-,-,-,-,-,2,,v West Indies,Gwalior,21 Feb 1996,
ODI,BKV Prasad,DNB,-,-,-,-,-,2,,v West Indies,Gwalior,21 Feb 1996,
ODI,AR Kapoor,DNB,-,-,-,-,-,2,,v West Indies,Gwalior,21 Feb 1996,
ODI,SA Ankola,DNB,-,-,-,-,-,1,,v Sri Lanka,Delhi,2 Mar 1996,
ODI,A Kumble,DNB,-,-,-,-,-,1,,v Sri Lanka,Delhi,2 Mar 1996,
ODI,J Srinath,DNB,-,-,-,-,-,1,,v Sri Lanka,Delhi,2 Mar 1996,
ODI,A Jadeja,DNB,-,-,-,-,-,1,,v Sri Lanka,Delhi,2 Mar 1996,
ODI,NR Mongia,DNB,-,-,-,-,-,1,,v Sri Lanka,Delhi,2 Mar 1996,
ODI,BKV Prasad,DNB,-,-,-,-,-,1,,v Sri Lanka,Delhi,2 Mar 1996,
ODI,SLV Raju,DNB,-,-,-,-,-,1,,v Zimbabwe,Kanpur,6 Mar 1996,
ODI,A Kumble,DNB,-,-,-,-,-,1,,v Zimbabwe,Kanpur,6 Mar 1996,
ODI,J Srinath,DNB,-,-,-,-,-,1,,v Zimbabwe,Kanpur,6 Mar 1996,
ODI,BKV Prasad,DNB,-,-,-,-,-,1,,v Zimbabwe,Kanpur,6 Mar 1996,
ODI,SLV Raju,DNB,-,-,-,-,-,1,,v Pakistan,Bengaluru,9 Mar 1996,
ODI,BKV Prasad,DNB,-,-,-,-,-,2,,v Sri Lanka,Eden Gardens,13 Mar 1996,
ODI,SLV Raju,DNB,-,-,-,-,-,1,,v Pakistan,Singapore,5 Apr 1996,
ODI,SLV Raju,DNB,-,-,-,-,-,2,,v South Africa,Sharjah,14 Apr 1996,
ODI,A Kumble,DNB,-,-,-,-,-,1,,v Pakistan,Sharjah,15 Apr 1996,
ODI,NR Mongia,DNB,-,-,-,-,-,1,,v Pakistan,Sharjah,15 Apr 1996,
ODI,BKV Prasad,DNB,-,-,-,-,-,1,,v Pakistan,Sharjah,15 Apr 1996,
ODI,AR Kapoor,DNB,-,-,-,-,-,1,,v Pakistan,Sharjah,15 Apr 1996,
ODI,SLV Raju,DNB,-,-,-,-,-,1,,v South Africa,Sharjah,17 Apr 1996,
ODI,J Srinath,DNB,-,-,-,-,-,2,,v England,The Oval,23 May 1996,
ODI,NR Mongia,DNB,-,-,-,-,-,2,,v England,The Oval,23 May 1996,
ODI,BKV Prasad,DNB,-,-,-,-,-,2,,v England,The Oval,23 May 1996,
ODI,PL Mhambrey,DNB,-,-,-,-,-,2,,v England,The Oval,23 May 1996,
ODI,SLV Raju,DNB,-,-,-,-,-,1,,v England,Manchester,26 May 1996,
ODI,A Kumble,DNB,-,-,-,-,-,1,,v England,Manchester,26 May 1996,
ODI,J Srinath,DNB,-,-,-,-,-,1,,v England,Manchester,26 May 1996,
ODI,NR Mongia,DNB,-,-,-,-,-,1,,v England,Manchester,26 May 1996,
ODI,BKV Prasad,DNB,-,-,-,-,-,1,,v England,Manchester,26 May 1996,
ODI,A Kumble,DNB,-,-,-,-,-,1,,v Sri Lanka,Colombo (RPS),28 Aug 1996,
ODI,NR Mongia,DNB,-,-,-,-,-,1,,v Sri Lanka,Colombo (RPS),28 Aug 1996,
ODI,BKV Prasad,DNB,-,-,-,-,-,1,,v Sri Lanka,Colombo (RPS),28 Aug 1996,
ODI,AR Kapoor,DNB,-,-,-,-,-,1,,v Sri Lanka,Colombo (RPS),28 Aug 1996,
ODI,A Kumble,DNB,-,-,-,-,-,2,,v Zimbabwe,Colombo (SSC),1 Sep 1996,
ODI,J Srinath,DNB,-,-,-,-,-,2,,v Zimbabwe,Colombo (SSC),1 Sep 1996,
ODI,NR Mongia,DNB,-,-,-,-,-,2,,v Zimbabwe,Colombo (SSC),1 Sep 1996,
ODI,BKV Prasad,DNB,-,-,-,-,-,2,,v Zimbabwe,Colombo (SSC),1 Sep 1996,
ODI,R Dravid,DNB,-,-,-,-,-,2,,v Zimbabwe,Colombo (SSC),1 Sep 1996,
ODI,SB Joshi,DNB,-,-,-,-,-,2,,v Zimbabwe,Colombo (SSC),1 Sep 1996,
ODI,A Kumble,DNB,-,-,-,-,-,2,,v Pakistan,Toronto,16 Sep 1996,
ODI,J Srinath,DNB,-,-,-,-,-,2,,v Pakistan,Toronto,16 Sep 1996,
ODI,SC Ganguly,DNB,-,-,-,-,-,2,,v Pakistan,Toronto,16 Sep 1996,
ODI,A Jadeja,DNB,-,-,-,-,-,2,,v Pakistan,Toronto,16 Sep 1996,
ODI,VG Kambli,DNB,-,-,-,-,-,2,,v Pakistan,Toronto,16 Sep 1996,
ODI,BKV Prasad,DNB,-,-,-,-,-,2,,v Pakistan,Toronto,16 Sep 1996,
ODI,SB Joshi,DNB,-,-,-,-,-,2,,v Pakistan,Toronto,16 Sep 1996,
ODI,A Kumble,DNB,-,-,-,-,-,1,,v Pakistan,Toronto,17 Sep 1996,
ODI,BKV Prasad,DNB,-,-,-,-,-,1,,v Pakistan,Toronto,17 Sep 1996,
ODI,SB Joshi,DNB,-,-,-,-,-,1,,v Pakistan,Toronto,17 Sep 1996,
ODI,BKV Prasad,DNB,-,-,-,-,-,2,,v Australia,Bengaluru,21 Oct 1996,
ODI,BKV Prasad,DNB,-,-,-,-,-,2,,v South Africa,Jaipur,23 Oct 1996,
ODI,SB Joshi,DNB,-,-,-,-,-,2,,v South Africa,Jaipur,23 Oct 1996,
ODI,A Kumble,DNB,-,-,-,-,-,1,,v Australia,Mohali,3 Nov 1996,
ODI,BKV Prasad,DNB,-,-,-,-,-,1,,v Australia,Mohali,3 Nov 1996,
ODI,SB Joshi,DNB,-,-,-,-,-,1,,v Australia,Mohali,3 Nov 1996,
ODI,A Kumble,DNB,-,-,-,-,-,1,,v South Africa,Wankhede,6 Nov 1996,
ODI,BKV Prasad,DNB,-,-,-,-,-,1,,v South Africa,Wankhede,6 Nov 1996,
ODI,A Kumble,DNB,-,-,-,-,-,1,,v South Africa,Wankhede,14 Dec 1996,
ODI,NR Mongia,DNB,-,-,-,-,-,1,,v South Africa,Wankhede,14 Dec 1996,
ODI,BKV Prasad,DNB,-,-,-,-,-,1,,v South Africa,Wankhede,14 Dec 1996,
ODI,BKV Prasad,DNB,-,-,-,-,-,1,,v South Africa,Gqeberha,2 Feb 1997,
ODI,A Kumble,DNB,-,-,-,-,-,1,,v South Africa,East London,4 Feb 1997,
ODI,J Srinath,DNB,-,-,-,-,-,1,,v South Africa,East London,4 Feb 1997,
ODI,BKV Prasad,DNB,-,-,-,-,-,1,,v South Africa,East London,4 Feb 1997,
ODI,SB Joshi,DNB,-,-,-,-,-,1,,v South Africa,East London,4 Feb 1997,
ODI,A Kumble,DNB,-,-,-,-,-,2,,v Zimbabwe,Benoni,9 Feb 1997,
ODI,J Srinath,DNB,-,-,-,-,-,2,,v Zimbabwe,Benoni,9 Feb 1997,
ODI,NR Mongia,DNB,-,-,-,-,-,2,,v Zimbabwe,Benoni,9 Feb 1997,
ODI,BKV Prasad,DNB,-,-,-,-,-,2,,v Zimbabwe,Benoni,9 Feb 1997,
ODI,SB Joshi,DNB,-,-,-,-,-,2,,v Zimbabwe,Benoni,9 Feb 1997,
ODI,NS Sidhu,DNB,-,-,-,-,-,2,,v West Indies,Port of Spain,27 Apr 1997,
ODI,M Azharuddin,DNB,-,-,-,-,-,2,,v West Indies,Port of Spain,27 Apr 1997,
ODI,A Kumble,DNB,-,-,-,-,-,2,,v West Indies,Port of Spain,27 Apr 1997,
ODI,A Jadeja,DNB,-,-,-,-,-,2,,v West Indies,Port of Spain,27 Apr 1997,
ODI,BKV Prasad,DNB,-,-,-,-,-,2,,v West Indies,Port of Spain,27 Apr 1997,
ODI,R Dravid,DNB,-,-,-,-,-,2,,v West Indies,Port of Spain,27 Apr 1997,
ODI,SS Karim,DNB,-,-,-,-,-,2,,v West Indies,Port of Spain,27 Apr 1997,
ODI,A Kuruvilla,DNB,-,-,-,-,-,2,,v West Indies,Port of Spain,27 Apr 1997,
ODI,NA David,DNB,-,-,-,-,-,2,,v West Indies,Port of Spain,27 Apr 1997,
ODI,BKV Prasad,DNB,-,-,-,-,-,1,,v West Indies,Bridgetown,3 May 1997,
ODI,A Kuruvilla,DNB,-,-,-,-,-,1,,v West Indies,Bridgetown,3 May 1997,
ODI,RR Singh,DNB,-,-,-,-,-,2,,v New Zealand,Bengaluru,14 May 1997,
ODI,A Kumble,DNB,-,-,-,-,-,2,,v New Zealand,Bengaluru,14 May 1997,
ODI,A Jadeja,DNB,-,-,-,-,-,2,,v New Zealand,Bengaluru,14 May 1997,
ODI,NR Mongia,DNB,-,-,-,-,-,2,,v New Zealand,Bengaluru,14 May 1997,
ODI,BKV Prasad,DNB,-,-,-,-,-,2,,v New Zealand,Bengaluru,14 May 1997,
ODI,SB Joshi,DNB,-,-,-,-,-,2,,v New Zealand,Bengaluru,14 May 1997,
ODI,A Kuruvilla,DNB,-,-,-,-,-,2,,v New Zealand,Bengaluru,14 May 1997,
ODI,BKV Prasad,DNB,-,-,-,-,-,1,,v Sri Lanka,Wankhede,17 May 1997,
ODI,SB Joshi,DNB,-,-,-,-,-,1,,v Sri Lanka,Wankhede,17 May 1997,
ODI,A Kuruvilla,DNB,-,-,-,-,-,1,,v Sri Lanka,Wankhede,17 May 1997,
ODI,BKV Prasad,DNB,-,-,-,-,-,1,,v Sri Lanka,Colombo (RPS),18 Jul 1997,
ODI,A Kuruvilla,DNB,-,-,-,-,-,1,,v Sri Lanka,Colombo (RPS),18 Jul 1997,
ODI,NA David,DNB,-,-,-,-,-,1,,v Sri Lanka,Colombo (RPS),18 Jul 1997,
ODI,NS Sidhu,TDNB,-,-,-,-,-,-,,v Pakistan,Colombo (SSC),20 Jul 1997,
ODI,M Azharuddin,TDNB,-,-,-,-,-,-,,v Pakistan,Colombo (SSC),20 Jul 1997,
ODI,SR Tendulkar,TDNB,-,-,-,-,-,-,,v Pakistan,Colombo (SSC),20 Jul 1997,
ODI,RR Singh,TDNB,-,-,-,-,-,-,,v Pakistan,Colombo (SSC),20 Jul 1997,
ODI,A Kumble,TDNB,-,-,-,-,-,-,,v Pakistan,Colombo (SSC),20 Jul 1997,
ODI,SC Ganguly,TDNB,-,-,-,-,-,-,,v Pakistan,Colombo (SSC),20 Jul 1997,
ODI,A Jadeja,TDNB,-,-,-,-,-,-,,v Pakistan,Colombo (SSC),20 Jul 1997,
ODI,BKV Prasad,TDNB,-,-,-,-,-,-,,v Pakistan,Colombo (SSC),20 Jul 1997,
ODI,R Dravid,TDNB,-,-,-,-,-,-,,v Pakistan,Colombo (SSC),20 Jul 1997,
ODI,SS Karim,TDNB,-,-,-,-,-,-,,v Pakistan,Colombo (SSC),20 Jul 1997,
ODI,A Kuruvilla,TDNB,-,-,-,-,-,-,,v Pakistan,Colombo (SSC),20 Jul 1997,
ODI,NS Sidhu,DNB,-,-,-,-,-,2,,v Bangladesh,Colombo (SSC),24 Jul 1997,
ODI,RR Singh,DNB,-,-,-,-,-,2,,v Bangladesh,Colombo (SSC),24 Jul 1997,
ODI,A Kumble,DNB,-,-,-,-,-,2,,v Bangladesh,Colombo (SSC),24 Jul 1997,
ODI,A Jadeja,DNB,-,-,-,-,-,2,,v Bangladesh,Colombo (SSC),24 Jul 1997,
ODI,BKV Prasad,DNB,-,-,-,-,-,2,,v Bangladesh,Colombo (SSC),24 Jul 1997,
ODI,R Dravid,DNB,-,-,-,-,-,2,,v Bangladesh,Colombo (SSC),24 Jul 1997,
ODI,SS Karim,DNB,-,-,-,-,-,2,,v Bangladesh,Colombo (SSC),24 Jul 1997,
ODI,A Kuruvilla,DNB,-,-,-,-,-,2,,v Bangladesh,Colombo (SSC),24 Jul 1997,
ODI,BKV Prasad,DNB,-,-,-,-,-,1,,v Sri Lanka,Colombo (RPS),26 Jul 1997,
ODI,NM Kulkarni,DNB,-,-,-,-,-,1,,v Sri Lanka,Colombo (RPS),26 Jul 1997,
ODI,BKV Prasad,DNB,-,-,-,-,-,2,,v Sri Lanka,Colombo (RPS),17 Aug 1997,
ODI,A Kuruvilla,DNB,-,-,-,-,-,2,,v Sri Lanka,Colombo (RPS),17 Aug 1997,
ODI,BKV Prasad,DNB,-,-,-,-,-,2,,v Sri Lanka,Colombo (SSC),24 Aug 1997,
ODI,RR Singh,DNB,-,-,-,-,-,2,,v Pakistan,Toronto,14 Sep 1997,
ODI,A Jadeja,DNB,-,-,-,-,-,2,,v Pakistan,Toronto,14 Sep 1997,
ODI,A Kuruvilla,DNB,-,-,-,-,-,2,,v Pakistan,Toronto,14 Sep 1997,
ODI,NM Kulkarni,DNB,-,-,-,-,-,2,,v Pakistan,Toronto,14 Sep 1997,
ODI,DS Mohanty,DNB,-,-,-,-,-,2,,v Pakistan,Toronto,14 Sep 1997,
ODI,Harvinder Singh,DNB,-,-,-,-,-,2,,v Pakistan,Toronto,14 Sep 1997,
ODI,M Azharuddin,TDNB,-,-,-,-,-,-,,v Pakistan,Toronto,17 Sep 1997,
ODI,SR Tendulkar,TDNB,-,-,-,-,-,-,,v Pakistan,Toronto,17 Sep 1997,
ODI,RR Singh,TDNB,-,-,-,-,-,-,,v Pakistan,Toronto,17 Sep 1997,
ODI,SC Ganguly,TDNB,-,-,-,-,-,-,,v Pakistan,Toronto,17 Sep 1997,
ODI,A Jadeja,TDNB,-,-,-,-,-,-,,v Pakistan,Toronto,17 Sep 1997,
ODI,R Dravid,TDNB,-,-,-,-,-,-,,v Pakistan,Toronto,17 Sep 1997,
ODI,SS Karim,TDNB,-,-,-,-,-,-,,v Pakistan,Toronto,17 Sep 1997,
ODI,A Kuruvilla,TDNB,-,-,-,-,-,-,,v Pakistan,Toronto,17 Sep 1997,
ODI,NM Kulkarni,TDNB,-,-,-,-,-,-,,v Pakistan,Toronto,17 Sep 1997,
ODI,DS Mohanty,TDNB,-,-,-,-,-,-,,v Pakistan,Toronto,17 Sep 1997,
ODI,Harvinder Singh,TDNB,-,-,-,-,-,-,,v Pakistan,Toronto,17 Sep 1997,
ODI,NM Kulkarni,DNB,-,-,-,-,-,1,,v Pakistan,Toronto,18 Sep 1997,
ODI,DS Mohanty,DNB,-,-,-,-,-,1,,v Pakistan,Toronto,18 Sep 1997,
ODI,Harvinder Singh,DNB,-,-,-,-,-,1,,v Pakistan,Toronto,18 Sep 1997,
ODI,VG Kambli,DNB,-,-,-,-,-,2,,v Pakistan,Toronto,20 Sep 1997,
ODI,R Dravid,DNB,-,-,-,-,-,2,,v Pakistan,Toronto,20 Sep 1997,
ODI,SS Karim,DNB,-,-,-,-,-,2,,v Pakistan,Toronto,20 Sep 1997,
ODI,A Kuruvilla,DNB,-,-,-,-,-,2,,v Pakistan,Toronto,20 Sep 1997,
ODI,DS Mohanty,DNB,-,-,-,-,-,2,,v Pakistan,Toronto,20 Sep 1997,
ODI,Harvinder Singh,DNB,-,-,-,-,-,2,,v Pakistan,Toronto,20 Sep 1997,
ODI,SS Karim,DNB,-,-,-,-,-,1,,v Pakistan,Toronto,21 Sep 1997,
ODI,A Kuruvilla,DNB,-,-,-,-,-,1,,v Pakistan,Toronto,21 Sep 1997,
ODI,DS Mohanty,DNB,-,-,-,-,-,1,,v Pakistan,Toronto,21 Sep 1997,
ODI,Harvinder Singh,DNB,-,-,-,-,-,1,,v Pakistan,Toronto,21 Sep 1997,
ODI,A Kuruvilla,DNB,-,-,-,-,-,2,,v Pakistan,Karachi,30 Sep 1997,
ODI,NM Kulkarni,DNB,-,-,-,-,-,2,,v Pakistan,Karachi,30 Sep 1997,
ODI,DS Mohanty,DNB,-,-,-,-,-,2,,v Pakistan,Karachi,30 Sep 1997,
ODI,J Srinath,DNB,-,-,-,-,-,1,,v Pakistan,Sharjah,14 Dec 1997,
ODI,RK Chauhan,DNB,-,-,-,-,-,1,,v Pakistan,Sharjah,14 Dec 1997,
ODI,A Kuruvilla,DNB,-,-,-,-,-,1,,v Pakistan,Sharjah,14 Dec 1997,
ODI,RR Singh,DNB,-,-,-,-,-,2,,v Sri Lanka,Guwahati,22 Dec 1997,
ODI,J Srinath,DNB,-,-,-,-,-,2,,v Sri Lanka,Guwahati,22 Dec 1997,
ODI,RK Chauhan,DNB,-,-,-,-,-,2,,v Sri Lanka,Guwahati,22 Dec 1997,
ODI,NR Mongia,DNB,-,-,-,-,-,2,,v Sri Lanka,Guwahati,22 Dec 1997,
ODI,DS Mohanty,DNB,-,-,-,-,-,2,,v Sri Lanka,Guwahati,22 Dec 1997,
ODI,SV Bahutule,DNB,-,-,-,-,-,2,,v Sri Lanka,Guwahati,22 Dec 1997,
ODI,NS Sidhu,TDNB,-,-,-,-,-,-,,v Sri Lanka,Indore,25 Dec 1997,
ODI,M Azharuddin,TDNB,-,-,-,-,-,-,,v Sri Lanka,Indore,25 Dec 1997,
ODI,SR Tendulkar,TDNB,-,-,-,-,-,-,,v Sri Lanka,Indore,25 Dec 1997,
ODI,RR Singh,TDNB,-,-,-,-,-,-,,v Sri Lanka,Indore,25 Dec 1997,
ODI,J Srinath,TDNB,-,-,-,-,-,-,,v Sri Lanka,Indore,25 Dec 1997,
ODI,SC Ganguly,TDNB,-,-,-,-,-,-,,v Sri Lanka,Indore,25 Dec 1997,
ODI,A Jadeja,TDNB,-,-,-,-,-,-,,v Sri Lanka,Indore,25 Dec 1997,
ODI,RK Chauhan,TDNB,-,-,-,-,-,-,,v Sri Lanka,Indore,25 Dec 1997,
ODI,NR Mongia,TDNB,-,-,-,-,-,-,,v Sri Lanka,Indore,25 Dec 1997,
ODI,SV Bahutule,TDNB,-,-,-,-,-,-,,v Sri Lanka,Indore,25 Dec 1997,
ODI,HH Kanitkar,TDNB,-,-,-,-,-,-,,v Sri Lanka,Indore,25 Dec 1997,
ODI,J Srinath,DNB,-,-,-,-,-,1,,v Sri Lanka,Margao,28 Dec 1997,
ODI,RK Chauhan,DNB,-,-,-,-,-,1,,v Sri Lanka,Margao,28 Dec 1997,
ODI,DS Mohanty,DNB,-,-,-,-,-,1,,v Sri Lanka,Margao,28 Dec 1997,
ODI,J Srinath,DNB,-,-,-,-,-,2,,v Bangladesh,Dhaka,10 Jan 1998,
ODI,DS Mohanty,DNB,-,-,-,-,-,2,,v Bangladesh,Dhaka,10 Jan 1998,
ODI,SV Bahutule,DNB,-,-,-,-,-,2,,v Bangladesh,Dhaka,10 Jan 1998,
ODI,DS Mohanty,DNB,-,-,-,-,-,1,,v Pakistan,Dhaka,11 Jan 1998,
ODI,Harvinder Singh,DNB,-,-,-,-,-,1,,v Pakistan,Dhaka,11 Jan 1998,
ODI,NS Sidhu,DNB,-,-,-,-,-,2,,v Pakistan,Dhaka,14 Jan 1998,
ODI,RR Singh,DNB,-,-,-,-,-,2,,v Pakistan,Dhaka,14 Jan 1998,
ODI,J Srinath,DNB,-,-,-,-,-,2,,v Pakistan,Dhaka,14 Jan 1998,
ODI,NR Mongia,DNB,-,-,-,-,-,2,,v Pakistan,Dhaka,14 Jan 1998,
ODI,DS Mohanty,DNB,-,-,-,-,-,2,,v Pakistan,Dhaka,14 Jan 1998,
ODI,Harvinder Singh,DNB,-,-,-,-,-,2,,v Pakistan,Dhaka,14 Jan 1998,
ODI,SV Bahutule,DNB,-,-,-,-,-,2,,v Pakistan,Dhaka,14 Jan 1998,
ODI,Harvinder Singh,DNB,-,-,-,-,-,2,,v Pakistan,Dhaka,18 Jan 1998,
ODI,RL Sanghvi,DNB,-,-,-,-,-,2,,v Pakistan,Dhaka,18 Jan 1998,
ODI,A Kumble,DNB,-,-,-,-,-,1,,v Australia,Kochi,1 Apr 1998,
ODI,J Srinath,DNB,-,-,-,-,-,1,,v Australia,Kochi,1 Apr 1998,
ODI,DS Mohanty,DNB,-,-,-,-,-,1,,v Australia,Kochi,1 Apr 1998,
ODI,AB Agarkar,DNB,-,-,-,-,-,1,,v Australia,Kochi,1 Apr 1998,
ODI,A Kumble,DNB,-,-,-,-,-,1,,v Zimbabwe,Vadodara,5 Apr 1998,
ODI,BKV Prasad,DNB,-,-,-,-,-,1,,v Zimbabwe,Vadodara,5 Apr 1998,
ODI,RL Sanghvi,DNB,-,-,-,-,-,1,,v Zimbabwe,Vadodara,5 Apr 1998,
ODI,AB Agarkar,DNB,-,-,-,-,-,1,,v Zimbabwe,Vadodara,5 Apr 1998,
ODI,A Kumble,DNB,-,-,-,-,-,2,,v Australia,Kanpur,7 Apr 1998,
ODI,NR Mongia,DNB,-,-,-,-,-,2,,v Australia,Kanpur,7 Apr 1998,
ODI,BKV Prasad,DNB,-,-,-,-,-,2,,v Australia,Kanpur,7 Apr 1998,
ODI,RL Sanghvi,DNB,-,-,-,-,-,2,,v Australia,Kanpur,7 Apr 1998,
ODI,AB Agarkar,DNB,-,-,-,-,-,2,,v Australia,Kanpur,7 Apr 1998,
ODI,NR Mongia,DNB,-,-,-,-,-,1,,v Zimbabwe,Cuttack,9 Apr 1998,
ODI,BKV Prasad,DNB,-,-,-,-,-,1,,v Zimbabwe,Cuttack,9 Apr 1998,
ODI,DS Mohanty,DNB,-,-,-,-,-,1,,v Zimbabwe,Cuttack,9 Apr 1998,
ODI,RL Sanghvi,DNB,-,-,-,-,-,1,,v Zimbabwe,Cuttack,9 Apr 1998,
ODI,HH Kanitkar,DNB,-,-,-,-,-,1,,v Zimbabwe,Cuttack,9 Apr 1998,
ODI,AB Agarkar,DNB,-,-,-,-,-,1,,v Zimbabwe,Cuttack,9 Apr 1998,
ODI,A Kumble,DNB,-,-,-,-,-,2,,v Australia,Sharjah,22 Apr 1998,
ODI,BKV Prasad,DNB,-,-,-,-,-,2,,v Australia,Sharjah,22 Apr 1998,
ODI,Harvinder Singh,DNB,-,-,-,-,-,2,,v Australia,Sharjah,22 Apr 1998,
ODI,Harbhajan Singh,DNB,-,-,-,-,-,2,,v Australia,Sharjah,22 Apr 1998,
ODI,A Kumble,DNB,-,-,-,-,-,2,,v Australia,Sharjah,24 Apr 1998,
ODI,BKV Prasad,DNB,-,-,-,-,-,2,,v Australia,Sharjah,24 Apr 1998,
ODI,VVS Laxman,DNB,-,-,-,-,-,2,,v Australia,Sharjah,24 Apr 1998,
ODI,RL Sanghvi,DNB,-,-,-,-,-,2,,v Australia,Sharjah,24 Apr 1998,
ODI,AB Agarkar,DNB,-,-,-,-,-,2,,v Australia,Sharjah,24 Apr 1998,
ODI,DS Mohanty,DNB,-,-,-,-,-,2,,v Bangladesh,Mohali,14 May 1998,
ODI,RL Sanghvi,DNB,-,-,-,-,-,2,,v Bangladesh,Mohali,14 May 1998,
ODI,MSK Prasad,DNB,-,-,-,-,-,2,,v Bangladesh,Mohali,14 May 1998,
ODI,AB Agarkar,DNB,-,-,-,-,-,2,,v Bangladesh,Mohali,14 May 1998,
ODI,DS Mohanty,DNB,-,-,-,-,-,2,,v Kenya,Bengaluru,20 May 1998,
ODI,RL Sanghvi,DNB,-,-,-,-,-,2,,v Kenya,Bengaluru,20 May 1998,
ODI,AB Agarkar,DNB,-,-,-,-,-,2,,v Kenya,Bengaluru,20 May 1998,
ODI,A Kumble,DNB,-,-,-,-,-,2,,v Bangladesh,Wankhede,25 May 1998,
ODI,BKV Prasad,DNB,-,-,-,-,-,2,,v Bangladesh,Wankhede,25 May 1998,
ODI,PL Mhambrey,DNB,-,-,-,-,-,2,,v Bangladesh,Wankhede,25 May 1998,
ODI,Harbhajan Singh,DNB,-,-,-,-,-,2,,v Bangladesh,Wankhede,25 May 1998,
ODI,M Azharuddin,DNB,-,-,-,-,-,2,,v Kenya,Eden Gardens,31 May 1998,
ODI,RR Singh,DNB,-,-,-,-,-,2,,v Kenya,Eden Gardens,31 May 1998,
ODI,A Kumble,DNB,-,-,-,-,-,2,,v Kenya,Eden Gardens,31 May 1998,
ODI,NR Mongia,DNB,-,-,-,-,-,2,,v Kenya,Eden Gardens,31 May 1998,
ODI,BKV Prasad,DNB,-,-,-,-,-,2,,v Kenya,Eden Gardens,31 May 1998,
ODI,RL Sanghvi,DNB,-,-,-,-,-,2,,v Kenya,Eden Gardens,31 May 1998,
ODI,HH Kanitkar,DNB,-,-,-,-,-,2,,v Kenya,Eden Gardens,31 May 1998,
ODI,AB Agarkar,DNB,-,-,-,-,-,2,,v Kenya,Eden Gardens,31 May 1998,
ODI,RR Singh,DNB,-,-,-,-,-,2,,v Sri Lanka,Colombo (RPS),19 Jun 1998,
ODI,A Kumble,DNB,-,-,-,-,-,2,,v Sri Lanka,Colombo (RPS),19 Jun 1998,
ODI,NR Mongia,DNB,-,-,-,-,-,2,,v Sri Lanka,Colombo (RPS),19 Jun 1998,
ODI,BKV Prasad,DNB,-,-,-,-,-,2,,v Sri Lanka,Colombo (RPS),19 Jun 1998,
ODI,HH Kanitkar,DNB,-,-,-,-,-,2,,v Sri Lanka,Colombo (RPS),19 Jun 1998,
ODI,AB Agarkar,DNB,-,-,-,-,-,2,,v Sri Lanka,Colombo (RPS),19 Jun 1998,
ODI,Harbhajan Singh,DNB,-,-,-,-,-,2,,v Sri Lanka,Colombo (RPS),19 Jun 1998,
ODI,RR Singh,DNB,-,-,-,-,-,2,,v New Zealand,Colombo (RPS),23 Jun 1998,
ODI,A Kumble,DNB,-,-,-,-,-,2,,v New Zealand,Colombo (RPS),23 Jun 1998,
ODI,NR Mongia,DNB,-,-,-,-,-,2,,v New Zealand,Colombo (RPS),23 Jun 1998,
ODI,BKV Prasad,DNB,-,-,-,-,-,2,,v New Zealand,Colombo (RPS),23 Jun 1998,
ODI,HH Kanitkar,DNB,-,-,-,-,-,2,,v New Zealand,Colombo (RPS),23 Jun 1998,
ODI,AB Agarkar,DNB,-,-,-,-,-,2,,v New Zealand,Colombo (RPS),23 Jun 1998,
ODI,Harbhajan Singh,DNB,-,-,-,-,-,2,,v New Zealand,Colombo (RPS),23 Jun 1998,
ODI,M Azharuddin,TDNB,-,-,-,-,-,-,,v New Zealand,Colombo (SSC),3 Jul 1998,
ODI,SR Tendulkar,TDNB,-,-,-,-,-,-,,v New Zealand,Colombo (SSC),3 Jul 1998,
ODI,RR Singh,TDNB,-,-,-,-,-,-,,v New Zealand,Colombo (SSC),3 Jul 1998,
ODI,A Kumble,TDNB,-,-,-,-,-,-,,v New Zealand,Colombo (SSC),3 Jul 1998,
ODI,SC Ganguly,TDNB,-,-,-,-,-,-,,v New Zealand,Colombo (SSC),3 Jul 1998,
ODI,A Jadeja,TDNB,-,-,-,-,-,-,,v New Zealand,Colombo (SSC),3 Jul 1998,
ODI,NR Mongia,TDNB,-,-,-,-,-,-,,v New Zealand,Colombo (SSC),3 Jul 1998,
ODI,BKV Prasad,TDNB,-,-,-,-,-,-,,v New Zealand,Colombo (SSC),3 Jul 1998,
ODI,HH Kanitkar,TDNB,-,-,-,-,-,-,,v New Zealand,Colombo (SSC),3 Jul 1998,
ODI,AB Agarkar,TDNB,-,-,-,-,-,-,,v New Zealand,Colombo (SSC),3 Jul 1998,
ODI,Harbhajan Singh,TDNB,-,-,-,-,-,-,,v New Zealand,Colombo (SSC),3 Jul 1998,
ODI,A Kumble,DNB,-,-,-,-,-,1,,v Sri Lanka,Colombo (RPS),7 Jul 1998,
ODI,NR Mongia,DNB,-,-,-,-,-,1,,v Sri Lanka,Colombo (RPS),7 Jul 1998,
ODI,BKV Prasad,DNB,-,-,-,-,-,1,,v Sri Lanka,Colombo (RPS),7 Jul 1998,
ODI,Harbhajan Singh,DNB,-,-,-,-,-,1,,v Sri Lanka,Colombo (RPS),7 Jul 1998,
ODI,J Srinath,DNB,-,-,-,-,-,2,,v Pakistan,Toronto,12 Sep 1998,
ODI,BKV Prasad,DNB,-,-,-,-,-,2,,v Pakistan,Toronto,12 Sep 1998,
ODI,SB Joshi,DNB,-,-,-,-,-,2,,v Pakistan,Toronto,12 Sep 1998,
ODI,AB Agarkar,DNB,-,-,-,-,-,2,,v Pakistan,Toronto,12 Sep 1998,
ODI,BKV Prasad,DNB,-,-,-,-,-,1,,v Pakistan,Toronto,20 Sep 1998,
ODI,M Azharuddin,DNB,-,-,-,-,-,2,,v Zimbabwe,Bulawayo,26 Sep 1998,
ODI,RR Singh,DNB,-,-,-,-,-,2,,v Zimbabwe,Bulawayo,26 Sep 1998,
ODI,A Kumble,DNB,-,-,-,-,-,2,,v Zimbabwe,Bulawayo,26 Sep 1998,
ODI,J Srinath,DNB,-,-,-,-,-,2,,v Zimbabwe,Bulawayo,26 Sep 1998,
ODI,NR Mongia,DNB,-,-,-,-,-,2,,v Zimbabwe,Bulawayo,26 Sep 1998,
ODI,AB Agarkar,DNB,-,-,-,-,-,2,,v Zimbabwe,Bulawayo,26 Sep 1998,
ODI,Harbhajan Singh,DNB,-,-,-,-,-,2,,v Zimbabwe,Bulawayo,26 Sep 1998,
ODI,RR Singh,DNB,-,-,-,-,-,2,,v Zimbabwe,Bulawayo,27 Sep 1998,
ODI,A Kumble,DNB,-,-,-,-,-,2,,v Zimbabwe,Bulawayo,27 Sep 1998,
ODI,J Srinath,DNB,-,-,-,-,-,2,,v Zimbabwe,Bulawayo,27 Sep 1998,
ODI,NR Mongia,DNB,-,-,-,-,-,2,,v Zimbabwe,Bulawayo,27 Sep 1998,
ODI,R Dravid,DNB,-,-,-,-,-,2,,v Zimbabwe,Bulawayo,27 Sep 1998,
ODI,AB Agarkar,DNB,-,-,-,-,-,2,,v Zimbabwe,Bulawayo,27 Sep 1998,
ODI,Harbhajan Singh,DNB,-,-,-,-,-,2,,v Zimbabwe,Bulawayo,27 Sep 1998,
ODI,A Kumble,DNB,-,-,-,-,-,1,,v Australia,Dhaka,28 Oct 1998,
ODI,A Kumble,DNB,-,-,-,-,-,1,,v West Indies,Dhaka,31 Oct 1998,
ODI,SB Joshi,DNB,-,-,-,-,-,1,,v West Indies,Dhaka,31 Oct 1998,
ODI,AB Agarkar,DNB,-,-,-,-,-,1,,v West Indies,Dhaka,31 Oct 1998,
ODI,A Kumble,DNB,-,-,-,-,-,2,,v Sri Lanka,Sharjah,6 Nov 1998,
ODI,SB Joshi,DNB,-,-,-,-,-,2,,v Sri Lanka,Sharjah,6 Nov 1998,
ODI,RR Singh,DNB,-,-,-,-,-,2,,v Zimbabwe,Sharjah,8 Nov 1998,
ODI,A Kumble,DNB,-,-,-,-,-,2,,v Zimbabwe,Sharjah,8 Nov 1998,
ODI,J Srinath,DNB,-,-,-,-,-,2,,v Zimbabwe,Sharjah,8 Nov 1998,
ODI,SB Joshi,DNB,-,-,-,-,-,2,,v Zimbabwe,Sharjah,8 Nov 1998,
ODI,AB Agarkar,DNB,-,-,-,-,-,2,,v Zimbabwe,Sharjah,8 Nov 1998,
ODI,N Chopra,DNB,-,-,-,-,-,2,,v Zimbabwe,Sharjah,8 Nov 1998,
ODI,M Azharuddin,DNB,-,-,-,-,-,2,,v Zimbabwe,Sharjah,13 Nov 1998,
ODI,RR Singh,DNB,-,-,-,-,-,2,,v Zimbabwe,Sharjah,13 Nov 1998,
ODI,A Kumble,DNB,-,-,-,-,-,2,,v Zimbabwe,Sharjah,13 Nov 1998,
ODI,J Srinath,DNB,-,-,-,-,-,2,,v Zimbabwe,Sharjah,13 Nov 1998,
ODI,A Jadeja,DNB,-,-,-,-,-,2,,v Zimbabwe,Sharjah,13 Nov 1998,
ODI,NR Mongia,DNB,-,-,-,-,-,2,,v Zimbabwe,Sharjah,13 Nov 1998,
ODI,SB Joshi,DNB,-,-,-,-,-,2,,v Zimbabwe,Sharjah,13 Nov 1998,
ODI,AB Agarkar,DNB,-,-,-,-,-,2,,v Zimbabwe,Sharjah,13 Nov 1998,
ODI,N Chopra,DNB,-,-,-,-,-,2,,v Zimbabwe,Sharjah,13 Nov 1998,
ODI,J Srinath,DNB,-,-,-,-,-,1,,v New Zealand,Taupo,9 Jan 1999,
ODI,NR Mongia,DNB,-,-,-,-,-,1,,v New Zealand,Taupo,9 Jan 1999,
ODI,BKV Prasad,DNB,-,-,-,-,-,1,,v New Zealand,Taupo,9 Jan 1999,
ODI,N Chopra,DNB,-,-,-,-,-,1,,v New Zealand,Taupo,9 Jan 1999,
ODI,BKV Prasad,DNB,-,-,-,-,-,2,,v New Zealand,Napier,12 Jan 1999,
ODI,A Kumble,DNB,-,-,-,-,-,1,,v New Zealand,Wellington,14 Jan 1999,
ODI,J Srinath,DNB,-,-,-,-,-,1,,v New Zealand,Wellington,14 Jan 1999,
ODI,NR Mongia,DNB,-,-,-,-,-,1,,v New Zealand,Wellington,14 Jan 1999,
ODI,BKV Prasad,DNB,-,-,-,-,-,1,,v New Zealand,Wellington,14 Jan 1999,
ODI,N Chopra,DNB,-,-,-,-,-,1,,v New Zealand,Wellington,14 Jan 1999,
ODI,A Kumble,DNB,-,-,-,-,-,2,,v New Zealand,Auckland,16 Jan 1999,
ODI,J Srinath,DNB,-,-,-,-,-,2,,v New Zealand,Auckland,16 Jan 1999,
ODI,BKV Prasad,DNB,-,-,-,-,-,2,,v New Zealand,Auckland,16 Jan 1999,
ODI,N Chopra,DNB,-,-,-,-,-,2,,v New Zealand,Auckland,16 Jan 1999,
ODI,A Kumble,DNB,-,-,-,-,-,1,,v Sri Lanka,Nagpur,22 Mar 1999,
ODI,J Srinath,DNB,-,-,-,-,-,1,,v Sri Lanka,Nagpur,22 Mar 1999,
ODI,NR Mongia,DNB,-,-,-,-,-,1,,v Sri Lanka,Nagpur,22 Mar 1999,
ODI,N Chopra,DNB,-,-,-,-,-,1,,v Sri Lanka,Nagpur,22 Mar 1999,
ODI,LR Shukla,DNB,-,-,-,-,-,1,,v Sri Lanka,Nagpur,22 Mar 1999,
ODI,A Kumble,DNB,-,-,-,-,-,1,,v Sri Lanka,Pune,30 Mar 1999,
ODI,J Srinath,DNB,-,-,-,-,-,1,,v Sri Lanka,Pune,30 Mar 1999,
ODI,N Chopra,DNB,-,-,-,-,-,1,,v Sri Lanka,Pune,30 Mar 1999,
ODI,A Kumble,DNB,-,-,-,-,-,2,,v Pakistan,Sharjah,8 Apr 1999,
ODI,J Srinath,DNB,-,-,-,-,-,2,,v Pakistan,Sharjah,8 Apr 1999,
ODI,BKV Prasad,DNB,-,-,-,-,-,2,,v Pakistan,Sharjah,8 Apr 1999,
ODI,A Kumble,DNB,-,-,-,-,-,1,,v England,Sharjah,9 Apr 1999,
ODI,J Srinath,DNB,-,-,-,-,-,1,,v England,Sharjah,9 Apr 1999,
ODI,BKV Prasad,DNB,-,-,-,-,-,1,,v England,Sharjah,9 Apr 1999,
ODI,SB Joshi,DNB,-,-,-,-,-,1,,v England,Sharjah,9 Apr 1999,
ODI,A Kumble,DNB,-,-,-,-,-,1,,v England,Sharjah,11 Apr 1999,
ODI,BKV Prasad,DNB,-,-,-,-,-,1,,v England,Sharjah,11 Apr 1999,
ODI,SB Joshi,DNB,-,-,-,-,-,1,,v England,Sharjah,11 Apr 1999,
ODI,A Kumble,DNB,-,-,-,-,-,2,,v Pakistan,Sharjah,13 Apr 1999,
ODI,NR Mongia,DNB,-,-,-,-,-,2,,v Pakistan,Sharjah,13 Apr 1999,
ODI,BKV Prasad,DNB,-,-,-,-,-,2,,v Pakistan,Sharjah,13 Apr 1999,
ODI,SB Joshi,DNB,-,-,-,-,-,2,,v Pakistan,Sharjah,13 Apr 1999,
ODI,AB Agarkar,DNB,-,-,-,-,-,2,,v Pakistan,Sharjah,13 Apr 1999,
ODI,A Kumble,DNB,-,-,-,-,-,1,,v South Africa,Hove,15 May 1999,
ODI,J Srinath,DNB,-,-,-,-,-,1,,v South Africa,Hove,15 May 1999,
ODI,BKV Prasad,DNB,-,-,-,-,-,1,,v South Africa,Hove,15 May 1999,
ODI,AB Agarkar,DNB,-,-,-,-,-,1,,v South Africa,Hove,15 May 1999,
ODI,M Azharuddin,DNB,-,-,-,-,-,1,,v Kenya,Bristol,23 May 1999,
ODI,J Srinath,DNB,-,-,-,-,-,1,,v Kenya,Bristol,23 May 1999,
ODI,A Jadeja,DNB,-,-,-,-,-,1,,v Kenya,Bristol,23 May 1999,
ODI,NR Mongia,DNB,-,-,-,-,-,1,,v Kenya,Bristol,23 May 1999,
ODI,DS Mohanty,DNB,-,-,-,-,-,1,,v Kenya,Bristol,23 May 1999,
ODI,AB Agarkar,DNB,-,-,-,-,-,1,,v Kenya,Bristol,23 May 1999,
ODI,N Chopra,DNB,-,-,-,-,-,1,,v Kenya,Bristol,23 May 1999,
ODI,A Kumble,DNB,-,-,-,-,-,1,,v Sri Lanka,Taunton,26 May 1999,
ODI,BKV Prasad,DNB,-,-,-,-,-,1,,v Sri Lanka,Taunton,26 May 1999,
ODI,DS Mohanty,DNB,-,-,-,-,-,1,,v Sri Lanka,Taunton,26 May 1999,
ODI,DS Mohanty,DNB,-,-,-,-,-,1,,v England,Birmingham,29 May 1999,
ODI,A Kumble,DNB,-,-,-,-,-,1,,v Pakistan,Manchester,8 Jun 1999,
ODI,J Srinath,DNB,-,-,-,-,-,1,,v Pakistan,Manchester,8 Jun 1999,
ODI,BKV Prasad,DNB,-,-,-,-,-,1,,v Pakistan,Manchester,8 Jun 1999,
ODI,DS Mohanty,DNB,-,-,-,-,-,1,,v Pakistan,Manchester,8 Jun 1999,
ODI,A Kumble,DNB,-,-,-,-,-,1,,v New Zealand,Nottingham,12 Jun 1999,
ODI,BKV Prasad,DNB,-,-,-,-,-,1,,v New Zealand,Nottingham,12 Jun 1999,
ODI,DS Mohanty,DNB,-,-,-,-,-,1,,v New Zealand,Nottingham,12 Jun 1999,
ODI,J Srinath,DNB,-,-,-,-,-,1,,v Australia,Galle,23 Aug 1999,
ODI,BKV Prasad,DNB,-,-,-,-,-,1,,v Australia,Galle,23 Aug 1999,
ODI,BKV Prasad,DNB,-,-,-,-,-,1,,v Sri Lanka,Colombo (RPS),25 Aug 1999,
ODI,A Kumble,DNB,-,-,-,-,-,1,,v Sri Lanka,Colombo (SSC),29 Aug 1999,
ODI,J Srinath,DNB,-,-,-,-,-,1,,v Sri Lanka,Colombo (SSC),29 Aug 1999,
ODI,BKV Prasad,DNB,-,-,-,-,-,1,,v Sri Lanka,Colombo (SSC),29 Aug 1999,
ODI,N Chopra,DNB,-,-,-,-,-,1,,v Sri Lanka,Colombo (SSC),29 Aug 1999,
ODI,AR Khurasiya,DNB,-,-,-,-,-,1,,v Sri Lanka,Colombo (SSC),29 Aug 1999,
ODI,BKV Prasad,DNB,-,-,-,-,-,1,,v Zimbabwe,Singapore,4 Sep 1999,
ODI,DS Mohanty,DNB,-,-,-,-,-,1,,v Zimbabwe,Singapore,4 Sep 1999,
ODI,DS Mohanty,DNB,-,-,-,-,-,2,,v West Indies,Singapore,5 Sep 1999,
ODI,A Kumble,DNB,-,-,-,-,-,1,,v West Indies,Singapore,7 Sep 1999,
ODI,BKV Prasad,DNB,-,-,-,-,-,1,,v West Indies,Singapore,7 Sep 1999,
ODI,SB Joshi,DNB,-,-,-,-,-,1,,v West Indies,Singapore,7 Sep 1999,
ODI,DS Mohanty,DNB,-,-,-,-,-,1,,v West Indies,Singapore,7 Sep 1999,
ODI,A Kumble,DNB,-,-,-,-,-,1,,v West Indies,Singapore,8 Sep 1999,
ODI,BKV Prasad,DNB,-,-,-,-,-,1,,v West Indies,Singapore,8 Sep 1999,
ODI,DS Mohanty,DNB,-,-,-,-,-,1,,v West Indies,Singapore,8 Sep 1999,
ODI,RR Singh,DNB,-,-,-,-,-,2,,v West Indies,Toronto,11 Sep 1999,
ODI,BKV Prasad,DNB,-,-,-,-,-,2,,v West Indies,Toronto,11 Sep 1999,
ODI,SB Joshi,DNB,-,-,-,-,-,2,,v West Indies,Toronto,11 Sep 1999,
ODI,DS Mohanty,DNB,-,-,-,-,-,2,,v West Indies,Toronto,11 Sep 1999,
ODI,HH Kanitkar,DNB,-,-,-,-,-,2,,v West Indies,Toronto,11 Sep 1999,
ODI,N Chopra,DNB,-,-,-,-,-,2,,v West Indies,Toronto,11 Sep 1999,
ODI,JJ Martin,DNB,-,-,-,-,-,2,,v West Indies,Toronto,11 Sep 1999,
ODI,BKV Prasad,DNB,-,-,-,-,-,1,,v West Indies,Toronto,14 Sep 1999,
ODI,SB Joshi,DNB,-,-,-,-,-,1,,v West Indies,Toronto,14 Sep 1999,
ODI,DS Mohanty,DNB,-,-,-,-,-,1,,v West Indies,Toronto,14 Sep 1999,
ODI,RR Singh,DNB,-,-,-,-,-,2,,v South Africa,Nairobi (Gym),26 Sep 1999,
ODI,A Jadeja,DNB,-,-,-,-,-,2,,v South Africa,Nairobi (Gym),26 Sep 1999,
ODI,BKV Prasad,DNB,-,-,-,-,-,2,,v South Africa,Nairobi (Gym),26 Sep 1999,
ODI,SB Joshi,DNB,-,-,-,-,-,2,,v South Africa,Nairobi (Gym),26 Sep 1999,
ODI,DS Mohanty,DNB,-,-,-,-,-,2,,v South Africa,Nairobi (Gym),26 Sep 1999,
ODI,MSK Prasad,DNB,-,-,-,-,-,2,,v South Africa,Nairobi (Gym),26 Sep 1999,
ODI,N Chopra,DNB,-,-,-,-,-,2,,v South Africa,Nairobi (Gym),26 Sep 1999,
ODI,BKV Prasad,DNB,-,-,-,-,-,1,,v Kenya,Nairobi (Gym),29 Sep 1999,
ODI,DS Mohanty,DNB,-,-,-,-,-,1,,v Kenya,Nairobi (Gym),29 Sep 1999,
ODI,BKV Prasad,DNB,-,-,-,-,-,1,,v Zimbabwe,Nairobi (Gym),1 Oct 1999,
ODI,DS Mohanty,DNB,-,-,-,-,-,1,,v Zimbabwe,Nairobi (Gym),1 Oct 1999,
ODI,MSK Prasad,DNB,-,-,-,-,-,1,,v Zimbabwe,Nairobi (Gym),1 Oct 1999,
ODI,RR Singh,DNB,-,-,-,-,-,1,,v New Zealand,Hyderabad (Deccan),8 Nov 1999,
ODI,A Kumble,DNB,-,-,-,-,-,1,,v New Zealand,Hyderabad (Deccan),8 Nov 1999,
ODI,J Srinath,DNB,-,-,-,-,-,1,,v New Zealand,Hyderabad (Deccan),8 Nov 1999,
ODI,BKV Prasad,DNB,-,-,-,-,-,1,,v New Zealand,Hyderabad (Deccan),8 Nov 1999,
ODI,MSK Prasad,DNB,-,-,-,-,-,1,,v New Zealand,Hyderabad (Deccan),8 Nov 1999,
ODI,N Chopra,DNB,-,-,-,-,-,1,,v New Zealand,Hyderabad (Deccan),8 Nov 1999,
ODI,R Vijay Bharadwaj,DNB,-,-,-,-,-,1,,v New Zealand,Hyderabad (Deccan),8 Nov 1999,
ODI,A Kumble,DNB,-,-,-,-,-,1,,v New Zealand,Gwalior,11 Nov 1999,
ODI,DS Mohanty,DNB,-,-,-,-,-,1,,v New Zealand,Gwalior,11 Nov 1999,
ODI,MSK Prasad,DNB,-,-,-,-,-,1,,v New Zealand,Gwalior,11 Nov 1999,
ODI,AB Agarkar,DNB,-,-,-,-,-,1,,v New Zealand,Gwalior,11 Nov 1999,
ODI,RR Singh,DNB,-,-,-,-,-,2,,v New Zealand,Delhi,17 Nov 1999,
ODI,J Srinath,DNB,-,-,-,-,-,2,,v New Zealand,Delhi,17 Nov 1999,
ODI,SB Joshi,DNB,-,-,-,-,-,2,,v New Zealand,Delhi,17 Nov 1999,
ODI,MSK Prasad,DNB,-,-,-,-,-,2,,v New Zealand,Delhi,17 Nov 1999,
ODI,N Chopra,DNB,-,-,-,-,-,2,,v New Zealand,Delhi,17 Nov 1999,
ODI,T Kumaran,DNB,-,-,-,-,-,2,,v New Zealand,Delhi,17 Nov 1999,
ODI,A Kumble,DNB,-,-,-,-,-,2,,v Australia,Melbourne,12 Jan 2000,
ODI,J Srinath,DNB,-,-,-,-,-,2,,v Australia,Melbourne,12 Jan 2000,
ODI,BKV Prasad,DNB,-,-,-,-,-,2,,v Australia,Melbourne,12 Jan 2000,
ODI,A Kumble,DNB,-,-,-,-,-,1,,v Pakistan,Adelaide,25 Jan 2000,
ODI,BKV Prasad,DNB,-,-,-,-,-,1,,v Pakistan,Adelaide,25 Jan 2000,
ODI,DS Mohanty,DNB,-,-,-,-,-,1,,v Pakistan,Adelaide,25 Jan 2000,
ODI,J Srinath,DNB,-,-,-,-,-,1,,v Australia,W.A.C.A,30 Jan 2000,
ODI,BKV Prasad,DNB,-,-,-,-,-,1,,v Australia,W.A.C.A,30 Jan 2000,
ODI,AB Agarkar,DNB,-,-,-,-,-,1,,v Australia,W.A.C.A,30 Jan 2000,
ODI,AB Agarkar,DNB,-,-,-,-,-,2,,v South Africa,Kochi,9 Mar 2000,
ODI,T Kumaran,DNB,-,-,-,-,-,2,,v South Africa,Kochi,9 Mar 2000,
ODI,RR Singh,DNB,-,-,-,-,-,2,,v South Africa,Jamshedpur,12 Mar 2000,
ODI,A Kumble,DNB,-,-,-,-,-,2,,v South Africa,Jamshedpur,12 Mar 2000,
ODI,AB Agarkar,DNB,-,-,-,-,-,2,,v South Africa,Jamshedpur,12 Mar 2000,
ODI,SS Dighe,DNB,-,-,-,-,-,2,,v South Africa,Jamshedpur,12 Mar 2000,
ODI,T Kumaran,DNB,-,-,-,-,-,2,,v South Africa,Jamshedpur,12 Mar 2000,
ODI,A Kumble,DNB,-,-,-,-,-,1,,v South Africa,Faridabad,15 Mar 2000,
ODI,T Kumaran,DNB,-,-,-,-,-,1,,v South Africa,Faridabad,15 Mar 2000,
ODI,A Kumble,DNB,-,-,-,-,-,2,,v South Africa,Vadodara,17 Mar 2000,
ODI,J Srinath,DNB,-,-,-,-,-,2,,v South Africa,Vadodara,17 Mar 2000,
ODI,AB Agarkar,DNB,-,-,-,-,-,2,,v South Africa,Vadodara,17 Mar 2000,
ODI,A Kumble,DNB,-,-,-,-,-,2,,v Pakistan,Sharjah,23 Mar 2000,
