Format,Player,Overs,BPO,Mdns,Runs,Wkts,Econ,Inns,Unnamed: 8,Opposition,Ground,Start Date,Unnamed: 12
ODI,Mohammed Shami,9.5,6,0,57,7,5.79,2,,v New Zealand,Wankhede,15 Nov 2023,
ODI,STR Binny,4.4,6,2,4,6,0.85,2,,v Bangladesh,Mirpur,17 Jun 2014,
ODI,A Kumble,6.1,6,2,12,6,1.94,2,,v West Indies,Eden Gardens,27 Nov 1993,
ODI,JJ Bumrah,7.2,6,3,19,6,2.59,1,,v England,The Oval,12 Jul 2022,
ODI,Mohammed Siraj,7.0,6,1,21,6,3.0,1,,v Sri Lanka,Colombo (RPS),17 Sep 2023,
ODI,A Nehra,10.0,6,2,23,6,2.3,2,,v England,Durban,26 Feb 2003,
ODI,Kuldeep Yadav,10.0,6,0,25,6,2.5,1,,v England,Nottingham,12 Jul 2018,
ODI,M Kartik,10.0,6,3,27,6,2.7,1,,v Australia,Wankhede,17 Oct 2007,
ODI,AB Agarkar,9.3,6,1,42,6,4.42,1,,v Australia,Melbourne,9 Jan 2004,
ODI,YS Chahal,10.0,6,0,42,6,4.2,1,,v Australia,Melbourne,18 Jan 2019,
ODI,A Mishra,8.5,6,0,48,6,5.43,1,,v Zimbabwe,Bulawayo,3 Aug 2013,
ODI,S Sreesanth,10.0,6,1,55,6,5.5,1,,v England,Indore,15 Apr 2006,
ODI,A Nehra,10.0,6,1,59,6,5.9,1,,v Sri Lanka,Colombo (RPS),9 Aug 2005,
ODI,SB Joshi,10.0,6,6,6,5,0.6,1,,v South Africa,Nairobi (Gym),26 Sep 1999,
ODI,RJ Shastri,6.5,6,1,15,5,2.19,2,,v Australia,W.A.C.A,8 Dec 1991,
ODI,SC Ganguly,10.0,6,3,16,5,1.6,2,,v Pakistan,Toronto,18 Sep 1997,
ODI,A Mishra,6.0,6,2,18,5,3.0,2,,v New Zealand,Visakhapatnam,29 Oct 2016,
ODI,Mohammed Shami,5.0,6,1,18,5,3.6,2,,v Sri Lanka,Wankhede,2 Nov 2023,
ODI,Arshad Ayub,9.0,6,0,21,5,2.33,1,,v Pakistan,Dhaka,31 Oct 1988,
ODI,N Chopra,6.2,6,2,21,5,3.31,2,,v West Indies,Toronto,14 Sep 1999,
ODI,RR Singh,5.0,6,0,22,5,4.4,1,,v Sri Lanka,Guwahati,22 Dec 1997,
ODI,YS Chahal,8.2,6,1,22,5,2.64,1,,v South Africa,Centurion,4 Feb 2018,
ODI,J Srinath,10.0,6,4,23,5,2.3,1,,v Bangladesh,Dhaka,10 Jan 1998,
ODI,J Srinath,6.4,6,1,24,5,3.6,1,,v Sri Lanka,Kanpur,7 Nov 1993,
ODI,Kuldeep Yadav,8.0,6,0,25,5,3.12,2,,v Pakistan,Colombo (RPS),10 Sep 2023,
ODI,SK Sharma,7.3,6,0,26,5,3.46,2,,v West Indies,Sharjah,16 Oct 1988,
ODI,K Srikkanth,7.0,6,0,27,5,3.85,1,,v New Zealand,Visakhapatnam,10 Dec 1988,
ODI,BKV Prasad,9.3,6,2,27,5,2.84,2,,v Pakistan,Manchester,8 Jun 1999,
ODI,IK Pathan,10.0,6,3,27,5,2.7,2,,v Zimbabwe,Harare,29 Aug 2005,
ODI,JJ Bumrah,10.0,6,2,27,5,2.7,1,,v Sri Lanka,Pallekele,27 Aug 2017,
ODI,RR Singh,9.3,6,0,31,5,3.26,2,,v Sri Lanka,Taunton,26 May 1999,
ODI,Harbhajan Singh,10.0,6,2,31,5,3.1,2,,v England,Delhi,28 Mar 2006,
ODI,Yuvraj Singh,10.0,6,0,31,5,3.1,1,,v Ireland,Bengaluru,6 Mar 2011,
ODI,K Srikkanth,6.0,6,0,32,5,5.33,2,,v New Zealand,Indore,15 Dec 1988,
ODI,SR Tendulkar,10.0,6,1,32,5,3.2,2,,v Australia,Kochi,1 Apr 1998,
ODI,A Kumble,10.0,6,0,33,5,3.3,2,,v New Zealand,Wellington,30 Mar 1994,
ODI,M Prabhakar,10.0,6,0,33,5,3.3,1,,v New Zealand,Amritsar,18 Nov 1995,
ODI,RA Jadeja,9.0,6,1,33,5,3.66,2,,v South Africa,Eden Gardens,5 Nov 2023,
ODI,SC Ganguly,10.0,6,1,34,5,3.4,1,,v Zimbabwe,Kanpur,11 Dec 2000,
ODI,M Prabhakar,10.0,6,0,35,5,3.5,1,,v Sri Lanka,Hyderabad (Deccan),18 Feb 1994,
ODI,RA Jadeja,10.0,6,2,36,5,3.6,1,,v West Indies,The Oval,11 Jun 2013,
ODI,Arshdeep Singh,10.0,6,0,37,5,3.7,1,,v South Africa,Johannesburg,17 Dec 2023,
ODI,J Srinath,9.0,6,1,41,5,4.55,1,,v England,Bengaluru,26 Feb 1993,
ODI,Z Khan,10.0,6,0,42,5,4.2,1,,v Sri Lanka,Margao,14 Feb 2007,
ODI,B Kumar,9.4,6,0,42,5,4.34,1,,v Sri Lanka,Colombo (RPS),3 Sep 2017,
ODI,CV Varun,10.0,6,0,42,5,4.2,2,,v New Zealand,Dubai (DICS),2 Mar 2025,
ODI,N Kapil Dev,12.0,6,2,43,5,3.58,1,,v Australia,Nottingham,13 Jun 1983,
ODI,Harbhajan Singh,10.0,6,1,43,5,4.3,1,,v England,Wankhede,3 Feb 2002,
ODI,AB Agarkar,9.5,6,1,44,5,4.47,1,,v Sri Lanka,Pune,3 Nov 2005,
ODI,SR Tendulkar,10.0,6,1,50,5,5.0,2,,v Pakistan,Kochi,2 Apr 2005,
ODI,Mohammed Shami,10.0,6,1,51,5,5.1,1,,v Australia,Mohali,22 Sep 2023,
ODI,Mohammed Shami,10.0,6,0,53,5,5.3,1,,v Bangladesh,Dubai (DICS),20 Feb 2025,
ODI,Mohammed Shami,10.0,6,0,54,5,5.4,1,,v New Zealand,Dharamsala,22 Oct 2023,
ODI,Harbhajan Singh,9.4,6,0,56,5,5.79,2,,v Sri Lanka,Colombo (RPS),14 Sep 2009,
ODI,IK Pathan,10.0,6,0,61,5,6.1,2,,v Sri Lanka,Pallekele,4 Aug 2012,
ODI,Mohammed Shami,10.0,6,1,69,5,6.9,1,,v England,Birmingham,30 Jun 2019,
ODI,Yuvraj Singh,4.3,6,2,6,4,1.33,2,,v Namibia,Pietermaritzburg,23 Feb 2003,
ODI,V Sehwag,2.5,6,0,6,4,2.11,1,,v Bangladesh,Dambulla,16 Jun 2010,
ODI,Kuldeep Yadav,3.0,6,2,6,4,2.0,1,,v West Indies,Bridgetown,27 Jul 2023,
ODI,B Kumar,6.0,6,1,8,4,1.33,2,,v Sri Lanka,Port of Spain,9 Jul 2013,
ODI,A Kumble,7.0,6,2,12,4,1.71,2,,v Pakistan,Toronto,18 Sep 1996,
ODI,M Prasidh Krishna,9.0,6,3,12,4,1.33,2,,v West Indies,Ahmedabad,9 Feb 2022,
ODI,Mohammed Shami,6.2,6,0,16,4,2.52,2,,v West Indies,Manchester,27 Jun 2019,
ODI,BKV Prasad,5.0,6,1,17,4,3.4,1,,v Pakistan,Colombo (SSC),20 Jul 1997,
ODI,YS Chahal,4.0,6,0,17,4,4.25,2,,v West Indies,Port of Spain,27 Jul 2022,
ODI,AB Agarkar,9.0,6,2,18,4,2.0,2,,v Zimbabwe,Harare,29 Aug 2005,
ODI,Kuldeep Yadav,4.1,6,1,18,4,4.32,1,,v South Africa,Delhi,11 Oct 2022,
ODI,M Prabhakar,8.0,6,1,19,4,2.37,1,,v Zimbabwe,Wankhede,17 Oct 1987,
ODI,Z Khan,7.3,6,1,19,4,2.53,2,,v Bangladesh,Dhaka,11 Apr 2003,
ODI,S Madan Lal,8.2,6,3,20,4,2.4,2,,v Australia,Chelmsford,20 Jun 1983,
ODI,SC Ganguly,4.0,6,0,21,4,5.25,2,,v Sri Lanka,Nagpur,22 Mar 1999,
ODI,Z Khan,9.5,6,3,21,4,2.13,1,,v Sri Lanka,Dambulla,20 Aug 2008,
ODI,Maninder Singh,9.0,6,2,22,4,2.44,2,,v Pakistan,Sharjah,5 Dec 1986,
ODI,MM Sharma,8.0,6,2,22,4,2.75,2,,v Bangladesh,Mirpur,17 Jun 2014,
ODI,JJ Bumrah,10.0,6,1,22,4,2.2,1,,v Zimbabwe,Harare,15 Jun 2016,
ODI,Mohammed Shami,7.0,6,2,22,4,3.14,2,,v England,Lucknow,29 Oct 2023,
ODI,BKV Prasad,10.0,6,2,23,4,2.3,1,,v Kenya,Eden Gardens,31 May 1998,
ODI,J Srinath,10.0,6,3,23,4,2.3,2,,v New Zealand,Auckland,26 Dec 2002,
ODI,PP Chawla,10.0,6,2,23,4,2.3,2,,v Hong Kong,Karachi,25 Jun 2008,
ODI,RA Jadeja,7.5,6,1,23,4,2.93,1,,v Sri Lanka,Port of Spain,11 Jul 2013,
ODI,Kuldeep Yadav,9.0,6,1,23,4,2.55,2,,v South Africa,Cape Town,7 Feb 2018,
ODI,IK Pathan,10.0,6,1,24,4,2.4,1,,v Zimbabwe,W.A.C.A,3 Feb 2004,
ODI,HH Pandya,7.0,6,3,24,4,3.42,1,,v England,Manchester,17 Jul 2022,
ODI,M Prabhakar,7.4,6,1,25,4,3.26,2,,v Pakistan,Sharjah,18 Oct 1991,
ODI,A Kumble,8.2,6,0,25,4,3.0,2,,v South Africa,Wankhede,6 Nov 1996,
ODI,AB Agarkar,9.4,6,0,25,4,2.58,1,,v Zimbabwe,Kanpur,11 Dec 2000,
ODI,R Ashwin,10.0,6,1,25,4,2.5,1,,v U.A.E.,W.A.C.A,28 Feb 2015,
ODI,BKV Prasad,8.0,6,1,27,4,3.37,2,,v South Africa,Wankhede,14 Dec 1996,
ODI,AB Agarkar,10.0,6,2,27,4,2.7,1,,v Kenya,Bloemfontein,12 Oct 2001,
ODI,Avesh Khan,8.0,6,3,27,4,3.37,1,,v South Africa,Johannesburg,17 Dec 2023,
ODI,Yuvraj Singh,10.0,6,0,28,4,2.8,2,,v England,Indore,17 Nov 2008,
ODI,RA Jadeja,7.0,6,0,28,4,4.0,2,,v England,Cardiff,27 Aug 2014,
ODI,JJ Bumrah,9.5,6,2,28,4,2.84,1,,v Zimbabwe,Harare,11 Jun 2016,
ODI,RMH Binny,8.0,6,2,29,4,3.62,2,,v Australia,Chelmsford,20 Jun 1983,
ODI,MM Patel,8.0,6,0,29,4,3.62,2,,v South Africa,Johannesburg,15 Jan 2011,
ODI,RA Jadeja,10.0,6,0,29,4,2.9,1,,v Bangladesh,Dubai (DICS),21 Sep 2018,
ODI,DR Doshi,10.0,6,0,30,4,3.0,2,,v New Zealand,Brisbane,21 Dec 1980,
ODI,N Kapil Dev,9.0,6,0,30,4,3.33,1,,v Australia,Melbourne,31 Jan 1986,
ODI,M Prabhakar,9.5,6,0,30,4,3.05,2,,v West Indies,Sharjah,19 Oct 1991,
ODI,J Srinath,10.0,6,2,30,4,3.0,2,,v Australia,Sydney,14 Jan 2000,
ODI,J Srinath,9.1,6,1,30,4,3.27,2,,v Netherlands,Paarl,12 Feb 2003,
ODI,R Vinay Kumar,9.0,6,1,30,4,3.33,1,,v England,Delhi,17 Oct 2011,
ODI,RA Jadeja,10.0,6,1,30,4,3.0,1,,v Afghanistan,Mirpur,5 Mar 2014,
ODI,Arshdeep Singh,9.0,6,1,30,4,3.33,2,,v South Africa,Paarl,21 Dec 2023,
ODI,N Kapil Dev,9.0,6,0,31,4,3.44,1,,v Sri Lanka,Eden Gardens,4 Jan 1991,
ODI,P Kumar,10.0,6,2,31,4,3.1,1,,v Sri Lanka,Hobart,26 Feb 2008,
ODI,A Mishra,10.0,6,2,31,4,3.1,1,,v West Indies,Port of Spain,8 Jun 2011,
ODI,UT Yadav,9.0,6,1,31,4,3.44,2,,v Bangladesh,Melbourne,19 Mar 2015,
ODI,B Kumar,8.0,6,0,31,4,3.87,2,,v West Indies,Port of Spain,11 Aug 2019,
ODI,AB Agarkar,10.0,6,2,32,4,3.2,1,,v Zimbabwe,Hyderabad (Deccan),16 Mar 2002,
ODI,A Kumble,10.0,6,1,32,4,3.2,2,,v Netherlands,Paarl,12 Feb 2003,
ODI,RA Jadeja,10.0,6,0,32,4,3.2,1,,v Sri Lanka,Cuttack,21 Dec 2009,
ODI,IK Pathan,8.1,6,1,32,4,3.91,2,,v Sri Lanka,Mirpur,13 Mar 2012,
ODI,Mohammed Siraj,10.0,6,1,32,4,3.2,2,,v Sri Lanka,Thiruvananthapuram,15 Jan 2023,
ODI,A Kumble,10.0,6,2,33,4,3.3,1,,v Zimbabwe,Colombo (SSC),1 Sep 1996,
ODI,N Chopra,8.3,6,0,33,4,3.88,2,,v Zimbabwe,Nairobi (Gym),1 Oct 1999,
ODI,Harbhajan Singh,9.1,6,0,33,4,3.6,2,,v Zimbabwe,Guwahati,19 Mar 2002,
ODI,RA Jadeja,8.0,6,0,33,4,4.12,2,,v England,Eden Gardens,25 Oct 2011,
ODI,B Kumar,10.0,6,3,33,4,3.3,2,,v Zimbabwe,Harare,12 Jul 2015,
ODI,SR Tendulkar,10.0,6,1,34,4,3.4,1,,v West Indies,Sharjah,22 Oct 1991,
ODI,AB Agarkar,9.0,6,0,34,4,3.77,1,,v England,Chennai,25 Jan 2002,
ODI,I Sharma,8.0,6,1,34,4,4.25,2,,v Sri Lanka,Cuttack,2 Nov 2014,
ODI,DS Kulkarni,10.0,6,1,34,4,3.4,2,,v Sri Lanka,Eden Gardens,13 Nov 2014,
ODI,RA Jadeja,9.5,6,1,34,4,3.45,1,,v West Indies,Thiruvananthapuram,1 Nov 2018,
ODI,RMH Binny,8.2,6,3,35,4,4.2,1,,v Pakistan,Melbourne,20 Feb 1985,
ODI,J Srinath,10.0,6,0,35,4,3.5,2,,v Sri Lanka,Singapore,3 Apr 1996,
ODI,AB Agarkar,10.0,6,2,35,4,3.5,2,,v New Zealand,Sharjah,17 Apr 1998,
ODI,J Srinath,9.0,6,1,35,4,3.88,2,,v Sri Lanka,Johannesburg,10 Mar 2003,
ODI,A Nehra,7.0,6,1,35,4,5.0,2,,v Sri Lanka,Johannesburg,10 Mar 2003,
ODI,RP Singh,8.5,6,2,35,4,3.96,1,,v Sri Lanka,Rajkot,9 Nov 2005,
ODI,Mohammed Shami,9.0,6,1,35,4,3.88,2,,v Pakistan,Adelaide,15 Feb 2015,
ODI,JJ Bumrah,10.0,6,1,35,4,3.5,1,,v West Indies,Pune,27 Oct 2018,
ODI,Mohammed Shami,9.3,6,0,36,4,3.78,2,,v West Indies,Delhi,11 Oct 2014,
ODI,S Madan Lal,8.0,6,1,37,4,4.62,1,,v New Zealand,Sydney,5 Mar 1985,
ODI,AB Agarkar,9.0,6,0,37,4,4.11,1,,v Australia,Wankhede,1 Nov 2003,
ODI,IK Pathan,8.0,6,0,37,4,4.62,1,,v Sri Lanka,Mohali,28 Oct 2005,
ODI,SN Thakur,6.3,6,0,37,4,5.69,2,,v West Indies,Tarouba,1 Aug 2023,
ODI,RJ Shastri,10.0,6,0,38,4,3.8,2,,v Pakistan,Eden Gardens,18 Feb 1987,
ODI,SR Tendulkar,9.1,6,0,38,4,4.14,2,,v Australia,Dhaka,28 Oct 1998,
ODI,SB Joshi,10.0,6,1,38,4,3.8,1,,v South Africa,Jamshedpur,12 Mar 2000,
ODI,I Sharma,9.1,6,1,38,4,4.14,1,,v Australia,Melbourne,10 Feb 2008,
ODI,PP Ojha,10.0,6,0,38,4,3.8,2,,v Sri Lanka,Colombo (RPS),3 Feb 2009,
ODI,Kuldeep Yadav,10.0,6,1,39,4,3.9,1,,v New Zealand,Napier,23 Jan 2019,
ODI,JJ Bumrah,10.0,6,0,39,4,3.9,1,,v Afghanistan,Delhi,11 Oct 2023,
ODI,Harshit Rana,8.4,6,0,39,4,4.5,1,,v Australia,Sydney,25 Oct 2025,
ODI,RJ Shastri,10.0,6,1,40,4,4.0,1,,v England,Nagpur,23 Jan 1985,
ODI,A Kumble,10.0,6,0,40,4,4.0,1,,v South Africa,Hamilton,18 Feb 1995,
ODI,A Kumble,9.4,6,0,40,4,4.13,2,,v Pakistan,Adelaide,25 Jan 2000,
ODI,RP Singh,10.0,6,0,40,4,4.0,1,,v Pakistan,Multan,16 Feb 2006,
ODI,PP Chawla,8.4,6,0,40,4,4.61,2,,v Pakistan,Mirpur,10 Jun 2008,
ODI,A Nehra,9.0,6,0,40,4,4.44,2,,v Sri Lanka,Dambulla,24 Jun 2010,
ODI,I Sharma,10.0,6,1,40,4,4.0,1,,v South Africa,Centurion,11 Dec 2013,
ODI,Mohammed Shami,9.5,6,1,40,4,4.06,2,,v Afghanistan,Southampton,22 Jun 2019,
ODI,RMH Binny,9.5,6,1,41,4,4.16,2,,v New Zealand,W.A.C.A,9 Dec 1980,
ODI,IK Pathan,10.0,6,1,41,4,4.1,1,,v Australia,Adelaide,17 Feb 2008,
ODI,I Sharma,10.0,6,0,41,4,4.1,1,,v Sri Lanka,Hobart,26 Feb 2008,
ODI,JD Unadkat,10.0,6,3,41,4,4.1,2,,v Zimbabwe,Harare,26 Jul 2013,
ODI,Kuldeep Yadav,10.0,6,1,41,4,4.1,1,,v South Africa,Visakhapatnam,6 Dec 2025,
ODI,Z Khan,10.0,6,0,42,4,4.2,1,,v Zimbabwe,Sharjah,26 Oct 2000,
ODI,Z Khan,10.0,6,0,42,4,4.2,1,,v Zimbabwe,Bulawayo,27 Jun 2001,
ODI,Z Khan,8.0,6,0,42,4,5.25,1,,v New Zealand,Centurion,14 Mar 2003,
ODI,ND Hirwani,10.0,6,0,43,4,4.3,2,,v New Zealand,Sharjah,27 Mar 1988,
ODI,A Kuruvilla,8.4,6,1,43,4,4.96,1,,v Sri Lanka,Colombo (SSC),24 Aug 1997,
ODI,JJ Bumrah,10.0,6,2,43,4,4.3,1,,v Sri Lanka,Pallekele,24 Aug 2017,
ODI,Kuldeep Yadav,9.3,6,0,43,4,4.52,2,,v Sri Lanka,Colombo (RPS),12 Sep 2023,
ODI,DR Doshi,10.0,6,0,44,4,4.4,2,,v Sri Lanka,Amritsar,12 Sep 1982,
ODI,Z Khan,10.0,6,2,45,4,4.5,2,,v Zimbabwe,Colombo (RPS),14 Sep 2002,
ODI,B Kumar,10.0,6,0,45,4,4.5,1,,v Australia,Adelaide,15 Jan 2019,
ODI,Kuldeep Yadav,10.0,6,0,45,4,4.5,2,,v New Zealand,Mount Maunganui,26 Jan 2019,
ODI,ND Hirwani,10.0,6,0,46,4,4.6,2,,v New Zealand,Sharjah,1 Apr 1988,
ODI,SLV Raju,9.0,6,0,46,4,5.11,2,,v West Indies,Jaipur,11 Nov 1994,
ODI,AB Agarkar,10.0,6,0,46,4,4.6,1,,v Australia,Kanpur,7 Apr 1998,
ODI,Harbhajan Singh,10.0,6,0,46,4,4.6,2,,v Sri Lanka,Bristol,11 Jul 2002,
ODI,P Kumar,10.0,6,2,46,4,4.6,2,,v Australia,Brisbane,4 Mar 2008,
ODI,YS Chahal,9.0,6,0,46,4,5.11,2,,v South Africa,Cape Town,7 Feb 2018,
ODI,Mohammed Siraj,10.0,6,2,46,4,4.6,2,,v New Zealand,Hyderabad,18 Jan 2023,
ODI,Z Khan,10.0,6,2,47,4,4.7,2,,v Zimbabwe,Faridabad,7 Mar 2002,
ODI,A Nehra,9.5,6,1,47,4,4.77,1,,v New Zealand,Dambulla,10 Aug 2010,
ODI,S Sreesanth,9.0,6,1,47,4,5.22,1,,v New Zealand,Jaipur,1 Dec 2010,
ODI,A Mishra,10.0,6,0,47,4,4.7,1,,v Zimbabwe,Harare,28 Jul 2013,
ODI,YS Chahal,10.0,6,0,47,4,4.7,1,,v England,Lord's,14 Jul 2022,
ODI,L Balaji,10.0,6,0,48,4,4.8,2,,v Australia,Brisbane,18 Jan 2004,
ODI,MM Patel,10.0,6,0,48,4,4.8,2,,v Bangladesh,Mirpur,19 Feb 2011,
ODI,Mohammed Shami,10.0,6,0,48,4,4.8,1,,v West Indies,Kingston,6 Jul 2017,
ODI,J Srinath,10.0,6,0,49,4,4.9,2,,v Pakistan,Brisbane,10 Jan 2000,
ODI,MM Patel,9.0,6,0,49,4,5.44,1,,v Sri Lanka,Rajkot,11 Feb 2007,
ODI,YS Chahal,9.5,6,0,49,4,4.98,1,,v West Indies,Ahmedabad,6 Feb 2022,
ODI,ND Hirwani,10.0,6,1,50,4,5.0,2,,v West Indies,Sharjah,16 Oct 1988,
ODI,A Kumble,10.0,6,0,50,4,5.0,2,,v West Indies,Sharjah,19 Oct 1991,
ODI,Mohammed Shami,10.0,6,1,50,4,5.0,1,,v Bangladesh,Fatullah,26 Feb 2014,
ODI,IK Pathan,10.0,6,0,51,4,5.1,2,,v England,Margao,3 Apr 2006,
ODI,YS Chahal,10.0,6,0,51,4,5.1,1,,v South Africa,Southampton,5 Jun 2019,
ODI,J Srinath,9.2,6,1,52,4,5.57,2,,v New Zealand,Napier,16 Feb 1995,
ODI,SN Thakur,8.5,6,0,52,4,5.88,1,,v South Africa,Centurion,16 Feb 2018,
ODI,AB Agarkar,10.0,6,0,53,4,5.3,2,,v Sri Lanka,Colombo (RPS),7 Jul 1998,
ODI,A Kumble,10.0,6,0,53,4,5.3,1,,v Pakistan,Jaipur,24 Mar 1999,
ODI,P Kumar,9.0,6,1,53,4,5.88,2,,v Pakistan,Mirpur,10 Jun 2008,
ODI,UT Yadav,9.0,6,0,53,4,5.88,1,,v Sri Lanka,Hyderabad,9 Nov 2014,
ODI,N Kapil Dev,10.0,6,1,54,4,5.4,2,,v West Indies,Adelaide,14 Dec 1991,
ODI,M Prabhakar,10.0,6,0,54,4,5.4,1,,v England,Gwalior,4 Mar 1993,
ODI,SR Tendulkar,9.0,6,2,54,4,6.0,2,,v Bangladesh,Dhaka,27 Dec 2004,
ODI,M Prasidh Krishna,8.1,6,1,54,4,6.61,2,,v England,Pune,23 Mar 2021,
ODI,A Nehra,10.0,6,0,55,4,5.5,1,,v Pakistan,Centurion,26 Sep 2009,
ODI,Mohammed Shami,9.0,6,0,55,4,6.11,1,,v New Zealand,Napier,19 Jan 2014,
ODI,JJ Bumrah,10.0,6,1,55,4,5.5,2,,v Bangladesh,Birmingham,2 Jul 2019,
ODI,DS Mohanty,10.0,6,0,56,4,5.6,2,,v Kenya,Bristol,23 May 1999,
ODI,SR Tendulkar,10.0,6,0,56,4,5.6,2,,v South Africa,Faridabad,15 Mar 2000,
ODI,I Sharma,10.0,6,1,57,4,5.7,2,,v Sri Lanka,Colombo (RPS),31 Jan 2009,
ODI,Kuldeep Yadav,10.0,6,0,57,4,5.7,2,,v South Africa,Gqeberha,13 Feb 2018,
ODI,SLV Raju,10.0,6,0,58,4,5.8,2,,v West Indies,Eden Gardens,5 Nov 1994,
ODI,S Sreesanth,10.0,6,1,58,4,5.8,1,,v Pakistan,Karachi,19 Feb 2006,
ODI,AB Agarkar,10.0,6,0,60,4,6.0,2,,v England,Manchester,30 Aug 2007,
ODI,MK Tiwary,10.0,6,1,61,4,6.1,1,,v Sri Lanka,Colombo (RPS),31 Jul 2012,
ODI,Mohammed Shami,10.0,6,0,63,4,6.3,1,,v Australia,Bengaluru,19 Jan 2020,
ODI,Mohammed Shami,9.0,6,1,66,4,7.33,1,,v West Indies,Kochi,8 Oct 2014,
ODI,M Prasidh Krishna,9.5,6,0,66,4,6.71,1,,v South Africa,Visakhapatnam,6 Dec 2025,
ODI,SN Thakur,10.0,6,0,67,4,6.7,2,,v England,Pune,28 Mar 2021,
ODI,Kuldeep Yadav,10.0,6,0,68,4,6.8,2,,v South Africa,Ranchi,30 Nov 2025,
ODI,UT Yadav,10.0,6,0,71,4,7.1,1,,v Australia,Bengaluru,28 Sep 2017,
ODI,A Nehra,10.0,6,0,72,4,7.2,2,,v Pakistan,Visakhapatnam,5 Apr 2005,
ODI,UT Yadav,9.0,6,0,72,4,8.0,1,,v Australia,Sydney,26 Mar 2015,
ODI,I Sharma,10.0,6,0,77,4,7.7,1,,v Australia,Canberra,20 Jan 2016,
ODI,A Jadeja,1.0,6,0,3,3,3.0,2,,v England,Sharjah,9 Apr 1999,
ODI,HH Pandya,2.2,6,0,3,3,1.28,1,,v Sri Lanka,Colombo (RPS),17 Sep 2023,
ODI,M Prabhakar,5.0,6,2,5,3,1.0,1,,v Pakistan,Karachi,20 Dec 1989,
ODI,B Kumar,6.1,6,2,9,3,1.45,2,,v Australia,Eden Gardens,21 Sep 2017,
ODI,S Madan Lal,8.0,6,2,11,3,1.37,1,,v Sri Lanka,Sharjah,8 Apr 1984,
ODI,M Amarnath,7.0,6,0,12,3,1.71,2,,v West Indies,Lord's,25 Jun 1983,
ODI,K Srikkanth,3.2,6,0,12,3,3.6,1,,v Sri Lanka,Dhaka,4 Nov 1988,
ODI,RR Singh,9.0,6,2,13,3,1.44,1,,v Bangladesh,Colombo (SSC),24 Jul 1997,
ODI,J Srinath,10.0,6,2,13,3,1.3,1,,v New Zealand,Auckland,11 Jan 2003,
ODI,KK Ahmed,5.0,6,0,13,3,2.6,2,,v West Indies,Brabourne,29 Oct 2018,
ODI,AB Agarkar,6.0,6,0,14,3,2.33,2,,v Sri Lanka,Nagpur,22 Mar 1999,
ODI,A Kumble,10.0,6,4,14,3,1.4,1,,v Kenya,Bloemfontein,12 Oct 2001,
ODI,Z Khan,9.2,6,2,14,3,1.5,2,,v Kenya,Durban,20 Mar 2003,
ODI,S Madan Lal,9.3,6,2,15,3,1.57,1,,v East Africa,Leeds,11 Jun 1975,
ODI,DS Mohanty,7.0,6,1,15,3,2.14,1,,v Pakistan,Toronto,14 Sep 1997,
ODI,B Kumar,7.0,6,1,15,3,2.14,1,,v Pakistan,Dubai (DICS),19 Sep 2018,
ODI,Mohammed Siraj,7.0,6,2,16,3,2.28,2,,v Sri Lanka,Wankhede,2 Nov 2023,
ODI,N Kapil Dev,6.5,6,1,17,3,2.48,2,,v Pakistan,Sharjah,22 Mar 1985,
ODI,A Kumble,8.0,6,0,17,3,2.12,1,,v New Zealand,Brabourne,29 Nov 1995,
ODI,A Kumble,10.0,6,4,17,3,1.7,1,,v Bangladesh,Wankhede,25 May 1998,
ODI,SB Joshi,10.0,6,1,17,3,1.7,2,,v Sri Lanka,Sharjah,9 Nov 1998,
ODI,Mohammed Shami,6.0,6,2,17,3,2.83,1,,v Australia,Wankhede,17 Mar 2023,
ODI,DS Mohanty,10.0,6,1,18,3,1.8,1,,v West Indies,Bulawayo,30 Jun 2001,
ODI,AB Agarkar,7.0,6,2,18,3,2.57,2,,v Bangladesh,Dhaka,11 Apr 2003,
ODI,MM Patel,8.0,6,2,18,3,2.25,1,,v England,Jaipur,15 Oct 2006,
ODI,Mohammed Shami,6.0,6,1,18,3,3.0,1,,v New Zealand,Raipur,21 Jan 2023,
ODI,M Azharuddin,3.5,6,0,19,3,4.95,2,,v Australia,Delhi,22 Oct 1987,
ODI,SLV Raju,8.0,6,0,19,3,2.37,2,,v Sri Lanka,Jalandhar,20 Feb 1994,
ODI,RA Jadeja,6.2,6,0,19,3,3.0,1,,v England,Ranchi,19 Jan 2013,
ODI,Mohammed Shami,6.0,6,2,19,3,3.16,1,,v New Zealand,Napier,23 Jan 2019,
ODI,Arshad Ayub,9.0,6,2,20,3,2.22,1,,v Bangladesh,Chattogram,27 Oct 1988,
ODI,RR Singh,4.0,6,0,20,3,5.0,2,,v Sri Lanka,Colombo (SSC),23 Aug 1997,
ODI,L Balaji,6.0,6,0,20,3,3.33,1,,v Australia,Amstelveen,23 Aug 2004,
ODI,IK Pathan,8.0,6,1,20,3,2.5,1,,v South Africa,Wankhede,28 Nov 2005,
ODI,Z Khan,6.4,6,0,20,3,3.0,1,,v Netherlands,Delhi,9 Mar 2011,
ODI,Kuldeep Yadav,6.0,6,0,20,3,3.33,1,,v South Africa,Centurion,4 Feb 2018,
ODI,Maninder Singh,10.0,6,0,21,3,2.1,1,,v Zimbabwe,Wankhede,17 Oct 1987,
ODI,NA David,8.0,6,0,21,3,2.62,1,,v West Indies,Port of Spain,27 Apr 1997,
ODI,SR Tendulkar,4.0,6,0,21,3,5.25,2,,v U.A.E.,Dambulla,16 Jul 2004,
ODI,IK Pathan,7.1,6,1,21,3,2.93,2,,v England,Delhi,28 Mar 2006,
ODI,A Nehra,5.0,6,1,21,3,4.2,1,,v West Indies,Gros Islet,3 Jul 2009,
ODI,MM Patel,7.0,6,1,21,3,3.0,2,,v New Zealand,Dambulla,25 Aug 2010,
ODI,R Vinay Kumar,7.0,6,0,21,3,3.0,1,,v Australia,Melbourne,5 Feb 2012,
ODI,C Sharma,8.0,6,1,22,3,2.75,1,,v Sri Lanka,Sharjah,8 Apr 1984,
ODI,BKV Prasad,9.0,6,3,22,3,2.44,2,,v Pakistan,Toronto,18 Sep 1996,
ODI,SC Ganguly,5.0,6,1,22,3,4.4,2,,v Zimbabwe,Harare,19 Feb 2003,
ODI,P Kumar,9.0,6,3,22,3,2.44,1,,v West Indies,Johannesburg,30 Sep 2009,
ODI,TAP Sekhar,3.0,6,0,23,3,7.66,1,,v England,Chandigarh,27 Jan 1985,
ODI,N Kapil Dev,9.0,6,1,23,3,2.55,1,,v Pakistan,Melbourne,10 Mar 1985,
ODI,Maninder Singh,9.0,6,0,23,3,2.55,1,,v New Zealand,Sharjah,10 Apr 1986,
ODI,N Kapil Dev,10.0,6,4,23,3,2.3,1,,v South Africa,Durban,17 Dec 1992,
ODI,J Srinath,7.0,6,0,23,3,3.28,1,,v Pakistan,Toronto,16 Sep 1996,
ODI,A Kuruvilla,10.0,6,2,23,3,2.3,1,,v West Indies,Port of Spain,27 Apr 1997,
ODI,IK Pathan,6.0,6,1,23,3,3.83,1,,v South Africa,Bengaluru,19 Nov 2005,
ODI,Z Khan,10.0,6,3,23,3,2.3,2,,v Sri Lanka,Colombo (RPS),24 Aug 2008,
ODI,KM Jadhav,9.0,6,1,23,3,2.55,1,,v Pakistan,Dubai (DICS),19 Sep 2018,
ODI,Maninder Singh,10.0,6,2,24,3,2.4,1,,v Sri Lanka,Kanpur,24 Dec 1986,
ODI,RJ Shastri,5.0,6,1,24,3,4.8,2,,v Sri Lanka,Vadodara,15 Jan 1987,
ODI,A Kumble,10.0,6,1,24,3,2.4,1,,v West Indies,Ahmedabad,16 Nov 1993,
ODI,T Kumaran,9.0,6,3,24,3,2.66,1,,v New Zealand,Delhi,17 Nov 1999,
ODI,AB Agarkar,9.0,6,1,24,3,2.66,1,,v West Indies,Jodhpur,21 Nov 2002,
ODI,RR Powar,8.0,6,1,24,3,3.0,1,,v England,Jaipur,15 Oct 2006,
ODI,A Nehra,8.3,6,0,24,3,2.82,1,,v New Zealand,Colombo (RPS),11 Sep 2009,
ODI,R Ashwin,8.0,6,1,24,3,3.0,1,,v New Zealand,Chennai,10 Dec 2010,
ODI,VR Aaron,6.1,6,1,24,3,3.89,1,,v England,Wankhede,23 Oct 2011,
ODI,AR Patel,7.3,6,2,24,3,3.2,1,,v Zimbabwe,Harare,18 Aug 2022,
ODI,C Sharma,11.0,6,2,25,3,2.27,1,,v England,The Oval,24 May 1986,
ODI,K Srikkanth,6.0,6,0,25,3,4.16,2,,v West Indies,Faridabad,19 Jan 1988,
ODI,V Sehwag,5.0,6,0,25,3,5.0,2,,v South Africa,Colombo (RPS),25 Sep 2002,
ODI,A Mishra,8.4,6,0,25,3,2.88,1,,v Zimbabwe,Bulawayo,1 Aug 2013,
ODI,YS Chahal,6.0,6,2,25,3,4.16,1,,v Zimbabwe,Harare,13 Jun 2016,
ODI,RJ Shastri,5.1,6,0,26,3,5.03,2,,v West Indies,Manchester,9 Jun 1983,
ODI,N Kapil Dev,10.0,6,4,26,3,2.6,2,,v New Zealand,W.A.C.A,18 Jan 1986,
ODI,C Sharma,8.0,6,0,26,3,3.25,2,,v New Zealand,W.A.C.A,18 Jan 1986,
ODI,N Kapil Dev,9.0,6,1,26,3,2.88,2,,v New Zealand,Launceston,2 Feb 1986,
ODI,RMH Binny,9.0,6,1,26,3,2.88,2,,v New Zealand,Launceston,2 Feb 1986,
ODI,K Srikkanth,4.4,6,1,26,3,5.57,2,,v West Indies,Port of Spain,9 Mar 1989,
ODI,N Kapil Dev,8.4,6,2,26,3,3.0,2,,v Sri Lanka,Ahmedabad,22 Oct 1989,
ODI,SLV Raju,10.0,6,1,26,3,2.6,2,,v Sri Lanka,Singapore,3 Apr 1996,
ODI,BKV Prasad,9.0,6,2,26,3,2.88,1,,v Bangladesh,Wankhede,25 May 1998,
ODI,N Chopra,10.0,6,0,26,3,2.6,1,,v South Africa,Nairobi (Gym),26 Sep 1999,
ODI,BKV Prasad,9.0,6,2,26,3,2.88,2,,v Kenya,Nairobi (Gym),29 Sep 1999,
ODI,AB Agarkar,8.4,6,1,26,3,3.0,2,,v Zimbabwe,Rajkot,14 Dec 2000,
ODI,AB Agarkar,9.5,6,1,26,3,2.64,1,,v Zimbabwe,Harare,24 Jun 2001,
ODI,AB Agarkar,8.5,6,1,26,3,2.94,2,,v New Zealand,Christchurch,1 Jan 2003,
ODI,A Nehra,7.2,6,1,26,3,3.54,2,,v England,Lord's,5 Sep 2004,
ODI,IK Pathan,7.5,6,2,26,3,3.31,1,,v Pakistan,Multan,16 Feb 2006,
ODI,Z Khan,7.0,6,1,26,3,3.71,2,,v England,Rajkot,14 Nov 2008,
ODI,Z Khan,6.0,6,0,26,3,4.33,2,,v West Indies,Chennai,20 Mar 2011,
ODI,RA Jadeja,9.0,6,1,26,3,2.88,1,,v England,Nagpur,6 Feb 2025,
ODI,S Madan Lal,10.4,6,0,27,3,2.53,1,,v Zimbabwe,Leicester,11 Jun 1983,
ODI,BS Sandhu,9.0,6,2,27,3,3.0,1,,v Pakistan,Hyderabad (Deccan),10 Sep 1983,
ODI,S Madan Lal,10.0,6,1,27,3,2.7,1,,v Pakistan,Jaipur,2 Oct 1983,
ODI,RMH Binny,7.3,6,0,27,3,3.6,1,,v Australia,Melbourne,3 Mar 1985,
ODI,NM Kulkarni,10.0,6,2,27,3,2.7,2,,v Pakistan,Hyderabad (Sind),28 Sep 1997,
ODI,BKV Prasad,10.0,6,2,27,3,2.7,2,,v Pakistan,Mohali,1 Apr 1999,
ODI,SC Ganguly,8.0,6,0,27,3,3.37,2,,v England,Birmingham,29 May 1999,
ODI,BKV Prasad,7.0,6,0,27,3,3.85,2,,v New Zealand,Nairobi (Gym),15 Oct 2000,
ODI,Harbhajan Singh,10.0,6,0,27,3,2.7,2,,v South Africa,Centurion,10 Oct 2001,
ODI,Harbhajan Singh,10.0,6,1,27,3,2.7,1,,v Sri Lanka,Colombo (RPS),29 Sep 2002,
ODI,L Balaji,7.0,6,1,27,3,3.85,1,,v Pakistan,Amstelveen,21 Aug 2004,
ODI,Harbhajan Singh,4.0,6,0,27,3,6.75,2,,v New Zealand,Napier,3 Mar 2009,
ODI,M Prasidh Krishna,8.1,6,1,27,3,3.3,2,,v West Indies,Ahmedabad,11 Feb 2022,
ODI,DL Chahar,7.0,6,0,27,3,3.85,1,,v Zimbabwe,Harare,18 Aug 2022,
ODI,AS Wassan,10.0,6,0,28,3,2.8,1,,v Sri Lanka,Cuttack,28 Dec 1990,
ODI,A Kumble,10.0,6,0,28,3,2.8,1,,v Kenya,Cuttack,18 Feb 1996,
ODI,BKV Prasad,9.0,6,0,28,3,3.11,2,,v South Africa,Wankhede,6 Nov 1996,
ODI,BKV Prasad,10.0,6,2,28,3,2.8,2,,v England,Sharjah,9 Apr 1999,
ODI,DS Mohanty,6.0,6,1,28,3,4.66,2,,v Zimbabwe,Singapore,4 Sep 1999,
ODI,V Sehwag,3.5,6,0,28,3,7.3,2,,v South Africa,Dhaka,13 Apr 2003,
ODI,IK Pathan,8.0,6,0,28,3,3.5,2,,v U.A.E.,Dambulla,16 Jul 2004,
ODI,SR Tendulkar,5.0,6,0,28,3,5.6,1,,v Pakistan,Colombo (RPS),25 Jul 2004,
ODI,Harbhajan Singh,10.0,6,1,28,3,2.8,2,,v England,Lord's,5 Sep 2004,
ODI,V Sehwag,5.0,6,0,28,3,5.6,2,,v England,Indore,17 Nov 2008,
ODI,A Mishra,10.0,6,2,28,3,2.8,1,,v West Indies,North Sound,11 Jun 2011,
ODI,R Ashwin,9.0,6,0,28,3,3.11,2,,v England,Eden Gardens,25 Oct 2011,
ODI,Mohammed Shami,7.3,6,1,28,3,3.73,1,,v England,Birmingham,2 Sep 2014,
ODI,R Ashwin,10.0,6,1,28,3,2.8,2,,v West Indies,North Sound,30 Jun 2017,
ODI,RA Jadeja,10.0,6,2,28,3,2.8,1,,v Australia,Chennai,8 Oct 2023,
ODI,G Sharma,6.0,6,0,29,3,4.83,2,,v Pakistan,Hyderabad (Deccan),20 Mar 1987,
ODI,RK Chauhan,9.0,6,0,29,3,3.22,1,,v Pakistan,Sharjah,22 Apr 1994,
ODI,RL Sanghvi,8.0,6,0,29,3,3.62,2,,v Zimbabwe,Vadodara,5 Apr 1998,
ODI,Harbhajan Singh,10.0,6,1,29,3,2.9,1,,v Sri Lanka,Colombo (RPS),22 Jul 2001,
ODI,Z Khan,8.0,6,0,29,3,3.62,2,,v Zimbabwe,Guwahati,19 Mar 2002,
ODI,PP Chawla,10.0,6,2,29,3,2.9,1,,v Ireland,Belfast,23 Jun 2007,
ODI,B Kumar,10.0,6,2,29,3,2.9,2,,v England,Kochi,15 Jan 2013,
ODI,B Kumar,8.0,6,1,29,3,3.62,2,,v West Indies,Port of Spain,5 Jul 2013,
ODI,KM Jadhav,5.0,6,0,29,3,5.8,1,,v New Zealand,Mohali,23 Oct 2016,
ODI,Mohammed Siraj,9.0,6,1,29,3,3.22,2,,v West Indies,Ahmedabad,11 Feb 2022,
ODI,Mohammed Siraj,5.4,6,1,29,3,5.11,1,,v Australia,Wankhede,17 Mar 2023,
ODI,RJ Shastri,10.0,6,2,30,3,3.0,2,,v England,Sydney,26 Feb 1985,
ODI,RJ Shastri,9.0,6,0,30,3,3.33,1,,v West Indies,Guwahati,23 Dec 1987,
ODI,ST Banerjee,10.0,6,2,30,3,3.0,2,,v West Indies,W.A.C.A,6 Dec 1991,
ODI,SLV Raju,10.0,6,2,30,3,3.0,2,,v Zimbabwe,Kanpur,6 Mar 1996,
ODI,DS Mohanty,10.0,6,1,30,3,3.0,1,,v Bangladesh,Dhaka,10 Jan 1998,
ODI,A Nehra,9.0,6,1,30,3,3.33,1,,v New Zealand,Colombo (SSC),2 Aug 2001,
ODI,Z Khan,8.0,6,0,30,3,3.75,1,,v New Zealand,Wellington,8 Jan 2003,
ODI,Z Khan,8.0,6,1,30,3,3.75,2,,v New Zealand,Hyderabad (Deccan),15 Nov 2003,
ODI,Harbhajan Singh,10.0,6,0,30,3,3.0,2,,v England,Jamshedpur,12 Apr 2006,
ODI,S Sreesanth,5.2,6,0,30,3,5.62,2,,v New Zealand,Guwahati,28 Nov 2010,
ODI,Z Khan,9.0,6,1,30,3,3.33,1,,v Ireland,Bengaluru,6 Mar 2011,
ODI,RA Jadeja,10.0,6,1,30,3,3.0,2,,v Sri Lanka,Fatullah,28 Feb 2014,
ODI,UT Yadav,7.4,6,1,30,3,3.91,2,,v Pakistan,Birmingham,4 Jun 2017,
ODI,YS Chahal,5.0,6,0,30,3,6.0,2,,v Australia,Chennai,17 Sep 2017,
ODI,Washington Sundar,9.0,6,1,30,3,3.33,1,,v West Indies,Ahmedabad,6 Feb 2022,
ODI,SN Thakur,5.0,6,0,30,3,6.0,2,,v Bangladesh,Chattogram,10 Dec 2022,
ODI,Mohammed Siraj,5.4,6,0,30,3,5.29,1,,v Sri Lanka,Eden Gardens,12 Jan 2023,
ODI,Mukesh Kumar,7.0,6,1,30,3,4.28,2,,v West Indies,Tarouba,1 Aug 2023,
ODI,Washington Sundar,10.0,6,1,30,3,3.0,1,,v Sri Lanka,Colombo (RPS),4 Aug 2024,
ODI,S Madan Lal,12.0,6,2,31,3,2.58,2,,v West Indies,Lord's,25 Jun 1983,
ODI,RJ Shastri,10.0,6,1,31,3,3.1,1,,v New Zealand,Sydney,5 Mar 1985,
ODI,M Prabhakar,9.0,6,0,31,3,3.44,1,,v Australia,Sydney,20 Jan 1992,
ODI,J Srinath,10.0,6,3,31,3,3.1,2,,v New Zealand,Wellington,30 Mar 1994,
ODI,DS Mohanty,9.0,6,1,31,3,3.44,1,,v Sri Lanka,Guwahati,22 Dec 1997,
ODI,AB Agarkar,9.3,6,0,31,3,3.26,1,,v Kenya,Eden Gardens,31 May 1998,
ODI,D Mongia,6.0,6,0,31,3,5.16,2,,v Zimbabwe,Mohali,10 Mar 2002,
ODI,A Bhandari,7.4,6,0,31,3,4.04,1,,v Zimbabwe,W.A.C.A,3 Feb 2004,
ODI,S Sreesanth,9.0,6,0,31,3,3.44,1,,v Australia,Melbourne,10 Feb 2008,
ODI,Harbhajan Singh,10.0,6,2,31,3,3.1,1,,v England,Kanpur,20 Nov 2008,
ODI,Yuvraj Singh,10.0,6,0,31,3,3.1,1,,v New Zealand,Colombo (RPS),11 Sep 2009,
ODI,A Nehra,8.0,6,1,31,3,3.87,1,,v West Indies,Johannesburg,30 Sep 2009,
ODI,R Ashwin,10.0,6,3,31,3,3.1,1,,v Afghanistan,Mirpur,5 Mar 2014,
ODI,HH Pandya,7.0,6,0,31,3,4.42,1,,v New Zealand,Dharamsala,16 Oct 2016,
ODI,Mohammed Shami,7.0,6,0,31,3,4.42,1,,v England,The Oval,12 Jul 2022,
ODI,Harshit Rana,7.4,6,0,31,3,4.04,1,,v Bangladesh,Dubai (DICS),20 Feb 2025,
ODI,DR Doshi,10.0,6,1,32,3,3.2,2,,v Australia,Melbourne,6 Dec 1980,
ODI,SLV Raju,10.0,6,1,32,3,3.2,1,,v Australia,Sydney,20 Jan 1992,
ODI,J Srinath,9.0,6,1,32,3,3.55,1,,v Australia,Sharjah,19 Apr 1994,
ODI,A Kumble,7.0,6,0,32,3,4.57,1,,v Pakistan,Toronto,16 Sep 1996,
ODI,N Chopra,9.0,6,1,32,3,3.55,2,,v New Zealand,Gwalior,11 Nov 1999,
ODI,SC Ganguly,9.0,6,1,32,3,3.55,1,,v New Zealand,Colombo (RPS),26 Jul 2001,
ODI,IK Pathan,10.0,6,2,32,3,3.2,2,,v Pakistan,Lahore,24 Mar 2004,
ODI,IK Pathan,8.1,6,0,32,3,3.91,1,,v Bangladesh,Colombo (SSC),21 Jul 2004,
ODI,Harbhajan Singh,10.0,6,0,32,3,3.2,1,,v West Indies,Port of Spain,6 Jun 2011,
ODI,R Ashwin,10.0,6,1,32,3,3.2,1,,v Sri Lanka,W.A.C.A,8 Feb 2012,
ODI,UT Yadav,8.0,6,1,32,3,4.0,2,,v West Indies,Port of Spain,5 Jul 2013,
ODI,B Kumar,10.0,6,1,32,3,3.2,1,,v Bangladesh,Dubai (DICS),21 Sep 2018,
ODI,Mohammed Siraj,10.0,6,1,32,3,3.2,2,,v Bangladesh,Mirpur,4 Dec 2022,
ODI,JJ Bumrah,6.5,6,1,32,3,4.68,2,,v England,Lucknow,29 Oct 2023,
ODI,RMH Binny,9.4,6,0,33,3,3.41,2,,v Pakistan,Sharjah,13 Apr 1984,
ODI,SA Ankola,10.0,6,1,33,3,3.3,2,,v South Africa,Mohali,22 Nov 1993,
ODI,SC Ganguly,10.0,6,0,33,3,3.3,1,,v Pakistan,Toronto,12 Sep 1998,
ODI,DS Mohanty,8.4,6,1,33,3,3.8,2,,v West Indies,Singapore,8 Sep 1999,
ODI,T Yohannan,10.0,6,1,33,3,3.3,1,,v West Indies,Bridgetown,29 May 2002,
ODI,AB Agarkar,8.0,6,0,33,3,4.12,2,,v West Indies,Port of Spain,2 Jun 2002,
ODI,Harbhajan Singh,10.0,6,2,33,3,3.3,2,,v Kenya,Southampton,11 Sep 2004,
ODI,RP Singh,10.0,6,2,33,3,3.3,1,,v Sri Lanka,Vadodara,12 Nov 2005,
ODI,I Sharma,9.0,6,1,33,3,3.66,1,,v Sri Lanka,Cardiff,20 Jun 2013,
ODI,STR Binny,8.0,6,0,33,3,4.12,2,,v England,W.A.C.A,30 Jan 2015,
ODI,Maninder Singh,10.0,6,0,34,3,3.4,2,,v Australia,Delhi,22 Oct 1987,
ODI,M Prabhakar,9.0,6,2,34,3,3.77,2,,v Sri Lanka,Ahmedabad,22 Oct 1989,
ODI,Bhupinder Singh snr,10.0,6,1,34,3,3.4,2,,v U.A.E.,Sharjah,13 Apr 1994,
ODI,M Prabhakar,8.0,6,0,34,3,4.25,2,,v Australia,Colombo (RPS),9 Sep 1994,
ODI,J Srinath,10.0,6,2,34,3,3.4,1,,v West Indies,Wankhede,20 Oct 1994,
ODI,J Srinath,7.0,6,1,34,3,4.85,1,,v Sri Lanka,Eden Gardens,13 Mar 1996,
ODI,SR Tendulkar,8.3,6,0,34,3,4.0,1,,v New Zealand,Napier,12 Jan 1999,
ODI,R Vijay Bharadwaj,6.0,6,0,34,3,5.66,2,,v Zimbabwe,Nairobi (Gym),1 Oct 1999,
ODI,R Vijay Bharadwaj,8.0,6,0,34,3,4.25,1,,v South Africa,Nairobi (Gym),3 Oct 1999,
ODI,SC Ganguly,10.0,6,1,34,3,3.4,1,,v Pakistan,W.A.C.A,28 Jan 2000,
ODI,AB Agarkar,9.2,6,1,34,3,3.64,1,,v South Africa,Jamshedpur,12 Mar 2000,
ODI,J Srinath,10.0,6,0,34,3,3.4,1,,v New Zealand,Napier,29 Dec 2002,
ODI,IK Pathan,9.0,6,1,34,3,3.77,2,,v Pakistan,Birmingham,19 Sep 2004,
ODI,IK Pathan,8.0,6,1,34,3,4.25,1,,v New Zealand,Bulawayo,26 Aug 2005,
ODI,AB Agarkar,10.0,6,3,34,3,3.4,1,,v Zimbabwe,Harare,4 Sep 2005,
ODI,RR Powar,10.0,6,0,34,3,3.4,1,,v England,Faridabad,31 Mar 2006,
ODI,P Kumar,10.0,6,2,34,3,3.4,1,,v Sri Lanka,Dambulla,20 Aug 2008,
ODI,P Kumar,8.0,6,2,34,3,4.25,2,,v New Zealand,Dambulla,25 Aug 2010,
ODI,Yuvraj Singh,8.0,6,0,34,3,4.25,1,,v South Africa,Gqeberha,21 Jan 2011,
ODI,RA Jadeja,7.0,6,0,34,3,4.85,2,,v England,Hyderabad,14 Oct 2011,
ODI,RA Jadeja,10.0,6,2,34,3,3.4,2,,v West Indies,Indore,8 Dec 2011,
ODI,I Sharma,9.3,6,0,34,3,3.57,1,,v Pakistan,Eden Gardens,3 Jan 2013,
ODI,SK Raina,10.0,6,1,34,3,3.4,1,,v West Indies,Kochi,21 Nov 2013,
ODI,AR Patel,10.0,6,0,34,3,3.4,1,,v Sri Lanka,Dambulla,20 Aug 2017,
ODI,Kuldeep Yadav,10.0,6,0,34,3,3.4,1,,v South Africa,Durban,1 Feb 2018,
ODI,RMH Binny,7.5,6,3,35,3,4.46,2,,v England,Ahmedabad,25 Nov 1981,
ODI,N Kapil Dev,11.0,6,1,35,3,3.18,1,,v England,Manchester,22 Jun 1983,
ODI,L Sivaramakrishnan,9.0,6,0,35,3,3.88,1,,v Pakistan,Melbourne,10 Mar 1985,
ODI,C Sharma,9.0,6,1,35,3,3.88,1,,v Sri Lanka,Sharjah,13 Apr 1986,
ODI,J Srinath,10.0,6,1,35,3,3.5,2,,v Zimbabwe,Harare,25 Oct 1992,
ODI,A Kumble,10.0,6,0,35,3,3.5,1,,v West Indies,Gwalior,21 Feb 1996,
ODI,J Srinath,10.0,6,0,35,3,3.5,1,,v Zimbabwe,Benoni,9 Feb 1997,
ODI,AB Agarkar,8.0,6,1,35,3,4.37,2,,v Sri Lanka,Sharjah,9 Nov 1998,
ODI,AB Agarkar,8.0,6,0,35,3,4.37,2,,v Sri Lanka,Pune,30 Mar 1999,
ODI,BKV Prasad,10.0,6,2,35,3,3.5,2,,v England,Sharjah,11 Apr 1999,
ODI,SR Tendulkar,10.0,6,0,35,3,3.5,2,,v Australia,Margao,6 Apr 2001,
ODI,A Nehra,8.5,6,0,35,3,3.96,2,,v Sri Lanka,Colombo (SSC),1 Aug 2001,
ODI,J Srinath,9.4,6,1,35,3,3.62,2,,v New Zealand,Queenstown,4 Jan 2003,
ODI,SR Tendulkar,10.0,6,0,35,3,3.5,1,,v Bangladesh,Colombo (SSC),21 Jul 2004,
ODI,Harbhajan Singh,10.0,6,0,35,3,3.5,2,,v Sri Lanka,Nagpur,25 Oct 2005,
ODI,IK Pathan,10.0,6,0,35,3,3.5,2,,v Pakistan,Abu Dhabi,19 Apr 2006,
ODI,Harbhajan Singh,8.0,6,0,35,3,4.37,2,,v West Indies,Kuala Lumpur,20 Sep 2006,
ODI,RA Jadeja,6.3,6,0,35,3,5.38,2,,v Australia,Nagpur,28 Oct 2009,
ODI,MM Patel,10.0,6,2,35,3,3.5,1,,v West Indies,Port of Spain,8 Jun 2011,
ODI,R Ashwin,8.1,6,0,35,3,4.28,2,,v England,Hyderabad,14 Oct 2011,
ODI,Mohammed Shami,8.0,6,2,35,3,4.37,1,,v West Indies,W.A.C.A,6 Mar 2015,
ODI,JJ Bumrah,10.0,6,0,35,3,3.5,1,,v New Zealand,Delhi,20 Oct 2016,
ODI,RA Jadeja,10.0,6,1,35,3,3.5,1,,v England,Cuttack,9 Feb 2025,
ODI,BS Chandrasekhar,7.0,8,0,36,3,3.85,1,,v New Zealand,Auckland,22 Feb 1976,
ODI,N Kapil Dev,8.0,6,0,36,3,4.5,1,,v Pakistan,Quetta,12 Oct 1984,
ODI,N Kapil Dev,10.0,6,0,36,3,3.6,1,,v Pakistan,Sharjah,25 Oct 1991,
ODI,BKV Prasad,10.0,6,1,36,3,3.6,1,,v West Indies,Wankhede,20 Oct 1994,
ODI,SR Tendulkar,10.0,6,0,36,3,3.6,1,,v West Indies,Chennai,23 Oct 1994,
ODI,Harbhajan Singh,10.0,6,1,36,3,3.6,1,,v Zimbabwe,Bulawayo,26 Sep 1998,
ODI,AB Agarkar,8.5,6,1,36,3,4.07,1,,v West Indies,Bridgetown,29 May 2002,
ODI,M Kartik,10.0,6,1,36,3,3.6,1,,v West Indies,Jodhpur,21 Nov 2002,
ODI,AB Agarkar,10.0,6,2,36,3,3.6,1,,v Bangladesh,Dhaka,16 Apr 2003,
ODI,Yuvraj Singh,9.0,6,0,36,3,4.0,1,,v South Africa,Belfast,29 Jun 2007,
ODI,PP Ojha,9.1,6,0,36,3,3.92,1,,v Sri Lanka,Dambulla,16 Aug 2010,
ODI,I Sharma,9.5,6,0,36,3,3.66,2,,v Pakistan,Delhi,6 Jan 2013,
ODI,UT Yadav,10.0,6,1,36,3,3.6,1,,v West Indies,North Sound,2 Jul 2017,
ODI,N Kapil Dev,10.0,6,3,37,3,3.7,1,,v New Zealand,Brisbane,18 Jan 1981,
ODI,RJ Shastri,10.0,6,1,37,3,3.7,2,,v Pakistan,Indore,27 Jan 1987,
ODI,M Prabhakar,10.0,6,1,37,3,3.7,2,,v New Zealand,Wellington,6 Mar 1990,
ODI,SLV Raju,10.0,6,0,37,3,3.7,1,,v South Africa,East London,19 Dec 1992,
ODI,J Srinath,9.0,6,0,37,3,4.11,1,,v England,Gwalior,5 Mar 1993,
ODI,BKV Prasad,10.0,6,0,37,3,3.7,1,,v Sri Lanka,Sharjah,9 Apr 1995,
ODI,BKV Prasad,10.0,6,0,37,3,3.7,1,,v Australia,Bengaluru,21 Oct 1996,
ODI,J Srinath,8.5,6,0,37,3,4.18,1,,v England,Sharjah,11 Dec 1997,
ODI,J Srinath,10.0,6,0,37,3,3.7,1,,v Pakistan,Toronto,12 Sep 1998,
ODI,J Srinath,8.0,6,1,37,3,4.62,2,,v Pakistan,Manchester,8 Jun 1999,
ODI,SC Ganguly,9.0,6,1,37,3,4.11,1,,v West Indies,Toronto,12 Sep 1999,
ODI,Z Khan,10.0,6,0,37,3,3.7,2,,v Zimbabwe,Sharjah,22 Oct 2000,
ODI,Harbhajan Singh,9.0,6,0,37,3,4.11,2,,v Australia,Indore,31 Mar 2001,
ODI,V Sehwag,9.0,6,0,37,3,4.11,2,,v Sri Lanka,Colombo (RPS),27 Jul 2004,
ODI,PP Chawla,10.0,6,0,37,3,3.7,2,,v Bangladesh,Mirpur,12 May 2007,
ODI,A Nehra,8.0,6,0,37,3,4.62,1,,v Australia,Mohali,2 Nov 2009,
ODI,P Kumar,10.0,6,3,37,3,3.7,1,,v West Indies,North Sound,13 Jun 2011,
ODI,RA Jadeja,10.0,6,0,37,3,3.7,1,,v West Indies,Kochi,21 Nov 2013,
ODI,JJ Bumrah,9.1,6,1,37,3,4.03,1,,v Bangladesh,Dubai (DICS),21 Sep 2018,
ODI,JJ Bumrah,10.0,6,2,37,3,3.7,1,,v Sri Lanka,Leeds,6 Jul 2019,
ODI,SN Thakur,6.0,6,0,37,3,6.16,2,,v England,Pune,23 Mar 2021,
ODI,Washington Sundar,10.0,6,0,37,3,3.7,1,,v Bangladesh,Mirpur,7 Dec 2022,
ODI,RA Jadeja,6.0,6,0,37,3,6.16,1,,v West Indies,Bridgetown,27 Jul 2023,
ODI,N Kapil Dev,10.0,6,0,38,3,3.8,2,,v England,Bengaluru,20 Jan 1985,
ODI,RMH Binny,10.0,6,2,38,3,3.8,2,,v Australia,Brisbane,12 Jan 1986,
ODI,J Srinath,10.0,6,1,38,3,3.8,2,,v Zimbabwe,Faridabad,19 Mar 1993,
ODI,M Prabhakar,9.0,6,1,38,3,4.22,2,,v Sri Lanka,Moratuwa,14 Aug 1993,
ODI,SLV Raju,10.0,6,0,38,3,3.8,2,,v South Africa,Sharjah,17 Apr 1996,
ODI,AB Agarkar,7.0,6,0,38,3,5.42,1,,v Sri Lanka,Colombo (SSC),1 Jul 1998,
ODI,R Vijay Bharadwaj,7.0,6,0,38,3,5.42,2,,v Kenya,Nairobi (Gym),29 Sep 1999,
ODI,AB Agarkar,8.0,6,0,38,3,4.75,2,,v Australia,Indore,31 Mar 2001,
ODI,A Kumble,10.0,6,0,38,3,3.8,2,,v West Indies,Colombo (RPS),7 Aug 2005,
ODI,IK Pathan,10.0,6,1,38,3,3.8,1,,v Sri Lanka,Vadodara,12 Nov 2005,
ODI,AB Agarkar,10.0,6,0,38,3,3.8,2,,v Bermuda,Port of Spain,19 Mar 2007,
ODI,A Kumble,9.1,6,0,38,3,4.14,2,,v Bermuda,Port of Spain,19 Mar 2007,
ODI,Z Khan,10.0,6,2,38,3,3.8,1,,v Sri Lanka,Mirpur,10 Jan 2010,
ODI,R Ashwin,10.0,6,0,38,3,3.8,1,,v England,Wankhede,23 Oct 2011,
ODI,UT Yadav,10.0,6,0,38,3,3.8,1,,v West Indies,Visakhapatnam,2 Dec 2011,
ODI,AR Patel,10.0,6,0,38,3,3.8,1,,v Australia,Nagpur,1 Oct 2017,
ODI,SN Thakur,7.0,6,0,38,3,5.42,1,,v Zimbabwe,Harare,20 Aug 2022,
ODI,Mohammed Siraj,10.0,6,1,38,3,3.8,1,,v South Africa,Ranchi,9 Oct 2022,
ODI,RMH Binny,7.0,6,0,39,3,5.57,1,,v Sri Lanka,Delhi,15 Sep 1982,
ODI,L Sivaramakrishnan,10.0,6,0,39,3,3.9,2,,v England,Sydney,26 Feb 1985,
ODI,M Prabhakar,10.0,6,0,39,3,3.9,1,,v West Indies,Gwalior,21 Feb 1996,
ODI,A Kumble,9.5,6,0,39,3,3.96,2,,v New Zealand,Sharjah,17 Apr 1998,
ODI,Yuvraj Singh,7.0,6,0,39,3,5.57,1,,v England,Lord's,29 Jun 2002,
ODI,AB Agarkar,10.0,6,0,39,3,3.9,2,,v Zimbabwe,Adelaide,24 Jan 2004,
ODI,R Ashwin,9.0,6,0,39,3,4.33,2,,v Sri Lanka,Mirpur,13 Mar 2012,
ODI,R Ashwin,7.0,6,0,39,3,5.57,2,,v England,Kochi,15 Jan 2013,
ODI,RA Jadeja,10.0,6,2,39,3,3.9,1,,v England,Mohali,23 Jan 2013,
ODI,R Ashwin,10.0,6,0,39,3,3.9,1,,v England,Nottingham,30 Aug 2014,
ODI,AR Patel,10.0,6,0,39,3,3.9,2,,v South Africa,Indore,14 Oct 2015,
ODI,Mohammed Shami,7.3,6,0,39,3,5.2,2,,v West Indies,Visakhapatnam,18 Dec 2019,
ODI,M Amarnath,12.0,6,3,40,3,3.33,1,,v Sri Lanka,Manchester,16 Jun 1979,
ODI,KD Ghavri,10.0,6,1,40,3,4.0,1,,v New Zealand,Auckland,14 Feb 1981,
ODI,RJ Shastri,10.0,6,0,40,3,4.0,2,,v Pakistan,Sharjah,13 Apr 1984,
ODI,C Sharma,8.0,6,0,40,3,5.0,1,,v Sri Lanka,Sharjah,27 Nov 1986,
ODI,Maninder Singh,8.0,6,0,40,3,5.0,1,,v West Indies,Nagpur,8 Dec 1987,
ODI,M Prabhakar,10.3,6,1,40,3,3.8,1,,v England,Leeds,18 Jul 1990,
ODI,SB Joshi,10.0,6,1,40,3,4.0,1,,v Zimbabwe,Benoni,9 Feb 1997,
ODI,J Srinath,10.0,6,1,40,3,4.0,1,,v Zimbabwe,Sharjah,13 Nov 1998,
ODI,Harbhajan Singh,8.3,6,0,40,3,4.7,2,,v Zimbabwe,Mohali,10 Mar 2002,
ODI,S Sreesanth,6.5,6,0,40,3,5.85,1,,v England,Faridabad,31 Mar 2006,
ODI,Harbhajan Singh,10.0,6,0,40,3,4.0,2,,v Sri Lanka,Colombo (RPS),27 Aug 2008,
ODI,A Mishra,9.1,6,1,40,3,4.36,1,,v Sri Lanka,Mirpur,10 Jan 2010,
ODI,R Ashwin,9.0,6,0,40,3,4.44,2,,v England,The Oval,9 Sep 2011,
ODI,AR Patel,10.0,6,1,40,3,4.0,1,,v Sri Lanka,Hyderabad,9 Nov 2014,
ODI,HH Pandya,10.0,6,0,40,3,4.0,1,,v West Indies,North Sound,2 Jul 2017,
ODI,RA Jadeja,10.0,6,0,40,3,4.0,1,,v Nepal,Pallekele,4 Sep 2023,
ODI,Kuldeep Yadav,9.0,6,0,40,3,4.44,1,,v Pakistan,Dubai (DICS),23 Feb 2025,
ODI,AK Sharma,10.0,6,0,41,3,4.1,1,,v Australia,Bengaluru,27 Oct 1989,
ODI,N Kapil Dev,10.0,6,2,41,3,4.1,1,,v Australia,Brisbane,1 Mar 1992,
ODI,M Prabhakar,10.0,6,0,41,3,4.1,1,,v Australia,Brisbane,1 Mar 1992,
ODI,J Srinath,10.0,6,0,41,3,4.1,1,,v England,Gwalior,4 Mar 1993,
ODI,A Kumble,10.0,6,0,41,3,4.1,2,,v Sri Lanka,Rajkot,15 Feb 1994,
ODI,Harbhajan Singh,10.0,6,0,41,3,4.1,1,,v Australia,Sharjah,19 Apr 1998,
ODI,AB Agarkar,8.0,6,1,41,3,5.12,1,,v Bangladesh,Mohali,14 May 1998,
ODI,J Srinath,9.0,6,0,41,3,4.55,1,,v New Zealand,Auckland,16 Jan 1999,
ODI,SC Ganguly,7.0,6,0,41,3,5.85,2,,v Australia,Sydney,22 Jan 2004,
ODI,RA Jadeja,10.0,6,1,41,3,4.1,1,,v Pakistan,Eden Gardens,3 Jan 2013,
ODI,R Ashwin,10.0,6,0,41,3,4.1,2,,v South Africa,Melbourne,22 Feb 2015,
ODI,Mohammed Shami,9.0,6,0,41,3,4.55,1,,v Ireland,Hamilton,10 Mar 2015,
ODI,B Kumar,8.4,6,0,41,3,4.73,2,,v South Africa,Indore,14 Oct 2015,
ODI,Kuldeep Yadav,10.0,6,1,41,3,4.1,2,,v West Indies,North Sound,30 Jun 2017,
ODI,YS Chahal,10.0,6,0,41,3,4.1,1,,v West Indies,Guwahati,21 Oct 2018,
ODI,Mohammed Shami,9.0,6,0,41,3,4.55,1,,v New Zealand,Mount Maunganui,28 Jan 2019,
ODI,YS Chahal,10.0,6,0,41,3,4.1,2,,v New Zealand,Wellington,3 Feb 2019,
ODI,R Ashwin,7.0,6,0,41,3,5.85,2,,v Australia,Indore,24 Sep 2023,
ODI,S Madan Lal,11.0,6,2,42,3,3.81,2,,v Zimbabwe,Tunbridge Wells,18 Jun 1983,
ODI,RR Kulkarni,10.0,6,0,42,3,4.2,1,,v Sri Lanka,Delhi,13 Jan 1987,
ODI,J Srinath,10.0,6,2,42,3,4.2,1,,v West Indies,Faridabad,17 Oct 1994,
ODI,A Kumble,10.0,6,0,42,3,4.2,1,,v South Africa,Hyderabad (Deccan),17 Oct 1996,
ODI,A Kumble,10.0,6,0,42,3,4.2,2,,v Australia,Mohali,3 Nov 1996,
ODI,AB Agarkar,10.0,6,0,42,3,4.2,1,,v Zimbabwe,Bulawayo,26 Sep 1998,
ODI,Z Khan,10.0,6,4,42,3,4.2,1,,v South Africa,Cape Town,26 Nov 2006,
ODI,RR Powar,10.0,6,0,42,3,4.2,2,,v West Indies,Cuttack,24 Jan 2007,
ODI,MM Patel,10.0,6,1,42,3,4.2,2,,v Sri Lanka,Colombo (RPS),24 Aug 2008,
ODI,Mohammed Shami,8.0,6,1,42,3,5.25,1,,v Australia,Ranchi,23 Oct 2013,
ODI,Kuldeep Yadav,10.0,6,0,42,3,4.2,1,,v Sri Lanka,Visakhapatnam,17 Dec 2017,
ODI,Kuldeep Yadav,8.2,6,0,42,3,5.04,2,,v West Indies,Brabourne,29 Oct 2018,
ODI,B Kumar,10.0,6,0,42,3,4.2,2,,v England,Pune,28 Mar 2021,
ODI,SN Thakur,8.0,6,0,42,3,5.25,2,,v West Indies,Bridgetown,29 Jul 2023,
ODI,RA Jadeja,5.2,6,0,42,3,7.87,2,,v Australia,Indore,24 Sep 2023,
ODI,AK Patel,10.0,6,0,43,3,4.3,2,,v Australia,Indore,6 Oct 1984,
ODI,SLV Raju,9.0,6,0,43,3,4.77,2,,v South Africa,Gwalior,12 Nov 1991,
ODI,M Prabhakar,10.0,6,1,43,3,4.3,1,,v South Africa,East London,19 Dec 1992,
ODI,SR Tendulkar,8.0,6,0,43,3,5.37,2,,v Sri Lanka,Rajkot,15 Feb 1994,
ODI,RK Chauhan,10.0,6,1,43,3,4.3,1,,v New Zealand,Auckland,27 Mar 1994,
ODI,A Kumble,10.0,6,0,43,3,4.3,1,,v West Indies,Cuttack,9 Nov 1994,
ODI,RR Singh,10.0,6,1,43,3,4.3,1,,v West Indies,Toronto,11 Sep 1999,
ODI,A Kumble,10.0,6,1,43,3,4.3,1,,v Pakistan,Dhaka,3 Jun 2000,
ODI,Harbhajan Singh,10.0,6,0,43,3,4.3,2,,v South Africa,Dhaka,18 Apr 2003,
ODI,S Sriram,9.0,6,0,43,3,4.77,2,,v Bangladesh,Chattogram,23 Dec 2004,
ODI,IK Pathan,10.0,6,1,43,3,4.3,1,,v Pakistan,Rawalpindi,11 Feb 2006,
ODI,P Kumar,9.0,6,3,43,3,4.77,1,,v New Zealand,Dambulla,10 Aug 2010,
ODI,Yuvraj Singh,10.0,6,0,43,3,4.3,2,,v New Zealand,Guwahati,28 Nov 2010,
ODI,Z Khan,9.2,6,0,43,3,4.6,1,,v South Africa,Cape Town,18 Jan 2011,
ODI,R Sharma,10.0,6,0,43,3,4.3,2,,v West Indies,Indore,8 Dec 2011,
ODI,V Sehwag,9.0,6,0,43,3,4.77,1,,v Australia,Sydney,26 Feb 2012,
ODI,UT Yadav,9.4,6,2,43,3,4.44,2,,v West Indies,Kingston,30 Jun 2013,
ODI,A Mishra,10.0,6,1,43,3,4.3,1,,v Zimbabwe,Harare,24 Jul 2013,
ODI,UT Yadav,9.5,6,1,43,3,4.37,1,,v Zimbabwe,Auckland,14 Mar 2015,
ODI,B Kumar,10.0,6,1,43,3,4.3,1,,v New Zealand,Manchester,9 Jul 2019,
ODI,N Kapil Dev,9.0,6,1,44,3,4.88,1,,v West Indies,Jamshedpur,7 Dec 1983,
ODI,J Srinath,10.0,6,0,44,3,4.4,2,,v Zimbabwe,Indore,18 Nov 1993,
ODI,Harvinder Singh,8.2,6,0,44,3,5.28,2,,v Pakistan,Toronto,13 Sep 1997,
ODI,J Srinath,10.0,6,2,44,3,4.4,1,,v New Zealand,Christchurch,19 Jan 1999,
ODI,AB Agarkar,9.0,6,2,44,3,4.88,1,,v Sri Lanka,The Oval,30 Jun 2002,
ODI,Z Khan,9.0,6,1,44,3,4.88,1,,v Sri Lanka,Colombo (RPS),30 Sep 2002,
ODI,A Nehra,10.0,6,0,44,3,4.4,1,,v Pakistan,Rawalpindi,16 Mar 2004,
ODI,V Sehwag,10.0,6,0,44,3,4.4,2,,v New Zealand,Harare,6 Sep 2005,
ODI,R Ashwin,9.4,6,0,44,3,4.55,2,,v Pakistan,Mirpur,2 Mar 2014,
ODI,RA Jadeja,9.0,6,0,44,3,4.88,2,,v West Indies,Delhi,11 Oct 2014,
ODI,HH Pandya,8.0,6,0,44,3,5.5,1,,v Australia,Chennai,22 Mar 2023,
ODI,AS Wassan,10.0,6,0,45,3,4.5,1,,v New Zealand,Dunedin,1 Mar 1990,
ODI,BKV Prasad,10.0,6,0,45,3,4.5,2,,v Pakistan,Bengaluru,9 Mar 1996,
ODI,SR Tendulkar,7.0,6,0,45,3,6.42,1,,v Pakistan,Dhaka,14 Jan 1998,
ODI,IK Pathan,9.0,6,2,45,3,5.0,1,,v West Indies,Kingston,20 May 2006,
ODI,AB Agarkar,10.0,6,1,45,3,4.5,2,,v West Indies,Chennai,27 Jan 2007,
ODI,SK Raina,8.0,6,0,45,3,5.62,2,,v Bangladesh,Mirpur,24 Jun 2015,
ODI,B Kumar,10.0,6,0,45,3,4.5,1,,v New Zealand,Pune,25 Oct 2017,
ODI,Kuldeep Yadav,10.0,6,0,45,3,4.5,1,,v Bangladesh,Dubai (DICS),28 Sep 2018,
ODI,SN Thakur,6.0,6,0,45,3,7.5,2,,v New Zealand,Indore,24 Jan 2023,
ODI,C Sharma,9.0,6,0,46,3,5.11,1,,v West Indies,Delhi,23 Oct 1989,
ODI,M Prabhakar,10.0,6,0,46,3,4.6,2,,v New Zealand,Dunedin,12 Mar 1992,
ODI,RP Singh,10.0,6,1,46,3,4.6,1,,v Bangladesh,Mirpur,12 Jun 2008,
ODI,R Vinay Kumar,10.0,6,1,46,3,4.6,1,,v Sri Lanka,Adelaide,14 Feb 2012,
ODI,YS Chahal,10.0,6,3,46,3,4.6,1,,v Sri Lanka,Visakhapatnam,17 Dec 2017,
ODI,YS Chahal,10.0,6,0,46,3,4.6,2,,v Hong Kong,Dubai (DICS),18 Sep 2018,
ODI,RA Jadeja,10.0,6,1,46,3,4.6,1,,v Afghanistan,Dubai (DICS),25 Sep 2018,
ODI,RJ Shastri,10.0,6,1,47,3,4.7,1,,v England,Sharjah,2 Apr 1987,
ODI,Maninder Singh,10.0,6,0,47,3,4.7,1,,v Pakistan,Sharjah,19 Oct 1988,
ODI,M Prabhakar,10.0,6,1,47,3,4.7,2,,v Sri Lanka,Nagpur,1 Dec 1990,
ODI,A Kumble,10.0,6,0,47,3,4.7,2,,v New Zealand,Christchurch,2 Apr 1994,
ODI,RK Chauhan,10.0,6,0,47,3,4.7,2,,v Pakistan,Sharjah,15 Apr 1994,
ODI,A Kumble,10.0,6,0,47,3,4.7,1,,v Pakistan,Toronto,23 Sep 1996,
ODI,Harvinder Singh,8.0,6,0,47,3,5.87,2,,v Pakistan,Dhaka,11 Jan 1998,
ODI,S Sriram,8.0,6,0,47,3,5.87,2,,v Zimbabwe,Ahmedabad,5 Dec 2000,
ODI,Z Khan,10.0,6,0,47,3,4.7,1,,v New Zealand,Napier,29 Dec 2002,
ODI,PP Chawla,10.0,6,0,47,3,4.7,2,,v South Africa,Belfast,26 Jun 2007,
ODI,Harbhajan Singh,10.0,6,1,47,3,4.7,2,,v Sri Lanka,Mirpur,5 Jan 2010,
ODI,JJ Bumrah,10.0,6,0,47,3,4.7,2,,v New Zealand,Kanpur,29 Oct 2017,
ODI,YS Chahal,10.0,6,1,47,3,4.7,2,,v New Zealand,Mount Maunganui,11 Feb 2020,
ODI,RJ Shastri,8.0,6,0,48,3,6.0,2,,v West Indies,Albion,29 Mar 1983,
ODI,RMH Binny,12.0,6,1,48,3,4.0,2,,v West Indies,Manchester,9 Jun 1983,
ODI,N Kapil Dev,9.2,6,1,48,3,5.14,1,,v Sri Lanka,Cuttack,28 Dec 1990,
ODI,A Kumble,10.0,6,0,48,3,4.8,2,,v Pakistan,Bengaluru,9 Mar 1996,
ODI,Z Khan,10.0,6,0,48,3,4.8,1,,v Kenya,Nairobi (Gym),3 Oct 2000,
ODI,AB Agarkar,10.0,6,0,48,3,4.8,1,,v Sri Lanka,Sharjah,27 Oct 2000,
ODI,Z Khan,10.0,6,1,48,3,4.8,1,,v Sri Lanka,The Oval,30 Jun 2002,
ODI,M Kartik,9.0,6,0,48,3,5.33,2,,v Sri Lanka,Nagpur,25 Oct 2005,
ODI,R Ashwin,10.0,6,1,48,3,4.8,1,,v Sri Lanka,Cardiff,20 Jun 2013,
ODI,Mohammed Shami,8.0,6,0,48,3,6.0,1,,v South Africa,Durban,8 Dec 2013,
ODI,UT Yadav,9.0,6,0,48,3,5.33,1,,v Bangladesh,Mirpur,15 Jun 2014,
ODI,Mohammed Shami,9.0,6,2,48,3,5.33,1,,v Zimbabwe,Auckland,14 Mar 2015,
ODI,MM Sharma,10.0,6,1,48,3,4.8,1,,v Zimbabwe,Auckland,14 Mar 2015,
ODI,KK Ahmed,10.0,6,0,48,3,4.8,2,,v Hong Kong,Dubai (DICS),18 Sep 2018,
ODI,B Kumar,10.0,6,0,48,3,4.8,1,,v Australia,Delhi,13 Mar 2019,
ODI,Mohammed Shami,10.0,6,0,48,3,4.8,1,,v Australia,Dubai (DICS),4 Mar 2025,
ODI,J Srinath,10.0,6,1,49,3,4.9,2,,v U.A.E.,Sharjah,13 Apr 1994,
ODI,BKV Prasad,10.0,6,1,49,3,4.9,1,,v Zimbabwe,Paarl,27 Jan 1997,
ODI,J Srinath,7.3,6,0,49,3,6.53,2,,v Australia,Bengaluru,25 Mar 2001,
ODI,Z Khan,10.0,6,0,49,3,4.9,2,,v Australia,Gwalior,26 Oct 2003,
ODI,IK Pathan,10.0,6,2,49,3,4.9,1,,v Pakistan,Lahore,13 Feb 2006,
ODI,D Mongia,10.0,6,0,49,3,4.9,1,,v Bangladesh,Mirpur,10 May 2007,
ODI,A Nehra,7.1,6,1,49,3,6.83,2,,v West Indies,Kingston,26 Jun 2009,
ODI,S Sreesanth,7.0,6,0,49,3,7.0,2,,v South Africa,Gwalior,24 Feb 2010,
ODI,YK Pathan,9.0,6,0,49,3,5.44,1,,v New Zealand,Bengaluru,7 Dec 2010,
ODI,A Mishra,8.5,6,0,49,3,5.54,1,,v New Zealand,Dharamsala,16 Oct 2016,
ODI,HH Pandya,10.0,6,1,49,3,4.9,1,,v England,Eden Gardens,22 Jan 2017,
ODI,C Sharma,9.0,6,2,50,3,5.55,1,,v Sri Lanka,Colombo (SSC),25 Aug 1985,
ODI,A Kumble,10.0,6,1,50,3,5.0,1,,v Australia,Sharjah,19 Apr 1994,
ODI,A Kuruvilla,10.0,6,0,50,3,5.0,1,,v England,Sharjah,11 Dec 1997,
ODI,J Srinath,10.0,6,0,50,3,5.0,2,,v Pakistan,Toronto,20 Sep 1998,
ODI,AB Agarkar,9.0,6,0,50,3,5.55,2,,v England,Eden Gardens,19 Jan 2002,
ODI,S Sreesanth,10.0,6,0,50,3,5.0,1,,v Ireland,Belfast,23 Jun 2007,
ODI,I Sharma,10.0,6,0,50,3,5.0,1,,v Australia,Vadodara,25 Oct 2009,
ODI,R Ashwin,10.0,6,1,50,3,5.0,2,,v New Zealand,Guwahati,28 Nov 2010,
ODI,MM Patel,8.0,6,0,50,3,6.25,1,,v South Africa,Centurion,23 Jan 2011,
ODI,Kuldeep Yadav,9.0,6,0,50,3,5.55,2,,v West Indies,Port of Spain,25 Jun 2017,
ODI,B Kumar,10.0,6,0,50,3,5.0,2,,v Australia,The Oval,9 Jun 2019,
ODI,YS Chahal,10.0,6,1,50,3,5.0,1,,v Sri Lanka,Colombo (RPS),20 Jul 2021,
ODI,M Prasidh Krishna,8.0,6,0,50,3,6.25,1,,v Zimbabwe,Harare,18 Aug 2022,
ODI,C Sharma,9.0,6,0,51,3,5.66,2,,v Pakistan,Sharjah,18 Apr 1986,
ODI,C Sharma,10.0,6,2,51,3,5.1,1,,v New Zealand,Nagpur,31 Oct 1987,
ODI,IK Pathan,7.0,6,1,51,3,7.28,2,,v Australia,Sydney,22 Jan 2004,
ODI,RP Singh,10.0,6,0,51,3,5.1,1,,v Pakistan,Lahore,13 Feb 2006,
ODI,R Ashwin,10.0,6,0,51,3,5.1,1,,v Bangladesh,Mirpur,18 Jun 2015,
ODI,SN Thakur,10.0,6,1,51,3,5.1,2,,v Australia,Canberra,2 Dec 2020,
ODI,Kuldeep Yadav,10.0,6,0,51,3,5.1,1,,v Sri Lanka,Eden Gardens,12 Jan 2023,
ODI,AB Agarkar,9.0,6,0,52,3,5.77,1,,v New Zealand,Colombo (RPS),23 Jun 1998,
ODI,DS Mohanty,6.0,6,0,52,3,8.66,1,,v West Indies,Singapore,5 Sep 1999,
ODI,L Balaji,10.0,6,0,52,3,5.2,2,,v Australia,Melbourne,6 Feb 2004,
ODI,IK Pathan,10.0,6,0,52,3,5.2,1,,v Pakistan,Colombo (RPS),25 Jul 2004,
ODI,S Sreesanth,10.0,6,1,52,3,5.2,1,,v Pakistan,Jaipur,18 Nov 2007,
ODI,I Sharma,10.0,6,1,52,3,5.2,1,,v Sri Lanka,Karachi,6 Jul 2008,
ODI,I Sharma,10.0,6,1,52,3,5.2,1,,v Sri Lanka,Dambulla,28 Jan 2009,
ODI,Mohammed Shami,8.1,6,0,52,3,6.36,2,,v Australia,Bengaluru,2 Nov 2013,
ODI,Kuldeep Yadav,10.0,6,0,52,3,5.2,2,,v West Indies,Visakhapatnam,18 Dec 2019,
ODI,Z Khan,7.0,6,0,53,3,7.57,1,,v England,The Oval,9 Jul 2002,
ODI,MM Patel,10.0,6,1,53,3,5.3,1,,v Australia,Kuala Lumpur,16 Sep 2006,
ODI,P Kumar,10.0,6,1,53,3,5.3,1,,v Pakistan,Dambulla,19 Jun 2010,
ODI,Harbhajan Singh,9.0,6,0,53,3,5.88,2,,v South Africa,Nagpur,12 Mar 2011,
ODI,UT Yadav,10.0,6,1,53,3,5.3,1,,v West Indies,Kingston,6 Jul 2017,
ODI,Harshit Rana,7.0,6,1,53,3,7.57,1,,v England,Nagpur,6 Feb 2025,
ODI,Maninder Singh,10.0,6,0,54,3,5.4,1,,v England,Wankhede,5 Nov 1987,
ODI,M Prabhakar,10.0,6,2,54,3,5.4,1,,v Pakistan,Sharjah,25 Oct 1991,
ODI,N Kapil Dev,10.0,6,1,54,3,5.4,1,,v Zimbabwe,Pune,25 Mar 1993,
ODI,T Kumaran,9.0,6,0,54,3,6.0,1,,v Bangladesh,Dhaka,30 May 2000,
ODI,Kuldeep Yadav,10.0,6,1,54,3,5.4,2,,v Australia,Eden Gardens,21 Sep 2017,
ODI,Kuldeep Yadav,10.0,6,0,54,3,5.4,2,,v Australia,Nagpur,5 Mar 2019,
ODI,B Kumar,10.0,6,0,54,3,5.4,1,,v Sri Lanka,Colombo (RPS),20 Jul 2021,
ODI,RD Chahar,10.0,6,0,54,3,5.4,2,,v Sri Lanka,Colombo (RPS),23 Jul 2021,
ODI,SN Thakur,7.0,6,0,54,3,7.71,1,,v West Indies,Port of Spain,24 Jul 2022,
ODI,R Parag,9.0,6,0,54,3,6.0,1,,v Sri Lanka,Colombo (RPS),7 Aug 2024,
ODI,SC Ganguly,10.0,6,0,55,3,5.5,2,,v Zimbabwe,Brisbane,20 Jan 2004,
ODI,Yuvraj Singh,8.0,6,0,55,3,6.87,2,,v Pakistan,Visakhapatnam,5 Apr 2005,
ODI,RP Singh,9.0,6,1,55,3,6.11,1,,v England,Birmingham,27 Aug 2007,
ODI,S Sreesanth,10.0,6,0,55,3,5.5,1,,v Australia,Bengaluru,29 Sep 2007,
ODI,R Vinay Kumar,9.0,6,0,55,3,6.11,2,,v Sri Lanka,Mirpur,13 Mar 2012,
ODI,Mohammed Shami,7.0,6,0,55,3,7.85,1,,v New Zealand,Hamilton,22 Jan 2014,
ODI,STR Binny,10.0,6,1,55,3,5.5,2,,v Zimbabwe,Harare,14 Jul 2015,
ODI,J Srinath,10.0,6,0,56,3,5.6,1,,v Pakistan,Sharjah,22 Apr 1994,
ODI,YK Pathan,8.0,6,0,56,3,7.0,2,,v West Indies,Kingston,26 Jun 2009,
ODI,P Kumar,10.0,6,0,56,3,5.6,2,,v Bangladesh,Mirpur,16 Mar 2012,
ODI,BB Sran,9.2,6,0,56,3,6.0,2,,v Australia,W.A.C.A,12 Jan 2016,
ODI,Kuldeep Yadav,10.0,6,1,56,3,5.6,1,,v Australia,Chennai,22 Mar 2023,
ODI,A Nehra,10.0,6,0,57,3,5.7,1,,v Pakistan,Jamshedpur,9 Apr 2005,
ODI,DS Kulkarni,8.0,6,0,57,3,7.12,1,,v Sri Lanka,Ranchi,16 Nov 2014,
ODI,Umran Malik,8.0,6,0,57,3,7.12,2,,v Sri Lanka,Guwahati,10 Jan 2023,
ODI,M Prabhakar,11.0,6,0,58,3,5.27,1,,v England,Nottingham,20 Jul 1990,
ODI,DS Mohanty,10.0,6,0,58,3,5.8,2,,v Sri Lanka,Margao,28 Dec 1997,
ODI,IK Pathan,10.0,6,0,58,3,5.8,2,,v Pakistan,Peshawar,19 Mar 2004,
ODI,AB Agarkar,9.0,6,0,58,3,6.44,1,,v Pakistan,Delhi,17 Apr 2005,
ODI,IK Pathan,7.0,6,0,58,3,8.28,2,,v Sri Lanka,Colombo (RPS),5 Feb 2009,
ODI,Mohammed Shami,10.0,6,0,58,3,5.8,1,,v Australia,Adelaide,15 Jan 2019,
ODI,YS Chahal,10.0,6,0,58,3,5.8,1,,v New Zealand,Auckland,8 Feb 2020,
ODI,V Sehwag,9.0,6,0,59,3,6.55,2,,v Australia,Bengaluru,25 Mar 2001,
ODI,V Sehwag,7.0,6,0,59,3,8.42,1,,v West Indies,Vijayawada,24 Nov 2002,
ODI,RP Singh,9.0,6,0,59,3,6.55,2,,v England,Lord's,11 Sep 2011,
ODI,Mohammed Shami,10.0,6,0,59,3,5.9,1,,v Australia,Sydney,27 Nov 2020,
ODI,M Prasidh Krishna,9.5,6,0,59,3,6.0,1,,v South Africa,Cape Town,23 Jan 2022,
ODI,C Sharma,9.0,6,0,60,3,6.66,1,,v West Indies,Jamshedpur,7 Dec 1983,
ODI,C Sharma,10.0,6,0,60,3,6.0,1,,v Australia,Adelaide,26 Jan 1986,
ODI,PP Chawla,10.0,6,0,60,3,6.0,2,,v England,Bristol,24 Aug 2007,
ODI,I Sharma,10.0,6,0,60,3,6.0,1,,v Sri Lanka,Colombo (RPS),8 Feb 2009,
ODI,MM Patel,10.0,6,1,60,3,6.0,1,,v West Indies,North Sound,11 Jun 2011,
ODI,A Mishra,10.0,6,0,60,3,6.0,1,,v New Zealand,Delhi,20 Oct 2016,
ODI,YS Chahal,10.0,6,0,60,3,6.0,2,,v Sri Lanka,Mohali,13 Dec 2017,
ODI,HH Pandya,10.0,6,0,60,3,6.0,2,,v Bangladesh,Birmingham,2 Jul 2019,
ODI,YS Chahal,9.5,6,0,60,3,6.1,1,,v England,Manchester,17 Jul 2022,
ODI,C Sharma,9.0,6,0,61,3,6.77,1,,v Australia,Sydney,21 Jan 1986,
ODI,BKV Prasad,10.0,6,1,61,3,6.1,2,,v Zimbabwe,Jodhpur,8 Dec 2000,
ODI,RR Powar,10.0,6,0,61,3,6.1,2,,v Pakistan,Abu Dhabi,19 Apr 2006,
ODI,IK Pathan,10.0,6,0,61,3,6.1,1,,v Australia,Brisbane,19 Feb 2012,
ODI,JJ Bumrah,10.0,6,1,61,3,6.1,2,,v Australia,The Oval,9 Jun 2019,
ODI,Mohammed Siraj,9.2,6,1,61,3,6.53,1,,v Nepal,Pallekele,4 Sep 2023,
ODI,J Srinath,10.0,6,1,62,3,6.2,2,,v Australia,Margao,6 Apr 2001,
ODI,Z Khan,10.0,6,1,62,3,6.2,1,,v England,Lord's,13 Jul 2002,
ODI,L Balaji,9.5,6,0,62,3,6.3,2,,v Pakistan,Lahore,24 Mar 2004,
ODI,RP Singh,8.0,6,1,62,3,7.75,2,,v Pakistan,Kanpur,11 Nov 2007,
ODI,RA Jadeja,10.0,6,0,62,3,6.2,2,,v West Indies,Chennai,11 Dec 2011,
ODI,Kuldeep Yadav,9.0,6,0,62,3,6.88,2,,v New Zealand,Indore,24 Jan 2023,
ODI,Z Khan,10.0,6,0,63,3,6.3,2,,v Sri Lanka,Nagpur,18 Dec 2009,
ODI,JJ Bumrah,8.5,6,0,63,3,7.13,2,,v Australia,Mohali,10 Mar 2019,
ODI,Arshdeep Singh,10.0,6,1,63,3,6.3,1,,v New Zealand,Indore,18 Jan 2026,
ODI,IK Pathan,9.4,6,0,64,3,6.62,2,,v Australia,Brisbane,18 Jan 2004,
ODI,Z Khan,10.0,6,0,64,3,6.4,2,,v England,Bengaluru,27 Feb 2011,
ODI,Kuldeep Yadav,10.0,6,0,64,3,6.4,1,,v Australia,Ranchi,8 Mar 2019,
ODI,J Srinath,10.0,6,0,65,3,6.5,2,,v Pakistan,Sharjah,15 Apr 1996,
ODI,R Ashwin,10.0,6,0,65,3,6.5,2,,v England,Cuttack,19 Jan 2017,
ODI,SN Thakur,10.0,6,0,65,3,6.5,1,,v Bangladesh,Colombo (RPS),15 Sep 2023,
ODI,Harshit Rana,10.0,6,0,65,3,6.5,2,,v South Africa,Ranchi,30 Nov 2025,
ODI,Z Khan,10.0,6,0,66,3,6.6,2,,v Pakistan,Karachi,13 Mar 2004,
ODI,Avesh Khan,9.3,6,1,66,3,6.94,2,,v Zimbabwe,Harare,22 Aug 2022,
ODI,S Sreesanth,9.0,6,0,67,3,7.44,1,,v Australia,Kochi,2 Oct 2007,
ODI,RP Singh,9.0,6,1,67,3,7.44,1,,v Sri Lanka,Karachi,6 Jul 2008,
ODI,UT Yadav,10.0,6,1,67,3,6.7,1,,v Australia,Canberra,20 Jan 2016,
ODI,Kuldeep Yadav,10.0,6,0,67,3,6.7,2,,v West Indies,Visakhapatnam,24 Oct 2018,
ODI,Mohammed Shami,10.0,6,1,68,3,6.8,1,,v South Africa,Johannesburg,5 Dec 2013,
ODI,B Kumar,10.0,6,0,68,3,6.8,2,,v South Africa,Chennai,22 Oct 2015,
ODI,Kuldeep Yadav,10.0,6,0,68,3,6.8,1,,v England,Lord's,14 Jul 2018,
ODI,KK Ahmed,7.0,6,0,68,3,9.71,1,,v West Indies,Port of Spain,14 Aug 2019,
ODI,BKV Prasad,10.0,6,0,69,3,6.9,1,,v Pakistan,Sharjah,8 Apr 1999,
ODI,Mohammed Shami,10.0,6,0,69,3,6.9,1,,v South Africa,Centurion,11 Dec 2013,
ODI,MM Patel,8.0,6,0,70,3,8.75,2,,v England,Bristol,24 Aug 2007,
ODI,RMH Binny,12.0,6,0,71,3,5.91,1,,v West Indies,The Oval,15 Jun 1983,
ODI,A Nehra,10.0,6,0,72,3,7.2,1,,v Pakistan,Delhi,17 Apr 2005,
ODI,NM Kulkarni,10.0,6,0,73,3,7.3,1,,v Sri Lanka,Colombo (SSC),24 Aug 1997,
ODI,RA Jadeja,10.0,6,0,73,3,7.3,2,,v Australia,Bengaluru,2 Nov 2013,
ODI,Harvinder Singh,10.0,6,0,74,3,7.4,1,,v Pakistan,Dhaka,18 Jan 1998,
ODI,BKV Prasad,10.0,6,0,75,3,7.5,1,,v New Zealand,Rajkot,5 Nov 1999,
ODI,UT Yadav,10.0,6,0,75,3,7.5,1,,v New Zealand,Mohali,23 Oct 2016,
ODI,Mohammed Shami,10.0,6,0,77,3,7.7,2,,v Australia,Rajkot,17 Jan 2020,
ODI,Mohammed Shami,10.0,6,0,81,3,8.1,2,,v Sri Lanka,Fatullah,28 Feb 2014,
ODI,JJ Bumrah,10.0,6,0,81,3,8.1,1,,v Australia,Rajkot,27 Sep 2023,
ODI,Harshit Rana,10.0,6,0,84,3,8.4,1,,v New Zealand,Indore,18 Jan 2026,
ODI,V Sehwag,2.5,6,0,5,2,1.76,2,,v Hong Kong,Karachi,25 Jun 2008,
ODI,Yuvraj Singh,2.0,6,0,5,2,2.5,1,,v New Zealand,Chennai,10 Dec 2010,
ODI,KM Jadhav,3.0,6,0,6,2,2.0,1,,v New Zealand,Dharamsala,16 Oct 2016,
ODI,Washington Sundar,3.0,6,1,7,2,2.33,1,,v New Zealand,Raipur,21 Jan 2023,
ODI,Kuldeep Yadav,5.1,6,1,7,2,1.35,2,,v South Africa,Eden Gardens,5 Nov 2023,
ODI,SR Tendulkar,1.3,6,0,8,2,5.33,1,,v Bangladesh,Wankhede,25 May 1998,
ODI,AR Patel,4.1,6,0,9,2,2.16,2,,v New Zealand,Visakhapatnam,29 Oct 2016,
ODI,B Kumar,5.0,6,1,9,2,1.8,2,,v West Indies,Port of Spain,25 Jun 2017,
ODI,JJ Bumrah,6.0,6,1,9,2,1.5,2,,v West Indies,Manchester,27 Jun 2019,
ODI,N Kapil Dev,7.0,6,3,10,2,1.42,1,,v Sri Lanka,Kanpur,24 Dec 1986,
ODI,SR Tendulkar,1.0,6,0,10,2,10.0,1,,v South Africa,Belfast,1 Jul 2007,
ODI,A Nehra,6.1,6,1,10,2,1.62,2,,v New Zealand,Dambulla,25 Aug 2010,
ODI,C Sharma,4.2,6,0,11,2,2.53,2,,v Sri Lanka,Colombo (PSS),22 Sep 1985,
ODI,A Nehra,5.0,6,1,11,2,2.2,2,,v Kenya,Durban,20 Mar 2003,
ODI,IK Pathan,6.0,6,1,11,2,1.83,2,,v Kenya,Southampton,11 Sep 2004,
ODI,YK Pathan,3.0,6,0,11,2,3.66,1,,v New Zealand,Chennai,10 Dec 2010,
ODI,P Kumar,4.0,6,1,11,2,2.75,2,,v England,Chester-le-Street,3 Sep 2011,
ODI,JJ Bumrah,6.0,6,1,11,2,1.83,1,,v West Indies,Thiruvananthapuram,1 Nov 2018,
ODI,RA Jadeja,7.0,6,1,12,2,1.71,2,,v England,Kochi,15 Jan 2013,
ODI,RMH Binny,7.0,6,1,13,2,1.85,1,,v New Zealand,Adelaide,25 Jan 1986,
ODI,J Srinath,7.1,6,1,13,2,1.81,1,,v Kenya,Bloemfontein,12 Oct 2001,
ODI,RJ Shastri,9.3,6,1,14,2,1.47,1,,v Australia,Sharjah,29 Mar 1985,
ODI,J Srinath,8.0,6,1,14,2,1.75,2,,v Zimbabwe,Harare,19 Feb 2003,
ODI,Harbhajan Singh,10.0,6,2,14,2,1.4,1,,v England,The Oval,3 Sep 2004,
ODI,Harbhajan Singh,8.0,6,2,14,2,1.75,1,,v West Indies,Johannesburg,30 Sep 2009,
ODI,B Kumar,8.0,6,3,14,2,1.75,1,,v England,Birmingham,2 Sep 2014,
ODI,Mohammed Siraj,3.0,6,0,14,2,4.66,2,,v West Indies,Port of Spain,27 Jul 2022,
ODI,AM Salvi,7.0,6,1,15,2,2.14,2,,v Bangladesh,Dhaka,11 Apr 2003,
ODI,I Sharma,3.1,6,0,15,2,4.73,2,,v Sri Lanka,Dambulla,22 Aug 2010,
ODI,R Ashwin,4.0,6,1,15,2,3.75,2,,v England,Birmingham,23 Jun 2013,
ODI,UT Yadav,6.3,6,2,15,2,2.3,1,,v U.A.E.,W.A.C.A,28 Feb 2015,
ODI,V Shankar,1.3,6,0,15,2,10.0,2,,v Australia,Nagpur,5 Mar 2019,
ODI,Washington Sundar,4.0,6,0,15,2,3.75,1,,v South Africa,Delhi,11 Oct 2022,
ODI,M Prabhakar,10.0,6,3,16,2,1.6,1,,v Sri Lanka,Sharjah,8 Apr 1984,
ODI,L Sivaramakrishnan,7.0,6,2,16,2,2.28,2,,v Pakistan,Sharjah,22 Mar 1985,
ODI,N Kapil Dev,6.2,6,1,16,2,2.52,1,,v Pakistan,Dhaka,31 Oct 1988,
ODI,N Kapil Dev,7.0,6,0,16,2,2.28,1,,v New Zealand,Visakhapatnam,10 Dec 1988,
ODI,A Jadeja,5.0,6,1,16,2,3.2,2,,v South Africa,Mohali,22 Nov 1993,
ODI,SC Ganguly,9.0,6,2,16,2,1.77,1,,v Pakistan,Toronto,14 Sep 1997,
ODI,SB Joshi,5.0,6,1,16,2,3.2,2,,v Zimbabwe,Singapore,4 Sep 1999,
ODI,A Nehra,10.0,6,3,16,2,1.6,2,,v New Zealand,Auckland,26 Dec 2002,
ODI,Kuldeep Yadav,5.0,6,1,16,2,3.2,2,,v Sri Lanka,Thiruvananthapuram,15 Jan 2023,
ODI,HH Pandya,6.0,6,3,16,2,2.66,1,,v New Zealand,Raipur,21 Jan 2023,
ODI,RJ Shastri,10.0,6,5,17,2,1.7,2,,v Pakistan,Sharjah,22 Mar 1985,
ODI,N Kapil Dev,8.0,6,1,17,2,2.12,2,,v Australia,Ahmedabad,5 Oct 1986,
ODI,Maninder Singh,4.0,6,0,17,2,4.25,1,,v Pakistan,Gujranwala,18 Dec 1989,
ODI,N Kapil Dev,8.0,6,1,17,2,2.12,1,,v Bangladesh,Chandigarh,25 Dec 1990,
ODI,J Srinath,7.4,6,2,17,2,2.21,1,,v New Zealand,Auckland,27 Mar 1994,
ODI,N Chopra,10.0,6,3,17,2,1.7,1,,v West Indies,Toronto,11 Sep 1999,
ODI,SC Ganguly,5.1,6,0,17,2,3.29,1,,v England,Kanpur,28 Jan 2002,
ODI,V Sehwag,5.0,6,0,17,2,3.4,2,,v Bangladesh,Port of Spain,17 Mar 2007,
ODI,S Sreesanth,3.2,6,0,17,2,5.1,2,,v Australia,Brisbane,3 Feb 2008,
ODI,SK Raina,6.2,6,0,17,2,2.68,2,,v West Indies,Indore,8 Dec 2011,
ODI,I Sharma,4.0,6,0,17,2,4.25,2,,v Sri Lanka,Port of Spain,9 Jul 2013,
ODI,RA Jadeja,5.0,6,0,17,2,3.4,2,,v Sri Lanka,Port of Spain,9 Jul 2013,
ODI,BB Sran,6.0,6,1,17,2,2.83,1,,v Zimbabwe,Harare,13 Jun 2016,
ODI,SN Thakur,5.0,6,0,17,2,3.4,2,,v West Indies,Port of Spain,27 Jul 2022,
ODI,Mohammed Siraj,5.0,6,0,17,2,3.4,1,,v South Africa,Delhi,11 Oct 2022,
ODI,Washington Sundar,5.0,6,0,17,2,3.4,2,,v Bangladesh,Mirpur,4 Dec 2022,
ODI,NS Yadav,9.0,6,2,18,2,2.0,1,,v Sri Lanka,Guwahati,11 Jan 1987,
ODI,N Kapil Dev,10.0,6,3,18,2,1.8,2,,v West Indies,Eden Gardens,27 Nov 1993,
ODI,N Kapil Dev,10.0,6,1,18,2,1.8,1,,v New Zealand,Auckland,27 Mar 1994,
ODI,RR Singh,7.0,6,1,18,2,2.57,2,,v Zimbabwe,Centurion,7 Feb 1997,
ODI,N Chopra,10.0,6,2,18,2,1.8,2,,v Kenya,Nairobi (Gym),29 Sep 1999,
ODI,Z Khan,7.0,6,1,18,2,2.57,1,,v Zimbabwe,Harare,24 Jun 2001,
ODI,Yuvraj Singh,4.0,6,0,18,2,4.5,2,,v West Indies,Chennai,20 Mar 2011,
ODI,Mohammed Shami,4.0,6,0,18,2,4.5,2,,v South Africa,Eden Gardens,5 Nov 2023,
ODI,RJ Shastri,9.0,6,2,19,2,2.11,2,,v West Indies,Guwahati,17 Dec 1983,
ODI,S Madan Lal,6.4,6,0,19,2,2.85,2,,v England,Sydney,26 Feb 1985,
ODI,M Amarnath,7.0,6,1,19,2,2.71,1,,v Australia,Sharjah,29 Mar 1985,
ODI,Maninder Singh,9.0,6,0,19,2,2.11,2,,v West Indies,Eden Gardens,2 Jan 1988,
ODI,N Kapil Dev,7.4,6,1,19,2,2.47,2,,v West Indies,Sharjah,16 Oct 1989,
ODI,M Prabhakar,5.0,6,0,19,2,3.8,1,,v Sri Lanka,Colombo (SSC),17 Sep 1994,
ODI,A Jadeja,3.0,6,0,19,2,6.33,1,,v Pakistan,Sharjah,13 Apr 1999,
ODI,Harbhajan Singh,6.4,6,1,19,2,2.85,1,,v Sri Lanka,Mohali,28 Oct 2005,
ODI,B Kumar,8.0,6,2,19,2,2.37,1,,v Pakistan,Birmingham,15 Jun 2013,
ODI,JJ Bumrah,7.0,6,1,19,2,2.71,1,,v Pakistan,Ahmedabad,14 Oct 2023,
ODI,N Kapil Dev,5.0,6,0,20,2,4.0,2,,v Sri Lanka,Colombo (PSS),22 Sep 1985,
ODI,NS Yadav,7.0,6,0,20,2,2.85,2,,v Sri Lanka,Vadodara,15 Jan 1987,
ODI,N Kapil Dev,7.0,6,1,20,2,2.85,2,,v West Indies,Eden Gardens,2 Jan 1988,
ODI,J Srinath,7.4,6,0,20,2,2.6,2,,v Pakistan,Toronto,18 Sep 1996,
ODI,J Srinath,8.0,6,1,20,2,2.5,2,,v Sri Lanka,Sharjah,9 Nov 1998,
ODI,SC Ganguly,6.0,6,1,20,2,3.33,1,,v Zimbabwe,Harare,24 Jun 2001,
ODI,IK Pathan,8.0,6,3,20,2,2.5,1,,v England,Jaipur,15 Oct 2006,
ODI,Z Khan,5.0,6,0,20,2,4.0,2,,v England,Bengaluru,23 Nov 2008,
ODI,P Kumar,8.0,6,2,20,2,2.5,1,,v Sri Lanka,Dambulla,16 Aug 2010,
ODI,Mohammed Shami,6.0,6,2,20,2,3.33,2,,v Sri Lanka,Thiruvananthapuram,15 Jan 2023,
ODI,N Kapil Dev,6.5,6,0,21,2,3.07,1,,v West Indies,Port of Spain,9 Mar 1983,
ODI,M Amarnath,9.0,6,1,21,2,2.33,1,,v West Indies,Guwahati,23 Dec 1987,
ODI,N Kapil Dev,8.3,6,0,21,2,2.47,1,,v West Indies,Ahmedabad,7 Jan 1988,
ODI,N Chopra,10.0,6,0,21,2,2.1,1,,v Zimbabwe,Sharjah,8 Nov 1998,
ODI,BKV Prasad,10.0,6,5,21,2,2.1,1,,v South Africa,Nairobi (Gym),3 Oct 1999,
ODI,V Sehwag,4.4,6,0,21,2,4.5,1,,v New Zealand,Colombo (RPS),26 Jul 2001,
ODI,AB Agarkar,6.0,6,0,21,2,3.5,1,,v South Africa,Belfast,1 Jul 2007,
ODI,S Abid Ali,12.0,6,5,22,2,1.83,1,,v East Africa,Leeds,11 Jun 1975,
ODI,DR Doshi,10.0,6,4,22,2,2.2,2,,v New Zealand,W.A.C.A,9 Dec 1980,
ODI,SK Sharma,7.0,6,0,22,2,3.14,2,,v New Zealand,Indore,15 Dec 1988,
ODI,M Prabhakar,10.0,6,1,22,2,2.2,2,,v Pakistan,Sydney,4 Mar 1992,
ODI,A Kumble,10.0,6,2,22,2,2.2,2,,v Sri Lanka,Colombo (RPS),25 Jul 1993,
ODI,J Srinath,6.0,6,0,22,2,3.66,1,,v New Zealand,Brabourne,29 Nov 1995,
ODI,J Srinath,10.0,6,0,22,2,2.2,1,,v West Indies,Gwalior,21 Feb 1996,
ODI,BKV Prasad,8.0,6,1,22,2,2.75,1,,v West Indies,Port of Spain,27 Apr 1997,
ODI,A Kumble,8.5,6,3,22,2,2.49,1,,v West Indies,Port of Spain,27 Apr 1997,
ODI,A Kuruvilla,7.0,6,1,22,2,3.14,2,,v Sri Lanka,Wankhede,17 May 1997,
ODI,RR Singh,6.0,6,2,22,2,3.66,1,,v Pakistan,Toronto,14 Sep 1997,
ODI,HH Kanitkar,6.0,6,0,22,2,3.66,1,,v Pakistan,Toronto,13 Sep 1998,
ODI,A Kumble,10.0,6,1,22,2,2.2,1,,v Kenya,Nairobi (Gym),3 Oct 2000,
ODI,Harbhajan Singh,7.0,6,0,22,2,3.14,2,,v South Africa,Dhaka,13 Apr 2003,
ODI,A Nehra,10.0,6,1,22,2,2.2,2,,v Sri Lanka,Dambulla,3 Aug 2005,
ODI,A Nehra,8.0,6,3,22,2,2.75,1,,v New Zealand,Bulawayo,26 Aug 2005,
ODI,AB Agarkar,10.0,6,1,22,2,2.2,2,,v West Indies,Kuala Lumpur,20 Sep 2006,
ODI,MM Patel,4.0,6,1,22,2,5.5,2,,v England,Bengaluru,23 Nov 2008,
ODI,RP Singh,8.0,6,2,22,2,2.75,1,,v New Zealand,Colombo (RPS),11 Sep 2009,
ODI,KM Jadhav,6.0,6,0,22,2,3.66,1,,v Bangladesh,Birmingham,15 Jun 2017,
ODI,JJ Bumrah,6.2,6,0,22,2,3.47,1,,v Sri Lanka,Dambulla,20 Aug 2017,
ODI,V Shankar,5.2,6,0,22,2,4.12,2,,v Pakistan,Manchester,16 Jun 2019,
ODI,AR Patel,5.0,6,0,22,2,4.4,2,,v Bangladesh,Chattogram,10 Dec 2022,
ODI,AR Patel,6.2,6,1,22,2,3.47,2,,v England,Ahmedabad,12 Feb 2025,
ODI,RMH Binny,6.0,6,0,23,2,3.83,2,,v Australia,Melbourne,6 Dec 1980,
ODI,S Madan Lal,7.0,6,2,23,2,3.28,1,,v Australia,New Delhi,28 Sep 1984,
ODI,RJ Shastri,9.0,6,2,23,2,2.55,2,,v Australia,Ahmedabad,5 Oct 1986,
ODI,Maninder Singh,9.0,6,2,23,2,2.55,1,,v New Zealand,Cuttack,12 Dec 1988,
ODI,N Kapil Dev,8.0,6,1,23,2,2.87,1,,v West Indies,Sharjah,22 Oct 1991,
ODI,N Kapil Dev,9.0,6,2,23,2,2.55,1,,v South Africa,Eden Gardens,10 Nov 1991,
ODI,J Srinath,9.0,6,2,23,2,2.55,2,,v West Indies,Wellington,10 Mar 1992,
ODI,A Kumble,8.0,6,0,23,2,2.87,1,,v Bangladesh,Sharjah,5 Apr 1995,
ODI,SB Joshi,9.0,6,1,23,2,2.55,2,,v Australia,Colombo (SSC),6 Sep 1996,
ODI,N Chopra,6.0,6,0,23,2,3.83,1,,v West Indies,Singapore,5 Sep 1999,
ODI,V Sehwag,6.0,6,1,23,2,3.83,1,,v West Indies,Bridgetown,29 May 2002,
ODI,Z Khan,7.4,6,0,23,2,3.0,2,,v Zimbabwe,Harare,19 Feb 2003,
ODI,A Nehra,9.0,6,2,23,2,2.55,1,,v West Indies,Dambulla,31 Jul 2005,
ODI,Harbhajan Singh,10.0,6,1,23,2,2.3,2,,v Australia,Guwahati,8 Nov 2009,
ODI,Harbhajan Singh,9.0,6,1,23,2,2.55,1,,v South Africa,Cape Town,18 Jan 2011,
ODI,SK Raina,6.0,6,0,23,2,3.83,1,,v West Indies,Port of Spain,6 Jun 2011,
ODI,RA Jadeja,5.0,6,0,23,2,4.6,1,,v U.A.E.,W.A.C.A,28 Feb 2015,
ODI,B Kumar,7.3,6,0,23,2,3.06,1,,v South Africa,The Oval,11 Jun 2017,
ODI,JJ Bumrah,7.1,6,2,23,2,3.2,1,,v Pakistan,Dubai (DICS),19 Sep 2018,
ODI,N Kapil Dev,9.2,6,3,24,2,2.57,1,,v New Zealand,Adelaide,25 Jan 1986,
ODI,RJ Shastri,10.0,6,1,24,2,2.4,1,,v West Indies,Nagpur,8 Dec 1987,
ODI,M Prabhakar,8.0,6,0,24,2,3.0,1,,v Pakistan,Lahore,22 Dec 1989,
ODI,J Srinath,7.0,6,0,24,2,3.42,2,,v Australia,W.A.C.A,8 Dec 1991,
ODI,RR Singh,9.0,6,3,24,2,2.66,2,,v Pakistan,Dhaka,16 Jan 1998,
ODI,RR Singh,8.0,6,0,24,2,3.0,1,,v Kenya,Bengaluru,20 May 1998,
ODI,SR Tendulkar,6.0,6,0,24,2,4.0,1,,v Bangladesh,Dhaka,30 May 2000,
ODI,Yuvraj Singh,10.0,6,0,24,2,2.4,1,,v New Zealand,Colombo (RPS),26 Jul 2001,
ODI,Z Khan,8.0,6,1,24,2,3.0,2,,v Sri Lanka,Colombo (SSC),1 Aug 2001,
ODI,V Sehwag,8.0,6,1,24,2,3.0,2,,v South Africa,Centurion,10 Oct 2001,
ODI,J Srinath,10.0,6,2,24,2,2.4,1,,v New Zealand,Wellington,8 Jan 2003,
ODI,Z Khan,7.5,6,0,24,2,3.06,2,,v Namibia,Pietermaritzburg,23 Feb 2003,
ODI,D Mongia,10.0,6,1,24,2,2.4,2,,v Namibia,Pietermaritzburg,23 Feb 2003,
ODI,Harbhajan Singh,10.0,6,1,24,2,2.4,1,,v West Indies,Dambulla,31 Jul 2005,
ODI,SC Ganguly,6.0,6,0,24,2,4.0,1,,v South Africa,Belfast,1 Jul 2007,
ODI,RA Jadeja,4.0,6,0,24,2,6.0,2,,v England,Birmingham,23 Jun 2013,
ODI,B Kumar,8.0,6,4,24,2,3.0,1,,v Sri Lanka,Port of Spain,11 Jul 2013,
ODI,UT Yadav,6.2,6,2,24,2,3.78,2,,v Sri Lanka,Cuttack,2 Nov 2014,
ODI,AR Patel,6.0,6,0,24,2,4.0,2,,v Sri Lanka,Cuttack,2 Nov 2014,
ODI,JJ Bumrah,8.0,6,1,24,2,3.0,1,,v South Africa,Centurion,16 Feb 2018,
ODI,Kuldeep Yadav,8.0,6,0,24,2,3.0,2,,v England,Lucknow,29 Oct 2023,
ODI,DR Doshi,10.0,6,0,25,2,2.5,1,,v New Zealand,Brisbane,18 Jan 1981,
ODI,RMH Binny,11.0,6,2,25,2,2.27,1,,v Zimbabwe,Leicester,11 Jun 1983,
ODI,N Kapil Dev,10.0,6,2,25,2,2.5,1,,v Australia,Melbourne,3 Mar 1985,
ODI,RJ Shastri,9.0,6,0,25,2,2.77,1,,v New Zealand,Sharjah,10 Apr 1986,
ODI,RJ Shastri,11.0,6,0,25,2,2.27,1,,v England,The Oval,24 May 1986,
ODI,RMH Binny,8.0,6,0,25,2,3.12,2,,v Australia,Srinagar,9 Sep 1986,
ODI,SK Sharma,6.0,6,0,25,2,4.16,2,,v West Indies,Sharjah,21 Oct 1988,
ODI,Maninder Singh,9.0,6,1,25,2,2.77,1,,v Pakistan,Dhaka,31 Oct 1988,
ODI,Harvinder Singh,5.0,6,0,25,2,5.0,1,,v Pakistan,Toronto,20 Sep 1997,
ODI,J Srinath,8.2,6,3,25,2,3.0,2,,v England,Birmingham,29 May 1999,
ODI,DS Mohanty,8.0,6,2,25,2,3.12,2,,v Kenya,Nairobi (Gym),29 Sep 1999,
ODI,Harvinder Singh,10.0,6,3,25,2,2.5,1,,v West Indies,Bulawayo,30 Jun 2001,
ODI,Harbhajan Singh,10.0,6,1,25,2,2.5,1,,v New Zealand,Colombo (RPS),20 Jul 2001,
ODI,A Nehra,5.2,6,0,25,2,4.68,2,,v West Indies,Port of Spain,2 Jun 2002,
ODI,Z Khan,7.2,6,2,25,2,3.4,2,,v Pakistan,Kochi,2 Apr 2005,
ODI,AB Agarkar,10.0,6,2,25,2,2.5,1,,v West Indies,Kingston,20 May 2006,
ODI,S Sreesanth,8.0,6,0,25,2,3.12,2,,v West Indies,Kuala Lumpur,20 Sep 2006,
ODI,SR Tendulkar,8.0,6,0,25,2,3.12,2,,v West Indies,Cuttack,24 Jan 2007,
ODI,MM Patel,7.0,6,1,25,2,3.57,1,,v Sri Lanka,Eden Gardens,8 Feb 2007,
ODI,Mohammed Shami,9.0,6,0,25,2,2.77,1,,v Zimbabwe,Harare,28 Jul 2013,
ODI,B Kumar,10.0,6,2,25,2,2.5,2,,v West Indies,Dharamsala,17 Oct 2014,
ODI,YS Chahal,8.0,6,0,25,2,3.12,1,,v Zimbabwe,Harare,15 Jun 2016,
ODI,B Kumar,5.0,6,1,25,2,5.0,2,,v New Zealand,Hamilton,31 Jan 2019,
ODI,Kuldeep Yadav,8.0,6,3,25,2,3.12,2,,v West Indies,Tarouba,1 Aug 2023,
ODI,N Kapil Dev,8.0,6,1,26,2,3.25,1,,v England,Jalandhar,20 Dec 1981,
ODI,BS Sandhu,10.0,6,1,26,2,2.6,2,,v Australia,Chelmsford,20 Jun 1983,
ODI,M Azharuddin,9.0,6,0,26,2,2.88,1,,v Australia,Sydney,5 Feb 1986,
ODI,N Kapil Dev,9.0,6,1,26,2,2.88,2,,v Australia,Melbourne,9 Feb 1986,
ODI,Maninder Singh,9.0,6,0,26,2,2.88,1,,v Australia,Sharjah,5 Apr 1987,
ODI,SA Ankola,4.0,6,0,26,2,6.5,1,,v Pakistan,Gujranwala,18 Dec 1989,
ODI,M Prabhakar,10.0,6,1,26,2,2.6,1,,v South Africa,Eden Gardens,10 Nov 1991,
ODI,SLV Raju,10.0,6,0,26,2,2.6,2,,v Zimbabwe,Faridabad,19 Mar 1993,
ODI,J Srinath,8.1,6,1,26,2,3.18,1,,v New Zealand,Amritsar,18 Nov 1995,
ODI,BKV Prasad,10.0,6,1,26,2,2.6,2,,v England,Manchester,26 May 1996,
ODI,A Kuruvilla,8.5,6,1,26,2,2.94,2,,v Pakistan,Toronto,18 Sep 1997,
ODI,HH Kanitkar,6.4,6,0,26,2,3.9,2,,v Zimbabwe,Cuttack,9 Apr 1998,
ODI,A Kumble,10.0,6,0,26,2,2.6,2,,v New Zealand,Sharjah,20 Apr 1998,
ODI,Harbhajan Singh,8.0,6,0,26,2,3.25,1,,v New Zealand,Colombo (SSC),3 Jul 1998,
ODI,A Kumble,10.0,6,4,26,2,2.6,1,,v Pakistan,Sharjah,23 Mar 2000,
ODI,Harbhajan Singh,10.0,6,0,26,2,2.6,1,,v Australia,Kuala Lumpur,16 Sep 2006,
ODI,RP Singh,9.0,6,0,26,2,2.88,1,,v Scotland,Glasgow,16 Aug 2007,
ODI,SC Ganguly,7.0,6,0,26,2,3.71,2,,v England,Leeds,2 Sep 2007,
ODI,IK Pathan,8.0,6,0,26,2,3.25,1,,v Australia,Melbourne,10 Feb 2008,
ODI,Harbhajan Singh,5.4,6,0,26,2,4.58,1,,v Sri Lanka,Dambulla,20 Aug 2008,
ODI,I Sharma,10.0,6,2,26,2,2.6,1,,v New Zealand,Colombo (RPS),11 Sep 2009,
ODI,MM Sharma,10.0,6,3,26,2,2.6,1,,v Zimbabwe,Bulawayo,1 Aug 2013,
ODI,AR Patel,10.0,6,1,26,2,2.6,2,,v West Indies,Dharamsala,17 Oct 2014,
ODI,KM Jadhav,5.0,6,0,26,2,5.2,1,,v Sri Lanka,Dambulla,20 Aug 2017,
ODI,M Amarnath,12.0,6,1,27,2,2.25,1,,v England,Manchester,22 Jun 1983,
ODI,Arshad Ayub,10.0,6,2,27,2,2.7,2,,v West Indies,Sharjah,13 Oct 1989,
ODI,SLV Raju,10.0,6,0,27,2,2.7,1,,v Bangladesh,Chandigarh,25 Dec 1990,
ODI,N Kapil Dev,9.0,6,3,27,2,3.0,2,,v South Africa,Gwalior,12 Nov 1991,
ODI,J Srinath,10.0,6,2,27,2,2.7,2,,v West Indies,W.A.C.A,6 Dec 1991,
ODI,SA Ankola,8.0,6,0,27,2,3.37,1,,v New Zealand,Auckland,27 Mar 1994,
ODI,RR Singh,7.0,6,0,27,2,3.85,1,,v New Zealand,Bengaluru,14 May 1997,
ODI,A Kuruvilla,8.0,6,2,27,2,3.37,2,,v Pakistan,Toronto,13 Sep 1997,
ODI,SC Ganguly,7.0,6,0,27,2,3.85,2,,v Pakistan,Toronto,13 Sep 1997,
ODI,A Kumble,8.0,6,2,27,2,3.37,1,,v Kenya,Gwalior,28 May 1998,
ODI,RR Singh,7.0,6,0,27,2,3.85,2,,v Sri Lanka,Colombo (SSC),29 Aug 1999,
ODI,Z Khan,5.0,6,0,27,2,5.4,2,,v South Africa,Nairobi (Gym),13 Oct 2000,
ODI,Z Khan,10.0,6,2,27,2,2.7,1,,v West Indies,Bulawayo,30 Jun 2001,
ODI,SR Tendulkar,5.0,6,1,27,2,5.4,2,,v South Africa,Durban,26 Oct 2001,
ODI,AB Agarkar,6.0,6,0,27,2,4.5,2,,v South Africa,Dhaka,13 Apr 2003,
ODI,A Kumble,7.0,6,1,27,2,3.85,2,,v West Indies,Vadodara,31 Jan 2007,
ODI,RG Sharma,8.0,6,0,27,2,3.37,2,,v West Indies,Kingston,28 Jun 2009,
ODI,RA Jadeja,7.0,6,0,27,2,3.85,2,,v Zimbabwe,Harare,3 Jun 2010,
ODI,YK Pathan,8.0,6,0,27,2,3.37,1,,v New Zealand,Vadodara,4 Dec 2010,
ODI,B Kumar,9.0,6,3,27,2,3.0,2,,v Pakistan,Chennai,30 Dec 2012,
ODI,RA Jadeja,8.2,6,0,27,2,3.24,1,,v West Indies,W.A.C.A,6 Mar 2015,
ODI,SM Patil,10.0,6,1,28,2,2.8,1,,v New Zealand,Hamilton,15 Feb 1981,
ODI,C Sharma,6.0,6,0,28,2,4.66,2,,v Australia,Brisbane,12 Jan 1986,
ODI,RR Kulkarni,9.0,6,1,28,2,3.11,1,,v New Zealand,Adelaide,25 Jan 1986,
ODI,N Kapil Dev,9.0,6,2,28,2,3.11,1,,v Sri Lanka,Sharjah,27 Nov 1986,
ODI,RJ Shastri,9.0,6,0,28,2,3.11,1,,v Sri Lanka,Guwahati,11 Jan 1987,
ODI,RK Chauhan,6.0,6,0,28,2,4.66,1,,v Sri Lanka,Kanpur,7 Nov 1993,
ODI,A Kumble,10.0,6,2,28,2,2.8,2,,v England,Sharjah,11 Apr 1999,
ODI,A Kumble,9.0,6,0,28,2,3.11,2,,v Pakistan,Sharjah,16 Apr 1999,
ODI,A Kumble,9.0,6,1,28,2,3.11,2,,v South Africa,Nairobi (Gym),13 Oct 2000,
ODI,AB Agarkar,10.0,6,3,28,2,2.8,2,,v Zimbabwe,Kochi,13 Mar 2002,
ODI,A Nehra,10.0,6,2,28,2,2.8,1,,v Sri Lanka,Birmingham,6 Jul 2002,
ODI,J Srinath,8.4,6,2,28,2,3.23,2,,v New Zealand,Hamilton,14 Jan 2003,
ODI,Harbhajan Singh,10.0,6,2,28,2,2.8,1,,v New Zealand,Centurion,14 Mar 2003,
ODI,SR Tendulkar,6.0,6,0,28,2,4.66,2,,v Kenya,Durban,20 Mar 2003,
ODI,A Kumble,10.0,6,1,28,2,2.8,2,,v Australia,Gwalior,26 Oct 2003,
ODI,AB Agarkar,6.0,6,0,28,2,4.66,2,,v New Zealand,Hyderabad (Deccan),15 Nov 2003,
ODI,L Balaji,8.0,6,2,28,2,3.5,2,,v U.A.E.,Dambulla,16 Jul 2004,
ODI,PP Ojha,10.0,6,4,28,2,2.8,1,,v Sri Lanka,Colombo (RPS),29 Aug 2008,
ODI,P Kumar,6.0,6,1,28,2,4.66,2,,v New Zealand,Napier,3 Mar 2009,
ODI,A Nehra,4.0,6,0,28,2,7.0,1,,v Bangladesh,Dambulla,16 Jun 2010,
ODI,RA Jadeja,9.0,6,1,28,2,3.11,1,,v Zimbabwe,Bulawayo,1 Aug 2013,
ODI,A Mishra,10.0,6,0,28,2,2.8,2,,v Pakistan,Mirpur,2 Mar 2014,
ODI,JJ Bumrah,8.0,6,0,28,2,3.5,1,,v South Africa,The Oval,11 Jun 2017,
ODI,HH Pandya,4.0,6,0,28,2,7.0,2,,v Australia,Chennai,17 Sep 2017,
ODI,B Kumar,8.0,6,1,28,2,3.5,1,,v Australia,Melbourne,18 Jan 2019,
ODI,HH Pandya,6.0,6,0,28,2,4.66,1,,v England,Lord's,14 Jul 2022,
ODI,C Sharma,9.0,6,0,29,2,3.22,1,,v Australia,Melbourne,16 Jan 1986,
ODI,Arshad Ayub,10.0,6,0,29,2,2.9,2,,v West Indies,Sharjah,16 Oct 1989,
ODI,N Kapil Dev,10.0,6,0,29,2,2.9,1,,v Australia,Christchurch,3 Mar 1990,
ODI,A Kumble,11.0,6,2,29,2,2.63,1,,v England,Leeds,18 Jul 1990,
ODI,A Kumble,10.0,6,0,29,2,2.9,1,,v South Africa,Centurion,11 Dec 1992,
ODI,A Kumble,10.0,6,0,29,2,2.9,2,,v South Africa,Eden Gardens,24 Nov 1993,
ODI,SR Tendulkar,10.0,6,2,29,2,2.9,2,,v New Zealand,Delhi,3 Nov 1994,
ODI,A Kumble,8.0,6,0,29,2,3.62,1,,v Pakistan,Sharjah,7 Apr 1995,
ODI,A Kumble,10.0,6,1,29,2,2.9,1,,v England,The Oval,23 May 1996,
ODI,RR Singh,4.0,6,0,29,2,7.25,2,,v Sri Lanka,Colombo (RPS),18 Jul 1997,
ODI,A Kuruvilla,10.0,6,0,29,2,2.9,1,,v Pakistan,Toronto,14 Sep 1997,
ODI,SC Ganguly,6.0,6,2,29,2,4.83,1,,v Pakistan,Toronto,20 Sep 1997,
ODI,SR Tendulkar,10.0,6,1,29,2,2.9,2,,v West Indies,Dhaka,31 Oct 1998,
ODI,A Kumble,10.0,6,1,29,2,2.9,1,,v Zimbabwe,Sharjah,13 Nov 1998,
ODI,BKV Prasad,10.0,6,0,29,2,2.9,1,,v Australia,Colombo (SSC),28 Aug 1999,
ODI,BKV Prasad,10.0,6,0,29,2,2.9,1,,v Pakistan,Sharjah,23 Mar 2000,
ODI,SB Joshi,9.3,6,1,29,2,3.05,1,,v Pakistan,Sharjah,23 Mar 2000,
ODI,BKV Prasad,10.0,6,0,29,2,2.9,1,,v Zimbabwe,Cuttack,2 Dec 2000,
ODI,Harbhajan Singh,10.0,6,0,29,2,2.9,1,,v Sri Lanka,Colombo (RPS),5 Aug 2001,
ODI,Z Khan,9.3,6,1,29,2,3.05,2,,v England,Durban,26 Feb 2003,
ODI,V Sehwag,8.0,6,0,29,2,3.62,1,,v South Africa,Bengaluru,19 Nov 2005,
ODI,RA Jadeja,10.0,6,2,29,2,2.9,2,,v South Africa,Jaipur,21 Feb 2010,
ODI,RA Jadeja,6.4,6,0,29,2,4.35,2,,v Sri Lanka,Dambulla,24 Jun 2010,
ODI,I Sharma,7.0,6,0,29,2,4.14,1,,v England,Ranchi,19 Jan 2013,
ODI,JJ Bumrah,10.0,6,1,29,2,2.9,1,,v Pakistan,Dubai (DICS),23 Sep 2018,
ODI,KK Ahmed,7.0,6,1,29,2,4.14,1,,v West Indies,Thiruvananthapuram,1 Nov 2018,
ODI,JJ Bumrah,10.0,6,0,29,2,2.9,2,,v Australia,Nagpur,5 Mar 2019,
ODI,M Prasidh Krishna,10.0,6,0,29,2,2.9,1,,v West Indies,Ahmedabad,6 Feb 2022,
ODI,Mohammed Siraj,6.0,6,1,29,2,4.83,2,,v Netherlands,Bengaluru,12 Nov 2023,
ODI,S Madan Lal,7.0,6,0,30,2,4.28,1,,v Australia,Sharjah,29 Mar 1985,
ODI,Maninder Singh,10.0,6,0,30,2,3.0,1,,v Australia,Delhi,2 Oct 1986,
ODI,N Kapil Dev,9.0,6,0,30,2,3.33,1,,v West Indies,Bridgetown,7 Mar 1989,
ODI,N Kapil Dev,10.0,6,3,30,2,3.0,2,,v West Indies,W.A.C.A,6 Dec 1991,
ODI,N Kapil Dev,10.0,6,0,30,2,3.0,2,,v Pakistan,Sydney,4 Mar 1992,
ODI,A Kumble,10.0,6,0,30,2,3.0,2,,v U.A.E.,Sharjah,13 Apr 1994,
ODI,SLV Raju,10.0,6,0,30,2,3.0,2,,v New Zealand,Delhi,3 Nov 1994,
ODI,RK Chauhan,10.0,6,1,30,2,3.0,1,,v West Indies,Sharjah,16 Dec 1997,
ODI,Harbhajan Singh,9.0,6,0,30,2,3.33,1,,v New Zealand,Colombo (RPS),23 Jun 1998,
ODI,A Kumble,10.0,6,1,30,2,3.0,2,,v England,Birmingham,29 May 1999,
ODI,A Kumble,6.0,6,0,30,2,5.0,2,,v Zimbabwe,Singapore,4 Sep 1999,
ODI,SB Joshi,8.0,6,0,30,2,3.75,1,,v West Indies,Toronto,11 Sep 1999,
ODI,BKV Prasad,8.0,6,1,30,2,3.75,2,,v West Indies,Toronto,14 Sep 1999,
ODI,BKV Prasad,10.0,6,1,30,2,3.0,2,,v South Africa,Sharjah,27 Mar 2000,
ODI,SB Joshi,8.0,6,0,30,2,3.75,2,,v Zimbabwe,Ahmedabad,5 Dec 2000,
ODI,Z Khan,8.0,6,0,30,2,3.75,1,,v Sri Lanka,Colombo (RPS),28 Jul 2001,
ODI,SC Ganguly,8.1,6,0,30,2,3.67,2,,v South Africa,Dhaka,13 Apr 2003,
ODI,RG Sharma,7.0,6,0,30,2,4.28,1,,v South Africa,Durban,12 Jan 2011,
ODI,R Ashwin,10.0,6,1,30,2,3.0,1,,v Sri Lanka,Adelaide,14 Feb 2012,
ODI,RA Jadeja,8.0,6,1,30,2,3.75,1,,v Pakistan,Birmingham,15 Jun 2013,
ODI,I Sharma,7.0,6,1,30,2,4.28,2,,v West Indies,Port of Spain,5 Jul 2013,
ODI,Mohammed Shami,8.0,6,1,30,2,3.75,2,,v South Africa,Melbourne,22 Feb 2015,
ODI,HH Pandya,9.0,6,0,30,2,3.33,2,,v South Africa,Gqeberha,13 Feb 2018,
ODI,B Kumar,9.0,6,0,30,2,3.33,2,,v England,Pune,23 Mar 2021,
ODI,AR Patel,10.0,6,1,30,2,3.0,2,,v Zimbabwe,Harare,22 Aug 2022,
ODI,Mohammed Siraj,7.0,6,1,30,2,4.28,2,,v Sri Lanka,Guwahati,10 Jan 2023,
ODI,JJ Bumrah,7.0,6,1,30,2,4.28,2,,v Sri Lanka,Colombo (RPS),12 Sep 2023,
ODI,ED Solkar,11.0,6,1,31,2,2.81,2,,v England,Leeds,13 Jul 1974,
ODI,N Kapil Dev,9.0,6,1,31,2,3.44,1,,v Pakistan,Melbourne,20 Feb 1985,
ODI,RJ Shastri,9.0,6,0,31,2,3.44,1,,v Australia,Sydney,5 Feb 1986,
ODI,RJ Shastri,9.0,6,1,31,2,3.44,2,,v Pakistan,Sharjah,5 Dec 1986,
ODI,RJ Shastri,9.0,6,1,31,2,3.44,2,,v West Indies,Eden Gardens,2 Jan 1988,
ODI,C Sharma,7.0,6,0,31,2,4.42,1,,v West Indies,Ahmedabad,7 Jan 1988,
ODI,N Kapil Dev,9.1,6,2,31,2,3.38,1,,v Pakistan,Sharjah,19 Oct 1988,
ODI,Arshad Ayub,7.0,6,1,31,2,4.42,1,,v Pakistan,Eden Gardens,28 Oct 1989,
ODI,N Kapil Dev,8.0,6,0,31,2,3.87,2,,v West Indies,Wankhede,30 Oct 1989,
ODI,A Jadeja,9.0,6,0,31,2,3.44,2,,v South Africa,Eden Gardens,24 Nov 1993,
ODI,SR Tendulkar,8.0,6,0,31,2,3.87,1,,v West Indies,Kanpur,30 Oct 1994,
ODI,A Kumble,10.0,6,0,31,2,3.1,1,,v Zimbabwe,Sharjah,8 Nov 1998,
ODI,DS Mohanty,10.0,6,2,31,2,3.1,1,,v West Indies,Toronto,11 Sep 1999,
ODI,RS Sodhi,7.0,6,0,31,2,4.42,1,,v West Indies,Harare,7 Jul 2001,
ODI,A Nehra,7.5,6,0,31,2,3.95,1,,v Sri Lanka,Colombo (RPS),28 Jul 2001,
ODI,SC Ganguly,10.0,6,1,31,2,3.1,2,,v Sri Lanka,Colombo (SSC),1 Aug 2001,
ODI,AB Agarkar,9.0,6,1,31,2,3.44,1,,v Sri Lanka,Birmingham,6 Jul 2002,
ODI,AB Agarkar,9.0,6,1,31,2,3.44,1,,v Bangladesh,Dhaka,26 Dec 2004,
ODI,V Sehwag,6.0,6,0,31,2,5.16,1,,v England,Kochi,6 Apr 2006,
ODI,MM Patel,10.0,6,1,31,2,3.1,2,,v West Indies,Kuala Lumpur,20 Sep 2006,
ODI,Z Khan,8.0,6,1,31,2,3.87,1,,v Sri Lanka,Delhi,27 Dec 2009,
ODI,Z Khan,8.0,6,2,31,2,3.87,1,,v New Zealand,Vadodara,4 Dec 2010,
ODI,B Kumar,10.0,6,2,31,2,3.1,2,,v Pakistan,Delhi,6 Jan 2013,
ODI,RA Jadeja,9.0,6,1,31,2,3.44,2,,v South Africa,Cardiff,6 Jun 2013,
ODI,MM Sharma,7.0,6,0,31,2,4.42,2,,v South Africa,Melbourne,22 Feb 2015,
ODI,DS Kulkarni,9.0,6,1,31,2,3.44,1,,v Zimbabwe,Harare,13 Jun 2016,
ODI,UT Yadav,8.0,6,0,31,2,3.87,1,,v New Zealand,Dharamsala,16 Oct 2016,
ODI,Kuldeep Yadav,10.0,6,1,31,2,3.1,1,,v West Indies,North Sound,2 Jul 2017,
ODI,Kuldeep Yadav,8.4,6,1,31,2,3.57,2,,v Sri Lanka,Colombo (RPS),31 Aug 2017,
ODI,Harshit Rana,5.0,6,1,31,2,6.2,2,,v England,Ahmedabad,12 Feb 2025,
ODI,HH Pandya,8.0,6,0,31,2,3.87,1,,v Pakistan,Dubai (DICS),23 Feb 2025,
ODI,BS Sandhu,9.0,6,1,32,2,3.55,2,,v West Indies,Lord's,25 Jun 1983,
ODI,L Sivaramakrishnan,10.0,6,0,32,2,3.2,1,,v Australia,Melbourne,3 Mar 1985,
ODI,N Kapil Dev,7.0,6,0,32,2,4.57,2,,v Pakistan,Pune,22 Mar 1987,
ODI,M Prabhakar,8.2,6,0,32,2,3.84,1,,v West Indies,Sharjah,22 Oct 1991,
ODI,SLV Raju,9.0,6,1,32,2,3.55,2,,v Australia,Adelaide,15 Dec 1991,
ODI,A Kumble,6.0,6,0,32,2,5.33,1,,v Zimbabwe,Guwahati,22 Mar 1993,
ODI,BKV Prasad,10.0,6,1,32,2,3.2,1,,v Sri Lanka,Sharjah,14 Apr 1995,
ODI,A Jadeja,7.0,6,0,32,2,4.57,2,,v Zimbabwe,Kanpur,6 Mar 1996,
ODI,SB Joshi,10.0,6,0,32,2,3.2,2,,v South Africa,Rajkot,29 Oct 1996,
ODI,BKV Prasad,10.0,6,1,32,2,3.2,1,,v Australia,Sharjah,24 Apr 1998,
ODI,SR Tendulkar,5.0,6,0,32,2,6.4,2,,v South Africa,Nairobi (Gym),13 Oct 2000,
ODI,Harbhajan Singh,10.0,6,1,32,2,3.2,1,,v Sri Lanka,Colombo (RPS),28 Jul 2001,
ODI,IK Pathan,9.0,6,0,32,2,3.55,2,,v England,Lord's,5 Sep 2004,
ODI,AB Agarkar,7.0,6,0,32,2,4.57,2,,v Bangladesh,Dhaka,27 Dec 2004,
ODI,L Balaji,6.0,6,0,32,2,5.33,2,,v Pakistan,Kochi,2 Apr 2005,
ODI,Z Khan,10.0,6,1,32,2,3.2,2,,v Sri Lanka,Dambulla,30 Jul 2005,
ODI,Jai P Yadav,10.0,6,1,32,2,3.2,1,,v Sri Lanka,Mohali,28 Oct 2005,
ODI,Harbhajan Singh,10.0,6,0,32,2,3.2,1,,v South Africa,Wankhede,28 Nov 2005,
ODI,Yuvraj Singh,10.0,6,2,32,2,3.2,2,,v England,Delhi,28 Mar 2006,
ODI,AB Agarkar,10.0,6,1,32,2,3.2,2,,v West Indies,Basseterre,23 May 2006,
ODI,Z Khan,10.0,6,1,32,2,3.2,2,,v Bermuda,Port of Spain,19 Mar 2007,
ODI,Z Khan,7.0,6,0,32,2,4.57,2,,v Bangladesh,Mirpur,12 May 2007,
ODI,SR Tendulkar,5.0,6,0,32,2,6.4,1,,v Pakistan,Guwahati,5 Nov 2007,
ODI,I Sharma,9.0,6,1,32,2,3.55,1,,v Australia,Adelaide,17 Feb 2008,
ODI,MM Patel,9.0,6,0,32,2,3.55,2,,v Sri Lanka,Dambulla,18 Aug 2008,
ODI,A Nehra,6.2,6,0,32,2,5.05,1,,v Sri Lanka,Cuttack,21 Dec 2009,
ODI,I Sharma,9.0,6,1,32,2,3.55,1,,v Sri Lanka,Dambulla,16 Aug 2010,
ODI,UT Yadav,5.0,6,0,32,2,6.4,2,,v England,Hyderabad,14 Oct 2011,
ODI,A Mithun,7.0,6,1,32,2,4.57,2,,v West Indies,Chennai,11 Dec 2011,
ODI,Mohammed Shami,6.0,6,0,32,2,5.33,2,,v England,Cardiff,27 Aug 2014,
ODI,HH Pandya,6.0,6,0,32,2,5.33,2,,v West Indies,North Sound,30 Jun 2017,
ODI,JJ Bumrah,7.0,6,0,32,2,4.57,2,,v Sri Lanka,Colombo (RPS),31 Aug 2017,
ODI,JJ Bumrah,7.0,6,0,32,2,4.57,2,,v South Africa,Cape Town,7 Feb 2018,
ODI,Kuldeep Yadav,9.0,6,1,32,2,3.55,2,,v Pakistan,Manchester,16 Jun 2019,
ODI,Shahbaz Ahmed,7.0,6,0,32,2,4.57,1,,v South Africa,Delhi,11 Oct 2022,
ODI,Mohammed Shami,8.0,6,1,32,2,4.0,1,,v Bangladesh,Colombo (RPS),15 Sep 2023,
ODI,S Madan Lal,7.0,6,0,33,2,4.71,1,,v England,Jalandhar,20 Dec 1981,
ODI,N Kapil Dev,10.0,6,0,33,2,3.3,2,,v West Indies,Albion,29 Mar 1983,
ODI,N Kapil Dev,10.0,6,2,33,2,3.3,1,,v Pakistan,Jaipur,2 Oct 1983,
ODI,M Prabhakar,8.0,6,1,33,2,4.12,1,,v Sri Lanka,Colombo (RPS),12 Aug 1993,
ODI,J Srinath,10.0,6,1,33,2,3.3,1,,v West Indies,Ahmedabad,16 Nov 1993,
ODI,AR Kapoor,10.0,6,0,33,2,3.3,1,,v New Zealand,Brabourne,29 Nov 1995,
ODI,A Kumble,9.4,6,1,33,2,3.41,2,,v Zimbabwe,Kanpur,6 Mar 1996,
ODI,BKV Prasad,9.0,6,2,33,2,3.66,2,,v England,Leeds,25 May 1996,
ODI,Harvinder Singh,8.0,6,0,33,2,4.12,2,,v Pakistan,Toronto,21 Sep 1997,
ODI,SC Ganguly,9.0,6,1,33,2,3.66,2,,v Pakistan,Toronto,21 Sep 1997,
ODI,HH Kanitkar,10.0,6,1,33,2,3.3,1,,v Australia,Kanpur,7 Apr 1998,
ODI,N Chopra,9.0,6,0,33,2,3.66,1,,v New Zealand,Guwahati,14 Nov 1999,
ODI,SB Joshi,10.0,6,1,33,2,3.3,2,,v Australia,W.A.C.A,30 Jan 2000,
ODI,A Nehra,10.0,6,2,33,2,3.3,1,,v Zimbabwe,Harare,24 Jun 2001,
ODI,Z Khan,7.0,6,0,33,2,4.71,2,,v Sri Lanka,Johannesburg,10 Mar 2003,
ODI,IK Pathan,7.0,6,0,33,2,4.71,1,,v Sri Lanka,Colombo (RPS),1 Aug 2004,
ODI,Harbhajan Singh,10.0,6,2,33,2,3.3,1,,v South Africa,Bengaluru,19 Nov 2005,
ODI,AB Agarkar,10.0,6,0,33,2,3.3,2,,v Pakistan,Abu Dhabi,18 Apr 2006,
ODI,A Nehra,10.0,6,0,33,2,3.3,2,,v Pakistan,Mohali,30 Mar 2011,
ODI,UT Yadav,8.0,6,1,33,2,4.12,1,,v West Indies,Cuttack,29 Nov 2011,
ODI,MM Sharma,7.0,6,0,33,2,4.71,2,,v Zimbabwe,Harare,14 Jul 2015,
ODI,Kuldeep Yadav,4.0,6,0,33,2,8.25,2,,v Australia,Chennai,17 Sep 2017,
ODI,RA Jadeja,10.0,6,0,33,2,3.3,2,,v Sri Lanka,Colombo (RPS),12 Sep 2023,
ODI,JJ Bumrah,9.0,6,1,33,2,3.66,2,,v Netherlands,Bengaluru,12 Nov 2023,
ODI,AR Patel,10.0,6,0,33,2,3.3,1,,v Sri Lanka,Colombo (RPS),2 Aug 2024,
ODI,Kuldeep Yadav,10.0,6,1,33,2,3.3,1,,v Sri Lanka,Colombo (RPS),4 Aug 2024,
ODI,Arshdeep Singh,5.0,6,0,33,2,6.6,2,,v England,Ahmedabad,12 Feb 2025,
ODI,S Venkataraghavan,8.0,6,0,34,2,4.25,1,,v Pakistan,Sahiwal,3 Nov 1978,
ODI,N Kapil Dev,9.3,6,1,34,2,3.57,2,,v New Zealand,Adelaide,23 Dec 1980,
ODI,DR Doshi,10.0,6,1,34,2,3.4,2,,v New Zealand,Adelaide,23 Dec 1980,
ODI,SM Patil,10.0,6,2,34,2,3.4,1,,v Australia,Sydney,15 Jan 1981,
ODI,N Kapil Dev,10.0,6,1,34,2,3.4,1,,v New Zealand,Hamilton,15 Feb 1981,
ODI,RMH Binny,8.0,6,2,34,2,4.25,1,,v Pakistan,Hyderabad (Deccan),10 Sep 1983,
ODI,J Srinath,9.0,6,0,34,2,3.77,2,,v South Africa,Gwalior,12 Nov 1991,
ODI,ND Hirwani,10.0,6,0,34,2,3.4,1,,v West Indies,Melbourne,16 Jan 1992,
ODI,M Prabhakar,10.0,6,3,34,2,3.4,1,,v England,W.A.C.A,22 Feb 1992,
ODI,J Srinath,10.0,6,2,34,2,3.4,1,,v England,Chandigarh,21 Jan 1993,
ODI,J Srinath,9.5,6,1,34,2,3.45,1,,v Zimbabwe,Pune,25 Mar 1993,
ODI,A Kumble,10.0,6,0,34,2,3.4,1,,v Zimbabwe,Pune,25 Mar 1993,
ODI,SLV Raju,10.0,6,2,34,2,3.4,1,,v Kenya,Cuttack,18 Feb 1996,
ODI,SR Tendulkar,10.0,6,1,34,2,3.4,1,,v Sri Lanka,Eden Gardens,13 Mar 1996,
ODI,RR Singh,10.0,6,0,34,2,3.4,2,,v South Africa,Gqeberha,2 Feb 1997,
ODI,SC Ganguly,8.0,6,0,34,2,4.25,2,,v Zimbabwe,Cuttack,9 Apr 1998,
ODI,BKV Prasad,10.0,6,0,34,2,3.4,2,,v New Zealand,Sharjah,20 Apr 1998,
ODI,A Kumble,10.0,6,0,34,2,3.4,1,,v Kenya,Eden Gardens,31 May 1998,
ODI,BKV Prasad,7.0,6,0,34,2,4.85,1,,v Sri Lanka,Colombo (SSC),1 Jul 1998,
ODI,Z Khan,8.0,6,0,34,2,4.25,2,,v Australia,Bengaluru,25 Mar 2001,
ODI,J Srinath,8.5,6,1,34,2,3.84,2,,v Australia,Indore,31 Mar 2001,
ODI,Harbhajan Singh,10.0,6,1,34,2,3.4,2,,v Namibia,Pietermaritzburg,23 Feb 2003,
ODI,Sarandeep Singh,10.0,6,0,34,2,3.4,1,,v Bangladesh,Dhaka,16 Apr 2003,
ODI,IK Pathan,9.0,6,0,34,2,3.77,2,,v Sri Lanka,Colombo (RPS),27 Jul 2004,
ODI,IK Pathan,8.0,6,1,34,2,4.25,2,,v West Indies,Colombo (RPS),7 Aug 2005,
ODI,AB Agarkar,7.5,6,0,34,2,4.34,2,,v England,Margao,3 Apr 2006,
ODI,Yuvraj Singh,8.0,6,1,34,2,4.25,1,,v England,Kochi,6 Apr 2006,
ODI,I Sharma,8.0,6,0,34,2,4.25,2,,v Australia,Nagpur,28 Oct 2009,
ODI,RA Jadeja,10.0,6,2,34,2,3.4,1,,v Sri Lanka,Dambulla,16 Aug 2010,
ODI,A Nehra,5.0,6,0,34,2,6.8,1,,v New Zealand,Chennai,10 Dec 2010,
ODI,Yuvraj Singh,6.0,6,0,34,2,5.66,1,,v Australia,Pune,13 Oct 2013,
ODI,DS Kulkarni,8.0,6,0,34,2,4.25,2,,v Bangladesh,Mirpur,24 Jun 2015,
ODI,YS Chahal,10.0,6,1,34,2,3.4,2,,v Australia,Eden Gardens,21 Sep 2017,
ODI,C Sakariya,8.0,6,0,34,2,4.25,2,,v Sri Lanka,Colombo (RPS),23 Jul 2021,
ODI,HH Pandya,6.0,6,0,34,2,5.66,1,,v Pakistan,Ahmedabad,14 Oct 2023,
ODI,S Abid Ali,12.0,6,2,35,2,2.91,2,,v New Zealand,Manchester,14 Jun 1975,
ODI,M Amarnath,8.0,6,0,35,2,4.37,1,,v Pakistan,Sahiwal,3 Nov 1978,
ODI,DR Doshi,10.0,6,0,35,2,3.5,1,,v Sri Lanka,Bengaluru,26 Sep 1982,
ODI,J Srinath,10.0,6,0,35,2,3.5,2,,v West Indies,Adelaide,14 Dec 1991,
ODI,U Chatterjee,8.0,6,0,35,2,4.37,1,,v Pakistan,Sharjah,7 Apr 1995,
ODI,J Srinath,10.0,6,1,35,2,3.5,1,,v Sri Lanka,Sharjah,9 Apr 1995,
ODI,J Srinath,10.0,6,1,35,2,3.5,2,,v England,Manchester,26 May 1996,
ODI,RL Sanghvi,10.0,6,0,35,2,3.5,1,,v Bangladesh,Mohali,14 May 1998,
ODI,Harbhajan Singh,7.0,6,0,35,2,5.0,1,,v Sri Lanka,Colombo (SSC),1 Jul 1998,
ODI,J Srinath,9.0,6,0,35,2,3.88,1,,v Zimbabwe,Bulawayo,27 Sep 1998,
ODI,J Srinath,8.0,6,0,35,2,4.37,2,,v New Zealand,Taupo,9 Jan 1999,
ODI,SC Ganguly,7.0,6,0,35,2,5.0,1,,v Pakistan,Bengaluru,4 Apr 1999,
ODI,J Srinath,10.0,6,1,35,2,3.5,1,,v Zimbabwe,Leicester,19 May 1999,
ODI,DS Mohanty,9.0,6,2,35,2,3.88,2,,v West Indies,Toronto,14 Sep 1999,
ODI,Yuvraj Singh,10.0,6,1,35,2,3.5,2,,v Kenya,Paarl,24 Oct 2001,
ODI,J Srinath,9.2,6,1,35,2,3.75,2,,v West Indies,Nagpur,9 Nov 2002,
ODI,Harbhajan Singh,5.0,6,0,35,2,7.0,1,,v West Indies,Gros Islet,3 Jul 2009,
ODI,R Ashwin,8.0,6,0,35,2,4.37,1,,v Pakistan,Birmingham,15 Jun 2013,
ODI,MM Sharma,9.0,6,0,35,2,3.88,2,,v Pakistan,Adelaide,15 Feb 2015,
ODI,R Ashwin,10.0,6,1,35,2,3.5,2,,v Bangladesh,Mirpur,24 Jun 2015,
ODI,Harbhajan Singh,10.0,6,0,35,2,3.5,2,,v Zimbabwe,Harare,14 Jul 2015,
ODI,Mohammed Shami,8.0,6,0,35,2,4.37,2,,v New Zealand,Wellington,3 Feb 2019,
ODI,JJ Bumrah,10.0,6,1,35,2,3.5,1,,v South Africa,Southampton,5 Jun 2019,
ODI,SN Thakur,8.0,6,1,35,2,4.37,1,,v South Africa,Lucknow,6 Oct 2022,
ODI,JJ Bumrah,10.0,6,0,35,2,3.5,1,,v Australia,Chennai,8 Oct 2023,
ODI,Kuldeep Yadav,10.0,6,0,35,2,3.5,1,,v Pakistan,Ahmedabad,14 Oct 2023,
ODI,N Kapil Dev,10.0,6,1,36,2,3.6,2,,v New Zealand,Melbourne,23 Jan 1986,
ODI,RJ Shastri,10.0,6,1,36,2,3.6,1,,v New Zealand,Adelaide,25 Jan 1986,
ODI,RJ Shastri,10.0,6,0,36,2,3.6,1,,v Australia,Hyderabad (Deccan),24 Sep 1986,
ODI,N Kapil Dev,8.0,6,0,36,2,4.5,1,,v Australia,Sharjah,5 Apr 1987,
ODI,Arshad Ayub,9.0,6,1,36,2,4.0,1,,v West Indies,Gwalior,22 Jan 1988,
ODI,M Venkataramana,10.0,6,0,36,2,3.6,1,,v New Zealand,Vadodara,17 Dec 1988,
ODI,RJ Shastri,10.0,6,0,36,2,3.6,1,,v Pakistan,Sharjah,27 Apr 1990,
ODI,N Kapil Dev,10.0,6,1,36,2,3.6,2,,v England,Jaipur,18 Jan 1993,
ODI,J Srinath,10.0,6,1,36,2,3.6,2,,v Zimbabwe,Kanpur,6 Mar 1996,
ODI,A Kumble,8.3,6,1,36,2,4.23,2,,v Australia,Colombo (SSC),6 Sep 1996,
ODI,A Kumble,10.0,6,0,36,2,3.6,1,,v Pakistan,Toronto,21 Sep 1996,
ODI,AR Kapoor,10.0,6,0,36,2,3.6,1,,v Pakistan,Toronto,23 Sep 1996,
ODI,A Kumble,9.4,6,2,36,2,3.72,2,,v Australia,Delhi,14 Apr 1998,
ODI,AB Agarkar,10.0,6,2,36,2,3.6,1,,v Kenya,Bengaluru,20 May 1998,
ODI,SB Joshi,10.0,6,0,36,2,3.6,1,,v Pakistan,Toronto,19 Sep 1998,
ODI,SB Joshi,10.0,6,0,36,2,3.6,2,,v Pakistan,Toronto,20 Sep 1998,
ODI,J Srinath,9.0,6,0,36,2,4.0,2,,v Australia,Dhaka,28 Oct 1998,
ODI,SB Joshi,10.0,6,1,36,2,3.6,2,,v England,Sharjah,9 Apr 1999,
ODI,DS Mohanty,10.0,6,2,36,2,3.6,1,,v South Africa,Nairobi (Gym),3 Oct 1999,
ODI,Z Khan,8.2,6,0,36,2,4.32,1,,v Sri Lanka,Birmingham,6 Jul 2002,
ODI,A Kumble,10.0,6,0,36,2,3.6,1,,v Sri Lanka,Birmingham,6 Jul 2002,
ODI,V Sehwag,7.0,6,0,36,2,5.14,2,,v Australia,Gwalior,26 Oct 2003,
ODI,A Kumble,10.0,6,1,36,2,3.6,2,,v New Zealand,Hyderabad (Deccan),15 Nov 2003,
ODI,RP Singh,10.0,6,2,36,2,3.6,1,,v Ireland,Belfast,23 Jun 2007,
ODI,MM Patel,9.0,6,0,36,2,4.0,1,,v Scotland,Glasgow,16 Aug 2007,
ODI,MM Patel,6.4,6,0,36,2,5.4,1,,v England,Kanpur,20 Nov 2008,
ODI,Z Khan,8.0,6,2,36,2,4.5,2,,v Sri Lanka,Dambulla,24 Jun 2010,
ODI,MM Patel,7.0,6,1,36,2,5.14,1,,v South Africa,Durban,12 Jan 2011,
ODI,I Sharma,4.0,6,0,36,2,9.0,2,,v England,Birmingham,23 Jun 2013,
ODI,MM Sharma,10.0,6,1,36,2,3.6,2,,v England,W.A.C.A,30 Jan 2015,
ODI,YS Chahal,8.0,6,1,36,2,4.5,1,,v New Zealand,Pune,25 Oct 2017,
ODI,YS Chahal,10.0,6,0,36,2,3.6,2,,v Afghanistan,Southampton,22 Jun 2019,
ODI,SM Patil,11.0,6,0,37,2,3.36,1,,v England,The Oval,4 Jun 1982,
ODI,N Kapil Dev,9.0,6,2,37,2,4.11,2,,v Australia,Srinagar,9 Sep 1986,
ODI,Arshad Ayub,10.0,6,1,37,2,3.7,1,,v West Indies,Ahmedabad,7 Jan 1988,
ODI,J Srinath,8.1,6,0,37,2,4.53,2,,v Pakistan,Sydney,4 Mar 1992,
ODI,RK Chauhan,9.0,6,0,37,2,4.11,1,,v Sri Lanka,Colombo (RPS),12 Aug 1993,
ODI,J Srinath,7.0,6,0,37,2,5.28,2,,v Sri Lanka,Rajkot,15 Feb 1994,
ODI,SB Joshi,10.0,6,1,37,2,3.7,1,,v Zimbabwe,Colombo (SSC),1 Sep 1996,
ODI,HH Kanitkar,7.0,6,0,37,2,5.28,2,,v Zimbabwe,Vadodara,5 Apr 1998,
ODI,BKV Prasad,10.0,6,1,37,2,3.7,1,,v Pakistan,Bengaluru,4 Apr 1999,
ODI,BKV Prasad,10.0,6,1,37,2,3.7,1,,v Zimbabwe,Leicester,19 May 1999,
ODI,N Chopra,9.0,6,2,37,2,4.11,2,,v Sri Lanka,Colombo (RPS),25 Aug 1999,
ODI,RR Singh,10.0,6,1,37,2,3.7,2,,v Australia,W.A.C.A,30 Jan 2000,
ODI,V Sehwag,8.0,6,0,37,2,4.62,2,,v Zimbabwe,Rajkot,14 Dec 2000,
ODI,Yuvraj Singh,9.0,6,0,37,2,4.11,1,,v New Zealand,Colombo (SSC),2 Aug 2001,
ODI,A Kumble,10.0,6,1,37,2,3.7,1,,v England,Chennai,25 Jan 2002,
ODI,J Srinath,7.1,6,0,37,2,5.16,1,,v England,Wankhede,3 Feb 2002,
ODI,Harbhajan Singh,10.0,6,0,37,2,3.7,2,,v South Africa,Colombo (RPS),25 Sep 2002,
ODI,L Balaji,9.1,6,0,37,2,4.03,2,,v Zimbabwe,Brisbane,20 Jan 2004,
ODI,A Kumble,7.0,6,0,37,2,5.28,1,,v Australia,Amstelveen,23 Aug 2004,
ODI,L Balaji,10.0,6,1,37,2,3.7,2,,v England,Nottingham,1 Sep 2004,
ODI,Harbhajan Singh,10.0,6,0,37,2,3.7,1,,v Sri Lanka,Margao,14 Feb 2007,
ODI,P Kumar,8.0,6,1,37,2,4.62,2,,v Australia,Nagpur,28 Oct 2009,
ODI,YK Pathan,9.0,6,1,37,2,4.11,2,,v South Africa,Gwalior,24 Feb 2010,
ODI,Z Khan,9.0,6,0,37,2,4.11,2,,v South Africa,Johannesburg,15 Jan 2011,
ODI,P Kumar,10.0,6,1,37,2,3.7,1,,v West Indies,Port of Spain,6 Jun 2011,
ODI,P Kumar,10.0,6,1,37,2,3.7,1,,v Australia,Sydney,26 Feb 2012,
ODI,IK Pathan,10.0,6,1,37,2,3.7,2,,v Sri Lanka,Hambantota,21 Jul 2012,
ODI,R Ashwin,10.0,6,0,37,2,3.7,1,,v England,Ranchi,19 Jan 2013,
ODI,R Ashwin,10.0,6,1,37,2,3.7,2,,v West Indies,Visakhapatnam,24 Nov 2013,
ODI,Mohammed Shami,8.0,6,1,37,2,4.62,2,,v Bangladesh,Melbourne,19 Mar 2015,
ODI,B Kumar,7.0,6,0,37,2,5.28,1,,v Bangladesh,Mirpur,18 Jun 2015,
ODI,DL Chahar,7.0,6,1,37,2,5.28,1,,v Sri Lanka,Colombo (RPS),18 Jul 2021,
ODI,KR Sen,5.0,6,0,37,2,7.4,2,,v Bangladesh,Mirpur,4 Dec 2022,
ODI,Mohammed Siraj,7.0,6,1,37,2,5.28,1,,v Australia,Chennai,22 Mar 2023,
ODI,Washington Sundar,7.0,6,0,37,2,5.28,2,,v Australia,Adelaide,23 Oct 2025,
ODI,M Amarnath,8.0,6,0,38,2,4.75,2,,v Pakistan,Quetta,1 Oct 1978,
ODI,BS Sandhu,7.0,6,0,38,2,5.42,2,,v Pakistan,Karachi,21 Jan 1983,
ODI,BS Sandhu,10.0,6,0,38,2,3.8,2,,v West Indies,Albion,29 Mar 1983,
ODI,N Kapil Dev,8.5,6,1,38,2,4.3,2,,v West Indies,Vadodara,9 Nov 1983,
ODI,RMH Binny,11.0,6,2,38,2,3.45,1,,v England,The Oval,24 May 1986,
ODI,N Kapil Dev,10.0,6,1,38,2,3.8,1,,v England,Wankhede,5 Nov 1987,
ODI,Arshad Ayub,8.0,6,1,38,2,4.75,1,,v Sri Lanka,Pune,5 Dec 1990,
ODI,RJ Shastri,10.0,6,0,38,2,3.8,2,,v West Indies,Sharjah,19 Oct 1991,
ODI,RJ Shastri,10.0,6,0,38,2,3.8,1,,v Australia,Melbourne,18 Jan 1992,
ODI,N Kapil Dev,10.0,6,0,38,2,3.8,1,,v England,W.A.C.A,22 Feb 1992,
ODI,SLV Raju,10.0,6,0,38,2,3.8,2,,v New Zealand,Dunedin,12 Mar 1992,
ODI,BKV Prasad,8.2,6,1,38,2,4.56,1,,v West Indies,Chennai,23 Oct 1994,
ODI,A Kumble,9.0,6,1,38,2,4.22,2,,v Pakistan,Sharjah,15 Apr 1996,
ODI,BKV Prasad,7.0,6,0,38,2,5.42,1,,v Pakistan,Toronto,16 Sep 1996,
ODI,BKV Prasad,9.0,6,0,38,2,4.22,2,,v South Africa,Rajkot,29 Oct 1996,
ODI,AB Agarkar,9.0,6,0,38,2,4.22,1,,v Sri Lanka,Colombo (RPS),19 Jun 1998,
ODI,BKV Prasad,5.1,6,0,38,2,7.35,2,,v New Zealand,Hyderabad (Deccan),8 Nov 1999,
ODI,A Kumble,8.0,6,0,38,2,4.75,2,,v New Zealand,Gwalior,11 Nov 1999,
ODI,BKV Prasad,10.0,6,0,38,2,3.8,1,,v Zimbabwe,Sharjah,26 Oct 2000,
ODI,Harbhajan Singh,10.0,6,2,38,2,3.8,1,,v Kenya,Gqeberha,17 Oct 2001,
ODI,A Nehra,9.0,6,1,38,2,4.22,1,,v New Zealand,Wellington,8 Jan 2003,
ODI,A Kumble,9.4,6,0,38,2,3.93,1,,v New Zealand,Wellington,8 Jan 2003,
ODI,M Kartik,10.0,6,0,38,2,3.8,2,,v New Zealand,Hyderabad (Deccan),15 Nov 2003,
ODI,AB Agarkar,9.0,6,0,38,2,4.22,1,,v West Indies,Kingston,18 May 2006,
ODI,RR Powar,10.0,6,0,38,2,3.8,1,,v West Indies,Kingston,20 May 2006,
ODI,Harbhajan Singh,10.0,6,0,38,2,3.8,1,,v Australia,Sydney,2 Mar 2008,
ODI,P Kumar,9.0,6,0,38,2,4.22,2,,v Sri Lanka,Colombo (RPS),5 Feb 2009,
ODI,R Ashwin,9.1,6,0,38,2,4.14,2,,v England,Cardiff,27 Aug 2014,
ODI,UT Yadav,8.0,6,0,38,2,4.75,2,,v Sri Lanka,Eden Gardens,13 Nov 2014,
ODI,R Ashwin,10.0,6,1,38,2,3.8,1,,v Ireland,Hamilton,10 Mar 2015,
ODI,JJ Bumrah,10.0,6,2,38,2,3.8,1,,v New Zealand,Pune,25 Oct 2017,
ODI,YS Chahal,10.0,6,0,38,2,3.8,1,,v South Africa,Centurion,16 Feb 2018,
ODI,Kuldeep Yadav,10.0,6,0,38,2,3.8,1,,v Afghanistan,Dubai (DICS),25 Sep 2018,
ODI,Kuldeep Yadav,10.0,6,0,38,2,3.8,2,,v Zimbabwe,Harare,22 Aug 2022,
ODI,RA Jadeja,9.5,6,0,38,2,3.86,1,,v Pakistan,Ahmedabad,14 Oct 2023,
ODI,RA Jadeja,10.0,6,0,38,2,3.8,1,,v Bangladesh,Pune,19 Oct 2023,
ODI,Washington Sundar,10.0,6,0,38,2,3.8,2,,v South Africa,Paarl,21 Dec 2023,
ODI,HH Pandya,5.0,6,0,38,2,7.6,2,,v England,Ahmedabad,12 Feb 2025,
ODI,M Amarnath,10.0,6,0,39,2,3.9,1,,v East Africa,Leeds,11 Jun 1975,
ODI,KD Ghavri,10.0,6,0,39,2,3.9,1,,v Australia,Sydney,15 Jan 1981,
ODI,SM Patil,10.0,6,1,39,2,3.9,1,,v New Zealand,Auckland,14 Feb 1981,
ODI,S Madan Lal,8.0,6,0,39,2,4.87,1,,v Pakistan,Gujranwala,3 Dec 1982,
ODI,S Madan Lal,9.0,6,0,39,2,4.33,2,,v West Indies,Vadodara,9 Nov 1983,
ODI,RMH Binny,9.0,6,1,39,2,4.33,1,,v Australia,Melbourne,16 Jan 1986,
ODI,N Kapil Dev,9.0,6,0,39,2,4.33,1,,v Sri Lanka,Dhaka,29 Oct 1988,
ODI,ND Hirwani,10.0,6,2,39,2,3.9,1,,v Australia,Christchurch,3 Mar 1990,
ODI,SR Tendulkar,9.0,6,0,39,2,4.33,1,,v Sri Lanka,Pune,5 Dec 1990,
ODI,SLV Raju,10.0,6,0,39,2,3.9,2,,v Pakistan,Sharjah,18 Oct 1991,
ODI,M Prabhakar,9.0,6,1,39,2,4.33,2,,v West Indies,Brisbane,11 Jan 1992,
ODI,J Srinath,10.0,6,1,39,2,3.9,1,,v West Indies,Melbourne,16 Jan 1992,
ODI,J Srinath,9.3,6,1,39,2,4.1,2,,v South Africa,Johannesburg,13 Dec 1992,
ODI,A Kumble,10.0,6,1,39,2,3.9,2,,v Sri Lanka,Delhi,2 Mar 1996,
ODI,SC Ganguly,7.5,6,1,39,2,4.97,1,,v Pakistan,Toronto,17 Sep 1997,
ODI,A Kumble,10.0,6,2,39,2,3.9,1,,v Sri Lanka,Sharjah,6 Nov 1998,
ODI,J Srinath,8.0,6,1,39,2,4.87,1,,v Pakistan,Jaipur,24 Mar 1999,
ODI,A Kumble,10.0,6,0,39,2,3.9,2,,v New Zealand,Hyderabad (Deccan),8 Nov 1999,
ODI,AB Agarkar,10.0,6,0,39,2,3.9,2,,v Pakistan,Brisbane,10 Jan 2000,
ODI,A Kumble,10.0,6,0,39,2,3.9,2,,v South Africa,Faridabad,15 Mar 2000,
ODI,AB Agarkar,8.0,6,0,39,2,4.87,2,,v Sri Lanka,Sharjah,20 Oct 2000,
ODI,A Kumble,7.0,6,0,39,2,5.57,1,,v England,The Oval,9 Jul 2002,
ODI,SB Bangar,10.0,6,2,39,2,3.9,1,,v West Indies,Jodhpur,21 Nov 2002,
ODI,V Sehwag,6.0,6,0,39,2,6.5,1,,v West Indies,Dambulla,31 Jul 2005,
ODI,S Sreesanth,5.4,6,0,39,2,6.88,2,,v Sri Lanka,Nagpur,25 Oct 2005,
ODI,MM Patel,10.0,6,2,39,2,3.9,1,,v South Africa,Durban,22 Nov 2006,
ODI,S Sreesanth,10.0,6,1,39,2,3.9,1,,v Sri Lanka,Rajkot,11 Feb 2007,
ODI,MM Patel,8.3,6,1,39,2,4.58,2,,v Bangladesh,Port of Spain,17 Mar 2007,
ODI,Yuvraj Singh,6.0,6,0,39,2,6.5,1,,v Sri Lanka,Colombo (RPS),8 Feb 2009,
ODI,I Sharma,8.0,6,2,39,2,4.87,1,,v Pakistan,Centurion,26 Sep 2009,
ODI,RA Jadeja,9.0,6,2,39,2,4.33,1,,v West Indies,Visakhapatnam,2 Dec 2011,
ODI,R Vinay Kumar,8.0,6,1,39,2,4.87,1,,v West Indies,Ahmedabad,5 Dec 2011,
ODI,UT Yadav,6.0,6,0,39,2,6.5,1,,v Australia,Sydney,26 Feb 2012,
ODI,Z Khan,10.0,6,0,39,2,3.9,1,,v Sri Lanka,Colombo (RPS),28 Jul 2012,
ODI,AR Patel,10.0,6,1,39,2,3.9,1,,v Sri Lanka,Ahmedabad,6 Nov 2014,
ODI,AR Patel,6.4,6,0,39,2,5.85,2,,v Zimbabwe,Harare,14 Jul 2015,
ODI,JJ Bumrah,10.0,6,1,39,2,3.9,1,,v Bangladesh,Birmingham,15 Jun 2017,
ODI,JJ Bumrah,10.0,6,1,39,2,3.9,2,,v Afghanistan,Southampton,22 Jun 2019,
ODI,YS Chahal,7.0,6,0,39,2,5.57,2,,v West Indies,Manchester,27 Jun 2019,
ODI,Mohammed Shami,8.0,6,0,39,2,4.87,2,,v West Indies,Port of Spain,11 Aug 2019,
ODI,Maninder Singh,10.0,6,0,40,2,4.0,2,,v New Zealand,Bengaluru,14 Oct 1987,
ODI,RJ Shastri,8.0,6,0,40,2,5.0,2,,v Sri Lanka,Sharjah,25 Mar 1988,
ODI,ND Hirwani,10.0,6,1,40,2,4.0,2,,v Sri Lanka,Sharjah,25 Mar 1988,
ODI,N Kapil Dev,11.0,6,2,40,2,3.63,1,,v England,Nottingham,20 Jul 1990,
ODI,N Kapil Dev,10.0,6,2,40,2,4.0,1,,v England,Chandigarh,21 Jan 1993,
ODI,SR Tendulkar,7.1,6,0,40,2,5.58,2,,v Pakistan,Sharjah,15 Apr 1996,
ODI,A Kumble,10.0,6,0,40,2,4.0,1,,v Australia,Bengaluru,21 Oct 1996,
ODI,RR Singh,10.0,6,1,40,2,4.0,2,,v South Africa,Wankhede,6 Nov 1996,
ODI,J Srinath,10.0,6,1,40,2,4.0,2,,v South Africa,Wankhede,14 Dec 1996,
ODI,J Srinath,8.0,6,0,40,2,5.0,2,,v Pakistan,Dhaka,11 Jan 1998,
ODI,J Srinath,9.0,6,1,40,2,4.44,1,,v Pakistan,Dhaka,14 Jan 1998,
ODI,AB Agarkar,10.0,6,1,40,2,4.0,1,,v Kenya,Nairobi (Gym),3 Oct 2000,
ODI,Z Khan,10.0,6,0,40,2,4.0,2,,v Australia,Nairobi (Gym),7 Oct 2000,
ODI,AB Agarkar,8.2,6,0,40,2,4.8,2,,v South Africa,Centurion,10 Oct 2001,
ODI,Harbhajan Singh,8.0,6,0,40,2,5.0,1,,v England,Kanpur,28 Jan 2002,
ODI,SC Ganguly,8.0,6,0,40,2,5.0,1,,v England,Wankhede,3 Feb 2002,
ODI,V Sehwag,10.0,6,0,40,2,4.0,1,,v Zimbabwe,Hobart,14 Jan 2004,
ODI,SR Tendulkar,10.0,6,0,40,2,4.0,1,,v Sri Lanka,Colombo (RPS),1 Aug 2004,
ODI,AB Agarkar,9.0,6,0,40,2,4.44,2,,v West Indies,Vadodara,31 Jan 2007,
ODI,Yuvraj Singh,7.0,6,0,40,2,5.71,2,,v Bangladesh,Mirpur,12 May 2007,
ODI,RP Singh,7.0,6,0,40,2,5.71,2,,v England,Lord's,8 Sep 2007,
ODI,Z Khan,10.0,6,0,40,2,4.0,1,,v Pakistan,Gwalior,15 Nov 2007,
ODI,Z Khan,10.0,6,0,40,2,4.0,2,,v Bangladesh,Mirpur,19 Feb 2011,
ODI,MM Patel,10.0,6,1,40,2,4.0,2,,v Pakistan,Mohali,30 Mar 2011,
ODI,I Sharma,7.0,6,0,40,2,5.71,1,,v Pakistan,Birmingham,15 Jun 2013,
ODI,RA Jadeja,10.0,6,0,40,2,4.0,1,,v England,Birmingham,2 Sep 2014,
ODI,A Mishra,10.0,6,2,40,2,4.0,2,,v West Indies,Delhi,11 Oct 2014,
ODI,JJ Bumrah,10.0,6,0,40,2,4.0,1,,v Australia,Sydney,23 Jan 2016,
ODI,RA Jadeja,8.0,6,1,40,2,5.0,1,,v Australia,Dubai (DICS),4 Mar 2025,
ODI,Kuldeep Yadav,10.0,6,0,40,2,4.0,1,,v New Zealand,Dubai (DICS),9 Mar 2025,
ODI,Mohammed Siraj,8.0,6,0,40,2,5.0,1,,v New Zealand,Vadodara,11 Jan 2026,
ODI,N Kapil Dev,10.0,6,0,41,2,4.1,1,,v Sri Lanka,Delhi,15 Sep 1982,
ODI,N Kapil Dev,10.0,6,2,41,2,4.1,1,,v Sri Lanka,Bengaluru,26 Sep 1982,
ODI,S Madan Lal,10.0,6,0,41,2,4.1,1,,v Sri Lanka,Bengaluru,26 Sep 1982,
ODI,M Azharuddin,9.0,6,1,41,2,4.55,1,,v West Indies,Sharjah,30 Nov 1986,
ODI,C Sharma,10.0,6,0,41,2,4.1,1,,v Zimbabwe,Ahmedabad,26 Oct 1987,
ODI,Arshad Ayub,10.0,6,1,41,2,4.1,2,,v New Zealand,Sharjah,27 Mar 1988,
ODI,RK Chauhan,10.0,6,0,41,2,4.1,2,,v Sri Lanka,Colombo (RPS),25 Jul 1993,
ODI,M Prabhakar,10.0,6,0,41,2,4.1,2,,v Zimbabwe,Indore,18 Nov 1993,
ODI,RK Chauhan,10.0,6,0,41,2,4.1,2,,v Australia,Colombo (RPS),9 Sep 1994,
ODI,A Kumble,7.0,6,0,41,2,5.85,2,,v West Indies,Visakhapatnam,7 Nov 1994,
ODI,PS Vaidya,8.4,6,1,41,2,4.73,1,,v Bangladesh,Sharjah,5 Apr 1995,
ODI,J Srinath,7.5,6,1,41,2,5.23,2,,v Australia,Kochi,1 Apr 1998,
ODI,BKV Prasad,8.0,6,0,41,2,5.12,1,,v Australia,Sharjah,22 Apr 1998,
ODI,AB Agarkar,10.0,6,1,41,2,4.1,1,,v Pakistan,Sharjah,13 Apr 1999,
ODI,A Kumble,10.0,6,0,41,2,4.1,1,,v Zimbabwe,Leicester,19 May 1999,
ODI,DS Mohanty,10.0,6,0,41,2,4.1,2,,v New Zealand,Nottingham,12 Jun 1999,
ODI,R Vijay Bharadwaj,10.0,6,0,41,2,4.1,1,,v New Zealand,Guwahati,14 Nov 1999,
ODI,BKV Prasad,10.0,6,0,41,2,4.1,1,,v Pakistan,Hobart,21 Jan 2000,
ODI,BKV Prasad,8.0,6,0,41,2,5.12,2,,v Pakistan,Adelaide,25 Jan 2000,
ODI,Z Khan,9.0,6,1,41,2,4.55,1,,v New Zealand,Colombo (RPS),20 Jul 2001,
ODI,Yuvraj Singh,10.0,6,1,41,2,4.1,1,,v Sri Lanka,Colombo (RPS),22 Jul 2001,
ODI,SR Tendulkar,7.0,6,0,41,2,5.85,2,,v Zimbabwe,Colombo (RPS),14 Sep 2002,
ODI,Harbhajan Singh,10.0,6,0,41,2,4.1,1,,v Kenya,Cape Town,7 Mar 2003,
ODI,Yuvraj Singh,10.0,6,1,41,2,4.1,1,,v Pakistan,Rawalpindi,16 Mar 2004,
ODI,I Sharma,5.0,6,0,41,2,8.2,2,,v England,Bengaluru,23 Nov 2008,
ODI,P Kumar,7.0,6,0,41,2,5.85,2,,v Sri Lanka,Colombo (RPS),3 Feb 2009,
ODI,RA Jadeja,9.0,6,1,41,2,4.55,1,,v Australia,Delhi,31 Oct 2009,
ODI,Harbhajan Singh,10.0,6,0,41,2,4.1,2,,v Sri Lanka,Mirpur,13 Jan 2010,
ODI,RA Jadeja,8.5,6,0,41,2,4.64,2,,v South Africa,Gwalior,24 Feb 2010,
ODI,Z Khan,9.3,6,0,41,2,4.31,1,,v Pakistan,Dambulla,19 Jun 2010,
ODI,R Ashwin,10.0,6,0,41,2,4.1,2,,v West Indies,Chennai,20 Mar 2011,
ODI,RA Jadeja,10.0,6,0,41,2,4.1,1,,v England,Wankhede,23 Oct 2011,
ODI,AR Patel,10.0,6,1,41,2,4.1,2,,v Zimbabwe,Harare,10 Jul 2015,
ODI,Kuldeep Yadav,10.0,6,0,41,2,4.1,1,,v Pakistan,Dubai (DICS),23 Sep 2018,
ODI,KM Jadhav,9.0,6,0,41,2,4.55,1,,v Bangladesh,Dubai (DICS),28 Sep 2018,
ODI,SN Thakur,9.0,6,1,41,2,4.55,2,,v West Indies,Ahmedabad,9 Feb 2022,
ODI,DL Chahar,8.0,6,1,41,2,5.12,2,,v West Indies,Ahmedabad,11 Feb 2022,
ODI,JJ Bumrah,10.0,6,1,41,2,4.1,1,,v Bangladesh,Pune,19 Oct 2023,
ODI,Kuldeep Yadav,10.0,6,1,41,2,4.1,2,,v Netherlands,Bengaluru,12 Nov 2023,
ODI,Arshdeep Singh,8.2,6,0,41,2,4.92,2,,v Australia,Adelaide,23 Oct 2025,
ODI,RMH Binny,9.0,6,0,42,2,4.66,1,,v Sri Lanka,Sharjah,27 Nov 1986,
ODI,N Kapil Dev,9.2,6,0,42,2,4.5,2,,v Pakistan,Jamshedpur,26 Mar 1987,
ODI,A Kumble,10.0,6,1,42,2,4.2,1,,v South Africa,Sharjah,19 Apr 1996,
ODI,BKV Prasad,7.4,6,0,42,2,5.47,1,,v Zimbabwe,Colombo (SSC),1 Sep 1996,
ODI,DS Mohanty,10.0,6,0,42,2,4.2,2,,v Pakistan,Adelaide,25 Jan 2000,
ODI,A Kumble,10.0,6,0,42,2,4.2,2,,v South Africa,Centurion,10 Oct 2001,
ODI,J Srinath,8.0,6,0,42,2,5.25,2,,v England,Eden Gardens,19 Jan 2002,
ODI,SB Bangar,9.0,6,0,42,2,4.66,2,,v Zimbabwe,Faridabad,7 Mar 2002,
ODI,Harbhajan Singh,10.0,6,0,42,2,4.2,2,,v Zimbabwe,Harare,19 Feb 2003,
ODI,M Kartik,10.0,6,1,42,2,4.2,1,,v Sri Lanka,Rajkot,9 Nov 2005,
ODI,A Kumble,10.0,6,0,42,2,4.2,1,,v South Africa,Gqeberha,29 Nov 2006,
ODI,PP Chawla,10.0,6,0,42,2,4.2,1,,v Scotland,Glasgow,16 Aug 2007,
ODI,Z Khan,7.0,6,1,42,2,6.0,2,,v Sri Lanka,Dambulla,22 Jun 2010,
ODI,MM Patel,10.0,6,1,42,2,4.2,1,,v South Africa,Cape Town,18 Jan 2011,
ODI,R Ashwin,5.0,6,0,42,2,8.4,2,,v England,Southampton,6 Sep 2011,
ODI,RA Jadeja,9.0,6,0,42,2,4.66,2,,v England,The Oval,9 Sep 2011,
ODI,IK Pathan,9.0,6,1,42,2,4.66,2,,v West Indies,Chennai,11 Dec 2011,
ODI,R Ashwin,10.0,6,0,42,2,4.2,1,,v Sri Lanka,Port of Spain,11 Jul 2013,
ODI,R Ashwin,9.5,6,0,42,2,4.27,1,,v West Indies,Kochi,21 Nov 2013,
ODI,R Ashwin,10.0,6,0,42,2,4.2,2,,v Sri Lanka,Fatullah,28 Feb 2014,
ODI,UT Yadav,10.0,6,1,42,2,4.2,1,,v West Indies,W.A.C.A,6 Mar 2015,
ODI,RA Jadeja,8.0,6,0,42,2,5.25,2,,v Bangladesh,Melbourne,19 Mar 2015,
ODI,DS Kulkarni,10.0,6,1,42,2,4.2,1,,v Zimbabwe,Harare,11 Jun 2016,
ODI,BB Sran,10.0,6,0,42,2,4.2,1,,v Zimbabwe,Harare,11 Jun 2016,
ODI,A Mishra,10.0,6,0,42,2,4.2,1,,v New Zealand,Ranchi,26 Oct 2016,
ODI,Kuldeep Yadav,10.0,6,2,42,2,4.2,2,,v Hong Kong,Dubai (DICS),18 Sep 2018,
ODI,B Kumar,7.0,6,1,42,2,6.0,2,,v New Zealand,Mount Maunganui,26 Jan 2019,
ODI,Kuldeep Yadav,10.0,6,0,42,2,4.2,1,,v Australia,Chennai,8 Oct 2023,
ODI,RMH Binny,12.0,6,1,43,2,3.58,1,,v England,Manchester,22 Jun 1983,
ODI,C Sharma,7.0,6,0,43,2,6.14,1,,v New Zealand,Brisbane,11 Jan 1986,
ODI,RJ Shastri,10.0,6,0,43,2,4.3,1,,v Australia,Melbourne,31 Jan 1986,
ODI,Maninder Singh,10.0,6,1,43,2,4.3,1,,v Pakistan,Nagpur,24 Mar 1987,
ODI,M Prabhakar,10.0,6,0,43,2,4.3,2,,v Zimbabwe,Harare,25 Oct 1992,
ODI,M Prabhakar,10.0,6,0,43,2,4.3,2,,v England,Jaipur,18 Jan 1993,
ODI,M Prabhakar,10.0,6,0,43,2,4.3,1,,v Bangladesh,Sharjah,5 Apr 1995,
ODI,BKV Prasad,10.0,6,1,43,2,4.3,1,,v South Africa,Durban,13 Feb 1997,
ODI,DS Mohanty,8.0,6,0,43,2,5.37,2,,v Pakistan,Toronto,18 Sep 1997,
ODI,SB Joshi,9.0,6,0,43,2,4.77,1,,v Zimbabwe,Sharjah,8 Nov 1998,
ODI,SB Joshi,9.0,6,0,43,2,4.77,1,,v Zimbabwe,Sharjah,11 Nov 1998,
ODI,RR Singh,7.0,6,0,43,2,6.14,1,,v Australia,The Oval,4 Jun 1999,
ODI,A Kumble,10.0,6,0,43,2,4.3,2,,v Pakistan,Manchester,8 Jun 1999,
ODI,J Srinath,10.0,6,1,43,2,4.3,1,,v Australia,Colombo (SSC),28 Aug 1999,
ODI,N Chopra,8.0,6,0,43,2,5.37,2,,v West Indies,Singapore,8 Sep 1999,
ODI,SC Ganguly,8.0,6,0,43,2,5.37,1,,v Pakistan,Hobart,21 Jan 2000,
ODI,R Dravid,9.0,6,1,43,2,4.77,1,,v South Africa,Kochi,9 Mar 2000,
ODI,BKV Prasad,7.4,6,0,43,2,5.6,2,,v Australia,Nairobi (Gym),7 Oct 2000,
ODI,RS Sodhi,6.0,6,1,43,2,7.16,2,,v Zimbabwe,Rajkot,14 Dec 2000,
ODI,J Srinath,10.0,6,0,43,2,4.3,1,,v Kenya,Cape Town,7 Mar 2003,
ODI,Z Khan,10.0,6,0,43,2,4.3,1,,v Pakistan,Lahore,21 Mar 2004,
ODI,M Kartik,10.0,6,0,43,2,4.3,1,,v Bangladesh,Dhaka,26 Dec 2004,
ODI,IK Pathan,10.0,6,2,43,2,4.3,2,,v Sri Lanka,Dambulla,30 Jul 2005,
ODI,RP Singh,9.1,6,1,43,2,4.69,1,,v Australia,Kuala Lumpur,22 Sep 2006,
ODI,S Sreesanth,8.0,6,1,43,2,5.37,2,,v Australia,Mohali,29 Oct 2006,
ODI,Harbhajan Singh,10.0,6,0,43,2,4.3,2,,v Australia,Chandigarh,8 Oct 2007,
ODI,S Sreesanth,9.0,6,0,43,2,4.77,2,,v Australia,Brisbane,4 Mar 2008,
ODI,PP Ojha,10.0,6,0,43,2,4.3,1,,v Bangladesh,Karachi,28 Jun 2008,
ODI,V Sehwag,9.0,6,0,43,2,4.77,2,,v Sri Lanka,Colombo (RPS),5 Feb 2009,
ODI,MM Patel,9.0,6,1,43,2,4.77,1,,v Sri Lanka,Dambulla,28 Aug 2010,
ODI,Yuvraj Singh,9.0,6,1,43,2,4.77,1,,v Netherlands,Delhi,9 Mar 2011,
ODI,Harbhajan Singh,10.0,6,0,43,2,4.3,2,,v Pakistan,Mohali,30 Mar 2011,
ODI,R Vinay Kumar,10.0,6,2,43,2,4.3,1,,v West Indies,Visakhapatnam,2 Dec 2011,
ODI,HH Pandya,8.0,6,0,43,2,5.37,2,,v Pakistan,Birmingham,4 Jun 2017,
ODI,RA Jadeja,8.0,6,0,43,2,5.37,2,,v Pakistan,Birmingham,4 Jun 2017,
ODI,YS Chahal,10.0,6,1,43,2,4.3,1,,v Sri Lanka,Pallekele,24 Aug 2017,
ODI,JJ Bumrah,10.0,6,0,43,2,4.3,2,,v Sri Lanka,Mohali,13 Dec 2017,
ODI,YS Chahal,9.2,6,0,43,2,4.6,2,,v South Africa,Gqeberha,13 Feb 2018,
ODI,YS Chahal,10.0,6,0,43,2,4.3,1,,v New Zealand,Napier,23 Jan 2019,
ODI,JJ Bumrah,9.3,6,0,43,2,4.52,2,,v Australia,Canberra,2 Dec 2020,
ODI,Umran Malik,8.0,6,0,43,2,5.37,2,,v Bangladesh,Chattogram,10 Dec 2022,
ODI,Kuldeep Yadav,8.0,6,1,43,2,5.37,2,,v New Zealand,Hyderabad,18 Jan 2023,
ODI,YS Chahal,7.2,6,0,43,2,5.86,2,,v New Zealand,Indore,24 Jan 2023,
ODI,HH Pandya,7.0,6,0,43,2,6.14,1,,v Afghanistan,Delhi,11 Oct 2023,
ODI,JJ Bumrah,9.0,6,2,43,2,4.77,2,,v Australia,Ahmedabad,19 Nov 2023,
ODI,AR Patel,9.0,6,1,43,2,4.77,1,,v Bangladesh,Dubai (DICS),20 Feb 2025,
ODI,BS Bedi,8.0,6,0,44,2,5.5,2,,v Pakistan,Quetta,1 Oct 1978,
ODI,B Yograj Singh,8.4,6,0,44,2,5.07,2,,v New Zealand,Brisbane,21 Dec 1980,
ODI,N Kapil Dev,10.0,6,2,44,2,4.4,1,,v Zimbabwe,Ahmedabad,26 Oct 1987,
ODI,AK Sharma,10.0,6,0,44,2,4.4,2,,v West Indies,Sharjah,16 Oct 1989,
ODI,A Kumble,10.0,6,1,44,2,4.4,2,,v West Indies,Jaipur,11 Nov 1994,
ODI,BKV Prasad,8.0,6,0,44,2,5.5,2,,v Sri Lanka,Colombo (RPS),18 Jul 1997,
ODI,A Kumble,10.0,6,1,44,2,4.4,2,,v Pakistan,Sharjah,14 Dec 1997,
ODI,J Srinath,10.0,6,1,44,2,4.4,2,,v Sri Lanka,Pune,30 Mar 1999,
ODI,R Vijay Bharadwaj,5.0,6,0,44,2,8.8,1,,v New Zealand,Rajkot,5 Nov 1999,
ODI,SR Tendulkar,8.0,6,0,44,2,5.5,1,,v Sri Lanka,Dhaka,1 Jun 2000,
ODI,A Kumble,8.0,6,0,44,2,5.5,1,,v England,Kanpur,28 Jan 2002,
ODI,AB Agarkar,8.0,6,0,44,2,5.5,2,,v Zimbabwe,Mohali,10 Mar 2002,
ODI,Harbhajan Singh,10.0,6,0,44,2,4.4,2,,v Sri Lanka,Dambulla,30 Jul 2005,
ODI,RP Singh,8.0,6,1,44,2,5.5,1,,v Zimbabwe,Harare,4 Sep 2005,
ODI,RR Powar,8.4,6,0,44,2,5.07,2,,v England,Jamshedpur,12 Apr 2006,
ODI,IK Pathan,10.0,6,1,44,2,4.4,1,,v England,Indore,15 Apr 2006,
ODI,AB Agarkar,10.0,6,1,44,2,4.4,1,,v West Indies,Port of Spain,28 May 2006,
ODI,AB Agarkar,8.0,6,0,44,2,5.5,1,,v Australia,Kuala Lumpur,22 Sep 2006,
ODI,AB Dinda,9.5,6,0,44,2,4.47,1,,v Sri Lanka,Bulawayo,30 May 2010,
ODI,PP Ojha,10.0,6,0,44,2,4.4,1,,v Sri Lanka,Bulawayo,30 May 2010,
ODI,Z Khan,10.0,6,0,44,2,4.4,1,,v South Africa,Durban,12 Jan 2011,
ODI,Yuvraj Singh,10.0,6,0,44,2,4.4,1,,v Australia,Ahmedabad,24 Mar 2011,
ODI,Z Khan,10.0,6,1,44,2,4.4,1,,v Sri Lanka,W.A.C.A,8 Feb 2012,
ODI,R Ashwin,10.0,6,0,44,2,4.4,2,,v West Indies,Kingston,30 Jun 2013,
ODI,RA Jadeja,7.0,6,1,44,2,6.28,2,,v West Indies,Port of Spain,5 Jul 2013,
ODI,UT Yadav,9.0,6,0,44,2,4.88,2,,v West Indies,Dharamsala,17 Oct 2014,
ODI,Mohammed Shami,10.0,6,2,44,2,4.4,1,,v Australia,Hyderabad,2 Mar 2019,
ODI,B Kumar,10.0,6,0,44,2,4.4,1,,v South Africa,Southampton,5 Jun 2019,
ODI,HH Pandya,8.0,6,0,44,2,5.5,2,,v Pakistan,Manchester,16 Jun 2019,
ODI,RA Jadeja,10.0,6,1,44,2,4.4,1,,v Australia,Bengaluru,19 Jan 2020,
ODI,Washington Sundar,10.0,6,0,44,2,4.4,1,,v Australia,Sydney,25 Oct 2025,
ODI,RMH Binny,11.0,6,2,45,2,4.09,2,,v Zimbabwe,Tunbridge Wells,18 Jun 1983,
ODI,RJ Shastri,10.0,6,0,45,2,4.5,2,,v New Zealand,Bengaluru,14 Oct 1987,
ODI,M Prabhakar,10.0,6,2,45,2,4.5,2,,v West Indies,Sharjah,13 Oct 1989,
ODI,M Prabhakar,10.0,6,0,45,2,4.5,1,,v Pakistan,Sharjah,20 Oct 1989,
ODI,N Kapil Dev,9.5,6,1,45,2,4.57,2,,v New Zealand,Wellington,6 Mar 1990,
ODI,A Kumble,10.0,6,0,45,2,4.5,1,,v South Africa,Sharjah,14 Apr 1996,
ODI,RR Singh,7.0,6,0,45,2,6.42,2,,v Australia,Mohali,3 Nov 1996,
ODI,A Kumble,10.0,6,0,45,2,4.5,1,,v South Africa,Durban,13 Feb 1997,
ODI,AB Agarkar,8.0,6,0,45,2,5.62,2,,v Zimbabwe,Cuttack,9 Apr 1998,
ODI,AB Agarkar,10.0,6,1,45,2,4.5,1,,v Zimbabwe,Harare,30 Sep 1998,
ODI,RR Singh,10.0,6,0,45,2,4.5,2,,v Sri Lanka,Pune,30 Mar 1999,
ODI,BKV Prasad,8.0,6,2,45,2,5.62,1,,v Kenya,Gqeberha,17 Oct 2001,
ODI,AB Agarkar,7.1,6,0,45,2,6.27,1,,v New Zealand,Bulawayo,26 Aug 2005,
ODI,RR Powar,10.0,6,0,45,2,4.5,1,,v England,Birmingham,27 Aug 2007,
ODI,RR Powar,7.0,6,0,45,2,6.42,2,,v England,Leeds,2 Sep 2007,
ODI,Yuvraj Singh,8.0,6,0,45,2,5.62,1,,v South Africa,Centurion,23 Jan 2011,
ODI,I Sharma,8.0,6,1,45,2,5.62,1,,v Sri Lanka,Port of Spain,11 Jul 2013,
ODI,R Ashwin,10.0,6,0,45,2,4.5,1,,v West Indies,Kanpur,27 Nov 2013,
ODI,AR Patel,10.0,6,0,45,2,4.5,1,,v Sri Lanka,Ranchi,16 Nov 2014,
ODI,JJ Bumrah,10.0,6,0,45,2,4.5,1,,v Sri Lanka,Colombo (RPS),3 Sep 2017,
ODI,YS Chahal,10.0,6,0,45,2,4.5,1,,v South Africa,Durban,1 Feb 2018,
ODI,HH Pandya,10.0,6,0,45,2,4.5,1,,v New Zealand,Mount Maunganui,28 Jan 2019,
ODI,RA Jadeja,10.0,6,0,45,2,4.5,1,,v Australia,Delhi,13 Mar 2019,
ODI,Avesh Khan,7.5,6,0,45,2,5.74,2,,v South Africa,Paarl,21 Dec 2023,
ODI,CV Varun,10.0,6,0,45,2,4.5,1,,v New Zealand,Dubai (DICS),9 Mar 2025,
ODI,ED Solkar,7.0,8,0,46,2,4.92,1,,v New Zealand,Auckland,22 Feb 1976,
ODI,N Kapil Dev,10.0,6,1,46,2,4.6,1,,v Australia,Sydney,15 Jan 1981,
ODI,AS Wassan,10.0,6,0,46,2,4.6,2,,v New Zealand,Wellington,6 Mar 1990,
ODI,N Kapil Dev,10.0,6,1,46,2,4.6,2,,v Sri Lanka,Nagpur,1 Dec 1990,
ODI,HH Kanitkar,10.0,6,0,46,2,4.6,1,,v Kenya,Bengaluru,20 May 1998,
ODI,Z Khan,10.0,6,0,46,2,4.6,1,,v Pakistan,Centurion,1 Mar 2003,
ODI,P Kumar,8.0,6,0,46,2,5.75,2,,v South Africa,Jaipur,21 Feb 2010,
ODI,A Mishra,10.0,6,1,46,2,4.6,2,,v West Indies,Kingston,16 Jun 2011,
ODI,R Ashwin,10.0,6,1,46,2,4.6,2,,v Sri Lanka,Hambantota,21 Jul 2012,
ODI,R Ashwin,10.0,6,1,46,2,4.6,1,,v Sri Lanka,Colombo (RPS),31 Jul 2012,
ODI,A Mishra,10.0,6,1,46,2,4.6,2,,v Zimbabwe,Harare,26 Jul 2013,
ODI,A Mishra,10.0,6,0,46,2,4.6,1,,v New Zealand,Mohali,23 Oct 2016,
ODI,HH Pandya,9.0,6,0,46,2,5.11,1,,v England,Pune,15 Jan 2017,
ODI,YS Chahal,9.0,6,0,46,2,5.11,1,,v Pakistan,Dubai (DICS),23 Sep 2018,
ODI,B Kumar,10.0,6,1,46,2,4.6,1,,v New Zealand,Mount Maunganui,28 Jan 2019,
ODI,Kuldeep Yadav,10.0,6,0,46,2,4.6,1,,v Australia,Hyderabad,2 Mar 2019,
ODI,RA Jadeja,9.0,6,0,46,2,5.11,1,,v Australia,Wankhede,17 Mar 2023,
ODI,KD Ghavri,10.0,6,1,47,2,4.7,1,,v New Zealand,Hamilton,15 Feb 1981,
ODI,RMH Binny,10.0,6,1,47,2,4.7,2,,v England,Manchester,26 May 1986,
ODI,M Prabhakar,10.0,6,0,47,2,4.7,1,,v Australia,Chennai,9 Oct 1987,
ODI,RJ Shastri,10.0,6,0,47,2,4.7,2,,v Sri Lanka,Ahmedabad,22 Oct 1989,
ODI,J Srinath,9.0,6,1,47,2,5.22,1,,v England,W.A.C.A,22 Feb 1992,
ODI,A Jadeja,8.0,6,0,47,2,5.87,1,,v South Africa,Jaipur,23 Oct 1996,
ODI,SB Joshi,10.0,6,0,47,2,4.7,1,,v New Zealand,Bengaluru,14 May 1997,
ODI,RK Chauhan,9.2,6,0,47,2,5.03,2,,v Pakistan,Sharjah,14 Dec 1997,
ODI,AB Agarkar,10.0,6,0,47,2,4.7,1,,v Pakistan,Toronto,12 Sep 1998,
ODI,J Srinath,8.0,6,0,47,2,5.87,2,,v Pakistan,Adelaide,25 Jan 2000,
ODI,AB Agarkar,10.0,6,1,47,2,4.7,1,,v Pakistan,Dhaka,3 Jun 2000,
ODI,BKV Prasad,10.0,6,0,47,2,4.7,1,,v Kenya,Nairobi (Gym),3 Oct 2000,
ODI,AB Agarkar,10.0,6,1,47,2,4.7,1,,v Sri Lanka,Vadodara,12 Nov 2005,
ODI,Harbhajan Singh,10.0,6,1,47,2,4.7,2,,v England,Margao,3 Apr 2006,
ODI,AB Agarkar,9.0,6,1,47,2,5.22,1,,v South Africa,Durban,22 Nov 2006,
ODI,IK Pathan,10.0,6,0,47,2,4.7,1,,v Australia,Kochi,2 Oct 2007,
ODI,Harbhajan Singh,8.0,6,0,47,2,5.87,1,,v Pakistan,Dambulla,19 Jun 2010,
ODI,Z Khan,9.0,6,1,47,2,5.22,1,,v South Africa,Centurion,23 Jan 2011,
ODI,PP Chawla,10.0,6,0,47,2,4.7,1,,v Netherlands,Delhi,9 Mar 2011,
ODI,MM Patel,9.0,6,1,47,2,5.22,1,,v West Indies,Port of Spain,6 Jun 2011,
ODI,VR Aaron,9.0,6,0,47,2,5.22,1,,v West Indies,Cuttack,29 Nov 2011,
ODI,AB Dinda,8.0,6,0,47,2,5.87,1,,v Pakistan,Mirpur,18 Mar 2012,
ODI,R Ashwin,10.0,6,1,47,2,4.7,2,,v Pakistan,Delhi,6 Jan 2013,
ODI,I Sharma,10.0,6,2,47,2,4.7,1,,v England,Mohali,23 Jan 2013,
ODI,RA Jadeja,10.0,6,0,47,2,4.7,1,,v New Zealand,Auckland,25 Jan 2014,
ODI,A Mishra,10.0,6,0,47,2,4.7,1,,v South Africa,Kanpur,11 Oct 2015,
ODI,YS Chahal,10.0,6,0,47,2,4.7,2,,v New Zealand,Kanpur,29 Oct 2017,
ODI,Mohammed Shami,9.4,6,0,47,2,4.86,1,,v Australia,Melbourne,18 Jan 2019,
ODI,Arshdeep Singh,8.0,6,0,47,2,5.87,1,,v Sri Lanka,Colombo (RPS),2 Aug 2024,
ODI,KBJ Azad,10.0,6,1,48,2,4.8,1,,v Australia,New Delhi,28 Sep 1984,
ODI,RMH Binny,7.0,6,0,48,2,6.85,2,,v England,Cuttack,27 Dec 1984,
ODI,N Kapil Dev,8.0,6,0,48,2,6.0,1,,v Sri Lanka,Delhi,13 Jan 1987,
ODI,AR Kapoor,7.0,6,0,48,2,6.85,1,,v New Zealand,Nagpur,26 Nov 1995,
ODI,A Kumble,10.0,6,0,48,2,4.8,1,,v New Zealand,Nagpur,26 Nov 1995,
ODI,SLV Raju,10.0,6,0,48,2,4.8,1,,v Australia,Wankhede,27 Feb 1996,
ODI,RK Chauhan,10.0,6,0,48,2,4.8,1,,v Pakistan,Karachi,30 Sep 1997,
ODI,J Srinath,9.0,6,1,48,2,5.33,1,,v West Indies,Sharjah,16 Dec 1997,
ODI,BKV Prasad,8.0,6,0,48,2,6.0,2,,v New Zealand,Sharjah,17 Apr 1998,
ODI,BKV Prasad,8.0,6,1,48,2,6.0,2,,v Sri Lanka,Sharjah,20 Oct 2000,
ODI,Harbhajan Singh,10.0,6,1,48,2,4.8,2,,v South Africa,Durban,26 Oct 2001,
ODI,Harbhajan Singh,10.0,6,1,48,2,4.8,2,,v Zimbabwe,Faridabad,7 Mar 2002,
ODI,M Kartik,10.0,6,1,48,2,4.8,1,,v Pakistan,Lahore,21 Mar 2004,
ODI,Z Khan,10.0,6,2,48,2,4.8,2,,v West Indies,Nagpur,21 Jan 2007,
ODI,IK Pathan,8.5,6,0,48,2,5.43,1,,v Bangladesh,Mirpur,12 Jun 2008,
ODI,MM Patel,9.0,6,0,48,2,5.33,2,,v Sri Lanka,Colombo (RPS),27 Aug 2008,
ODI,Harbhajan Singh,10.0,6,0,48,2,4.8,1,,v Australia,Mohali,2 Nov 2009,
ODI,Kuldeep Yadav,9.0,6,1,48,2,5.33,1,,v Sri Lanka,Colombo (RPS),18 Jul 2021,
ODI,JJ Bumrah,10.0,6,0,48,2,4.8,1,,v South Africa,Paarl,19 Jan 2022,
ODI,Umran Malik,7.0,6,0,48,2,6.85,1,,v Sri Lanka,Eden Gardens,12 Jan 2023,
ODI,Kuldeep Yadav,6.0,6,0,48,2,8.0,1,,v Australia,Rajkot,27 Sep 2023,
ODI,N Kapil Dev,8.0,6,0,49,2,6.12,1,,v Pakistan,Sahiwal,3 Nov 1978,
ODI,KD Ghavri,10.0,6,1,49,2,4.9,2,,v New Zealand,Adelaide,23 Dec 1980,
ODI,L Sivaramakrishnan,10.0,6,0,49,2,4.9,1,,v Pakistan,Melbourne,20 Feb 1985,
ODI,N Kapil Dev,10.0,6,0,49,2,4.9,1,,v Australia,Bengaluru,27 Oct 1989,
ODI,M Prabhakar,10.0,6,1,49,2,4.9,1,,v New Zealand,Dunedin,1 Mar 1990,
ODI,N Kapil Dev,11.0,6,1,49,2,4.45,1,,v England,Leeds,18 Jul 1990,
ODI,M Prabhakar,10.0,6,0,49,2,4.9,1,,v New Zealand,Vadodara,28 Oct 1994,
ODI,J Srinath,9.0,6,0,49,2,5.44,1,,v Australia,Dunedin,22 Feb 1995,
ODI,SR Tendulkar,9.0,6,0,49,2,5.44,1,,v New Zealand,Pune,24 Nov 1995,
ODI,BKV Prasad,10.0,6,0,49,2,4.9,1,,v Australia,Wankhede,27 Feb 1996,
ODI,A Kumble,10.0,6,0,49,2,4.9,1,,v South Africa,Jaipur,23 Oct 1996,
ODI,A Kumble,9.0,6,0,49,2,5.44,1,,v Zimbabwe,Bulawayo,27 Sep 1998,
ODI,N Chopra,10.0,6,0,49,2,4.9,2,,v Sri Lanka,Nagpur,22 Mar 1999,
ODI,A Nehra,10.0,6,0,49,2,4.9,1,,v England,Colombo (RPS),22 Sep 2002,
ODI,Harbhajan Singh,8.0,6,0,49,2,6.12,1,,v Australia,Johannesburg,23 Mar 2003,
ODI,Z Khan,9.0,6,1,49,2,5.44,2,,v New Zealand,Cuttack,6 Nov 2003,
ODI,A Kumble,10.0,6,0,49,2,4.9,1,,v Pakistan,Colombo (RPS),25 Jul 2004,
ODI,Z Khan,10.0,6,0,49,2,4.9,1,,v Sri Lanka,Port of Spain,23 Mar 2007,
ODI,P Kumar,10.0,6,1,49,2,4.9,1,,v Australia,Sydney,2 Mar 2008,
ODI,Z Khan,10.0,6,0,49,2,4.9,1,,v Sri Lanka,Eden Gardens,24 Dec 2009,
ODI,RA Jadeja,10.0,6,1,49,2,4.9,1,,v Sri Lanka,Bulawayo,30 May 2010,
ODI,R Ashwin,9.0,6,1,49,2,5.44,1,,v New Zealand,Vadodara,4 Dec 2010,
ODI,Yuvraj Singh,10.0,6,0,49,2,4.9,1,,v Sri Lanka,Wankhede,2 Apr 2011,
ODI,UT Yadav,10.0,6,1,49,2,4.9,1,,v Australia,Adelaide,12 Feb 2012,
ODI,B Kumar,7.0,6,0,49,2,7.0,2,,v South Africa,Cardiff,6 Jun 2013,
ODI,R Ashwin,10.0,6,1,49,2,4.9,1,,v Sri Lanka,Ahmedabad,6 Nov 2014,
ODI,RA Jadeja,10.0,6,0,49,2,4.9,2,,v Australia,Melbourne,17 Jan 2016,
ODI,HH Pandya,10.0,6,1,49,2,4.9,1,,v Sri Lanka,Visakhapatnam,17 Dec 2017,
ODI,JJ Bumrah,10.0,6,1,49,2,4.9,1,,v England,Lord's,14 Jul 2022,
ODI,RA Jadeja,9.0,6,0,49,2,5.44,2,,v Netherlands,Bengaluru,12 Nov 2023,
ODI,CV Varun,10.0,6,0,49,2,4.9,1,,v Australia,Dubai (DICS),4 Mar 2025,
ODI,S Madan Lal,11.0,6,0,50,2,4.54,1,,v England,The Oval,4 Jun 1982,
ODI,M Amarnath,9.0,6,0,50,2,5.55,2,,v Sri Lanka,Amritsar,12 Sep 1982,
ODI,TAP Sekhar,10.0,6,0,50,2,5.0,1,,v England,Nagpur,23 Jan 1985,
ODI,C Sharma,8.0,6,0,50,2,6.25,1,,v Sri Lanka,Kanpur,24 Dec 1986,
ODI,M Prabhakar,10.0,6,0,50,2,5.0,1,,v England,Bengaluru,26 Feb 1993,
ODI,M Prabhakar,9.2,6,0,50,2,5.35,2,,v Sri Lanka,Colombo (RPS),25 Jul 1993,
ODI,A Kumble,10.0,6,1,50,2,5.0,1,,v Sri Lanka,Sharjah,14 Apr 1995,
ODI,BKV Prasad,9.0,6,0,50,2,5.55,1,,v Sri Lanka,Colombo (RPS),17 Aug 1997,
ODI,S Sriram,9.0,6,0,50,2,5.55,2,,v Zimbabwe,Rajkot,14 Dec 2000,
ODI,T Yohannan,5.0,6,0,50,2,10.0,2,,v West Indies,Port of Spain,1 Jun 2002,
ODI,A Nehra,9.0,6,1,50,2,5.55,2,,v West Indies,Jamshedpur,6 Nov 2002,
ODI,AB Agarkar,8.2,6,0,50,2,6.0,1,,v Australia,Kuala Lumpur,16 Sep 2006,
ODI,R Ashwin,10.0,6,0,50,2,5.0,2,,v Sri Lanka,Harare,5 Jun 2010,
ODI,UT Yadav,8.2,6,0,50,2,6.0,1,,v England,Delhi,17 Oct 2011,
ODI,R Ashwin,10.0,6,0,50,2,5.0,1,,v Sri Lanka,Brisbane,21 Feb 2012,
ODI,R Vinay Kumar,8.3,6,0,50,2,5.88,2,,v Australia,Mohali,19 Oct 2013,
ODI,Mohammed Shami,7.2,6,0,50,2,6.81,1,,v Afghanistan,Mirpur,5 Mar 2014,
ODI,UT Yadav,10.0,6,0,50,2,5.0,2,,v Pakistan,Adelaide,15 Feb 2015,
ODI,Harbhajan Singh,10.0,6,0,50,2,5.0,2,,v South Africa,Chennai,22 Oct 2015,
ODI,HH Pandya,8.0,6,0,50,2,6.25,2,,v Sri Lanka,Colombo (RPS),31 Aug 2017,
ODI,HH Pandya,8.0,6,1,50,2,6.25,2,,v New Zealand,Wellington,3 Feb 2019,
ODI,Mohammed Shami,7.0,6,1,50,2,7.14,1,,v West Indies,Port of Spain,14 Aug 2019,
ODI,Mohammed Siraj,8.0,6,0,50,2,6.25,1,,v Pakistan,Ahmedabad,14 Oct 2023,
ODI,S Madan Lal,10.0,6,0,51,2,5.1,1,,v Sri Lanka,Delhi,15 Sep 1982,
ODI,NS Yadav,8.0,6,0,51,2,6.37,1,,v New Zealand,Brisbane,11 Jan 1986,
ODI,V Sehwag,10.0,6,0,51,2,5.1,1,,v England,The Oval,3 Sep 2004,
ODI,AB Agarkar,10.0,6,0,51,2,5.1,2,,v Bangladesh,Chattogram,23 Dec 2004,
ODI,R Vinay Kumar,8.0,6,0,51,2,6.37,2,,v Zimbabwe,Bulawayo,28 May 2010,
ODI,YK Pathan,8.0,6,0,51,2,6.37,1,,v West Indies,Port of Spain,8 Jun 2011,
ODI,I Sharma,9.0,6,0,51,2,5.66,2,,v West Indies,Kingston,30 Jun 2013,
ODI,R Ashwin,10.0,6,0,51,2,5.1,2,,v Australia,Bengaluru,2 Nov 2013,
ODI,AR Patel,7.1,6,0,51,2,7.11,2,,v Sri Lanka,Eden Gardens,13 Nov 2014,
ODI,Harbhajan Singh,10.0,6,0,51,2,5.1,2,,v South Africa,Indore,14 Oct 2015,
ODI,JJ Bumrah,10.0,6,2,51,2,5.1,1,,v Australia,Nagpur,1 Oct 2017,
ODI,Kuldeep Yadav,6.0,6,0,51,2,8.5,2,,v South Africa,Johannesburg,10 Feb 2018,
ODI,YS Chahal,9.0,6,0,51,2,5.66,1,,v New Zealand,Mount Maunganui,28 Jan 2019,
ODI,HH Pandya,10.0,6,1,51,2,5.1,2,,v Afghanistan,Southampton,22 Jun 2019,
ODI,Kuldeep Yadav,8.0,6,0,51,2,6.37,2,,v West Indies,Ahmedabad,11 Feb 2022,
ODI,RL Sanghvi,10.0,6,0,52,2,5.2,1,,v Kenya,Bengaluru,20 May 1998,
ODI,J Srinath,10.0,6,0,52,2,5.2,1,,v Australia,Melbourne,12 Jan 2000,
ODI,AB Agarkar,10.0,6,0,52,2,5.2,1,,v Pakistan,Rawalpindi,11 Feb 2006,
ODI,AB Agarkar,9.4,6,1,52,2,5.37,2,,v West Indies,Ahmedabad,26 Oct 2006,
ODI,AB Agarkar,10.0,6,1,52,2,5.2,1,,v Sri Lanka,Visakhapatnam,17 Feb 2007,
ODI,IK Pathan,10.0,6,0,52,2,5.2,1,,v Sri Lanka,Colombo (RPS),29 Aug 2008,
ODI,R Ashwin,10.0,6,0,52,2,5.2,1,,v Australia,Ahmedabad,24 Mar 2011,
ODI,R Vinay Kumar,8.0,6,0,52,2,6.5,1,,v Australia,Ranchi,23 Oct 2013,
ODI,Mohammed Shami,10.0,6,0,52,2,5.2,1,,v England,Leeds,5 Sep 2014,
ODI,JJ Bumrah,9.4,6,0,52,2,5.37,1,,v New Zealand,Mohali,23 Oct 2016,
ODI,JJ Bumrah,10.0,6,0,52,2,5.2,1,,v Australia,Indore,24 Sep 2017,
ODI,Kuldeep Yadav,10.0,6,0,52,2,5.2,1,,v West Indies,Pune,27 Oct 2018,
ODI,YS Chahal,9.2,6,0,52,2,5.57,2,,v New Zealand,Mount Maunganui,26 Jan 2019,
ODI,YS Chahal,10.0,6,0,52,2,5.2,1,,v Sri Lanka,Colombo (RPS),18 Jul 2021,
ODI,JJ Bumrah,10.0,6,0,52,2,5.2,1,,v South Africa,Cape Town,23 Jan 2022,
ODI,SM Patil,10.0,6,0,53,2,5.3,1,,v England,Cuttack,27 Jan 1982,
ODI,S Madan Lal,10.0,6,0,53,2,5.3,2,,v Pakistan,Sharjah,18 Apr 1986,
ODI,N Kapil Dev,9.3,6,0,53,2,5.57,2,,v Pakistan,Eden Gardens,18 Feb 1987,
ODI,BKV Prasad,9.0,6,0,53,2,5.88,2,,v Australia,Colombo (SSC),6 Sep 1996,
ODI,J Srinath,10.0,6,0,53,2,5.3,2,,v Pakistan,Toronto,17 Sep 1996,
ODI,A Kumble,10.0,6,0,53,2,5.3,1,,v Zimbabwe,Benoni,9 Feb 1997,
ODI,BKV Prasad,10.0,6,0,53,2,5.3,1,,v West Indies,Kingstown,30 Apr 1997,
ODI,AB Agarkar,10.0,6,1,53,2,5.3,2,,v Australia,Delhi,14 Apr 1998,
ODI,Harbhajan Singh,10.0,6,1,53,2,5.3,2,,v West Indies,Vadodara,18 Nov 2002,
ODI,IK Pathan,10.0,6,1,53,2,5.3,1,,v Pakistan,Lahore,21 Mar 2004,
ODI,Z Khan,8.0,6,1,53,2,6.62,1,,v Bangladesh,Dhaka,26 Dec 2004,
ODI,Z Khan,8.0,6,0,53,2,6.62,1,,v South Africa,Durban,22 Nov 2006,
ODI,RR Powar,10.0,6,0,53,2,5.3,2,,v West Indies,Chennai,27 Jan 2007,
ODI,Yuvraj Singh,10.0,6,0,53,2,5.3,2,,v Sri Lanka,Colombo (RPS),27 Aug 2008,
ODI,Z Khan,10.0,6,0,53,2,5.3,1,,v Australia,Ahmedabad,24 Mar 2011,
ODI,AB Dinda,8.0,6,0,53,2,6.62,1,,v England,Rajkot,11 Jan 2013,
ODI,I Sharma,10.0,6,0,53,2,5.3,2,,v Australia,Melbourne,17 Jan 2016,
ODI,B Kumar,10.0,6,1,53,2,5.3,1,,v Bangladesh,Birmingham,15 Jun 2017,
ODI,DL Chahar,8.0,6,0,53,2,6.62,1,,v Sri Lanka,Colombo (RPS),20 Jul 2021,
ODI,DL Chahar,8.0,6,0,53,2,6.62,1,,v South Africa,Cape Town,23 Jan 2022,
ODI,BKV Prasad,10.0,6,0,54,2,5.4,2,,v Pakistan,Toronto,17 Sep 1996,
ODI,J Srinath,10.0,6,0,54,2,5.4,1,,v Pakistan,Toronto,13 Sep 1998,
ODI,DS Mohanty,10.0,6,0,54,2,5.4,2,,v England,Birmingham,29 May 1999,
ODI,A Kumble,9.0,6,1,54,2,6.0,2,,v England,Eden Gardens,19 Jan 2002,
ODI,M Kartik,10.0,6,0,54,2,5.4,2,,v Pakistan,Ahmedabad,12 Apr 2005,
ODI,A Kumble,10.0,6,1,54,2,5.4,2,,v Pakistan,Kanpur,15 Apr 2005,
ODI,Z Khan,10.0,6,2,54,2,5.4,1,,v Sri Lanka,Visakhapatnam,17 Feb 2007,
ODI,AB Agarkar,9.0,6,0,54,2,6.0,1,,v Scotland,Glasgow,16 Aug 2007,
ODI,IK Pathan,8.4,6,0,54,2,6.23,2,,v Australia,Brisbane,4 Mar 2008,
ODI,I Sharma,8.0,6,0,54,2,6.75,1,,v Sri Lanka,Dambulla,28 Aug 2010,
ODI,IK Pathan,10.0,6,0,54,2,5.4,1,,v Sri Lanka,Brisbane,21 Feb 2012,
ODI,UT Yadav,10.0,6,1,54,2,5.4,1,,v Sri Lanka,Ahmedabad,6 Nov 2014,
ODI,STR Binny,10.0,6,0,54,2,5.4,2,,v Zimbabwe,Harare,10 Jul 2015,
ODI,Kuldeep Yadav,10.0,6,0,54,2,5.4,1,,v Australia,Sydney,12 Jan 2019,
ODI,SN Thakur,8.0,6,0,54,2,6.75,2,,v West Indies,Port of Spain,22 Jul 2022,
ODI,SN Thakur,7.2,6,0,54,2,7.36,2,,v New Zealand,Hyderabad,18 Jan 2023,
ODI,Arshdeep Singh,10.0,6,0,54,2,5.4,2,,v South Africa,Raipur,3 Dec 2025,
ODI,Arshad Ayub,9.0,6,0,55,2,6.11,1,,v West Indies,Delhi,23 Oct 1989,
ODI,M Prabhakar,10.0,6,0,55,2,5.5,1,,v Pakistan,Sharjah,27 Apr 1990,
ODI,J Srinath,8.0,6,0,55,2,6.87,1,,v Pakistan,Sharjah,23 Oct 1991,
ODI,A Jadeja,10.0,6,0,55,2,5.5,1,,v West Indies,Cuttack,9 Nov 1994,
ODI,A Kumble,10.0,6,0,55,2,5.5,2,,v Sri Lanka,Wankhede,17 May 1997,
ODI,AB Agarkar,10.0,6,1,55,2,5.5,1,,v Sri Lanka,Dhaka,1 Jun 2000,
ODI,A Kumble,9.0,6,0,55,2,6.11,2,,v New Zealand,Nairobi (Gym),15 Oct 2000,
ODI,J Srinath,10.0,6,0,55,2,5.5,1,,v South Africa,East London,19 Oct 2001,
ODI,Harbhajan Singh,9.0,6,0,55,2,6.11,2,,v West Indies,Port of Spain,2 Jun 2002,
ODI,AB Agarkar,9.5,6,1,55,2,5.59,2,,v South Africa,Hyderabad,16 Nov 2005,
ODI,RR Powar,10.0,6,0,55,2,5.5,1,,v Bangladesh,Mirpur,10 May 2007,
ODI,I Sharma,10.0,6,0,55,2,5.5,1,,v Sri Lanka,Karachi,3 Jul 2008,
ODI,AB Dinda,7.4,6,0,55,2,7.17,2,,v Sri Lanka,Pallekele,4 Aug 2012,
ODI,R Ashwin,10.0,6,0,55,2,5.5,1,,v Australia,Pune,13 Oct 2013,
ODI,Mohammed Shami,7.0,6,0,55,2,7.85,2,,v West Indies,Visakhapatnam,24 Nov 2013,
ODI,A Mishra,10.0,6,0,55,2,5.5,1,,v Bangladesh,Mirpur,15 Jun 2014,
ODI,STR Binny,8.0,6,0,55,2,6.87,2,,v Sri Lanka,Eden Gardens,13 Nov 2014,
ODI,UT Yadav,10.0,6,1,55,2,5.5,2,,v Australia,Melbourne,18 Jan 2015,
ODI,S Madan Lal,8.0,6,0,56,2,7.0,1,,v England,Cuttack,27 Jan 1982,
ODI,N Kapil Dev,10.0,6,0,56,2,5.6,1,,v England,Kanpur,25 Oct 1989,
ODI,A Kumble,10.0,6,0,56,2,5.6,1,,v Sri Lanka,Colombo (RPS),19 Jun 1998,
ODI,AB Agarkar,10.0,6,0,56,2,5.6,1,,v Sri Lanka,Sharjah,6 Nov 1998,
ODI,AB Agarkar,10.0,6,1,56,2,5.6,1,,v West Indies,Vijayawada,24 Nov 2002,
ODI,AB Agarkar,9.0,6,0,56,2,6.22,2,,v Australia,W.A.C.A,1 Feb 2004,
ODI,RR Powar,9.0,6,0,56,2,6.22,2,,v West Indies,Port of Spain,26 May 2006,
ODI,Harbhajan Singh,10.0,6,0,56,2,5.6,2,,v New Zealand,Christchurch,8 Mar 2009,
ODI,A Mishra,10.0,6,3,56,2,5.6,1,,v West Indies,North Sound,13 Jun 2011,
ODI,B Kumar,9.0,6,1,56,2,6.22,2,,v West Indies,Visakhapatnam,24 Nov 2013,
ODI,B Kumar,10.0,6,0,56,2,5.6,2,,v Pakistan,Mirpur,2 Mar 2014,
ODI,R Ashwin,10.0,6,1,56,2,5.6,1,,v Sri Lanka,Ranchi,16 Nov 2014,
ODI,HH Pandya,10.0,6,0,56,2,5.6,2,,v Australia,Eden Gardens,21 Sep 2017,
ODI,M Prasidh Krishna,6.0,6,0,56,2,9.33,2,,v Australia,Indore,24 Sep 2023,
ODI,Kuldeep Yadav,9.3,6,0,56,2,5.89,2,,v New Zealand,Dubai (DICS),2 Mar 2025,
ODI,RR Kulkarni,9.0,6,0,57,2,6.33,2,,v Sri Lanka,Wankhede,17 Jan 1987,
ODI,SK Sharma,11.0,6,1,57,2,5.18,1,,v England,Leeds,18 Jul 1990,
ODI,SB Joshi,8.0,6,0,57,2,7.12,2,,v Australia,Dhaka,28 Oct 1998,
ODI,A Kumble,9.0,6,0,57,2,6.33,2,,v Sri Lanka,Colombo (SSC),29 Aug 1999,
ODI,A Nehra,10.0,6,0,57,2,5.7,1,,v New Zealand,Harare,2 Sep 2005,
ODI,IK Pathan,10.0,6,0,57,2,5.7,1,,v Australia,Hyderabad,5 Oct 2007,
ODI,I Sharma,8.0,6,0,57,2,7.12,1,,v New Zealand,Hamilton,11 Mar 2009,
ODI,A Nehra,10.0,6,1,57,2,5.7,1,,v Australia,Visakhapatnam,20 Oct 2010,
ODI,Yuvraj Singh,10.0,6,1,57,2,5.7,2,,v Pakistan,Mohali,30 Mar 2011,
ODI,R Ashwin,9.0,6,0,57,2,6.33,1,,v Australia,Ranchi,23 Oct 2013,
ODI,Mohammed Shami,9.0,6,0,57,2,6.33,1,,v Australia,Delhi,13 Mar 2019,
ODI,Mohammed Siraj,10.0,6,0,57,2,5.7,2,,v West Indies,Port of Spain,22 Jul 2022,
ODI,AR Patel,8.0,6,0,57,2,7.12,1,,v Australia,Chennai,22 Mar 2023,
ODI,S Abid Ali,12.0,6,0,58,2,4.83,1,,v England,Lord's,7 Jun 1975,
ODI,A Kumble,10.0,6,0,58,2,5.8,1,,v Zimbabwe,Paarl,27 Jan 1997,
ODI,HH Kanitkar,10.0,6,0,58,2,5.8,1,,v Australia,Sharjah,24 Apr 1998,
ODI,V Sehwag,9.0,6,0,58,2,6.44,1,,v Sri Lanka,Colombo (RPS),5 Aug 2001,
ODI,Z Khan,10.0,6,0,58,2,5.8,1,,v Zimbabwe,Hyderabad (Deccan),16 Mar 2002,
ODI,A Kumble,9.0,6,0,58,2,6.44,1,,v England,Colombo (RPS),22 Sep 2002,
ODI,AB Agarkar,9.0,6,0,58,2,6.44,2,,v Pakistan,Peshawar,6 Feb 2006,
ODI,AB Agarkar,7.0,6,0,58,2,8.28,2,,v England,Leeds,2 Sep 2007,
ODI,S Sreesanth,9.0,6,0,58,2,6.44,1,,v Australia,Hyderabad,5 Oct 2007,
ODI,S Sreesanth,8.0,6,0,58,2,7.25,1,,v Australia,Sydney,24 Feb 2008,
ODI,A Nehra,10.0,6,0,58,2,5.8,1,,v Australia,Vadodara,25 Oct 2009,
ODI,Harbhajan Singh,10.0,6,0,58,2,5.8,2,,v Sri Lanka,Rajkot,15 Dec 2009,
ODI,A Nehra,10.0,6,1,58,2,5.8,1,,v Bangladesh,Mirpur,11 Jan 2010,
ODI,Z Khan,9.5,6,0,58,2,5.89,2,,v Pakistan,Mohali,30 Mar 2011,
ODI,R Vinay Kumar,10.0,6,1,58,2,5.8,1,,v Australia,Adelaide,12 Feb 2012,
ODI,UT Yadav,8.0,6,0,58,2,7.25,1,,v Bangladesh,Mirpur,18 Jun 2015,
ODI,NA Saini,10.0,6,0,58,2,5.8,1,,v West Indies,Cuttack,22 Dec 2019,
ODI,RA Jadeja,10.0,6,0,58,2,5.8,2,,v Australia,Rajkot,17 Jan 2020,
ODI,M Prasidh Krishna,10.0,6,0,58,2,5.8,2,,v England,Pune,26 Mar 2021,
ODI,YS Chahal,10.0,6,0,58,2,5.8,2,,v West Indies,Port of Spain,22 Jul 2022,
ODI,Umran Malik,10.0,6,2,58,2,5.8,1,,v Bangladesh,Mirpur,7 Dec 2022,
ODI,J Srinath,10.0,6,1,59,2,5.9,1,,v New Zealand,Napier,25 Mar 1994,
ODI,AB Agarkar,10.0,6,0,59,2,5.9,1,,v Pakistan,Toronto,13 Sep 1998,
ODI,AB Agarkar,10.0,6,1,59,2,5.9,1,,v Pakistan,Toronto,16 Sep 1998,
ODI,J Srinath,10.0,6,0,59,2,5.9,1,,v Sri Lanka,Sharjah,6 Nov 1998,
ODI,BKV Prasad,9.0,6,0,59,2,6.55,2,,v Sri Lanka,Colombo (SSC),29 Aug 1999,
ODI,AB Agarkar,8.0,6,1,59,2,7.37,2,,v Australia,Nairobi (Gym),7 Oct 2000,
ODI,Z Khan,9.0,6,0,59,2,6.55,1,,v New Zealand,Colombo (SSC),2 Aug 2001,
ODI,J Srinath,10.0,6,0,59,2,5.9,2,,v South Africa,Johannesburg,5 Oct 2001,
ODI,Harbhajan Singh,10.0,6,0,59,2,5.9,1,,v West Indies,Rajkot,12 Nov 2002,
ODI,AB Agarkar,9.4,6,0,59,2,6.1,2,,v Sri Lanka,Ahmedabad,6 Nov 2005,
ODI,RP Singh,8.3,6,1,59,2,6.94,1,,v Australia,Wankhede,17 Oct 2007,
ODI,RP Singh,10.0,6,0,59,2,5.9,2,,v Pakistan,Mohali,8 Nov 2007,
ODI,IK Pathan,10.0,6,0,59,2,5.9,1,,v Pakistan,Mirpur,14 Jun 2008,
ODI,Kuldeep Yadav,10.0,6,0,59,2,5.9,2,,v West Indies,Port of Spain,11 Aug 2019,
ODI,Harshit Rana,8.0,6,0,59,2,7.37,2,,v Australia,Adelaide,23 Oct 2025,
ODI,RJ Shastri,10.0,6,0,60,2,6.0,2,,v Australia,Srinagar,9 Sep 1986,
ODI,RJ Shastri,9.0,6,0,60,2,6.66,2,,v Pakistan,Sharjah,15 Oct 1989,
ODI,A Nehra,10.0,6,1,60,2,6.0,1,,v West Indies,Harare,7 Jul 2001,
ODI,A Nehra,9.0,6,0,60,2,6.66,2,,v West Indies,Colombo (RPS),7 Aug 2005,
ODI,IK Pathan,9.0,6,0,60,2,6.66,1,,v New Zealand,Harare,2 Sep 2005,
ODI,Harbhajan Singh,10.0,6,0,60,2,6.0,2,,v West Indies,Nagpur,21 Jan 2007,
ODI,I Sharma,9.0,6,0,60,2,6.66,1,,v England,Kanpur,20 Nov 2008,
ODI,Z Khan,10.0,6,1,60,2,6.0,1,,v England,Cuttack,26 Nov 2008,
ODI,A Nehra,8.0,6,0,60,2,7.5,2,,v South Africa,Gwalior,24 Feb 2010,
ODI,Z Khan,10.0,6,3,60,2,6.0,1,,v Sri Lanka,Wankhede,2 Apr 2011,
ODI,VR Aaron,10.0,6,0,60,2,6.0,1,,v New Zealand,Wellington,31 Jan 2014,
ODI,Parvez Rasool,10.0,6,0,60,2,6.0,1,,v Bangladesh,Mirpur,15 Jun 2014,
ODI,I Sharma,10.0,6,0,60,2,6.0,1,,v Australia,Sydney,23 Jan 2016,
ODI,YS Chahal,10.0,6,0,60,2,6.0,1,,v Sri Lanka,Dambulla,20 Aug 2017,
ODI,JJ Bumrah,10.0,6,0,60,2,6.0,1,,v Australia,Hyderabad,2 Mar 2019,
ODI,SN Thakur,10.0,6,1,60,2,6.0,1,,v New Zealand,Auckland,8 Feb 2020,
ODI,Mohammed Siraj,10.0,6,0,60,2,6.0,1,,v Bangladesh,Pune,19 Oct 2023,
ODI,M Prasidh Krishna,9.0,6,0,60,2,6.66,1,,v New Zealand,Vadodara,11 Jan 2026,
ODI,KD Ghavri,10.0,6,0,61,2,6.1,1,,v New Zealand,Brisbane,18 Jan 1981,
ODI,M Prabhakar,9.0,6,1,61,2,6.77,2,,v West Indies,Visakhapatnam,7 Nov 1994,
ODI,SR Tendulkar,9.0,6,0,61,2,6.77,1,,v Pakistan,Chennai,21 May 1997,
ODI,AB Agarkar,8.0,6,0,61,2,7.62,1,,v Australia,Sharjah,24 Apr 1998,
ODI,A Kumble,10.0,6,0,61,2,6.1,1,,v South Africa,Nagpur,19 Mar 2000,
ODI,AB Agarkar,10.0,6,0,61,2,6.1,1,,v England,Delhi,31 Jan 2002,
ODI,AB Agarkar,10.0,6,1,61,2,6.1,1,,v New Zealand,Harare,2 Sep 2005,
ODI,Z Khan,10.0,6,1,61,2,6.1,1,,v Australia,Hyderabad,5 Oct 2007,
ODI,BKV Prasad,8.0,6,0,62,2,7.75,1,,v New Zealand,Nagpur,26 Nov 1995,
ODI,AB Agarkar,10.0,6,1,62,2,6.2,1,,v Sri Lanka,Jaipur,31 Oct 2005,
ODI,Z Khan,10.0,6,0,62,2,6.2,1,,v Australia,Nagpur,14 Oct 2007,
ODI,P Kumar,10.0,6,0,62,2,6.2,2,,v Sri Lanka,Colombo (RPS),24 Aug 2008,
ODI,MM Sharma,9.0,6,0,62,2,6.88,1,,v South Africa,Rajkot,18 Oct 2015,
ODI,RA Jadeja,10.0,6,0,62,2,6.2,1,,v England,Eden Gardens,22 Jan 2017,
ODI,YS Chahal,10.0,6,0,62,2,6.2,2,,v Australia,The Oval,9 Jun 2019,
ODI,NA Saini,10.0,6,0,62,2,6.2,2,,v Australia,Rajkot,17 Jan 2020,
ODI,SK Sharma,10.0,6,1,63,2,6.3,2,,v Sri Lanka,Sharjah,25 Apr 1990,
ODI,BKV Prasad,10.0,6,1,63,2,6.3,1,,v South Africa,Bloemfontein,23 Jan 1997,
ODI,RR Singh,10.0,6,0,63,2,6.3,1,,v South Africa,Durban,13 Feb 1997,
ODI,A Nehra,10.0,6,0,63,2,6.3,1,,v Australia,Sydney,8 Feb 2004,
ODI,Z Khan,9.0,6,1,63,2,7.0,2,,v Sri Lanka,Colombo (RPS),27 Jul 2004,
ODI,I Sharma,7.0,6,0,63,2,9.0,1,,v Sri Lanka,Cuttack,21 Dec 2009,
ODI,R Ashwin,10.0,6,0,63,2,6.3,1,,v England,Mohali,23 Jan 2013,
ODI,J Srinath,10.0,6,0,64,2,6.4,2,,v Sri Lanka,Colombo (RPS),25 Jul 1993,
ODI,BKV Prasad,9.0,6,0,64,2,7.11,2,,v Pakistan,Sharjah,15 Apr 1996,
ODI,A Kumble,10.0,6,0,64,2,6.4,1,,v New Zealand,Rajkot,5 Nov 1999,
ODI,L Balaji,10.0,6,0,64,2,6.4,1,,v Pakistan,Lahore,21 Mar 2004,
ODI,Z Khan,10.0,6,0,64,2,6.4,1,,v Australia,Bengaluru,29 Sep 2007,
ODI,R Ashwin,10.0,6,0,64,2,6.4,1,,v Australia,Nagpur,30 Oct 2013,
ODI,Arshdeep Singh,10.0,6,1,64,2,6.4,2,,v South Africa,Ranchi,30 Nov 2025,
ODI,S Madan Lal,9.0,6,0,65,2,7.22,2,,v West Indies,Albion,29 Mar 1983,
ODI,Harvinder Singh,10.0,6,0,65,2,6.5,1,,v West Indies,Harare,4 Jul 2001,
ODI,A Nehra,10.0,6,0,65,2,6.5,2,,v Pakistan,Eden Gardens,13 Nov 2004,
ODI,Harbhajan Singh,10.0,6,0,65,2,6.5,2,,v Pakistan,Mohali,8 Nov 2007,
ODI,MS Gony,8.0,6,0,65,2,8.12,1,,v Bangladesh,Karachi,28 Jun 2008,
ODI,Z Khan,9.0,6,0,65,2,7.22,2,,v New Zealand,Christchurch,8 Mar 2009,
ODI,MM Patel,10.0,6,0,65,2,6.5,2,,v South Africa,Nagpur,12 Mar 2011,
ODI,Kuldeep Yadav,10.0,6,0,65,2,6.5,2,,v Australia,Rajkot,17 Jan 2020,
ODI,Harshit Rana,10.0,6,0,65,2,6.5,1,,v New Zealand,Vadodara,11 Jan 2026,
ODI,NM Kulkarni,10.0,6,0,66,2,6.6,1,,v Pakistan,Karachi,30 Sep 1997,
ODI,RP Singh,10.0,6,1,66,2,6.6,2,,v Australia,Chandigarh,8 Oct 2007,
ODI,R Ashwin,10.0,6,0,66,2,6.6,1,,v New Zealand,Bengaluru,7 Dec 2010,
ODI,I Sharma,8.0,6,0,66,2,8.25,2,,v South Africa,Cardiff,6 Jun 2013,
ODI,RA Jadeja,10.0,6,0,66,2,6.6,1,,v West Indies,Guwahati,21 Oct 2018,
ODI,B Kumar,10.0,6,0,66,2,6.6,1,,v Australia,Sydney,12 Jan 2019,
ODI,Mohammed Siraj,9.0,6,1,66,2,7.33,1,,v England,Manchester,17 Jul 2022,
ODI,Umran Malik,10.0,6,0,66,2,6.6,2,,v New Zealand,Auckland,25 Nov 2022,
ODI,SLV Raju,10.0,6,0,67,2,6.7,1,,v South Africa,Sharjah,14 Apr 1996,
ODI,AB Agarkar,10.0,6,0,67,2,6.7,1,,v Pakistan,Toronto,19 Sep 1998,
ODI,IK Pathan,9.5,6,0,67,2,6.81,1,,v Sri Lanka,Karachi,6 Jul 2008,
ODI,BS Bedi,11.0,6,0,68,2,6.18,2,,v England,Leeds,13 Jul 1974,
ODI,P Kumar,9.0,6,0,68,2,7.55,1,,v Australia,Hyderabad,5 Nov 2009,
ODI,A Nehra,9.0,6,1,68,2,7.55,1,,v Sri Lanka,Eden Gardens,24 Dec 2009,
ODI,RA Jadeja,10.0,6,0,68,2,6.8,1,,v Australia,Nagpur,30 Oct 2013,
ODI,R Ashwin,9.0,6,0,68,2,7.55,2,,v Australia,W.A.C.A,12 Jan 2016,
ODI,UT Yadav,9.5,6,0,68,2,6.91,2,,v Australia,Melbourne,17 Jan 2016,
ODI,S Madan Lal,12.0,6,0,69,2,5.75,1,,v Australia,Nottingham,13 Jun 1983,
ODI,PL Mhambrey,9.0,6,0,69,2,7.66,1,,v England,The Oval,23 May 1996,
ODI,J Srinath,10.0,6,0,69,2,6.9,2,,v South Africa,Hove,15 May 1999,
ODI,SB Joshi,10.0,6,0,69,2,6.9,1,,v South Africa,Vadodara,17 Mar 2000,
ODI,IK Pathan,8.0,6,0,69,2,8.62,2,,v Australia,W.A.C.A,1 Feb 2004,
ODI,A Nehra,9.0,6,1,70,2,7.77,1,,v New Zealand,Bengaluru,7 Dec 2010,
ODI,MM Patel,10.0,6,0,70,2,7.0,2,,v England,Bengaluru,27 Feb 2011,
ODI,UT Yadav,9.5,6,0,70,2,7.11,1,,v England,Nottingham,12 Jul 2018,
ODI,T Natarajan,10.0,6,1,70,2,7.0,2,,v Australia,Canberra,2 Dec 2020,
ODI,A Kumble,10.0,6,0,71,2,7.1,1,,v Australia,Adelaide,26 Jan 2000,
ODI,Yuvraj Singh,10.0,6,0,71,2,7.1,2,,v New Zealand,Christchurch,8 Mar 2009,
ODI,PP Chawla,10.0,6,0,71,2,7.1,2,,v England,Bengaluru,27 Feb 2011,
ODI,UT Yadav,10.0,6,0,71,2,7.1,1,,v South Africa,Kanpur,11 Oct 2015,
ODI,Mohammed Shami,9.1,6,0,72,2,7.85,2,,v West Indies,Dharamsala,17 Oct 2014,
ODI,R Vinay Kumar,9.0,6,0,73,2,8.11,1,,v Australia,Jaipur,16 Oct 2013,
ODI,Mohammed Siraj,10.0,6,0,73,2,7.3,1,,v Bangladesh,Mirpur,7 Dec 2022,
ODI,Kuldeep Yadav,10.0,6,0,73,2,7.3,1,,v New Zealand,Dharamsala,22 Oct 2023,
ODI,AB Agarkar,10.0,6,0,74,2,7.4,1,,v Zimbabwe,Cuttack,2 Dec 2000,
ODI,A Nehra,10.0,6,0,74,2,7.4,1,,v Pakistan,Centurion,1 Mar 2003,
ODI,M Kartik,10.0,6,0,74,2,7.4,2,,v Pakistan,Karachi,13 Mar 2004,
ODI,S Sreesanth,9.0,6,1,74,2,8.22,2,,v South Africa,Jaipur,21 Feb 2010,
ODI,RA Jadeja,10.0,6,0,74,2,7.4,2,,v West Indies,Visakhapatnam,18 Dec 2019,
ODI,RMH Binny,8.0,6,0,75,2,9.37,1,,v Australia,Delhi,2 Oct 1986,
ODI,A Bhandari,10.0,6,0,75,2,7.5,1,,v Pakistan,Dhaka,3 Jun 2000,
ODI,IK Pathan,10.0,6,0,75,2,7.5,1,,v Australia,Sydney,8 Feb 2004,
ODI,UT Yadav,10.0,6,0,75,2,7.5,2,,v South Africa,Cardiff,6 Jun 2013,
ODI,MM Sharma,10.0,6,0,75,2,7.5,1,,v Australia,Sydney,26 Mar 2015,
ODI,Kuldeep Yadav,10.0,6,0,75,2,7.5,1,,v Australia,Indore,24 Sep 2017,
ODI,DL Chahar,10.0,6,0,75,2,7.5,2,,v Zimbabwe,Harare,22 Aug 2022,
ODI,DS Mohanty,10.0,6,0,76,2,7.6,1,,v Pakistan,Hobart,21 Jan 2000,
ODI,UT Yadav,10.0,6,0,76,2,7.6,2,,v Sri Lanka,Hambantota,21 Jul 2012,
ODI,P Kumar,10.0,6,0,77,2,7.7,1,,v Pakistan,Mirpur,18 Mar 2012,
ODI,C Sharma,10.0,6,0,78,2,7.8,1,,v England,Kanpur,25 Oct 1989,
ODI,JJ Bumrah,10.0,6,0,79,2,7.9,1,,v England,Pune,15 Jan 2017,
ODI,RA Jadeja,9.0,6,1,80,2,8.88,2,,v West Indies,Dharamsala,17 Oct 2014,
ODI,JJ Bumrah,9.0,6,0,81,2,9.0,2,,v England,Cuttack,19 Jan 2017,
ODI,Mohammed Shami,10.0,6,0,81,2,8.1,1,,v West Indies,Guwahati,21 Oct 2018,
ODI,Mohammed Shami,10.0,6,0,84,2,8.4,1,,v New Zealand,Auckland,25 Jan 2014,
ODI,Kuldeep Yadav,10.0,6,0,84,2,8.4,2,,v New Zealand,Hamilton,5 Feb 2020,
ODI,M Prasidh Krishna,8.2,6,0,85,2,10.2,2,,v South Africa,Raipur,3 Dec 2025,
ODI,D Mongia,0.1,6,0,0,1,0.0,1,,v New Zealand,Centurion,14 Mar 2003,
ODI,KM Jadhav,0.1,6,0,0,1,0.0,2,,v West Indies,North Sound,30 Jun 2017,
ODI,SR Tendulkar,1.0,6,0,1,1,1.0,2,,v Bermuda,Port of Spain,19 Mar 2007,
ODI,YK Pathan,0.4,6,0,1,1,1.5,2,,v New Zealand,Christchurch,8 Mar 2009,
ODI,SK Raina,1.0,6,0,1,1,1.0,1,,v England,Ranchi,19 Jan 2013,
ODI,SV Manjrekar,0.3,6,0,2,1,4.0,2,,v Australia,Hobart,10 Dec 1991,
ODI,A Nehra,1.2,6,0,2,1,1.5,2,,v Sri Lanka,Mirpur,13 Jan 2010,
ODI,SK Raina,1.0,6,0,2,1,2.0,1,,v Zimbabwe,Harare,24 Jul 2013,
ODI,Washington Sundar,1.0,6,0,2,1,2.0,2,,v Bangladesh,Chattogram,10 Dec 2022,
ODI,RK Singh,1.0,6,0,2,1,2.0,2,,v South Africa,Gqeberha,19 Dec 2023,
ODI,SM Patil,1.0,6,0,3,1,3.0,2,,v New Zealand,Adelaide,23 Dec 1980,
ODI,S Madan Lal,0.3,6,0,3,1,6.0,2,,v Australia,Ahmedabad,5 Oct 1986,
ODI,V Sehwag,2.0,6,1,3,1,1.5,1,,v New Zealand,Centurion,14 Mar 2003,
ODI,Kuldeep Yadav,2.0,6,0,3,1,1.5,1,,v West Indies,Providence,8 Aug 2019,
ODI,Kuldeep Yadav,2.3,6,0,3,1,1.2,1,,v South Africa,Johannesburg,17 Dec 2023,
ODI,SC Ganguly,1.0,6,0,4,1,4.0,2,,v Australia,Galle,23 Aug 1999,
ODI,V Sehwag,2.0,6,0,4,1,2.0,2,,v Pakistan,Kanpur,15 Apr 2005,
ODI,SK Raina,2.0,6,1,4,1,2.0,2,,v West Indies,Kingston,30 Jun 2013,
ODI,RA Jadeja,0.4,6,0,4,1,6.0,2,,v Sri Lanka,Wankhede,2 Nov 2023,
ODI,SR Tendulkar,1.0,6,0,5,1,5.0,2,,v West Indies,W.A.C.A,6 Dec 1991,
ODI,N Kapil Dev,6.0,6,2,5,1,0.83,2,,v Australia,W.A.C.A,8 Dec 1991,
ODI,SC Ganguly,1.0,6,0,5,1,5.0,2,,v South Africa,Nairobi (Gym),13 Oct 2000,
ODI,RG Sharma,1.0,6,0,5,1,5.0,1,,v Bangladesh,Dambulla,16 Jun 2010,
ODI,AT Rayudu,2.0,6,1,5,1,2.5,2,,v Bangladesh,Mirpur,24 Jun 2015,
ODI,BS Bedi,12.0,6,8,6,1,0.5,1,,v East Africa,Leeds,11 Jun 1975,
ODI,K Srikkanth,0.3,6,0,6,1,12.0,2,,v Sri Lanka,Vadodara,15 Jan 1987,
ODI,SR Tendulkar,0.2,6,0,6,1,18.0,2,,v Zimbabwe,Faridabad,19 Mar 1993,
ODI,J Srinath,2.0,6,0,6,1,3.0,1,,v Sri Lanka,Indore,25 Dec 1997,
ODI,RR Singh,4.0,6,0,6,1,1.5,1,,v Pakistan,Sharjah,23 Mar 2000,
ODI,Yuvraj Singh,2.2,6,0,6,1,2.57,2,,v Pakistan,Birmingham,19 Sep 2004,
ODI,DJ Hooda,2.0,6,0,6,1,3.0,1,,v Zimbabwe,Harare,20 Aug 2022,
ODI,VG Kambli,0.4,6,0,7,1,10.5,2,,v New Zealand,Delhi,3 Nov 1994,
ODI,HK Badani,2.0,6,0,7,1,3.5,1,,v Sri Lanka,Colombo (RPS),28 Jul 2001,
ODI,I Sharma,2.0,6,0,7,1,3.5,2,,v Australia,Brisbane,3 Feb 2008,
ODI,YK Pathan,2.0,6,0,7,1,3.5,1,,v England,Kanpur,20 Nov 2008,
ODI,RG Sharma,0.5,6,0,7,1,8.4,2,,v Netherlands,Bengaluru,12 Nov 2023,
ODI,M Amarnath,6.0,6,1,8,1,1.33,1,,v Bangladesh,Chattogram,27 Oct 1988,
ODI,V Sehwag,2.0,6,1,8,1,4.0,1,,v Australia,Melbourne,9 Jan 2004,
ODI,JD Unadkat,6.0,6,1,8,1,1.33,1,,v Zimbabwe,Bulawayo,3 Aug 2013,
ODI,AT Rayudu,2.0,6,0,8,1,4.0,1,,v England,Nottingham,30 Aug 2014,
ODI,J Yadav,4.0,6,0,8,1,2.0,2,,v New Zealand,Visakhapatnam,29 Oct 2016,
ODI,JJ Bumrah,5.0,6,1,8,1,1.6,2,,v Sri Lanka,Wankhede,2 Nov 2023,
ODI,N Kapil Dev,8.0,6,6,9,1,1.12,2,,v Sri Lanka,Amritsar,12 Sep 1982,
ODI,N Kapil Dev,6.0,6,3,9,1,1.5,1,,v Australia,Sharjah,29 Mar 1985,
ODI,Maninder Singh,9.0,6,6,9,1,1.0,1,,v Bangladesh,Chattogram,27 Oct 1988,
ODI,R Lamba,2.0,6,0,9,1,4.5,1,,v Pakistan,Gujranwala,18 Dec 1989,
ODI,Harbhajan Singh,2.3,6,0,9,1,3.6,2,,v Zimbabwe,Harare,29 Aug 2005,
ODI,YK Pathan,2.0,6,0,9,1,4.5,1,,v Bangladesh,Mirpur,12 Jun 2008,
ODI,SK Raina,4.0,6,0,9,1,2.25,2,,v England,Eden Gardens,25 Oct 2011,
ODI,SM Gavaskar,0.5,6,0,10,1,12.0,2,,v Pakistan,Sialkot,13 Oct 1978,
ODI,RJ Shastri,5.0,6,1,10,1,2.0,2,,v West Indies,St George's,7 Apr 1983,
ODI,K Srikkanth,1.0,6,0,10,1,10.0,2,,v Pakistan,Indore,27 Jan 1987,
ODI,N Kapil Dev,4.0,6,1,10,1,2.5,2,,v England,Jamshedpur,1 Mar 1993,
ODI,A Kuruvilla,4.0,6,0,10,1,2.5,1,,v Pakistan,Colombo (SSC),20 Jul 1997,
ODI,Yuvraj Singh,1.4,6,0,10,1,6.0,1,,v Pakistan,Jamshedpur,9 Apr 2005,
ODI,SK Raina,1.0,6,0,10,1,10.0,1,,v Sri Lanka,Brisbane,21 Feb 2012,
ODI,UT Yadav,2.0,6,0,10,1,5.0,2,,v England,Birmingham,23 Jun 2013,
ODI,Mohammed Siraj,6.0,6,1,10,1,1.66,1,,v New Zealand,Raipur,21 Jan 2023,
ODI,S Madan Lal,6.0,6,2,11,1,1.83,1,,v West Indies,Sharjah,30 Nov 1986,
ODI,M Azharuddin,4.0,6,0,11,1,2.75,2,,v New Zealand,Bengaluru,14 Oct 1987,
ODI,A Kumble,9.0,6,3,11,1,1.22,2,,v Sri Lanka,Sharjah,9 Nov 1998,
ODI,J Srinath,7.0,6,1,11,1,1.57,2,,v Kenya,Durban,20 Mar 2003,
ODI,V Sehwag,2.0,6,0,11,1,5.5,1,,v Bangladesh,Dhaka,16 Apr 2003,
ODI,KM Jadhav,2.0,6,0,11,1,5.5,1,,v New Zealand,Delhi,20 Oct 2016,
ODI,B Kumar,4.0,6,1,11,1,2.75,1,,v West Indies,Thiruvananthapuram,1 Nov 2018,
ODI,Mohammed Siraj,4.0,6,1,11,1,2.75,2,,v South Africa,Eden Gardens,5 Nov 2023,
ODI,S Madan Lal,6.0,6,2,12,1,2.0,2,,v Pakistan,Sharjah,22 Mar 1985,
ODI,S Madan Lal,7.0,6,1,12,1,1.71,1,,v New Zealand,Sharjah,10 Apr 1986,
ODI,N Kapil Dev,6.0,6,2,12,1,2.0,2,,v Australia,Adelaide,15 Dec 1991,
ODI,J Srinath,7.0,6,2,12,1,1.71,2,,v South Africa,Durban,12 Feb 1997,
ODI,HH Kanitkar,5.0,6,1,12,1,2.4,1,,v Pakistan,Toronto,12 Sep 1998,
ODI,RR Singh,3.0,6,0,12,1,4.0,2,,v West Indies,Toronto,14 Sep 1999,
ODI,Yuvraj Singh,2.0,6,0,12,1,6.0,2,,v Sri Lanka,Bristol,11 Jul 2002,
ODI,Yuvraj Singh,3.0,6,0,12,1,4.0,1,,v Pakistan,Gwalior,15 Nov 2007,
ODI,Harbhajan Singh,4.0,6,0,12,1,3.0,1,,v Sri Lanka,Delhi,27 Dec 2009,
ODI,RG Sharma,2.0,6,0,12,1,6.0,2,,v South Africa,Johannesburg,15 Jan 2011,
ODI,SK Raina,2.0,6,0,12,1,6.0,2,,v West Indies,Chennai,20 Mar 2011,
ODI,SK Raina,3.0,6,0,12,1,4.0,2,,v England,Cardiff,27 Aug 2014,
ODI,KM Jadhav,3.0,6,0,12,1,4.0,1,,v Sri Lanka,Pallekele,27 Aug 2017,
ODI,JJ Bumrah,5.0,6,1,12,1,2.4,1,,v South Africa,Centurion,4 Feb 2018,
ODI,RJ Shastri,7.0,6,1,13,1,1.85,1,,v Sri Lanka,Sharjah,8 Apr 1984,
ODI,N Kapil Dev,7.0,6,0,13,1,1.85,1,,v West Indies,Nagpur,8 Dec 1987,
ODI,RJ Shastri,3.0,6,0,13,1,4.33,2,,v Sri Lanka,Nagpur,1 Dec 1990,
ODI,SR Tendulkar,3.0,6,0,13,1,4.33,1,,v West Indies,Kingstown,30 Apr 1997,
ODI,SS Raul,4.0,6,1,13,1,3.25,1,,v Pakistan,Toronto,13 Sep 1998,
ODI,SR Tendulkar,2.0,6,0,13,1,6.5,1,,v England,Colombo (RPS),22 Sep 2002,
ODI,YK Pathan,3.0,6,0,13,1,4.33,2,,v Sri Lanka,Colombo (RPS),5 Feb 2009,
ODI,MM Patel,4.0,6,1,13,1,3.25,2,,v Australia,Guwahati,8 Nov 2009,
ODI,SK Raina,3.0,6,0,13,1,4.33,2,,v Australia,Guwahati,8 Nov 2009,
ODI,SK Raina,2.0,6,0,13,1,6.5,1,,v Pakistan,Eden Gardens,3 Jan 2013,
ODI,KM Jadhav,4.0,6,0,13,1,3.25,1,,v West Indies,Kingston,6 Jul 2017,
ODI,V Kohli,3.0,6,0,13,1,4.33,2,,v Netherlands,Bengaluru,12 Nov 2023,
ODI,N Kapil Dev,4.0,6,1,14,1,3.5,2,,v Australia,Thiruvananthapuram,1 Oct 1984,
ODI,M Azharuddin,2.0,6,0,14,1,7.0,1,,v Sri Lanka,Delhi,13 Jan 1987,
ODI,N Kapil Dev,7.3,6,2,14,1,1.86,2,,v New Zealand,Sharjah,1 Apr 1988,
ODI,M Amarnath,2.0,6,0,14,1,7.0,2,,v New Zealand,Sharjah,1 Apr 1988,
ODI,N Kapil Dev,6.0,6,2,14,1,2.33,1,,v Bangladesh,Chattogram,27 Oct 1988,
ODI,AK Sharma,5.0,6,1,14,1,2.8,2,,v West Indies,Sharjah,13 Oct 1989,
ODI,BKV Prasad,6.0,6,0,14,1,2.33,1,,v New Zealand,Amritsar,18 Nov 1995,
ODI,RR Singh,5.0,6,0,14,1,2.8,2,,v Pakistan,Hyderabad (Sind),28 Sep 1997,
ODI,SR Tendulkar,5.0,6,0,14,1,2.8,1,,v Zimbabwe,Sharjah,11 Nov 1998,
ODI,Harbhajan Singh,7.0,6,1,14,1,2.0,2,,v Kenya,Paarl,24 Oct 2001,
ODI,Z Khan,5.0,6,0,14,1,2.8,2,,v West Indies,Port of Spain,1 Jun 2002,
ODI,V Sehwag,3.0,6,0,14,1,4.66,2,,v Zimbabwe,Harare,19 Feb 2003,
ODI,Yuvraj Singh,3.4,6,0,14,1,3.81,2,,v Sri Lanka,Colombo (RPS),3 Feb 2009,
ODI,YK Pathan,5.0,6,0,14,1,2.8,1,,v New Zealand,Hamilton,11 Mar 2009,
ODI,SK Raina,3.0,6,0,14,1,4.66,1,,v Sri Lanka,Colombo (RPS),12 Sep 2009,
ODI,MS Dhoni,2.0,6,0,14,1,7.0,1,,v West Indies,Johannesburg,30 Sep 2009,
ODI,R Ashwin,4.4,6,0,14,1,3.0,1,,v South Africa,Kanpur,11 Oct 2015,
ODI,HH Pandya,2.0,6,0,14,1,7.0,1,,v Australia,Nagpur,1 Oct 2017,
ODI,SN Thakur,3.0,6,1,14,1,4.66,1,,v West Indies,Bridgetown,27 Jul 2023,
ODI,HH Pandya,5.0,6,0,14,1,2.8,2,,v Sri Lanka,Colombo (RPS),12 Sep 2023,
ODI,Washington Sundar,2.0,6,0,14,1,7.0,2,,v Australia,Perth,19 Oct 2025,
ODI,N Kapil Dev,9.0,6,5,15,1,1.66,2,,v Australia,Sydney,8 Jan 1981,
ODI,K Srikkanth,5.0,6,1,15,1,3.0,1,,v West Indies,Ahmedabad,7 Jan 1988,
ODI,M Azharuddin,4.0,6,0,15,1,3.75,2,,v New Zealand,Sharjah,27 Mar 1988,
ODI,SR Tendulkar,4.0,6,0,15,1,3.75,1,,v New Zealand,Amritsar,18 Nov 1995,
ODI,BKV Prasad,7.0,6,1,15,1,2.14,1,,v Bangladesh,Colombo (SSC),24 Jul 1997,
ODI,NM Kulkarni,4.0,6,1,15,1,3.75,2,,v Sri Lanka,Colombo (SSC),23 Aug 1997,
ODI,A Kumble,6.0,6,1,15,1,2.5,1,,v New Zealand,Colombo (SSC),3 Jul 1998,
ODI,Yuvraj Singh,4.0,6,1,15,1,3.75,2,,v South Africa,Nairobi (Gym),13 Oct 2000,
ODI,SC Ganguly,1.0,6,0,15,1,15.0,1,,v Sri Lanka,Sharjah,29 Oct 2000,
ODI,BKV Prasad,6.0,6,0,15,1,2.5,2,,v Zimbabwe,Ahmedabad,5 Dec 2000,
ODI,SC Ganguly,3.0,6,0,15,1,5.0,2,,v Australia,Bengaluru,25 Mar 2001,
ODI,Z Khan,6.0,6,1,15,1,2.5,2,,v Bangladesh,Dhaka,27 Dec 2004,
ODI,RP Singh,2.0,6,0,15,1,7.5,2,,v Australia,Vadodara,11 Oct 2007,
ODI,Harbhajan Singh,4.0,6,0,15,1,3.75,2,,v Sri Lanka,Canberra,12 Feb 2008,
ODI,S Tyagi,6.3,6,1,15,1,2.3,1,,v Sri Lanka,Delhi,27 Dec 2009,
ODI,V Kohli,2.0,6,0,15,1,7.5,1,,v South Africa,Johannesburg,5 Dec 2013,
ODI,RA Jadeja,4.0,6,0,15,1,3.75,2,,v West Indies,Port of Spain,11 Aug 2019,
ODI,SM Patil,7.0,6,0,16,1,2.28,1,,v England,Jalandhar,20 Dec 1981,
ODI,N Kapil Dev,9.0,6,3,16,1,1.77,1,,v Pakistan,Hyderabad (Deccan),10 Sep 1983,
ODI,M Amarnath,7.0,6,1,16,1,2.28,1,,v Australia,Melbourne,3 Mar 1985,
ODI,N Kapil Dev,4.0,6,0,16,1,4.0,2,,v Sri Lanka,Margao,8 Dec 1990,
ODI,A Kumble,6.0,6,0,16,1,2.66,1,,v New Zealand,Amritsar,18 Nov 1995,
ODI,RR Singh,6.0,6,1,16,1,2.66,1,,v Bangladesh,Wankhede,25 May 1998,
ODI,SR Tendulkar,4.0,6,0,16,1,4.0,1,,v Zimbabwe,Sharjah,13 Nov 1998,
ODI,SC Ganguly,4.0,6,0,16,1,4.0,2,,v South Africa,Hove,15 May 1999,
ODI,R Vijay Bharadwaj,10.0,6,3,16,1,1.6,1,,v South Africa,Nairobi (Gym),26 Sep 1999,
ODI,R Dravid,2.0,6,0,16,1,8.0,2,,v South Africa,Faridabad,15 Mar 2000,
ODI,A Kumble,4.0,6,0,16,1,4.0,2,,v New Zealand,Hamilton,14 Jan 2003,
ODI,A Kumble,7.0,6,1,16,1,2.28,2,,v U.A.E.,Dambulla,16 Jul 2004,
ODI,D Mongia,4.0,6,0,16,1,4.0,1,,v South Africa,Durban,22 Nov 2006,
ODI,AT Rayudu,3.0,6,0,16,1,5.33,1,,v Sri Lanka,Hyderabad,9 Nov 2014,
ODI,MM Sharma,5.0,6,1,16,1,3.2,1,,v U.A.E.,W.A.C.A,28 Feb 2015,
ODI,AR Patel,10.0,6,2,16,1,1.6,1,,v Zimbabwe,Harare,15 Jun 2016,
ODI,JJ Bumrah,5.0,6,0,16,1,3.2,2,,v New Zealand,Visakhapatnam,29 Oct 2016,
ODI,Mohammed Siraj,8.0,6,2,16,1,2.0,1,,v Zimbabwe,Harare,20 Aug 2022,
ODI,AR Patel,5.0,6,0,16,1,3.2,1,,v Sri Lanka,Eden Gardens,12 Jan 2023,
ODI,JD Unadkat,5.0,6,0,16,1,3.2,2,,v West Indies,Tarouba,1 Aug 2023,
ODI,SN Thakur,4.0,6,0,16,1,4.0,2,,v Pakistan,Colombo (RPS),10 Sep 2023,
ODI,RA Jadeja,7.0,6,1,16,1,2.28,2,,v England,Lucknow,29 Oct 2023,
ODI,C Sharma,7.0,6,1,17,1,2.42,1,,v Pakistan,Melbourne,10 Mar 1985,
ODI,A Kumble,5.0,6,0,17,1,3.4,2,,v Sri Lanka,Colombo (RPS),5 Sep 1994,
ODI,BKV Prasad,5.0,6,0,17,1,3.4,1,,v Sri Lanka,Colombo (SSC),17 Sep 1994,
ODI,N Kapil Dev,5.0,6,0,17,1,3.4,1,,v Sri Lanka,Colombo (SSC),17 Sep 1994,
ODI,A Kumble,10.0,6,3,17,1,1.7,1,,v Bangladesh,Colombo (SSC),24 Jul 1997,
ODI,BKV Prasad,5.0,6,2,17,1,3.4,2,,v Zimbabwe,Singapore,4 Sep 1999,
ODI,SC Ganguly,4.0,6,0,17,1,4.25,2,,v Australia,Indore,31 Mar 2001,
ODI,Z Khan,8.0,6,1,17,1,2.12,2,,v Netherlands,Paarl,12 Feb 2003,
ODI,Yuvraj Singh,4.0,6,0,17,1,4.25,1,,v South Africa,Bengaluru,19 Nov 2005,
ODI,Yuvraj Singh,4.0,6,0,17,1,4.25,1,,v West Indies,Kingston,20 May 2006,
ODI,Yuvraj Singh,4.4,6,0,17,1,3.64,2,,v West Indies,Vadodara,31 Jan 2007,
ODI,Harbhajan Singh,4.1,6,0,17,1,4.08,1,,v Sri Lanka,Hobart,26 Feb 2008,
ODI,Yuvraj Singh,4.0,6,0,17,1,4.25,2,,v Pakistan,Mirpur,10 Jun 2008,
ODI,I Sharma,4.0,6,0,17,1,4.25,1,,v West Indies,Gros Islet,5 Jul 2009,
ODI,RG Sharma,2.0,6,0,17,1,8.5,1,,v Australia,Melbourne,5 Feb 2012,
ODI,RG Sharma,3.0,6,0,17,1,5.66,1,,v Australia,Brisbane,19 Feb 2012,
ODI,DS Kulkarni,6.2,6,1,17,1,2.68,1,,v Zimbabwe,Harare,15 Jun 2016,
ODI,KM Jadhav,3.0,6,0,17,1,5.66,1,,v New Zealand,Napier,23 Jan 2019,
ODI,HH Pandya,3.0,6,0,17,1,5.66,1,,v West Indies,Bridgetown,27 Jul 2023,
ODI,HH Pandya,5.0,6,0,17,1,3.4,2,,v Pakistan,Colombo (RPS),10 Sep 2023,
ODI,Mohammed Siraj,5.0,6,2,17,1,3.4,2,,v Sri Lanka,Colombo (RPS),12 Sep 2023,
ODI,N Kapil Dev,9.0,6,3,18,1,2.0,1,,v Zimbabwe,Leicester,11 Jun 1983,
ODI,M Prabhakar,10.0,6,2,18,1,1.8,1,,v Australia,Sharjah,5 Apr 1987,
ODI,M Prabhakar,7.0,6,1,18,1,2.57,2,,v West Indies,Sharjah,16 Oct 1989,
ODI,A Jadeja,5.0,6,0,18,1,3.6,2,,v West Indies,Eden Gardens,5 Nov 1994,
ODI,J Srinath,9.0,6,4,18,1,2.0,2,,v England,Leeds,25 May 1996,
ODI,A Kumble,6.0,6,2,18,1,3.0,2,,v Zimbabwe,Bulawayo,15 Feb 1997,
ODI,SR Tendulkar,5.0,6,0,18,1,3.6,1,,v Bangladesh,Colombo (SSC),24 Jul 1997,
ODI,SC Ganguly,6.0,6,1,18,1,3.0,1,,v New Zealand,Auckland,16 Jan 1999,
ODI,RR Singh,3.0,6,0,18,1,6.0,2,,v Sri Lanka,Colombo (RPS),25 Aug 1999,
ODI,Harbhajan Singh,5.0,6,1,18,1,3.6,1,,v Kenya,Bloemfontein,12 Oct 2001,
ODI,Yuvraj Singh,3.0,6,0,18,1,6.0,1,,v England,Colombo (RPS),22 Sep 2002,
ODI,RP Singh,7.0,6,1,18,1,2.57,2,,v South Africa,Hyderabad,16 Nov 2005,
ODI,MM Patel,5.0,6,0,18,1,3.6,2,,v West Indies,Kuala Lumpur,14 Sep 2006,
ODI,Yuvraj Singh,5.0,6,0,18,1,3.6,2,,v Pakistan,Kanpur,11 Nov 2007,
ODI,Yuvraj Singh,4.0,6,0,18,1,4.5,1,,v Australia,Sydney,2 Mar 2008,
ODI,YK Pathan,2.0,6,0,18,1,9.0,2,,v England,Indore,17 Nov 2008,
ODI,Yuvraj Singh,4.0,6,0,18,1,4.5,1,,v Sri Lanka,Mirpur,10 Jan 2010,
ODI,R Ashwin,5.0,6,1,18,1,3.6,2,,v Sri Lanka,Hambantota,24 Jul 2012,
ODI,SK Raina,5.0,6,0,18,1,3.6,1,,v England,Rajkot,11 Jan 2013,
ODI,B Kumar,9.0,6,2,18,1,2.0,1,,v Sri Lanka,Cardiff,20 Jun 2013,
ODI,SK Raina,4.0,6,0,18,1,4.5,1,,v New Zealand,Hamilton,22 Jan 2014,
ODI,Kuldeep Yadav,5.0,6,1,18,1,3.6,1,,v West Indies,Thiruvananthapuram,1 Nov 2018,
ODI,JJ Bumrah,5.0,6,1,18,1,3.6,2,,v Pakistan,Colombo (RPS),10 Sep 2023,
ODI,AR Patel,6.0,6,0,18,1,3.0,1,,v Australia,Sydney,25 Oct 2025,
ODI,Maninder Singh,10.0,6,2,19,1,1.9,1,,v Sri Lanka,Sharjah,13 Apr 1986,
ODI,KBJ Azad,5.0,6,0,19,1,3.8,1,,v Sri Lanka,Sharjah,13 Apr 1986,
ODI,Maninder Singh,9.0,6,3,19,1,2.11,1,,v West Indies,Guwahati,23 Dec 1987,
ODI,C Sharma,6.0,6,3,19,1,3.16,2,,v Sri Lanka,Sharjah,25 Mar 1988,
ODI,ND Hirwani,6.0,6,0,19,1,3.16,1,,v Bangladesh,Chattogram,27 Oct 1988,
ODI,M Prabhakar,9.0,6,1,19,1,2.11,2,,v South Africa,Gwalior,12 Nov 1991,
ODI,M Prabhakar,6.0,6,2,19,1,3.16,2,,v Australia,W.A.C.A,8 Dec 1991,
ODI,N Kapil Dev,9.0,6,2,19,1,2.11,2,,v South Africa,Gqeberha,9 Dec 1992,
ODI,J Srinath,5.0,6,0,19,1,3.8,1,,v Zimbabwe,Guwahati,22 Mar 1993,
ODI,SR Tendulkar,3.0,6,0,19,1,6.33,1,,v South Africa,Durban,13 Feb 1997,
ODI,RR Singh,3.0,6,0,19,1,6.33,1,,v Australia,Melbourne,12 Jan 2000,
ODI,D Mongia,3.0,6,0,19,1,6.33,1,,v Pakistan,Centurion,1 Mar 2003,
ODI,Harbhajan Singh,6.0,6,2,19,1,3.16,2,,v Bangladesh,Dhaka,11 Apr 2003,
ODI,Harbhajan Singh,8.0,6,2,19,1,2.37,1,,v Australia,Melbourne,10 Feb 2008,
ODI,RP Singh,4.0,6,0,19,1,4.75,2,,v Hong Kong,Karachi,25 Jun 2008,
ODI,Z Khan,6.0,6,1,19,1,3.16,2,,v New Zealand,Napier,3 Mar 2009,
ODI,VR Aaron,3.0,6,0,19,1,6.33,2,,v England,Eden Gardens,25 Oct 2011,
ODI,RA Jadeja,10.0,6,2,19,1,1.9,2,,v Pakistan,Delhi,6 Jan 2013,
ODI,B Kumar,5.0,6,0,19,1,3.8,1,,v U.A.E.,W.A.C.A,28 Feb 2015,
ODI,M Vijay,3.0,6,0,19,1,6.33,2,,v Zimbabwe,Harare,14 Jul 2015,
ODI,SK Raina,3.0,6,0,19,1,6.33,1,,v South Africa,Wankhede,25 Oct 2015,
ODI,B Kumar,5.0,6,1,19,1,3.8,1,,v South Africa,Centurion,4 Feb 2018,
ODI,S Dube,4.0,6,0,19,1,4.75,1,,v Sri Lanka,Colombo (RPS),2 Aug 2024,
ODI,AR Patel,4.0,6,0,19,1,4.75,2,,v Australia,Perth,19 Oct 2025,
ODI,SA Ankola,4.0,6,1,20,1,5.0,1,,v Pakistan,Lahore,22 Dec 1989,
ODI,M Prabhakar,6.0,6,0,20,1,3.33,2,,v Australia,Adelaide,15 Dec 1991,
ODI,M Prabhakar,9.0,6,1,20,1,2.22,1,,v West Indies,Melbourne,16 Jan 1992,
ODI,N Kapil Dev,8.0,6,3,20,1,2.5,2,,v New Zealand,Christchurch,2 Apr 1994,
ODI,D Ganesh,5.0,6,0,20,1,4.0,2,,v Zimbabwe,Bulawayo,15 Feb 1997,
ODI,Harvinder Singh,5.0,6,0,20,1,4.0,1,,v Pakistan,Dhaka,14 Jan 1998,
ODI,Yuvraj Singh,6.0,6,1,20,1,3.33,1,,v Sri Lanka,Colombo (RPS),28 Jul 2001,
ODI,SR Tendulkar,3.0,6,0,20,1,6.66,2,,v West Indies,Port of Spain,2 Jun 2002,
ODI,Harbhajan Singh,10.0,6,1,20,1,2.0,2,,v Netherlands,Paarl,12 Feb 2003,
ODI,J Srinath,8.0,6,0,20,1,2.5,1,,v New Zealand,Centurion,14 Mar 2003,
ODI,Harbhajan Singh,10.0,6,2,20,1,2.0,1,,v Bangladesh,Colombo (SSC),21 Jul 2004,
ODI,SR Tendulkar,3.0,6,0,20,1,6.66,2,,v Pakistan,Kanpur,15 Apr 2005,
ODI,V Sehwag,3.0,6,1,20,1,6.66,2,,v Sri Lanka,Nagpur,25 Oct 2005,
ODI,MM Patel,8.0,6,2,20,1,2.5,2,,v Bermuda,Port of Spain,19 Mar 2007,
ODI,MM Patel,6.0,6,1,20,1,3.33,2,,v England,Rajkot,14 Nov 2008,
ODI,P Kumar,6.0,6,1,20,1,3.33,1,,v New Zealand,Chennai,10 Dec 2010,
ODI,V Kohli,3.0,6,0,20,1,6.66,1,,v England,Mohali,20 Oct 2011,
ODI,SK Raina,5.0,6,0,20,1,4.0,1,,v West Indies,Cuttack,29 Nov 2011,
ODI,R Ashwin,5.0,6,0,20,1,4.0,2,,v Sri Lanka,Port of Spain,9 Jul 2013,
ODI,JJ Bumrah,4.0,6,0,20,1,5.0,2,,v Australia,Chennai,17 Sep 2017,
ODI,AR Patel,7.0,6,1,20,1,2.85,1,,v Zimbabwe,Harare,20 Aug 2022,
ODI,S Abid Ali,11.0,6,3,21,1,1.9,2,,v England,The Oval,15 Jul 1974,
ODI,S Madan Lal,9.0,6,3,21,1,2.33,2,,v England,Leeds,2 Jun 1982,
ODI,N Kapil Dev,11.0,6,4,21,1,1.9,2,,v West Indies,Lord's,25 Jun 1983,
ODI,N Kapil Dev,7.0,6,0,21,1,3.0,2,,v England,Sydney,26 Feb 1985,
ODI,G Sharma,9.0,6,0,21,1,2.33,1,,v Sri Lanka,Colombo (SSC),25 Aug 1985,
ODI,M Amarnath,4.0,6,0,21,1,5.25,1,,v New Zealand,Adelaide,25 Jan 1986,
ODI,N Kapil Dev,9.0,6,2,21,1,2.33,1,,v Australia,Sydney,5 Feb 1986,
ODI,M Amarnath,5.0,6,0,21,1,4.2,1,,v Australia,Sydney,5 Feb 1986,
ODI,Maninder Singh,10.0,6,1,21,1,2.1,2,,v Pakistan,Pune,22 Mar 1987,
ODI,SK Sharma,6.0,6,0,21,1,3.5,2,,v New Zealand,Sharjah,1 Apr 1988,
ODI,M Amarnath,6.0,6,0,21,1,3.5,1,,v Sri Lanka,Dhaka,4 Nov 1988,
ODI,M Prabhakar,6.0,6,0,21,1,3.5,2,,v West Indies,Eden Gardens,27 Nov 1993,
ODI,RK Chauhan,5.0,6,0,21,1,4.2,1,,v Sri Lanka,Colombo (SSC),17 Sep 1994,
ODI,J Srinath,8.0,6,3,21,1,2.62,1,,v Bangladesh,Sharjah,5 Apr 1995,
ODI,BKV Prasad,7.0,6,1,21,1,3.0,1,,v New Zealand,Colombo (RPS),23 Jun 1998,
ODI,HH Kanitkar,5.0,6,0,21,1,4.2,1,,v New Zealand,Colombo (SSC),3 Jul 1998,
ODI,R Dravid,4.0,6,0,21,1,5.25,1,,v Pakistan,Jaipur,24 Mar 1999,
ODI,Z Khan,6.0,6,1,21,1,3.5,2,,v West Indies,Vadodara,31 Jan 2007,
ODI,RP Singh,6.0,6,1,21,1,3.5,1,,v South Africa,Belfast,29 Jun 2007,
ODI,IK Pathan,5.0,6,0,21,1,4.2,1,,v Sri Lanka,Dambulla,20 Aug 2008,
ODI,RA Jadeja,3.0,6,0,21,1,7.0,2,,v New Zealand,Dambulla,25 Aug 2010,
ODI,SK Raina,4.0,6,0,21,1,5.25,1,,v South Africa,Durban,12 Jan 2011,
ODI,A Mishra,10.0,6,1,21,1,2.1,1,,v Afghanistan,Mirpur,5 Mar 2014,
ODI,MM Sharma,5.0,6,0,21,1,4.2,2,,v South Africa,Indore,14 Oct 2015,
ODI,JJ Bumrah,5.0,6,0,21,1,4.2,2,,v South Africa,Johannesburg,10 Feb 2018,
ODI,RA Jadeja,4.0,6,0,21,1,5.25,1,,v England,Manchester,17 Jul 2022,
ODI,SN Thakur,9.0,6,1,21,1,2.33,2,,v Bangladesh,Mirpur,4 Dec 2022,
ODI,RJ Shastri,6.0,6,0,22,1,3.66,1,,v Sri Lanka,Colombo (PSS),21 Sep 1985,
ODI,N Kapil Dev,8.0,6,1,22,1,2.75,2,,v West Indies,Rajkot,5 Jan 1988,
ODI,SK Sharma,9.0,6,2,22,1,2.44,1,,v Bangladesh,Chattogram,27 Oct 1988,
ODI,J Srinath,7.0,6,1,22,1,3.14,2,,v South Africa,Mohali,22 Nov 1993,
ODI,A Kumble,5.0,6,0,22,1,4.4,1,,v Sri Lanka,Colombo (SSC),17 Sep 1994,
ODI,J Srinath,7.0,6,1,22,1,3.14,2,,v New Zealand,Delhi,3 Nov 1994,
ODI,SR Tendulkar,3.0,6,0,22,1,7.33,1,,v Pakistan,Toronto,21 Sep 1996,
ODI,SR Tendulkar,5.0,6,0,22,1,4.4,1,,v Sri Lanka,Colombo (SSC),24 Aug 1997,
ODI,DS Mohanty,7.0,6,0,22,1,3.14,2,,v Pakistan,Toronto,13 Sep 1997,
ODI,Harvinder Singh,3.0,6,0,22,1,7.33,1,,v Pakistan,Toronto,17 Sep 1997,
ODI,PL Mhambrey,6.0,6,1,22,1,3.66,1,,v Bangladesh,Wankhede,25 May 1998,
ODI,A Kumble,8.0,6,0,22,1,2.75,1,,v Sri Lanka,Colombo (SSC),1 Jul 1998,
ODI,J Srinath,4.0,6,0,22,1,5.5,2,,v New Zealand,Wellington,14 Jan 1999,
ODI,SC Ganguly,5.0,6,0,22,1,4.4,1,,v Zimbabwe,Leicester,19 May 1999,
ODI,A Jadeja,4.0,6,0,22,1,5.5,1,,v Zimbabwe,Leicester,19 May 1999,
ODI,SR Tendulkar,4.0,6,0,22,1,5.5,1,,v Zimbabwe,Cuttack,2 Dec 2000,
ODI,A Kumble,8.0,6,0,22,1,2.75,2,,v Kenya,Paarl,24 Oct 2001,
ODI,Harbhajan Singh,7.0,6,0,22,1,3.14,1,,v West Indies,Bridgetown,29 May 2002,
ODI,A Nehra,6.0,6,0,22,1,3.66,1,,v Sri Lanka,Colombo (RPS),1 Aug 2004,
ODI,V Sehwag,4.0,6,0,22,1,5.5,2,,v Pakistan,Birmingham,19 Sep 2004,
ODI,A Nehra,6.0,6,2,22,1,3.66,2,,v Pakistan,Kochi,2 Apr 2005,
ODI,V Sehwag,5.0,6,0,22,1,4.4,1,,v South Africa,Gqeberha,29 Nov 2006,
ODI,SC Ganguly,4.0,6,0,22,1,5.5,1,,v Sri Lanka,Port of Spain,23 Mar 2007,
ODI,Z Khan,9.0,6,1,22,1,2.44,1,,v Australia,Wankhede,17 Oct 2007,
ODI,P Kumar,8.2,6,1,22,1,2.64,2,,v Sri Lanka,Colombo (RPS),31 Jan 2009,
ODI,YK Pathan,4.0,6,0,22,1,5.5,2,,v New Zealand,Napier,3 Mar 2009,
ODI,P Kumar,4.0,6,0,22,1,5.5,2,,v New Zealand,Auckland,14 Mar 2009,
ODI,A Nehra,5.0,6,1,22,1,4.4,1,,v Netherlands,Delhi,9 Mar 2011,
ODI,AR Patel,7.3,6,0,22,1,2.93,1,,v Zimbabwe,Harare,13 Jun 2016,
ODI,JJ Bumrah,7.0,6,0,22,1,3.14,2,,v South Africa,Gqeberha,13 Feb 2018,
ODI,Mukesh Kumar,5.0,6,1,22,1,4.4,1,,v West Indies,Bridgetown,27 Jul 2023,
ODI,HH Pandya,4.0,6,0,22,1,5.5,2,,v New Zealand,Dubai (DICS),2 Mar 2025,
ODI,S Madan Lal,10.0,6,0,23,1,2.3,2,,v England,The Oval,15 Jul 1974,
ODI,M Amarnath,4.0,6,0,23,1,5.75,2,,v West Indies,St George's,7 Apr 1983,
ODI,RMH Binny,10.0,6,1,23,1,2.3,2,,v West Indies,Lord's,25 Jun 1983,
ODI,RJ Shastri,10.0,6,2,23,1,2.3,2,,v West Indies,Vadodara,9 Nov 1983,
ODI,RJ Shastri,9.0,6,1,23,1,2.55,1,,v Australia,Melbourne,16 Jan 1986,
ODI,M Prabhakar,7.0,6,0,23,1,3.28,1,,v New Zealand,Nagpur,31 Oct 1987,
ODI,WV Raman,2.0,6,0,23,1,11.5,2,,v New Zealand,Sharjah,1 Apr 1988,
ODI,Arshad Ayub,9.0,6,0,23,1,2.55,1,,v New Zealand,Cuttack,12 Dec 1988,
ODI,C Sharma,8.0,6,0,23,1,2.87,2,,v West Indies,Port of Spain,11 Mar 1989,
ODI,N Kapil Dev,8.0,6,1,23,1,2.87,1,,v West Indies,Delhi,23 Oct 1989,
ODI,SR Tendulkar,4.0,6,0,23,1,5.75,2,,v Sri Lanka,Jalandhar,20 Feb 1994,
ODI,BKV Prasad,7.0,6,3,23,1,3.28,2,,v West Indies,Eden Gardens,5 Nov 1994,
ODI,A Kumble,4.0,6,0,23,1,5.75,2,,v West Indies,Port of Spain,26 Apr 1997,
ODI,BKV Prasad,5.0,6,1,23,1,4.6,1,,v New Zealand,Colombo (SSC),3 Jul 1998,
ODI,S Ramesh,3.0,6,0,23,1,7.66,1,,v West Indies,Singapore,5 Sep 1999,
ODI,BKV Prasad,8.0,6,1,23,1,2.87,2,,v Zimbabwe,Nairobi (Gym),1 Oct 1999,
ODI,SC Ganguly,5.0,6,0,23,1,4.6,1,,v New Zealand,Napier,29 Dec 2002,
ODI,SR Tendulkar,3.0,6,0,23,1,7.66,2,,v Sri Lanka,Colombo (RPS),27 Jul 2004,
ODI,SK Raina,4.0,6,0,23,1,5.75,1,,v West Indies,Dambulla,31 Jul 2005,
ODI,AB Agarkar,8.0,6,2,23,1,2.87,2,,v West Indies,Cuttack,24 Jan 2007,
ODI,IK Pathan,5.0,6,0,23,1,4.6,1,,v Australia,Wankhede,17 Oct 2007,
ODI,IK Pathan,10.0,6,2,23,1,2.3,1,,v Sri Lanka,Hobart,26 Feb 2008,
ODI,SK Raina,4.0,6,0,23,1,5.75,1,,v Australia,Delhi,31 Oct 2009,
ODI,Yuvraj Singh,4.0,6,0,23,1,5.75,1,,v New Zealand,Dambulla,10 Aug 2010,
ODI,YK Pathan,4.0,6,0,23,1,5.75,1,,v New Zealand,Jaipur,1 Dec 2010,
ODI,Mohammed Shami,9.0,6,4,23,1,2.55,2,,v Pakistan,Delhi,6 Jan 2013,
ODI,Mohammed Shami,8.0,6,0,23,1,2.87,1,,v England,Ranchi,19 Jan 2013,
ODI,B Kumar,5.0,6,1,23,1,4.6,2,,v Pakistan,Birmingham,4 Jun 2017,
ODI,HH Pandya,4.0,6,0,23,1,5.75,1,,v New Zealand,Pune,25 Oct 2017,
ODI,JJ Bumrah,5.0,6,1,23,1,4.6,1,,v Sri Lanka,Colombo (RPS),17 Sep 2023,
ODI,BS Bedi,7.0,8,0,24,1,2.57,2,,v New Zealand,Christchurch,21 Feb 1976,
ODI,SM Patil,10.0,6,3,24,1,2.4,2,,v New Zealand,W.A.C.A,9 Dec 1980,
ODI,S Madan Lal,8.0,6,2,24,1,3.0,2,,v Sri Lanka,Amritsar,12 Sep 1982,
ODI,S Venkataraghavan,8.0,6,0,24,1,3.0,2,,v West Indies,St George's,7 Apr 1983,
ODI,Maninder Singh,5.0,6,0,24,1,4.8,1,,v Pakistan,Quetta,12 Oct 1984,
ODI,RMH Binny,3.0,6,0,24,1,8.0,2,,v Pakistan,Sharjah,22 Mar 1985,
ODI,NS Yadav,7.0,6,1,24,1,3.42,2,,v Australia,Brisbane,12 Jan 1986,
ODI,RJ Shastri,4.0,6,0,24,1,6.0,2,,v West Indies,Faridabad,19 Jan 1988,
ODI,N Kapil Dev,9.0,6,2,24,1,2.66,2,,v West Indies,Sharjah,16 Oct 1988,
ODI,Maninder Singh,8.0,6,1,24,1,3.0,1,,v Pakistan,Lahore,22 Dec 1989,
ODI,A Jadeja,5.0,6,0,24,1,4.8,2,,v Zimbabwe,Harare,25 Oct 1992,
ODI,SR Tendulkar,7.0,6,1,24,1,3.42,2,,v West Indies,Eden Gardens,27 Nov 1993,
ODI,SA Ankola,7.0,6,0,24,1,3.42,1,,v New Zealand,Napier,25 Mar 1994,
ODI,J Srinath,7.0,6,0,24,1,3.42,1,,v West Indies,Chennai,23 Oct 1994,
ODI,SR Tendulkar,4.0,6,0,24,1,6.0,2,,v Pakistan,Dhaka,11 Jan 1998,
ODI,BKV Prasad,10.0,6,1,24,1,2.4,1,,v New Zealand,Auckland,16 Jan 1999,
ODI,Z Khan,6.0,6,0,24,1,4.0,2,,v Zimbabwe,Ahmedabad,5 Dec 2000,
ODI,A Kumble,7.0,6,0,24,1,3.42,2,,v Australia,Centurion,15 Feb 2003,
ODI,A Nehra,10.0,6,3,24,1,2.4,1,,v New Zealand,Centurion,14 Mar 2003,
ODI,V Sehwag,5.0,6,0,24,1,4.8,1,,v Bangladesh,Colombo (SSC),21 Jul 2004,
ODI,Yuvraj Singh,6.0,6,0,24,1,4.0,2,,v England,Lord's,5 Sep 2004,
ODI,V Sehwag,5.0,6,0,24,1,4.8,1,,v South Africa,Wankhede,28 Nov 2005,
ODI,AB Agarkar,8.0,6,1,24,1,3.0,2,,v West Indies,Port of Spain,26 May 2006,
ODI,Harbhajan Singh,10.0,6,2,24,1,2.4,1,,v Australia,Kuala Lumpur,22 Sep 2006,
ODI,SR Tendulkar,4.0,6,0,24,1,6.0,1,,v Ireland,Belfast,23 Jun 2007,
ODI,Yuvraj Singh,6.0,6,0,24,1,4.0,2,,v Sri Lanka,Colombo (RPS),14 Sep 2009,
ODI,S Tyagi,6.0,6,2,24,1,4.0,1,,v Bangladesh,Mirpur,11 Jan 2010,
ODI,Harbhajan Singh,10.0,6,2,24,1,2.4,1,,v West Indies,North Sound,11 Jun 2011,
ODI,SK Raina,6.1,6,0,24,1,3.89,2,,v West Indies,Chennai,11 Dec 2011,
ODI,Mohammed Shami,4.0,6,1,24,1,6.0,2,,v England,Kochi,15 Jan 2013,
ODI,JD Unadkat,7.0,6,0,24,1,3.42,1,,v Zimbabwe,Harare,28 Jul 2013,
ODI,SK Raina,5.0,6,0,24,1,4.8,1,,v Bangladesh,Mirpur,15 Jun 2014,
ODI,SK Raina,5.0,6,0,24,1,4.8,2,,v Sri Lanka,Cuttack,2 Nov 2014,
ODI,HH Pandya,5.2,6,0,24,1,4.5,1,,v Sri Lanka,Pallekele,24 Aug 2017,
ODI,HH Pandya,4.0,6,0,24,1,6.0,1,,v Australia,Sydney,29 Nov 2020,
ODI,DJ Hooda,4.0,6,0,24,1,6.0,2,,v West Indies,Ahmedabad,9 Feb 2022,
ODI,Mohammed Siraj,5.0,6,1,24,1,4.8,1,,v Australia,Sydney,25 Oct 2025,
ODI,N Kapil Dev,8.2,6,2,25,1,3.0,1,,v Australia,Melbourne,16 Jan 1986,
ODI,RMH Binny,8.1,6,0,25,1,3.06,2,,v New Zealand,W.A.C.A,18 Jan 1986,
ODI,S Madan Lal,9.0,6,0,25,1,2.77,2,,v Pakistan,Sharjah,5 Dec 1986,
ODI,S Madan Lal,9.0,6,1,25,1,2.77,1,,v Sri Lanka,Guwahati,11 Jan 1987,
ODI,C Sharma,7.0,6,1,25,1,3.57,2,,v Pakistan,Indore,27 Jan 1987,
ODI,RJ Shastri,9.0,6,0,25,1,2.77,2,,v New Zealand,Sharjah,1 Apr 1988,
ODI,AK Sharma,7.0,6,0,25,1,3.57,1,,v New Zealand,Cuttack,12 Dec 1988,
ODI,ND Hirwani,10.0,6,2,25,1,2.5,2,,v Australia,Hamilton,8 Mar 1990,
ODI,SR Tendulkar,10.0,6,1,25,1,2.5,2,,v South Africa,Cape Town,7 Dec 1992,
ODI,J Srinath,7.0,6,0,25,1,3.57,2,,v West Indies,Eden Gardens,5 Nov 1994,
ODI,SB Joshi,7.0,6,0,25,1,3.57,2,,v South Africa,Wankhede,14 Dec 1996,
ODI,SC Ganguly,5.0,6,0,25,1,5.0,2,,v Sri Lanka,Colombo (RPS),26 Jul 1997,
ODI,Harvinder Singh,5.0,6,0,25,1,5.0,2,,v New Zealand,Sharjah,20 Apr 1998,
ODI,BKV Prasad,9.0,6,1,25,1,2.77,2,,v England,Birmingham,29 May 1999,
ODI,LR Shukla,5.0,6,0,25,1,5.0,1,,v West Indies,Singapore,5 Sep 1999,
ODI,A Kumble,10.0,6,2,25,1,2.5,1,,v Pakistan,Hobart,21 Jan 2000,
ODI,HK Badani,5.0,6,0,25,1,5.0,1,,v New Zealand,Colombo (RPS),20 Jul 2001,
ODI,AB Agarkar,7.0,6,0,25,1,3.57,1,,v South Africa,Bengaluru,19 Nov 2005,
ODI,Z Khan,8.2,6,0,25,1,3.0,2,,v West Indies,Cuttack,24 Jan 2007,
ODI,Z Khan,7.2,6,2,25,1,3.4,2,,v Pakistan,Kanpur,11 Nov 2007,
ODI,RP Singh,4.0,6,0,25,1,6.25,2,,v England,Rajkot,14 Nov 2008,
ODI,MM Patel,4.5,6,0,25,1,5.17,1,,v Ireland,Bengaluru,6 Mar 2011,
ODI,MM Sharma,6.0,6,0,25,1,4.16,1,,v Zimbabwe,Bulawayo,3 Aug 2013,
ODI,B Kumar,4.0,6,0,25,1,6.25,2,,v Australia,Chennai,17 Sep 2017,
ODI,KBJ Azad,3.0,6,1,26,1,8.66,1,,v New Zealand,Brisbane,18 Jan 1981,
ODI,N Kapil Dev,5.0,6,0,26,1,5.2,1,,v Sri Lanka,Colombo (PSS),21 Sep 1985,
ODI,M Amarnath,5.0,6,0,26,1,5.2,2,,v New Zealand,Melbourne,23 Jan 1986,
ODI,M Azharuddin,7.0,6,0,26,1,3.71,1,,v New Zealand,Nagpur,31 Oct 1987,
ODI,N Kapil Dev,9.2,6,2,26,1,2.78,2,,v Sri Lanka,Sharjah,25 Mar 1988,
ODI,AK Sharma,5.0,6,0,26,1,5.2,1,,v West Indies,Bridgetown,7 Mar 1989,
ODI,M Prabhakar,9.0,6,1,26,1,2.88,1,,v West Indies,Delhi,23 Oct 1989,
ODI,K Srikkanth,4.0,6,0,26,1,6.5,1,,v Pakistan,Eden Gardens,28 Oct 1989,
ODI,ST Banerjee,8.0,6,1,26,1,3.25,2,,v Australia,W.A.C.A,8 Dec 1991,
ODI,BKV Prasad,7.0,6,0,26,1,3.71,2,,v New Zealand,Delhi,3 Nov 1994,
ODI,AR Kapoor,7.0,6,0,26,1,3.71,1,,v New Zealand,Pune,24 Nov 1995,
ODI,J Srinath,10.0,6,1,26,1,2.6,2,,v Sri Lanka,Margao,28 Dec 1997,
ODI,N Chopra,10.0,6,2,26,1,2.6,1,,v West Indies,Toronto,12 Sep 1999,
ODI,SC Ganguly,6.0,6,1,26,1,4.33,2,,v Pakistan,Brisbane,10 Jan 2000,
ODI,A Kumble,10.0,6,1,26,1,2.6,2,,v South Africa,Sharjah,27 Mar 2000,
ODI,RR Singh,6.0,6,0,26,1,4.33,2,,v Australia,Nairobi (Gym),7 Oct 2000,
ODI,Z Khan,6.0,6,0,26,1,4.33,2,,v Australia,Pune,28 Mar 2001,
ODI,Z Khan,9.0,6,2,26,1,2.88,2,,v New Zealand,Christchurch,1 Jan 2003,
ODI,A Nehra,9.0,6,0,26,1,2.88,1,,v Bangladesh,Colombo (SSC),21 Jul 2004,
ODI,RR Powar,10.0,6,0,26,1,2.6,2,,v England,Manchester,30 Aug 2007,
ODI,SK Raina,8.0,6,0,26,1,3.25,2,,v Sri Lanka,Colombo (RPS),14 Sep 2009,
ODI,V Sehwag,4.0,6,0,26,1,6.5,1,,v Sri Lanka,Cuttack,21 Dec 2009,
ODI,RA Jadeja,7.2,6,0,26,1,3.54,2,,v England,Dharamsala,27 Jan 2013,
ODI,AR Patel,10.0,6,1,26,1,2.6,1,,v Zimbabwe,Harare,11 Jun 2016,
ODI,SN Thakur,7.0,6,0,26,1,3.71,2,,v Sri Lanka,Colombo (RPS),31 Aug 2017,
ODI,RA Jadeja,5.0,6,0,26,1,5.2,1,,v West Indies,Port of Spain,14 Aug 2019,
ODI,KH Pandya,10.0,6,1,26,1,2.6,1,,v Sri Lanka,Colombo (RPS),18 Jul 2021,
ODI,Mohammed Siraj,8.0,6,2,26,1,3.25,1,,v West Indies,Ahmedabad,6 Feb 2022,
ODI,M Prasidh Krishna,5.0,6,0,26,1,5.2,1,,v England,The Oval,12 Jul 2022,
ODI,SN Thakur,6.0,6,1,26,1,4.33,1,,v New Zealand,Raipur,21 Jan 2023,
ODI,SN Thakur,4.0,6,0,26,1,6.5,1,,v Nepal,Pallekele,4 Sep 2023,
ODI,Mohammed Siraj,6.3,6,1,26,1,4.0,1,,v Australia,Chennai,8 Oct 2023,
ODI,N Kapil Dev,8.0,6,0,27,1,3.37,2,,v Pakistan,Quetta,1 Oct 1978,
ODI,N Kapil Dev,8.0,6,1,27,1,3.37,2,,v Australia,Sydney,18 Dec 1980,
ODI,Yashpal Sharma,3.0,6,0,27,1,9.0,1,,v England,The Oval,4 Jun 1982,
ODI,M Amarnath,4.0,6,0,27,1,6.75,1,,v Australia,Nottingham,13 Jun 1983,
ODI,AK Patel,10.0,6,2,27,1,2.7,1,,v Australia,New Delhi,28 Sep 1984,
ODI,N Kapil Dev,8.0,6,1,27,1,3.37,2,,v Australia,Ahmedabad,5 Oct 1984,
ODI,M Prabhakar,10.0,6,1,27,1,2.7,2,,v England,Pune,5 Dec 1984,
ODI,S Madan Lal,9.0,6,2,27,1,3.0,1,,v Pakistan,Melbourne,20 Feb 1985,
ODI,RR Kulkarni,5.0,6,0,27,1,5.4,2,,v Pakistan,Jamshedpur,26 Mar 1987,
ODI,M Amarnath,4.0,6,0,27,1,6.75,1,,v Sri Lanka,Dhaka,29 Oct 1988,
ODI,SR Tendulkar,5.0,6,0,27,1,5.4,1,,v South Africa,Eden Gardens,10 Nov 1991,
ODI,J Srinath,9.0,6,3,27,1,3.0,2,,v West Indies,Brisbane,11 Jan 1992,
ODI,N Kapil Dev,8.1,6,1,27,1,3.3,2,,v Zimbabwe,Harare,25 Oct 1992,
ODI,N Kapil Dev,10.0,6,4,27,1,2.7,1,,v South Africa,East London,19 Dec 1992,
ODI,N Kapil Dev,8.0,6,1,27,1,3.37,1,,v England,Bengaluru,26 Feb 1993,
ODI,M Prabhakar,7.0,6,2,27,1,3.85,1,,v Sri Lanka,Kanpur,7 Nov 1993,
ODI,SR Tendulkar,10.0,6,2,27,1,2.7,1,,v Sri Lanka,Kanpur,7 Nov 1993,
ODI,A Kumble,7.0,6,0,27,1,3.85,2,,v West Indies,Eden Gardens,5 Nov 1994,
ODI,SB Joshi,9.0,6,1,27,1,3.0,2,,v Pakistan,Toronto,18 Sep 1996,
ODI,A Kumble,9.0,6,0,27,1,3.0,2,,v Zimbabwe,Vadodara,5 Apr 1998,
ODI,SR Tendulkar,5.0,6,0,27,1,5.4,1,,v Australia,Sharjah,22 Apr 1998,
ODI,A Kumble,10.0,6,3,27,1,2.7,1,,v Pakistan,Sharjah,13 Apr 1999,
ODI,A Kumble,8.0,6,0,27,1,3.37,2,,v Sri Lanka,Taunton,26 May 1999,
ODI,RR Singh,4.0,6,0,27,1,6.75,2,,v New Zealand,Nottingham,12 Jun 1999,
ODI,R Vijay Bharadwaj,4.0,6,0,27,1,6.75,2,,v New Zealand,Hyderabad (Deccan),8 Nov 1999,
ODI,SC Ganguly,5.0,6,0,27,1,5.4,2,,v England,Eden Gardens,19 Jan 2002,
ODI,Z Khan,9.0,6,2,27,1,3.0,2,,v South Africa,Colombo (RPS),25 Sep 2002,
ODI,SC Ganguly,6.0,6,0,27,1,4.5,1,,v New Zealand,Wellington,8 Jan 2003,
ODI,AB Agarkar,7.0,6,1,27,1,3.85,1,,v Sri Lanka,Mohali,28 Oct 2005,
ODI,SR Tendulkar,9.0,6,0,27,1,3.0,1,,v Pakistan,Multan,16 Feb 2006,
ODI,IK Pathan,4.4,6,0,27,1,5.78,1,,v England,Kochi,6 Apr 2006,
ODI,RR Powar,10.0,6,1,27,1,2.7,2,,v Pakistan,Abu Dhabi,18 Apr 2006,
ODI,RP Singh,5.0,6,0,27,1,5.4,2,,v West Indies,Kuala Lumpur,20 Sep 2006,
ODI,Harbhajan Singh,8.0,6,0,27,1,3.37,1,,v England,Jaipur,15 Oct 2006,
ODI,Harbhajan Singh,10.0,6,1,27,1,2.7,2,,v West Indies,Ahmedabad,26 Oct 2006,
ODI,V Sehwag,4.0,6,0,27,1,6.75,1,,v Sri Lanka,Visakhapatnam,17 Feb 2007,
ODI,AB Agarkar,10.0,6,2,27,1,2.7,1,,v Ireland,Belfast,23 Jun 2007,
ODI,I Sharma,4.0,6,0,27,1,6.75,2,,v Sri Lanka,Canberra,12 Feb 2008,
ODI,Z Khan,9.3,6,3,27,1,2.84,2,,v Sri Lanka,Colombo (RPS),27 Aug 2008,
ODI,A Mishra,6.0,6,0,27,1,4.5,1,,v West Indies,Johannesburg,30 Sep 2009,
ODI,RA Jadeja,8.0,6,0,27,1,3.37,1,,v Bangladesh,Dambulla,16 Jun 2010,
ODI,I Sharma,6.0,6,1,27,1,4.5,2,,v New Zealand,Dambulla,25 Aug 2010,
ODI,YK Pathan,6.0,6,0,27,1,4.5,1,,v South Africa,Cape Town,18 Jan 2011,
ODI,A Nehra,6.0,6,0,27,1,4.5,1,,v South Africa,Gqeberha,21 Jan 2011,
ODI,R Vinay Kumar,6.0,6,0,27,1,4.5,1,,v West Indies,Cuttack,29 Nov 2011,
ODI,JD Unadkat,7.0,6,0,27,1,3.85,1,,v Zimbabwe,Bulawayo,1 Aug 2013,
ODI,Mohammed Shami,7.0,6,1,27,1,3.85,1,,v Zimbabwe,Bulawayo,3 Aug 2013,
ODI,YS Chahal,10.0,6,1,27,1,2.7,1,,v Zimbabwe,Harare,11 Jun 2016,
ODI,JJ Bumrah,6.0,6,0,27,1,4.5,1,,v Zimbabwe,Harare,13 Jun 2016,
ODI,KM Jadhav,3.0,6,0,27,1,9.0,1,,v Pakistan,The Oval,18 Jun 2017,
ODI,HH Pandya,6.0,6,0,27,1,4.5,1,,v West Indies,Kingston,6 Jul 2017,
ODI,KM Jadhav,7.0,6,0,27,1,3.85,1,,v Afghanistan,Dubai (DICS),25 Sep 2018,
ODI,Mohammed Siraj,5.0,6,0,27,1,5.4,2,,v Bangladesh,Chattogram,10 Dec 2022,
ODI,BS Bedi,12.0,6,6,28,1,2.33,2,,v New Zealand,Manchester,14 Jun 1975,
ODI,KBJ Azad,12.0,6,1,28,1,2.33,1,,v England,Manchester,22 Jun 1983,
ODI,RMH Binny,6.0,6,0,28,1,4.66,1,,v New Zealand,Sydney,5 Mar 1985,
ODI,G Sharma,6.0,6,1,28,1,4.66,1,,v Sri Lanka,Colombo (PSS),21 Sep 1985,
ODI,N Kapil Dev,10.0,6,0,28,1,2.8,1,,v New Zealand,Brisbane,11 Jan 1986,
ODI,Maninder Singh,10.0,6,2,28,1,2.8,2,,v Pakistan,Sharjah,10 Apr 1987,
ODI,RJ Shastri,8.2,6,0,28,1,3.36,1,,v Zimbabwe,Wankhede,17 Oct 1987,
ODI,M Amarnath,10.0,6,1,28,1,2.8,1,,v West Indies,Ahmedabad,7 Jan 1988,
ODI,K Srikkanth,8.0,6,0,28,1,3.5,1,,v New Zealand,Cuttack,12 Dec 1988,
ODI,Maninder Singh,9.0,6,1,28,1,3.11,2,,v New Zealand,Indore,15 Dec 1988,
ODI,M Prabhakar,10.0,6,2,28,1,2.8,1,,v Bangladesh,Chandigarh,25 Dec 1990,
ODI,RJ Shastri,4.0,6,0,28,1,7.0,1,,v England,W.A.C.A,22 Feb 1992,
ODI,SLV Raju,9.0,6,0,28,1,3.11,1,,v England,Chandigarh,21 Jan 1993,
ODI,SA Ankola,6.0,6,0,28,1,4.66,2,,v England,Jamshedpur,1 Mar 1993,
ODI,M Prabhakar,7.0,6,1,28,1,4.0,2,,v New Zealand,Napier,16 Feb 1995,
ODI,A Kumble,7.0,6,0,28,1,4.0,1,,v Australia,Dunedin,22 Feb 1995,
ODI,U Chatterjee,10.0,6,0,28,1,2.8,1,,v Bangladesh,Sharjah,5 Apr 1995,
ODI,A Kuruvilla,6.0,6,0,28,1,4.66,1,,v Bangladesh,Colombo (SSC),24 Jul 1997,
ODI,SR Tendulkar,7.0,6,0,28,1,4.0,2,,v New Zealand,Sharjah,20 Apr 1998,
ODI,BKV Prasad,6.0,6,1,28,1,4.66,1,,v Kenya,Gwalior,28 May 1998,
ODI,BKV Prasad,3.0,6,0,28,1,9.33,2,,v New Zealand,Wellington,14 Jan 1999,
ODI,RR Singh,10.0,6,0,28,1,2.8,1,,v New Zealand,Delhi,17 Nov 1999,
ODI,SR Tendulkar,10.0,6,0,28,1,2.8,1,,v Sri Lanka,Sharjah,29 Oct 2000,
ODI,SC Ganguly,10.0,6,1,28,1,2.8,1,,v Sri Lanka,The Oval,30 Jun 2002,
ODI,A Nehra,5.0,6,0,28,1,5.6,1,,v England,The Oval,9 Jul 2002,
ODI,Joginder Sharma,8.0,6,2,28,1,3.5,2,,v Bangladesh,Chattogram,23 Dec 2004,
ODI,Yuvraj Singh,6.0,6,0,28,1,4.66,1,,v Australia,Bengaluru,29 Sep 2007,
ODI,V Sehwag,6.0,6,0,28,1,4.66,1,,v Australia,Sydney,24 Feb 2008,
ODI,I Sharma,6.0,6,0,28,1,4.66,2,,v Pakistan,Mirpur,10 Jun 2008,
ODI,YK Pathan,4.0,6,0,28,1,7.0,1,,v West Indies,Gros Islet,3 Jul 2009,
ODI,MM Patel,10.0,6,0,28,1,2.8,1,,v New Zealand,Vadodara,4 Dec 2010,
ODI,MK Tiwary,5.0,6,0,28,1,5.6,2,,v England,Eden Gardens,25 Oct 2011,
ODI,AB Dinda,6.0,6,0,28,1,4.66,1,,v Sri Lanka,Colombo (RPS),31 Jul 2012,
ODI,UT Yadav,4.4,6,0,28,1,6.0,2,,v Sri Lanka,Port of Spain,9 Jul 2013,
ODI,Mohammed Shami,6.0,6,0,28,1,4.66,1,,v West Indies,Kochi,21 Nov 2013,
ODI,STR Binny,8.0,6,1,28,1,3.5,1,,v Sri Lanka,Ranchi,16 Nov 2014,
ODI,UT Yadav,4.0,6,0,28,1,7.0,2,,v New Zealand,Visakhapatnam,29 Oct 2016,
ODI,HH Pandya,5.0,6,0,28,1,5.6,2,,v West Indies,Manchester,27 Jun 2019,
ODI,Washington Sundar,5.0,6,0,28,1,5.6,2,,v West Indies,Ahmedabad,9 Feb 2022,
ODI,M Prasidh Krishna,6.1,6,1,28,1,4.54,1,,v Zimbabwe,Harare,20 Aug 2022,
ODI,HH Pandya,3.0,6,0,28,1,9.33,1,,v Australia,Chennai,8 Oct 2023,
ODI,Arshdeep Singh,8.0,6,0,28,1,3.5,2,,v South Africa,Gqeberha,19 Dec 2023,
ODI,BS Sandhu,9.0,6,1,29,1,3.22,1,,v Zimbabwe,Leicester,11 Jun 1983,
ODI,KBJ Azad,10.0,6,1,29,1,2.9,2,,v West Indies,Vadodara,9 Nov 1983,
ODI,RJ Shastri,10.0,6,2,29,1,2.9,2,,v England,Bengaluru,20 Jan 1985,
ODI,N Kapil Dev,8.0,6,1,29,1,3.62,2,,v West Indies,Sharjah,22 Nov 1985,
ODI,RMH Binny,6.0,6,1,29,1,4.83,1,,v New Zealand,Brisbane,11 Jan 1986,
ODI,SK Sharma,5.5,6,0,29,1,4.97,2,,v West Indies,Eden Gardens,2 Jan 1988,
ODI,N Kapil Dev,7.0,6,0,29,1,4.14,1,,v New Zealand,Cuttack,12 Dec 1988,
ODI,RJ Shastri,8.0,6,0,29,1,3.62,1,,v Pakistan,Lahore,22 Dec 1989,
ODI,AS Wassan,10.0,6,0,29,1,2.9,1,,v Sri Lanka,Pune,5 Dec 1990,
ODI,M Prabhakar,8.0,6,0,29,1,3.62,2,,v Australia,Sydney,14 Jan 1992,
ODI,SR Tendulkar,6.0,6,0,29,1,4.83,1,,v Australia,Melbourne,18 Jan 1992,
ODI,N Kapil Dev,10.0,6,3,29,1,2.9,2,,v Sri Lanka,Colombo (RPS),25 Jul 1993,
ODI,M Prabhakar,5.0,6,0,29,1,5.8,1,,v New Zealand,Brabourne,29 Nov 1995,
ODI,A Jadeja,5.0,6,0,29,1,5.8,1,,v England,The Oval,23 May 1996,
ODI,SR Tendulkar,6.0,6,0,29,1,4.83,2,,v Sri Lanka,Colombo (RPS),28 Aug 1996,
ODI,RR Singh,6.0,6,0,29,1,4.83,2,,v South Africa,Wankhede,14 Dec 1996,
ODI,A Kuruvilla,6.0,6,0,29,1,4.83,1,,v Pakistan,Toronto,20 Sep 1997,
ODI,SR Tendulkar,6.0,6,0,29,1,4.83,1,,v New Zealand,Auckland,16 Jan 1999,
ODI,T Kumaran,8.0,6,1,29,1,3.62,1,,v New Zealand,Guwahati,14 Nov 1999,
ODI,SC Ganguly,6.0,6,1,29,1,4.83,1,,v New Zealand,Delhi,17 Nov 1999,
ODI,BKV Prasad,10.0,6,0,29,1,2.9,2,,v Australia,Sydney,14 Jan 2000,
ODI,SC Ganguly,5.0,6,0,29,1,5.8,1,,v England,Cuttack,22 Jan 2002,
ODI,A Nehra,10.0,6,0,29,1,2.9,1,,v Sri Lanka,The Oval,30 Jun 2002,
ODI,A Mishra,5.0,6,0,29,1,5.8,2,,v South Africa,Dhaka,13 Apr 2003,
ODI,Z Khan,6.0,6,0,29,1,4.83,1,,v Australia,Eden Gardens,18 Nov 2003,
ODI,V Sehwag,4.0,6,0,29,1,7.25,2,,v Pakistan,Lahore,24 Mar 2004,
ODI,IK Pathan,9.0,6,3,29,1,3.22,1,,v West Indies,Dambulla,31 Jul 2005,
ODI,V Sehwag,4.0,6,0,29,1,7.25,1,,v Sri Lanka,Jaipur,31 Oct 2005,
ODI,IK Pathan,8.0,6,2,29,1,3.62,1,,v England,Faridabad,31 Mar 2006,
ODI,S Sreesanth,5.0,6,0,29,1,5.8,1,,v England,Kochi,6 Apr 2006,
ODI,V Sehwag,10.0,6,0,29,1,2.9,1,,v West Indies,Port of Spain,28 May 2006,
ODI,MM Patel,8.0,6,2,29,1,3.62,2,,v West Indies,Ahmedabad,26 Oct 2006,
ODI,S Sreesanth,7.0,6,1,29,1,4.14,1,,v South Africa,Gqeberha,29 Nov 2006,
ODI,Harbhajan Singh,10.0,6,3,29,1,2.9,2,,v West Indies,Cuttack,24 Jan 2007,
ODI,SC Ganguly,6.0,6,0,29,1,4.83,1,,v Sri Lanka,Visakhapatnam,17 Feb 2007,
ODI,Z Khan,9.0,6,2,29,1,3.22,1,,v South Africa,Belfast,29 Jun 2007,
ODI,Z Khan,7.0,6,0,29,1,4.14,1,,v South Africa,Belfast,1 Jul 2007,
ODI,Harbhajan Singh,10.0,6,0,29,1,2.9,1,,v Pakistan,Guwahati,5 Nov 2007,
ODI,SC Ganguly,5.0,6,0,29,1,5.8,1,,v Pakistan,Gwalior,15 Nov 2007,
ODI,Harbhajan Singh,10.0,6,0,29,1,2.9,2,,v Sri Lanka,Colombo (RPS),24 Aug 2008,
ODI,Harbhajan Singh,9.0,6,0,29,1,3.22,1,,v Sri Lanka,Cuttack,21 Dec 2009,
ODI,RA Jadeja,7.0,6,0,29,1,4.14,2,,v Sri Lanka,Mirpur,13 Jan 2010,
ODI,P Kumar,9.0,6,1,29,1,3.22,2,,v Sri Lanka,Dambulla,24 Jun 2010,
ODI,Harbhajan Singh,10.0,6,0,29,1,2.9,2,,v Zimbabwe,Harare,12 Jul 2015,
ODI,Kuldeep Yadav,7.3,6,0,29,1,3.86,1,,v New Zealand,Raipur,21 Jan 2023,
ODI,HH Pandya,5.0,6,0,29,1,5.8,1,,v Australia,Wankhede,17 Mar 2023,
ODI,Mohammed Shami,7.0,6,0,29,1,4.14,1,,v Nepal,Pallekele,4 Sep 2023,
ODI,Washington Sundar,8.0,6,1,29,1,3.62,1,,v Sri Lanka,Colombo (RPS),7 Aug 2024,
ODI,KD Ghavri,10.0,6,0,30,1,3.0,2,,v New Zealand,W.A.C.A,9 Dec 1980,
ODI,S Madan Lal,10.0,6,2,30,1,3.0,2,,v England,Ahmedabad,25 Nov 1981,
ODI,Randhir Singh,6.0,6,0,30,1,5.0,2,,v West Indies,Guwahati,17 Dec 1983,
ODI,RJ Shastri,3.0,6,0,30,1,10.0,1,,v England,Chandigarh,27 Jan 1985,
ODI,RJ Shastri,10.0,6,0,30,1,3.0,2,,v New Zealand,Melbourne,23 Jan 1986,
ODI,Maninder Singh,8.0,6,0,30,1,3.75,1,,v West Indies,Sharjah,30 Nov 1986,
ODI,Maninder Singh,10.0,6,1,30,1,3.0,1,,v Sri Lanka,Guwahati,11 Jan 1987,
ODI,N Kapil Dev,8.0,6,1,30,1,3.75,1,,v England,Sharjah,2 Apr 1987,
ODI,N Kapil Dev,10.0,6,2,30,1,3.0,2,,v New Zealand,Sharjah,27 Mar 1988,
ODI,N Kapil Dev,7.0,6,0,30,1,4.28,1,,v Sri Lanka,Dhaka,4 Nov 1988,
ODI,RJ Shastri,10.0,6,1,30,1,3.0,2,,v Sri Lanka,Sharjah,25 Apr 1990,
ODI,SP Mukherjee,10.0,6,0,30,1,3.0,1,,v Sri Lanka,Cuttack,28 Dec 1990,
ODI,N Kapil Dev,8.0,6,0,30,1,3.75,2,,v Pakistan,Sharjah,18 Oct 1991,
ODI,M Prabhakar,10.0,6,1,30,1,3.0,2,,v West Indies,W.A.C.A,6 Dec 1991,
ODI,J Srinath,7.0,6,1,30,1,4.28,1,,v Australia,Sydney,20 Jan 1992,
ODI,M Prabhakar,8.0,6,0,30,1,3.75,2,,v South Africa,Gqeberha,9 Dec 1992,
ODI,J Srinath,8.0,6,0,30,1,3.75,1,,v South Africa,Hamilton,18 Feb 1995,
ODI,A Kumble,9.0,6,0,30,1,3.33,2,,v South Africa,Gqeberha,2 Feb 1997,
ODI,A Kumble,10.0,6,1,30,1,3.0,1,,v New Zealand,Bengaluru,14 May 1997,
ODI,HH Kanitkar,9.0,6,0,30,1,3.33,1,,v Bangladesh,Mohali,14 May 1998,
ODI,Harbhajan Singh,10.0,6,0,30,1,3.0,2,,v Sri Lanka,Colombo (SSC),1 Aug 2001,
ODI,SR Tendulkar,7.0,6,0,30,1,4.28,1,,v England,Wankhede,3 Feb 2002,
ODI,SC Ganguly,7.0,6,0,30,1,4.28,1,,v West Indies,Rajkot,12 Nov 2002,
ODI,Harbhajan Singh,10.0,6,1,30,1,3.0,1,,v West Indies,Ahmedabad,15 Nov 2002,
ODI,M Kartik,10.0,6,1,30,1,3.0,1,,v Australia,Eden Gardens,18 Nov 2003,
ODI,IK Pathan,8.0,6,0,30,1,3.75,1,,v Zimbabwe,Hobart,14 Jan 2004,
ODI,S Sreesanth,8.0,6,1,30,1,3.75,1,,v Pakistan,Multan,16 Feb 2006,
ODI,S Sreesanth,7.2,6,0,30,1,4.09,2,,v Pakistan,Abu Dhabi,19 Apr 2006,
ODI,AB Agarkar,8.0,6,1,30,1,3.75,2,,v Pakistan,Abu Dhabi,19 Apr 2006,
ODI,Harbhajan Singh,8.0,6,1,30,1,3.75,2,,v West Indies,Vadodara,31 Jan 2007,
ODI,V Sehwag,8.0,6,0,30,1,3.75,1,,v Sri Lanka,Karachi,6 Jul 2008,
ODI,V Sehwag,7.0,6,0,30,1,4.28,2,,v Sri Lanka,Colombo (RPS),3 Feb 2009,
ODI,Yuvraj Singh,8.0,6,0,30,1,3.75,1,,v Australia,Delhi,31 Oct 2009,
ODI,P Kumar,8.0,6,2,30,1,3.75,2,,v Sri Lanka,Dambulla,22 Jun 2010,
ODI,R Ashwin,10.0,6,1,30,1,3.0,1,,v West Indies,Cuttack,29 Nov 2011,
ODI,RA Jadeja,10.0,6,1,30,1,3.0,2,,v Zimbabwe,Harare,26 Jul 2013,
ODI,B Kumar,7.0,6,0,30,1,4.28,2,,v England,Cardiff,27 Aug 2014,
ODI,AR Patel,10.0,6,0,30,1,3.0,1,,v Sri Lanka,Pallekele,24 Aug 2017,
ODI,B Kumar,5.0,6,1,30,1,6.0,2,,v West Indies,Brabourne,29 Oct 2018,
ODI,M Prasidh Krishna,4.0,6,0,30,1,7.5,2,,v West Indies,Port of Spain,27 Jul 2022,
ODI,Kuldeep Yadav,8.0,6,0,30,1,3.75,2,,v West Indies,Bridgetown,29 Jul 2023,
ODI,Harshit Rana,7.4,6,0,30,1,3.91,1,,v Pakistan,Dubai (DICS),23 Feb 2025,
ODI,RA Jadeja,10.0,6,0,30,1,3.0,1,,v New Zealand,Dubai (DICS),9 Mar 2025,
ODI,N Kapil Dev,6.0,6,0,31,1,5.16,2,,v Pakistan,Sialkot,13 Oct 1978,
ODI,SM Patil,10.0,6,1,31,1,3.1,2,,v Australia,Melbourne,6 Dec 1980,
ODI,Maninder Singh,11.0,6,1,31,1,2.81,1,,v England,The Oval,24 May 1986,
ODI,RR Kulkarni,8.0,6,1,31,1,3.87,2,,v Sri Lanka,Vadodara,15 Jan 1987,
ODI,Maninder Singh,10.0,6,1,31,1,3.1,2,,v Pakistan,Indore,27 Jan 1987,
ODI,SK Sharma,6.0,6,0,31,1,5.16,2,,v West Indies,Rajkot,5 Jan 1988,
ODI,Arshad Ayub,10.0,6,2,31,1,3.1,2,,v Sri Lanka,Ahmedabad,22 Oct 1989,
ODI,J Srinath,9.0,6,1,31,1,3.44,2,,v Pakistan,Sharjah,18 Oct 1991,
ODI,N Kapil Dev,10.0,6,2,31,1,3.1,1,,v Pakistan,Sharjah,23 Oct 1991,
ODI,J Srinath,10.0,6,1,31,1,3.1,2,,v South Africa,Gqeberha,9 Dec 1992,
ODI,M Prabhakar,5.0,6,0,31,1,6.2,1,,v Zimbabwe,Guwahati,22 Mar 1993,
ODI,N Kapil Dev,6.0,6,0,31,1,5.16,2,,v Zimbabwe,Indore,18 Nov 1993,
ODI,N Kapil Dev,8.0,6,0,31,1,3.87,2,,v South Africa,Eden Gardens,24 Nov 1993,
ODI,SLV Raju,10.0,6,0,31,1,3.1,2,,v U.A.E.,Sharjah,13 Apr 1994,
ODI,A Kumble,9.0,6,0,31,1,3.44,2,,v Australia,Colombo (RPS),9 Sep 1994,
ODI,J Srinath,9.0,6,0,31,1,3.44,1,,v West Indies,Kanpur,30 Oct 1994,
ODI,C Sharma,7.0,6,1,31,1,4.42,1,,v West Indies,Cuttack,9 Nov 1994,
ODI,SLV Raju,6.0,6,0,31,1,5.16,1,,v West Indies,Cuttack,9 Nov 1994,
ODI,A Kumble,7.0,6,0,31,1,4.42,2,,v Zimbabwe,Centurion,7 Feb 1997,
ODI,SC Ganguly,6.0,6,0,31,1,5.16,1,,v Sri Lanka,Guwahati,22 Dec 1997,
ODI,DS Mohanty,3.0,6,0,31,1,10.33,2,,v Pakistan,Dhaka,11 Jan 1998,
ODI,SV Bahutule,7.0,6,0,31,1,4.42,1,,v Pakistan,Dhaka,14 Jan 1998,
ODI,AB Agarkar,5.0,6,0,31,1,6.2,2,,v Australia,Kochi,1 Apr 1998,
ODI,A Kumble,8.0,6,0,31,1,3.87,1,,v New Zealand,Colombo (RPS),23 Jun 1998,
ODI,A Kumble,7.5,6,0,31,1,3.95,2,,v Sri Lanka,Pune,30 Mar 1999,
ODI,A Kumble,10.0,6,0,31,1,3.1,1,,v Pakistan,Sharjah,8 Apr 1999,
ODI,J Srinath,10.0,6,3,31,1,3.1,2,,v Kenya,Bristol,23 May 1999,
ODI,DS Mohanty,5.0,6,0,31,1,6.2,2,,v Sri Lanka,Taunton,26 May 1999,
ODI,SC Ganguly,5.0,6,0,31,1,6.2,1,,v Australia,The Oval,4 Jun 1999,
ODI,J Srinath,10.0,6,1,31,1,3.1,1,,v New Zealand,Delhi,17 Nov 1999,
ODI,SR Tendulkar,10.0,6,0,31,1,3.1,1,,v South Africa,Nagpur,19 Mar 2000,
ODI,AB Agarkar,8.0,6,1,31,1,3.87,1,,v Pakistan,Sharjah,23 Mar 2000,
ODI,SR Tendulkar,7.0,6,0,31,1,4.42,2,,v Australia,Nairobi (Gym),7 Oct 2000,
ODI,J Srinath,8.0,6,0,31,1,3.87,1,,v England,Kanpur,28 Jan 2002,
ODI,SC Ganguly,6.0,6,0,31,1,5.16,1,,v England,Lord's,29 Jun 2002,
ODI,Z Khan,6.0,6,0,31,1,5.16,2,,v England,Chester-le-Street,4 Jul 2002,
ODI,A Nehra,10.0,6,1,31,1,3.1,1,,v New Zealand,Auckland,11 Jan 2003,
ODI,SC Ganguly,8.0,6,2,31,1,3.87,1,,v New Zealand,Auckland,11 Jan 2003,
ODI,SB Bangar,8.4,6,0,31,1,3.57,1,,v Bangladesh,Dhaka,16 Apr 2003,
ODI,AM Salvi,8.4,6,2,31,1,3.57,2,,v South Africa,Dhaka,18 Apr 2003,
ODI,HK Badani,7.0,6,0,31,1,4.42,1,,v Zimbabwe,Hobart,14 Jan 2004,
ODI,SR Tendulkar,8.0,6,1,31,1,3.87,2,,v Pakistan,Peshawar,19 Mar 2004,
ODI,IK Pathan,7.0,6,0,31,1,4.42,1,,v Sri Lanka,Rajkot,9 Nov 2005,
ODI,Yuvraj Singh,7.0,6,0,31,1,4.42,1,,v England,Indore,15 Apr 2006,
ODI,PP Chawla,5.0,6,0,31,1,6.2,2,,v England,Leeds,2 Sep 2007,
ODI,MM Patel,9.0,6,1,31,1,3.44,1,,v Australia,Adelaide,17 Feb 2008,
ODI,P Kumar,5.0,6,0,31,1,6.2,2,,v South Africa,Gwalior,24 Feb 2010,
ODI,RA Jadeja,10.0,6,0,31,1,3.1,2,,v Australia,Mohali,19 Oct 2013,
ODI,Mohammed Shami,9.0,6,0,31,1,3.44,2,,v England,W.A.C.A,30 Jan 2015,
ODI,HH Pandya,5.0,6,0,31,1,6.2,1,,v New Zealand,Ranchi,26 Oct 2016,
ODI,YS Chahal,8.0,6,1,31,1,3.87,1,,v Bangladesh,Dubai (DICS),28 Sep 2018,
ODI,KM Jadhav,7.0,6,0,31,1,4.42,1,,v Australia,Hyderabad,2 Mar 2019,
ODI,Umran Malik,5.0,6,0,31,1,6.2,2,,v New Zealand,Christchurch,30 Nov 2022,
ODI,SN Thakur,6.0,6,0,31,1,5.16,1,,v Afghanistan,Delhi,11 Oct 2023,
ODI,Arshdeep Singh,5.0,6,0,31,1,6.2,2,,v Australia,Perth,19 Oct 2025,
ODI,KD Ghavri,9.1,6,1,32,1,3.49,2,,v Australia,Melbourne,6 Dec 1980,
ODI,N Kapil Dev,11.0,6,1,32,1,2.9,2,,v Zimbabwe,Tunbridge Wells,18 Jun 1983,
ODI,N Kapil Dev,9.0,6,1,32,1,3.55,1,,v Sri Lanka,Guwahati,11 Jan 1987,
ODI,Maninder Singh,10.0,6,1,32,1,3.2,1,,v Zimbabwe,Ahmedabad,26 Oct 1987,
ODI,RJ Shastri,10.0,6,1,32,1,3.2,1,,v New Zealand,Nagpur,31 Oct 1987,
ODI,SLV Raju,10.0,6,0,32,1,3.2,1,,v South Africa,Eden Gardens,10 Nov 1991,
ODI,SLV Raju,10.0,6,2,32,1,3.2,2,,v West Indies,Wellington,10 Mar 1992,
ODI,RK Chauhan,8.0,6,0,32,1,4.0,2,,v Zimbabwe,Indore,18 Nov 1993,
ODI,N Kapil Dev,8.0,6,1,32,1,4.0,2,,v South Africa,Mohali,22 Nov 1993,
ODI,A Kumble,10.0,6,0,32,1,3.2,2,,v Pakistan,Toronto,17 Sep 1996,
ODI,BKV Prasad,10.0,6,0,32,1,3.2,1,,v Pakistan,Toronto,23 Sep 1996,
ODI,SA Ankola,8.0,6,1,32,1,4.0,1,,v Zimbabwe,Paarl,27 Jan 1997,
ODI,SA Ankola,5.0,6,0,32,1,6.4,2,,v Zimbabwe,Centurion,7 Feb 1997,
ODI,Harbhajan Singh,10.0,6,0,32,1,3.2,2,,v New Zealand,Sharjah,17 Apr 1998,
ODI,RR Singh,10.0,6,0,32,1,3.2,1,,v Bangladesh,Mohali,14 May 1998,
ODI,SR Tendulkar,6.0,6,0,32,1,5.33,1,,v New Zealand,Colombo (RPS),23 Jun 1998,
ODI,Harbhajan Singh,10.0,6,0,32,1,3.2,1,,v Zimbabwe,Harare,30 Sep 1998,
ODI,N Chopra,7.0,6,0,32,1,4.57,1,,v Zimbabwe,Sharjah,13 Nov 1998,
ODI,N Chopra,7.0,6,0,32,1,4.57,1,,v New Zealand,Auckland,16 Jan 1999,
ODI,RR Singh,5.0,6,0,32,1,6.4,1,,v Pakistan,W.A.C.A,28 Jan 2000,
ODI,A Kumble,9.0,6,0,32,1,3.55,1,,v South Africa,Vadodara,17 Mar 2000,
ODI,J Srinath,6.0,6,0,32,1,5.33,2,,v South Africa,Centurion,10 Oct 2001,
ODI,R Vijay Bharadwaj,4.0,6,0,32,1,8.0,2,,v Zimbabwe,Guwahati,19 Mar 2002,
ODI,Z Khan,7.0,6,1,32,1,4.57,2,,v West Indies,Port of Spain,2 Jun 2002,
ODI,L Balaji,10.0,6,1,32,1,3.2,1,,v Zimbabwe,W.A.C.A,3 Feb 2004,
ODI,V Sehwag,6.0,6,0,32,1,5.33,2,,v Pakistan,Karachi,13 Mar 2004,
ODI,V Sehwag,10.0,6,2,32,1,3.2,1,,v Sri Lanka,Colombo (RPS),1 Aug 2004,
ODI,A Kumble,6.0,6,0,32,1,5.33,1,,v Pakistan,Amstelveen,21 Aug 2004,
ODI,Z Khan,9.4,6,2,32,1,3.31,1,,v West Indies,Dambulla,31 Jul 2005,
ODI,Harbhajan Singh,10.0,6,0,32,1,3.2,1,,v West Indies,Kingston,20 May 2006,
ODI,IK Pathan,5.0,6,0,32,1,6.4,2,,v West Indies,Port of Spain,26 May 2006,
ODI,IK Pathan,4.0,6,0,32,1,8.0,1,,v Australia,Kuala Lumpur,16 Sep 2006,
ODI,MM Patel,9.0,6,1,32,1,3.55,1,,v Australia,Kuala Lumpur,22 Sep 2006,
ODI,RR Powar,10.0,6,1,32,1,3.2,2,,v Bangladesh,Mirpur,12 May 2007,
ODI,Harbhajan Singh,10.0,6,0,32,1,3.2,2,,v Pakistan,Kanpur,11 Nov 2007,
ODI,I Sharma,8.0,6,0,32,1,4.0,1,,v Australia,Sydney,2 Mar 2008,
ODI,P Kumar,10.0,6,2,32,1,3.2,1,,v Bangladesh,Mirpur,12 Jun 2008,
ODI,Harbhajan Singh,7.0,6,0,32,1,4.57,1,,v Bangladesh,Dambulla,16 Jun 2010,
ODI,Harbhajan Singh,10.0,6,0,32,1,3.2,2,,v South Africa,Johannesburg,15 Jan 2011,
ODI,RA Jadeja,6.0,6,0,32,1,5.33,2,,v Bangladesh,Mirpur,16 Mar 2012,
ODI,B Kumar,8.0,6,0,32,1,4.0,1,,v West Indies,The Oval,11 Jun 2013,
ODI,R Vinay Kumar,7.0,6,0,32,1,4.57,1,,v Zimbabwe,Harare,28 Jul 2013,
ODI,SK Raina,7.0,6,0,32,1,4.57,1,,v England,Leeds,5 Sep 2014,
ODI,R Ashwin,10.0,6,2,32,1,3.2,2,,v Bangladesh,Mirpur,21 Jun 2015,
ODI,UT Yadav,7.0,6,0,32,1,4.57,2,,v West Indies,North Sound,30 Jun 2017,
ODI,JJ Bumrah,7.0,6,1,32,1,4.57,2,,v Sri Lanka,Dharamsala,10 Dec 2017,
ODI,KK Ahmed,7.0,6,0,32,1,4.57,2,,v West Indies,Port of Spain,11 Aug 2019,
ODI,YS Chahal,7.0,6,0,32,1,4.57,1,,v West Indies,Port of Spain,14 Aug 2019,
ODI,JJ Bumrah,9.1,6,2,32,1,3.49,2,,v Australia,Rajkot,17 Jan 2020,
ODI,DL Chahar,8.0,6,1,32,1,4.0,2,,v Bangladesh,Mirpur,4 Dec 2022,
ODI,AR Patel,10.0,6,0,32,1,3.2,2,,v New Zealand,Dubai (DICS),2 Mar 2025,
ODI,KD Ghavri,8.0,6,0,33,1,4.12,1,,v Pakistan,Sahiwal,3 Nov 1978,
ODI,N Kapil Dev,10.0,6,2,33,1,3.3,2,,v New Zealand,W.A.C.A,9 Dec 1980,
ODI,RMH Binny,8.0,6,0,33,1,4.12,2,,v England,Sydney,26 Feb 1985,
ODI,RJ Shastri,10.0,6,1,33,1,3.3,1,,v Australia,Adelaide,26 Jan 1986,
ODI,RJ Shastri,9.0,6,0,33,1,3.66,2,,v New Zealand,Launceston,2 Feb 1986,
ODI,N Kapil Dev,9.0,6,2,33,1,3.66,1,,v West Indies,Sharjah,30 Nov 1986,
ODI,K Srikkanth,6.0,6,0,33,1,5.5,1,,v Sri Lanka,Dhaka,29 Oct 1988,
ODI,A Kumble,10.0,6,0,33,1,3.3,1,,v Pakistan,Sharjah,27 Apr 1990,
ODI,SLV Raju,10.0,6,0,33,1,3.3,2,,v West Indies,Brisbane,11 Jan 1992,
ODI,M Prabhakar,5.1,6,1,33,1,6.38,2,,v South Africa,Adelaide,15 Mar 1992,
ODI,A Kumble,9.0,6,1,33,1,3.66,2,,v South Africa,Johannesburg,13 Dec 1992,
ODI,A Kumble,10.0,6,1,33,1,3.3,1,,v South Africa,Durban,17 Dec 1992,
ODI,M Prabhakar,9.0,6,1,33,1,3.66,2,,v Zimbabwe,Faridabad,19 Mar 1993,
ODI,SA Ankola,6.0,6,0,33,1,5.5,1,,v Zimbabwe,Guwahati,22 Mar 1993,
ODI,SR Tendulkar,8.0,6,0,33,1,4.12,1,,v Australia,Dunedin,22 Feb 1995,
ODI,A Jadeja,6.0,6,0,33,1,5.5,1,,v South Africa,Hyderabad (Deccan),17 Oct 1996,
ODI,Harvinder Singh,5.0,6,0,33,1,6.6,2,,v Pakistan,Dhaka,16 Jan 1998,
ODI,BKV Prasad,6.0,6,0,33,1,5.5,1,,v Australia,Kanpur,7 Apr 1998,
ODI,RR Singh,5.0,6,0,33,1,6.6,1,,v Zimbabwe,Sharjah,11 Nov 1998,
ODI,RR Singh,6.0,6,0,33,1,5.5,1,,v New Zealand,Napier,12 Jan 1999,
ODI,N Chopra,10.0,6,2,33,1,3.3,2,,v Kenya,Bristol,23 May 1999,
ODI,J Srinath,7.0,6,0,33,1,4.71,2,,v Sri Lanka,Taunton,26 May 1999,
ODI,SC Ganguly,8.0,6,1,33,1,4.12,2,,v New Zealand,Gwalior,11 Nov 1999,
ODI,SB Joshi,9.0,6,2,33,1,3.66,1,,v Sri Lanka,Sharjah,29 Oct 2000,
ODI,Harbhajan Singh,10.0,6,1,33,1,3.3,1,,v West Indies,Harare,4 Jul 2001,
ODI,V Sehwag,7.0,6,0,33,1,4.71,1,,v Sri Lanka,Colombo (RPS),22 Jul 2001,
ODI,AB Agarkar,10.0,6,2,33,1,3.3,2,,v Pakistan,Birmingham,19 Sep 2004,
ODI,Harbhajan Singh,9.0,6,2,33,1,3.66,1,,v West Indies,Kingston,18 May 2006,
ODI,Harbhajan Singh,10.0,6,1,33,1,3.3,2,,v West Indies,Basseterre,23 May 2006,
ODI,AB Agarkar,8.0,6,1,33,1,4.12,1,,v Sri Lanka,Port of Spain,23 Mar 2007,
ODI,Yuvraj Singh,10.0,6,0,33,1,3.3,1,,v Bangladesh,Mirpur,7 Jan 2010,
ODI,Yuvraj Singh,10.0,6,1,33,1,3.3,1,,v Bangladesh,Mirpur,11 Jan 2010,
ODI,R Vinay Kumar,4.1,6,0,33,1,7.92,2,,v England,Southampton,6 Sep 2011,
ODI,R Ashwin,10.0,6,0,33,1,3.3,1,,v West Indies,Ahmedabad,5 Dec 2011,
ODI,RA Jadeja,10.0,6,1,33,1,3.3,1,,v Sri Lanka,Cardiff,20 Jun 2013,
ODI,KM Jadhav,8.0,6,0,33,1,4.12,2,,v Australia,Nagpur,5 Mar 2019,
ODI,HH Pandya,6.0,6,0,33,1,5.5,2,,v Sri Lanka,Guwahati,10 Jan 2023,
ODI,Kuldeep Yadav,10.0,6,0,33,1,3.3,1,,v Sri Lanka,Colombo (RPS),2 Aug 2024,
ODI,RJ Shastri,10.0,6,1,34,1,3.4,1,,v England,Cuttack,27 Jan 1982,
ODI,S Madan Lal,12.0,6,1,34,1,2.83,2,,v West Indies,Manchester,9 Jun 1983,
ODI,M Prabhakar,10.0,6,1,34,1,3.4,2,,v England,Cuttack,27 Dec 1984,
ODI,RJ Shastri,10.0,6,1,34,1,3.4,1,,v Australia,Melbourne,3 Mar 1985,
ODI,N Kapil Dev,10.0,6,1,34,1,3.4,1,,v New Zealand,Sydney,5 Mar 1985,
ODI,M Amarnath,10.0,6,0,34,1,3.4,1,,v West Indies,Delhi,23 Oct 1989,
ODI,Arshad Ayub,8.5,6,3,34,1,3.84,2,,v Sri Lanka,Margao,8 Dec 1990,
ODI,J Srinath,10.0,6,2,34,1,3.4,2,,v South Africa,Cape Town,7 Dec 1992,
ODI,A Kumble,10.0,6,0,34,1,3.4,2,,v South Africa,Bloemfontein,15 Dec 1992,
ODI,M Prabhakar,5.4,6,0,34,1,6.0,2,,v England,Jamshedpur,1 Mar 1993,
ODI,M Prabhakar,10.0,6,1,34,1,3.4,1,,v West Indies,Wankhede,20 Oct 1994,
ODI,A Kumble,9.0,6,1,34,1,3.77,2,,v South Africa,Wankhede,14 Dec 1996,
ODI,J Srinath,10.0,6,0,34,1,3.4,1,,v Zimbabwe,Paarl,27 Jan 1997,
ODI,A Kuruvilla,10.0,6,2,34,1,3.4,1,,v West Indies,Kingstown,30 Apr 1997,
ODI,N Chopra,10.0,6,2,34,1,3.4,1,,v Sri Lanka,Sharjah,6 Nov 1998,
ODI,SR Tendulkar,8.0,6,0,34,1,4.25,2,,v New Zealand,Taupo,9 Jan 1999,
ODI,Harbhajan Singh,10.0,6,1,34,1,3.4,1,,v England,Chennai,25 Jan 2002,
ODI,Harbhajan Singh,10.0,6,0,34,1,3.4,1,,v Sri Lanka,Colombo (RPS),30 Sep 2002,
ODI,AB Agarkar,8.0,6,0,34,1,4.25,1,,v New Zealand,Auckland,11 Jan 2003,
ODI,M Kartik,10.0,6,1,34,1,3.4,2,,v New Zealand,Cuttack,6 Nov 2003,
ODI,Harbhajan Singh,10.0,6,1,34,1,3.4,1,,v Australia,Eden Gardens,18 Nov 2003,
ODI,Jai P Yadav,10.0,6,1,34,1,3.4,1,,v New Zealand,Harare,2 Sep 2005,
ODI,IK Pathan,5.0,6,0,34,1,6.8,2,,v Sri Lanka,Nagpur,25 Oct 2005,
ODI,S Sreesanth,9.3,6,2,34,1,3.57,2,,v Pakistan,Abu Dhabi,18 Apr 2006,
ODI,IK Pathan,5.0,6,0,34,1,6.8,2,,v West Indies,Ahmedabad,26 Oct 2006,
ODI,PP Ojha,10.0,6,0,34,1,3.4,2,,v Sri Lanka,Colombo (RPS),5 Feb 2009,
ODI,RP Singh,5.0,6,0,34,1,6.8,2,,v Sri Lanka,Colombo (RPS),14 Sep 2009,
ODI,R Ashwin,9.0,6,0,34,1,3.77,1,,v Australia,Visakhapatnam,20 Oct 2010,
ODI,MM Patel,8.0,6,0,34,1,4.25,1,,v New Zealand,Jaipur,1 Dec 2010,
ODI,Mohammed Shami,8.0,6,1,34,1,4.25,1,,v Zimbabwe,Bulawayo,1 Aug 2013,
ODI,STR Binny,7.0,6,0,34,1,4.85,2,,v England,Brisbane,20 Jan 2015,
ODI,UT Yadav,4.0,6,0,34,1,8.5,1,,v Ireland,Hamilton,10 Mar 2015,
ODI,KM Jadhav,7.0,6,0,34,1,4.85,2,,v New Zealand,Wellington,3 Feb 2019,
ODI,RA Jadeja,10.0,6,0,34,1,3.4,1,,v New Zealand,Manchester,9 Jul 2019,
ODI,HH Pandya,5.0,6,0,34,1,6.8,1,,v Sri Lanka,Colombo (RPS),18 Jul 2021,
ODI,HH Pandya,8.0,6,3,34,1,4.25,1,,v Nepal,Pallekele,4 Sep 2023,
ODI,R Ashwin,10.0,6,1,34,1,3.4,1,,v Australia,Chennai,8 Oct 2023,
ODI,KD Ghavri,8.0,6,0,35,1,4.37,2,,v Pakistan,Quetta,1 Oct 1978,
ODI,BS Sandhu,7.0,6,0,35,1,5.0,1,,v Pakistan,Quetta,12 Oct 1984,
ODI,RJ Shastri,5.0,6,0,35,1,7.0,1,,v Sri Lanka,Colombo (SSC),25 Aug 1985,
ODI,C Sharma,9.0,6,1,35,1,3.88,2,,v New Zealand,Launceston,2 Feb 1986,
ODI,RJ Shastri,10.0,6,0,35,1,3.5,2,,v Australia,Delhi,22 Oct 1987,
ODI,RJ Shastri,10.0,6,0,35,1,3.5,1,,v Zimbabwe,Ahmedabad,26 Oct 1987,
ODI,Maninder Singh,9.0,6,0,35,1,3.88,1,,v Sri Lanka,Dhaka,4 Nov 1988,
ODI,N Kapil Dev,9.0,6,0,35,1,3.88,2,,v West Indies,Port of Spain,11 Mar 1989,
ODI,M Prabhakar,7.0,6,1,35,1,5.0,1,,v Australia,Bengaluru,27 Oct 1989,
ODI,M Prabhakar,10.0,6,3,35,1,3.5,1,,v Australia,Christchurch,3 Mar 1990,
ODI,AS Wassan,7.0,6,0,35,1,5.0,1,,v Sri Lanka,Eden Gardens,4 Jan 1991,
ODI,SR Tendulkar,6.0,6,0,35,1,5.83,2,,v Zimbabwe,Hamilton,7 Mar 1992,
ODI,A Kumble,8.0,6,1,35,1,4.37,2,,v Zimbabwe,Harare,25 Oct 1992,
ODI,A Kumble,10.0,6,0,35,1,3.5,2,,v South Africa,Mohali,22 Nov 1993,
ODI,A Kumble,10.0,6,0,35,1,3.5,1,,v West Indies,Chennai,23 Oct 1994,
ODI,SR Tendulkar,8.0,6,2,35,1,4.37,2,,v West Indies,Eden Gardens,5 Nov 1994,
ODI,M Prabhakar,9.0,6,1,35,1,3.88,2,,v West Indies,Jaipur,11 Nov 1994,
ODI,SLV Raju,5.0,6,0,35,1,7.0,2,,v New Zealand,Napier,16 Feb 1995,
ODI,SR Tendulkar,7.0,6,0,35,1,5.0,2,,v Pakistan,Toronto,17 Sep 1996,
ODI,BKV Prasad,7.0,6,1,35,1,5.0,2,,v West Indies,Port of Spain,26 Apr 1997,
ODI,A Kuruvilla,7.0,6,1,35,1,5.0,2,,v Sri Lanka,Colombo (RPS),20 Aug 1997,
ODI,DS Mohanty,5.0,6,0,35,1,7.0,1,,v Pakistan,Toronto,20 Sep 1997,
ODI,RK Chauhan,9.0,6,0,35,1,3.88,1,,v England,Sharjah,11 Dec 1997,
ODI,J Srinath,9.5,6,1,35,1,3.55,2,,v England,Sharjah,9 Apr 1999,
ODI,AB Agarkar,10.0,6,0,35,1,3.5,2,,v Kenya,Bristol,23 May 1999,
ODI,SB Joshi,9.0,6,0,35,1,3.88,1,,v West Indies,Toronto,12 Sep 1999,
ODI,A Kumble,10.0,6,0,35,1,3.5,2,,v Pakistan,Brisbane,10 Jan 2000,
ODI,SB Joshi,7.0,6,0,35,1,5.0,1,,v Zimbabwe,Sharjah,26 Oct 2000,
ODI,SR Tendulkar,6.0,6,0,35,1,5.83,2,,v Zimbabwe,Jodhpur,8 Dec 2000,
ODI,Harbhajan Singh,10.0,6,2,35,1,3.5,1,,v West Indies,Harare,7 Jul 2001,
ODI,Harbhajan Singh,10.0,6,0,35,1,3.5,1,,v England,Cuttack,22 Jan 2002,
ODI,V Sehwag,8.0,6,0,35,1,4.37,1,,v Australia,Eden Gardens,18 Nov 2003,
ODI,V Sehwag,6.0,6,0,35,1,5.83,1,,v Australia,Amstelveen,23 Aug 2004,
ODI,Harbhajan Singh,10.0,6,0,35,1,3.5,1,,v Sri Lanka,Pune,3 Nov 2005,
ODI,Harbhajan Singh,10.0,6,0,35,1,3.5,2,,v South Africa,Hyderabad,16 Nov 2005,
ODI,RP Singh,7.0,6,1,35,1,5.0,1,,v Australia,Kuala Lumpur,16 Sep 2006,
ODI,PP Ojha,10.0,6,0,35,1,3.5,2,,v Zimbabwe,Harare,3 Jun 2010,
ODI,Harbhajan Singh,9.0,6,1,35,1,3.88,2,,v West Indies,Chennai,20 Mar 2011,
ODI,P Kumar,9.0,6,0,35,1,3.88,2,,v England,Lord's,11 Sep 2011,
ODI,RA Jadeja,10.0,6,0,35,1,3.5,1,,v Australia,Pune,13 Oct 2013,
ODI,MM Sharma,9.0,6,2,35,1,3.88,1,,v West Indies,W.A.C.A,6 Mar 2015,
ODI,B Kumar,10.0,6,1,35,1,3.5,2,,v Zimbabwe,Harare,10 Jul 2015,
ODI,AR Patel,10.0,6,1,35,1,3.5,1,,v Sri Lanka,Pallekele,27 Aug 2017,
ODI,B Kumar,6.5,6,0,35,1,5.12,1,,v Sri Lanka,Visakhapatnam,17 Dec 2017,
ODI,KM Jadhav,6.0,6,0,35,1,5.83,2,,v New Zealand,Mount Maunganui,26 Jan 2019,
ODI,Kuldeep Yadav,9.0,6,1,35,1,3.88,2,,v West Indies,Manchester,27 Jun 2019,
ODI,RA Jadeja,10.0,6,0,35,1,3.5,1,,v New Zealand,Auckland,8 Feb 2020,
ODI,SN Thakur,5.0,6,0,35,1,7.0,2,,v South Africa,Paarl,21 Jan 2022,
ODI,BS Sandhu,12.0,6,1,36,1,3.0,2,,v West Indies,Manchester,9 Jun 1983,
ODI,RMH Binny,9.0,6,1,36,1,4.0,1,,v Pakistan,Sharjah,17 Nov 1985,
ODI,Maninder Singh,10.0,6,0,36,1,3.6,2,,v Pakistan,Sharjah,18 Apr 1986,
ODI,L Sivaramakrishnan,9.0,6,0,36,1,4.0,1,,v Zimbabwe,Wankhede,17 Oct 1987,
ODI,N Kapil Dev,6.0,6,0,36,1,6.0,2,,v South Africa,Adelaide,15 Mar 1992,
ODI,M Prabhakar,9.3,6,1,36,1,3.78,2,,v South Africa,Cape Town,7 Dec 1992,
ODI,RJ Shastri,7.0,6,1,36,1,5.14,1,,v South Africa,Centurion,11 Dec 1992,
ODI,RJ Shastri,6.0,6,0,36,1,6.0,1,,v South Africa,Durban,17 Dec 1992,
ODI,N Kapil Dev,10.0,6,1,36,1,3.6,1,,v Sri Lanka,Colombo (RPS),12 Aug 1993,
ODI,M Prabhakar,10.0,6,0,36,1,3.6,2,,v South Africa,Mohali,22 Nov 1993,
ODI,SR Tendulkar,8.0,6,0,36,1,4.5,1,,v Sri Lanka,Hyderabad (Deccan),18 Feb 1994,
ODI,PS Vaidya,7.0,6,0,36,1,5.14,1,,v Australia,Dunedin,22 Feb 1995,
ODI,M Prabhakar,7.0,6,0,36,1,5.14,2,,v New Zealand,Jamshedpur,15 Nov 1995,
ODI,A Kumble,10.0,6,1,36,1,3.6,2,,v South Africa,East London,4 Feb 1997,
ODI,SR Tendulkar,5.0,6,0,36,1,7.2,2,,v Zimbabwe,Vadodara,5 Apr 1998,
ODI,RR Singh,10.0,6,1,36,1,3.6,1,,v Zimbabwe,Bulawayo,26 Sep 1998,
ODI,AB Agarkar,10.0,6,1,36,1,3.6,1,,v Zimbabwe,Sharjah,13 Nov 1998,
ODI,SB Joshi,9.0,6,1,36,1,4.0,1,,v Zimbabwe,Sharjah,13 Nov 1998,
ODI,RR Singh,4.0,6,0,36,1,9.0,2,,v New Zealand,Taupo,9 Jan 1999,
ODI,N Chopra,8.0,6,0,36,1,4.5,1,,v New Zealand,Christchurch,19 Jan 1999,
ODI,DS Mohanty,10.0,6,0,36,1,3.6,1,,v West Indies,Toronto,12 Sep 1999,
ODI,A Kumble,8.0,6,1,36,1,4.5,1,,v Pakistan,W.A.C.A,28 Jan 2000,
ODI,A Kumble,10.0,6,0,36,1,3.6,1,,v South Africa,Jamshedpur,12 Mar 2000,
ODI,N Chopra,8.0,6,0,36,1,4.5,2,,v South Africa,Sharjah,27 Mar 2000,
ODI,A Nehra,7.0,6,0,36,1,5.14,1,,v New Zealand,Colombo (RPS),26 Jul 2001,
ODI,A Kumble,10.0,6,0,36,1,3.6,1,,v Kenya,Gqeberha,17 Oct 2001,
ODI,SC Ganguly,9.0,6,0,36,1,4.0,1,,v Zimbabwe,Hyderabad (Deccan),16 Mar 2002,
ODI,SR Tendulkar,6.0,6,0,36,1,6.0,1,,v Sri Lanka,Colombo (RPS),29 Sep 2002,
ODI,AB Agarkar,5.0,6,1,36,1,7.2,1,,v Sri Lanka,Colombo (RPS),30 Sep 2002,
ODI,Yuvraj Singh,8.0,6,1,36,1,4.5,1,,v Australia,Wankhede,1 Nov 2003,
ODI,SR Tendulkar,6.0,6,0,36,1,6.0,2,,v Pakistan,Ahmedabad,12 Apr 2005,
ODI,V Sehwag,7.0,6,0,36,1,5.14,1,,v Sri Lanka,Pune,3 Nov 2005,
ODI,Harbhajan Singh,10.0,6,1,36,1,3.6,1,,v England,Kochi,6 Apr 2006,
ODI,V Sehwag,10.0,6,0,36,1,3.6,2,,v West Indies,Ahmedabad,26 Oct 2006,
ODI,D Mongia,9.0,6,0,36,1,4.0,2,,v Australia,Mohali,29 Oct 2006,
ODI,S Sreesanth,4.2,6,0,36,1,8.3,1,,v Sri Lanka,Eden Gardens,8 Feb 2007,
ODI,P Kumar,6.0,6,0,36,1,6.0,1,,v Sri Lanka,Karachi,3 Jul 2008,
ODI,YK Pathan,4.0,6,0,36,1,9.0,2,,v Sri Lanka,Colombo (RPS),14 Sep 2009,
ODI,R Ashwin,9.0,6,2,36,1,4.0,1,,v West Indies,The Oval,11 Jun 2013,
ODI,B Kumar,7.0,6,1,36,1,5.14,2,,v West Indies,Kingston,30 Jun 2013,
ODI,V Kohli,7.0,6,0,36,1,5.14,1,,v New Zealand,Wellington,31 Jan 2014,
ODI,SK Raina,7.0,6,0,36,1,5.14,1,,v England,Birmingham,2 Sep 2014,
ODI,MM Sharma,7.0,6,0,36,1,5.14,2,,v Bangladesh,Melbourne,19 Mar 2015,
ODI,YS Chahal,10.0,6,0,36,1,3.6,1,,v Sri Lanka,Colombo (RPS),3 Sep 2017,
ODI,Mohammed Siraj,8.0,6,2,36,1,4.5,1,,v Zimbabwe,Harare,18 Aug 2022,
ODI,SN Thakur,5.0,6,0,36,1,7.2,1,,v South Africa,Ranchi,9 Oct 2022,
ODI,Mohammed Siraj,8.0,6,2,36,1,4.5,1,,v Sri Lanka,Colombo (RPS),2 Aug 2024,
ODI,Kuldeep Yadav,10.0,6,0,36,1,3.6,1,,v Sri Lanka,Colombo (RPS),7 Aug 2024,
ODI,RA Jadeja,8.0,6,0,36,1,4.5,2,,v New Zealand,Dubai (DICS),2 Mar 2025,
ODI,Arshdeep Singh,8.0,6,1,36,1,4.5,1,,v South Africa,Visakhapatnam,6 Dec 2025,
ODI,N Kapil Dev,10.0,6,0,37,1,3.7,2,,v New Zealand,Brisbane,21 Dec 1980,
ODI,B Yograj Singh,10.0,6,2,37,1,3.7,1,,v New Zealand,Hamilton,15 Feb 1981,
ODI,M Amarnath,12.0,6,1,37,1,3.08,2,,v Zimbabwe,Tunbridge Wells,18 Jun 1983,
ODI,L Sivaramakrishnan,9.0,6,1,37,1,4.11,1,,v Australia,Melbourne,16 Jan 1986,
ODI,S Madan Lal,9.0,6,0,37,1,4.11,1,,v Sri Lanka,Sharjah,27 Nov 1986,
ODI,NS Yadav,5.0,6,0,37,1,7.4,2,,v Sri Lanka,Wankhede,17 Jan 1987,
ODI,RJ Shastri,10.0,6,0,37,1,3.7,2,,v Pakistan,Sharjah,10 Apr 1987,
ODI,N Kapil Dev,9.0,6,1,37,1,4.11,2,,v West Indies,Faridabad,19 Jan 1988,
ODI,AK Sharma,10.0,6,1,37,1,3.7,1,,v England,Kanpur,25 Oct 1989,
ODI,V Razdan,8.0,6,0,37,1,4.62,1,,v Pakistan,Lahore,22 Dec 1989,
ODI,N Kapil Dev,8.0,6,0,37,1,4.62,2,,v Australia,Hamilton,8 Mar 1990,
ODI,J Srinath,10.0,6,1,37,1,3.7,2,,v Australia,Hobart,10 Dec 1991,
ODI,SLV Raju,10.0,6,0,37,1,3.7,1,,v Australia,Brisbane,1 Mar 1992,
ODI,SR Tendulkar,10.0,6,0,37,1,3.7,2,,v Pakistan,Sydney,4 Mar 1992,
ODI,A Kumble,10.0,6,0,37,1,3.7,1,,v England,Chandigarh,21 Jan 1993,
ODI,A Kumble,10.0,6,0,37,1,3.7,2,,v Zimbabwe,Faridabad,19 Mar 1993,
ODI,M Prabhakar,8.0,6,0,37,1,4.62,1,,v West Indies,Chennai,23 Oct 1994,
ODI,A Kumble,10.0,6,0,37,1,3.7,1,,v Sri Lanka,Sharjah,9 Apr 1995,
ODI,A Kumble,10.0,6,0,37,1,3.7,2,,v South Africa,Sharjah,17 Apr 1996,
ODI,SB Joshi,10.0,6,1,37,1,3.7,1,,v Pakistan,Toronto,13 Sep 1998,
ODI,J Srinath,10.0,6,0,37,1,3.7,1,,v Zimbabwe,Sharjah,8 Nov 1998,
ODI,BKV Prasad,5.1,6,0,37,1,7.16,2,,v Australia,Galle,23 Aug 1999,
ODI,J Srinath,6.0,6,0,37,1,6.16,2,,v New Zealand,Hyderabad (Deccan),8 Nov 1999,
ODI,T Kumaran,8.0,6,0,37,1,4.62,1,,v South Africa,Jamshedpur,12 Mar 2000,
ODI,AB Agarkar,10.0,6,2,37,1,3.7,1,,v Bangladesh,Dhaka,30 May 2000,
ODI,Yuvraj Singh,6.0,6,0,37,1,6.16,1,,v England,The Oval,9 Jul 2002,
ODI,AB Agarkar,6.0,6,0,37,1,6.16,1,,v Sri Lanka,Colombo (RPS),29 Sep 2002,
ODI,V Sehwag,10.0,6,0,37,1,3.7,2,,v West Indies,Jamshedpur,6 Nov 2002,
ODI,J Srinath,10.0,6,0,37,1,3.7,2,,v England,Durban,26 Feb 2003,
ODI,D Mongia,8.0,6,0,37,1,4.62,1,,v Kenya,Cape Town,7 Mar 2003,
ODI,L Balaji,10.0,6,1,37,1,3.7,2,,v Australia,W.A.C.A,1 Feb 2004,
ODI,S Sriram,10.0,6,1,37,1,3.7,1,,v Bangladesh,Dhaka,26 Dec 2004,
ODI,MM Patel,5.0,6,0,37,1,7.4,1,,v England,Birmingham,27 Aug 2007,
ODI,M Kartik,9.0,6,1,37,1,4.11,1,,v Australia,Nagpur,14 Oct 2007,
ODI,YK Pathan,10.0,6,0,37,1,3.7,2,,v Hong Kong,Karachi,25 Jun 2008,
ODI,Yuvraj Singh,8.0,6,0,37,1,4.62,2,,v Sri Lanka,Colombo (RPS),24 Aug 2008,
ODI,Yuvraj Singh,5.0,6,0,37,1,7.4,2,,v Sri Lanka,Colombo (RPS),5 Feb 2009,
ODI,Harbhajan Singh,10.0,6,1,37,1,3.7,1,,v Sri Lanka,Colombo (RPS),12 Sep 2009,
ODI,Harbhajan Singh,10.0,6,0,37,1,3.7,1,,v Australia,Delhi,31 Oct 2009,
ODI,SK Raina,3.0,6,0,37,1,12.33,2,,v Sri Lanka,Rajkot,15 Dec 2009,
ODI,Yuvraj Singh,8.0,6,0,37,1,4.62,1,,v Sri Lanka,Dambulla,28 Aug 2010,
ODI,I Sharma,10.0,6,3,37,1,3.7,2,,v England,Dharamsala,27 Jan 2013,
ODI,SK Raina,8.0,6,0,37,1,4.62,1,,v England,Nottingham,30 Aug 2014,
ODI,RA Jadeja,8.2,6,0,37,1,4.44,2,,v South Africa,Melbourne,22 Feb 2015,
ODI,HH Pandya,5.0,6,0,37,1,7.4,2,,v South Africa,Johannesburg,10 Feb 2018,
ODI,Kuldeep Yadav,8.0,6,0,37,1,4.62,1,,v Pakistan,Dubai (DICS),19 Sep 2018,
ODI,DL Chahar,4.0,6,0,37,1,9.25,1,,v Afghanistan,Dubai (DICS),25 Sep 2018,
ODI,JJ Bumrah,10.0,6,0,37,1,3.7,2,,v South Africa,Paarl,21 Jan 2022,
ODI,HH Pandya,6.0,6,0,37,1,6.16,2,,v New Zealand,Indore,24 Jan 2023,
ODI,DR Doshi,10.0,6,0,38,1,3.8,2,,v Australia,Melbourne,11 Jan 1981,
ODI,RMH Binny,10.0,6,2,38,1,3.8,1,,v New Zealand,Hamilton,15 Feb 1981,
ODI,RJ Shastri,12.0,6,1,38,1,3.16,1,,v Zimbabwe,Leicester,11 Jun 1983,
ODI,RMH Binny,10.0,6,0,38,1,3.8,1,,v Pakistan,Jaipur,2 Oct 1983,
ODI,RS Ghai,9.0,6,0,38,1,4.22,2,,v England,Pune,5 Dec 1984,
ODI,G Sharma,7.0,6,0,38,1,5.42,1,,v Australia,Hyderabad (Deccan),24 Sep 1986,
ODI,Maninder Singh,10.0,6,1,38,1,3.8,2,,v Sri Lanka,Vadodara,15 Jan 1987,
ODI,G Sharma,10.0,6,0,38,1,3.8,1,,v England,Sharjah,2 Apr 1987,
ODI,M Prabhakar,8.0,6,0,38,1,4.75,2,,v New Zealand,Bengaluru,14 Oct 1987,
ODI,C Sharma,7.5,6,1,38,1,4.85,1,,v West Indies,Georgetown,21 Mar 1989,
ODI,AK Sharma,7.0,6,0,38,1,5.42,1,,v Pakistan,Sharjah,20 Oct 1989,
ODI,AK Sharma,5.0,6,0,38,1,7.6,1,,v Pakistan,Eden Gardens,28 Oct 1989,
ODI,SLV Raju,9.4,6,0,38,1,3.93,2,,v Australia,Colombo (RPS),9 Sep 1994,
ODI,NA David,10.0,6,1,38,1,3.8,1,,v West Indies,Kingstown,30 Apr 1997,
ODI,SC Ganguly,7.0,6,0,38,1,5.42,1,,v West Indies,Sharjah,16 Dec 1997,
ODI,J Srinath,7.0,6,1,38,1,5.42,2,,v Pakistan,Dhaka,16 Jan 1998,
ODI,RL Sanghvi,10.0,6,1,38,1,3.8,1,,v Australia,Kanpur,7 Apr 1998,
ODI,SC Ganguly,10.0,6,1,38,1,3.8,1,,v Pakistan,Toronto,16 Sep 1998,
ODI,DS Mohanty,10.0,6,0,38,1,3.8,1,,v Zimbabwe,Harare,30 Sep 1998,
ODI,A Kumble,10.0,6,0,38,1,3.8,1,,v New Zealand,Napier,12 Jan 1999,
ODI,BKV Prasad,8.2,6,0,38,1,4.56,1,,v West Indies,Toronto,11 Sep 1999,
ODI,N Chopra,7.0,6,0,38,1,5.42,2,,v New Zealand,Hyderabad (Deccan),8 Nov 1999,
ODI,SB Joshi,10.0,6,0,38,1,3.8,1,,v New Zealand,Delhi,17 Nov 1999,
ODI,SR Tendulkar,10.0,6,1,38,1,3.8,2,,v New Zealand,Nairobi (Gym),15 Oct 2000,
ODI,SC Ganguly,7.0,6,0,38,1,5.42,1,,v Zimbabwe,Bulawayo,27 Jun 2001,
ODI,AB Agarkar,4.0,6,0,38,1,9.5,1,,v England,The Oval,9 Jul 2002,
ODI,M Kartik,10.0,6,0,38,1,3.8,2,,v West Indies,Vadodara,18 Nov 2002,
ODI,Z Khan,9.0,6,2,38,1,4.22,2,,v New Zealand,Hamilton,14 Jan 2003,
ODI,A Mishra,9.0,6,1,38,1,4.22,1,,v Bangladesh,Dhaka,16 Apr 2003,
ODI,A Kumble,10.0,6,1,38,1,3.8,1,,v Zimbabwe,Hobart,14 Jan 2004,
ODI,Z Khan,6.1,6,0,38,1,6.16,2,,v Pakistan,Visakhapatnam,5 Apr 2005,
ODI,IK Pathan,10.0,6,0,38,1,3.8,2,,v Sri Lanka,Dambulla,3 Aug 2005,
ODI,AB Agarkar,7.0,6,0,38,1,5.42,1,,v Pakistan,Multan,16 Feb 2006,
ODI,Z Khan,8.0,6,1,38,1,4.75,1,,v South Africa,Gqeberha,29 Nov 2006,
ODI,M Kartik,6.0,6,0,38,1,6.33,2,,v Pakistan,Kanpur,11 Nov 2007,
ODI,MM Patel,9.0,6,2,38,1,4.22,1,,v Sri Lanka,Adelaide,19 Feb 2008,
ODI,I Sharma,5.0,6,0,38,1,7.6,2,,v West Indies,Kingston,26 Jun 2009,
ODI,A Nehra,8.0,6,1,38,1,4.75,1,,v Australia,Centurion,28 Sep 2009,
ODI,S Sreesanth,7.0,6,0,38,1,5.42,1,,v Sri Lanka,Mirpur,10 Jan 2010,
ODI,P Kumar,7.0,6,0,38,1,5.42,1,,v Bangladesh,Dambulla,16 Jun 2010,
ODI,P Kumar,8.0,6,1,38,1,4.75,2,,v England,Hyderabad,14 Oct 2011,
ODI,RA Jadeja,7.0,6,0,38,1,5.42,1,,v England,Delhi,17 Oct 2011,
ODI,IK Pathan,9.0,6,0,38,1,4.22,1,,v Sri Lanka,Adelaide,14 Feb 2012,
ODI,V Sehwag,8.0,6,1,38,1,4.75,1,,v Sri Lanka,Colombo (RPS),31 Jul 2012,
ODI,B Kumar,10.0,6,0,38,1,3.8,1,,v New Zealand,Napier,19 Jan 2014,
ODI,RA Jadeja,10.0,6,0,38,1,3.8,1,,v England,Nottingham,30 Aug 2014,
ODI,R Ashwin,9.0,6,0,38,1,4.22,1,,v West Indies,W.A.C.A,6 Mar 2015,
ODI,MM Sharma,6.0,6,0,38,1,6.33,1,,v Ireland,Hamilton,10 Mar 2015,
ODI,A Mishra,10.0,6,0,38,1,3.8,1,,v South Africa,Rajkot,18 Oct 2015,
ODI,AR Patel,10.0,6,0,38,1,3.8,1,,v New Zealand,Ranchi,26 Oct 2016,
ODI,KM Jadhav,7.0,6,0,38,1,5.42,1,,v Australia,Bengaluru,28 Sep 2017,
ODI,B Kumar,7.1,6,0,38,1,5.3,2,,v New Zealand,Wellington,3 Feb 2019,
ODI,Mohammed Siraj,9.0,6,1,38,1,4.22,2,,v West Indies,Ahmedabad,9 Feb 2022,
ODI,AR Patel,6.0,6,0,38,1,6.33,2,,v West Indies,Port of Spain,27 Jul 2022,
ODI,AR Patel,9.0,6,0,38,1,4.22,1,,v Sri Lanka,Colombo (RPS),4 Aug 2024,
ODI,Mohammed Shami,8.0,6,1,38,1,4.75,1,,v England,Nagpur,6 Feb 2025,
ODI,AR Patel,7.0,6,0,38,1,5.42,1,,v England,Nagpur,6 Feb 2025,
ODI,Kuldeep Yadav,8.0,6,0,38,1,4.75,2,,v England,Ahmedabad,12 Feb 2025,
ODI,GK Bose,11.0,6,2,39,1,3.54,2,,v England,The Oval,15 Jul 1974,
ODI,M Amarnath,12.0,6,1,39,1,3.25,2,,v New Zealand,Leeds,13 Jun 1979,
ODI,B Yograj Singh,9.0,6,1,39,1,4.33,2,,v New Zealand,Adelaide,23 Dec 1980,
ODI,RJ Shastri,7.0,6,0,39,1,5.57,1,,v Pakistan,Lahore,31 Dec 1982,
ODI,M Amarnath,7.0,6,0,39,1,5.57,1,,v West Indies,Port of Spain,9 Mar 1983,
ODI,AD Gaekwad,8.0,6,0,39,1,4.87,1,,v West Indies,Nagpur,8 Dec 1987,
ODI,RJ Shastri,8.0,6,0,39,1,4.87,2,,v West Indies,Port of Spain,9 Mar 1989,
ODI,M Prabhakar,10.0,6,2,39,1,3.9,1,,v Sri Lanka,Cuttack,28 Dec 1990,
ODI,SP Mukherjee,9.0,6,0,39,1,4.33,1,,v Sri Lanka,Eden Gardens,4 Jan 1991,
ODI,J Srinath,10.0,6,0,39,1,3.9,1,,v South Africa,Eden Gardens,10 Nov 1991,
ODI,J Srinath,6.0,6,0,39,1,6.5,2,,v South Africa,Adelaide,15 Mar 1992,
ODI,RK Chauhan,10.0,6,0,39,1,3.9,2,,v Sri Lanka,Moratuwa,14 Aug 1993,
ODI,J Srinath,8.0,6,0,39,1,4.87,2,,v South Africa,Eden Gardens,24 Nov 1993,
ODI,SR Tendulkar,9.0,6,0,39,1,4.33,2,,v West Indies,Visakhapatnam,7 Nov 1994,
ODI,C Sharma,10.0,6,0,39,1,3.9,2,,v West Indies,Jaipur,11 Nov 1994,
ODI,BKV Prasad,10.0,6,2,39,1,3.9,2,,v Sri Lanka,Singapore,3 Apr 1996,
ODI,A Kumble,7.0,6,1,39,1,5.57,2,,v Pakistan,Singapore,5 Apr 1996,
ODI,BKV Prasad,6.4,6,0,39,1,5.85,2,,v Zimbabwe,Centurion,7 Feb 1997,
ODI,SC Ganguly,7.0,6,0,39,1,5.57,2,,v Pakistan,Sharjah,14 Dec 1997,
ODI,AB Agarkar,10.0,6,1,39,1,3.9,2,,v Australia,W.A.C.A,30 Jan 2000,
ODI,SR Tendulkar,9.0,6,0,39,1,4.33,1,,v South Africa,Jamshedpur,12 Mar 2000,
ODI,DS Mohanty,10.0,6,1,39,1,3.9,1,,v West Indies,Harare,4 Jul 2001,
ODI,SR Tendulkar,6.0,6,0,39,1,6.5,2,,v Australia,Gwalior,26 Oct 2003,
ODI,M Kartik,7.0,6,0,39,1,5.57,2,,v Australia,Sydney,22 Jan 2004,
ODI,A Nehra,7.0,6,1,39,1,5.57,1,,v Zimbabwe,W.A.C.A,3 Feb 2004,
ODI,Harbhajan Singh,10.0,6,0,39,1,3.9,1,,v Zimbabwe,Harare,4 Sep 2005,
ODI,Yuvraj Singh,10.0,6,1,39,1,3.9,2,,v New Zealand,Harare,6 Sep 2005,
ODI,Yuvraj Singh,10.0,6,0,39,1,3.9,1,,v England,Faridabad,31 Mar 2006,
ODI,RP Singh,4.0,6,0,39,1,9.75,2,,v West Indies,Kuala Lumpur,14 Sep 2006,
ODI,Harbhajan Singh,8.0,6,0,39,1,4.87,2,,v South Africa,Centurion,3 Dec 2006,
ODI,RR Powar,10.0,6,0,39,1,3.9,2,,v South Africa,Belfast,26 Jun 2007,
ODI,Yuvraj Singh,7.0,6,0,39,1,5.57,1,,v England,Birmingham,27 Aug 2007,
ODI,PP Ojha,7.0,6,0,39,1,5.57,2,,v Sri Lanka,Colombo (RPS),31 Jan 2009,
ODI,RA Jadeja,9.0,6,0,39,1,4.33,1,,v Australia,Vadodara,25 Oct 2009,
ODI,A Nehra,9.0,6,0,39,1,4.33,1,,v Sri Lanka,Dambulla,16 Aug 2010,
ODI,R Ashwin,10.0,6,1,39,1,3.9,1,,v West Indies,North Sound,13 Jun 2011,
ODI,I Sharma,10.0,6,0,39,1,3.9,2,,v Pakistan,Chennai,30 Dec 2012,
ODI,JD Unadkat,10.0,6,1,39,1,3.9,1,,v Zimbabwe,Harare,24 Jul 2013,
ODI,RA Jadeja,10.0,6,2,39,1,3.9,1,,v Zimbabwe,Harare,28 Jul 2013,
ODI,AR Patel,10.0,6,1,39,1,3.9,2,,v England,W.A.C.A,30 Jan 2015,
ODI,DS Kulkarni,9.0,6,1,39,1,4.33,2,,v Zimbabwe,Harare,12 Jul 2015,
ODI,RA Jadeja,10.0,6,0,39,1,3.9,1,,v South Africa,The Oval,11 Jun 2017,
ODI,HH Pandya,5.0,6,0,39,1,7.8,2,,v Sri Lanka,Dharamsala,10 Dec 2017,
ODI,HH Pandya,10.0,6,0,39,1,3.9,2,,v Sri Lanka,Mohali,13 Dec 2017,
ODI,JJ Bumrah,8.0,6,1,39,1,4.87,1,,v Sri Lanka,Visakhapatnam,17 Dec 2017,
ODI,HH Pandya,10.0,6,0,39,1,3.9,1,,v South Africa,Centurion,16 Feb 2018,
ODI,JJ Bumrah,8.3,6,0,39,1,4.58,1,,v Bangladesh,Dubai (DICS),28 Sep 2018,
ODI,RA Jadeja,10.0,6,1,39,1,3.9,2,,v West Indies,Brabourne,29 Oct 2018,
ODI,JJ Bumrah,10.0,6,1,39,1,3.9,1,,v New Zealand,Manchester,9 Jul 2019,
ODI,Kuldeep Yadav,8.0,6,0,39,1,4.87,1,,v South Africa,Lucknow,6 Oct 2022,
ODI,Mohammed Shami,6.0,6,0,39,1,6.5,2,,v Australia,Indore,24 Sep 2023,
ODI,M Amarnath,8.0,6,1,40,1,5.0,2,,v New Zealand,Manchester,14 Jun 1975,
ODI,N Kapil Dev,10.0,6,1,40,1,4.0,1,,v New Zealand,Auckland,14 Feb 1981,
ODI,DR Doshi,10.0,6,1,40,1,4.0,2,,v England,Ahmedabad,25 Nov 1981,
ODI,M Amarnath,8.0,6,0,40,1,5.0,1,,v Sri Lanka,Colombo (SSC),25 Aug 1985,
ODI,L Sivaramakrishnan,9.0,6,0,40,1,4.44,1,,v Pakistan,Sharjah,17 Nov 1985,
ODI,M Amarnath,10.0,6,1,40,1,4.0,1,,v New Zealand,Brisbane,11 Jan 1986,
ODI,RR Kulkarni,9.0,6,0,40,1,4.44,2,,v New Zealand,Launceston,2 Feb 1986,
ODI,S Madan Lal,8.0,6,0,40,1,5.0,1,,v Sri Lanka,Sharjah,13 Apr 1986,
ODI,N Kapil Dev,10.0,6,1,40,1,4.0,1,,v Australia,Hyderabad (Deccan),24 Sep 1986,
ODI,RJ Shastri,6.0,6,0,40,1,6.66,2,,v Pakistan,Hyderabad (Deccan),20 Mar 1987,
ODI,RJ Shastri,10.0,6,0,40,1,4.0,2,,v West Indies,Sharjah,16 Oct 1989,
ODI,AK Sharma,10.0,6,0,40,1,4.0,1,,v Australia,Christchurch,3 Mar 1990,
ODI,RJ Shastri,11.0,6,0,40,1,3.63,1,,v England,Leeds,18 Jul 1990,
ODI,A Kumble,10.0,6,1,40,1,4.0,2,,v Sri Lanka,Margao,8 Dec 1990,
ODI,N Kapil Dev,10.0,6,0,40,1,4.0,1,,v Australia,Melbourne,18 Jan 1992,
ODI,BKV Prasad,7.0,6,0,40,1,5.71,2,,v Zimbabwe,Cuttack,9 Apr 1998,
ODI,N Chopra,7.0,6,0,40,1,5.71,2,,v Sri Lanka,Colombo (SSC),29 Aug 1999,
ODI,V Sehwag,10.0,6,0,40,1,4.0,1,,v Sri Lanka,Colombo (RPS),28 Jul 2001,
ODI,SB Bangar,7.0,6,0,40,1,5.71,1,,v England,Chennai,25 Jan 2002,
ODI,SC Ganguly,10.0,6,0,40,1,4.0,2,,v Sri Lanka,Bristol,11 Jul 2002,
ODI,IK Pathan,9.0,6,2,40,1,4.44,2,,v Zimbabwe,Brisbane,20 Jan 2004,
ODI,AB Agarkar,7.0,6,0,40,1,5.71,1,,v Pakistan,Amstelveen,21 Aug 2004,
ODI,SR Tendulkar,8.0,6,0,40,1,5.0,1,,v Sri Lanka,Port of Spain,23 Mar 2007,
ODI,Harbhajan Singh,10.0,6,0,40,1,4.0,1,,v Australia,Adelaide,17 Feb 2008,
ODI,Z Khan,10.0,6,2,40,1,4.0,1,,v Sri Lanka,Dambulla,28 Jan 2009,
ODI,Yuvraj Singh,9.0,6,0,40,1,4.44,1,,v New Zealand,Hamilton,11 Mar 2009,
ODI,A Nehra,7.0,6,0,40,1,5.71,2,,v Australia,Nagpur,28 Oct 2009,
ODI,P Kumar,9.0,6,1,40,1,4.44,1,,v England,Delhi,17 Oct 2011,
ODI,B Kumar,10.0,6,2,40,1,4.0,1,,v England,Ranchi,19 Jan 2013,
ODI,Mohammed Shami,9.0,6,0,40,1,4.44,1,,v England,Nottingham,30 Aug 2014,
ODI,SK Raina,10.0,6,0,40,1,4.0,1,,v Ireland,Hamilton,10 Mar 2015,
ODI,AR Patel,10.0,6,1,40,1,4.0,2,,v Zimbabwe,Harare,12 Jul 2015,
ODI,AR Patel,10.0,6,0,40,1,4.0,2,,v South Africa,Chennai,22 Oct 2015,
ODI,Kuldeep Yadav,10.0,6,0,40,1,4.0,1,,v Sri Lanka,Colombo (RPS),3 Sep 2017,
ODI,B Kumar,8.0,6,0,40,1,5.0,1,,v Australia,Nagpur,1 Oct 2017,
ODI,B Kumar,9.0,6,0,40,1,4.44,2,,v Sri Lanka,Mohali,13 Dec 2017,
ODI,RA Jadeja,10.0,6,0,40,1,4.0,1,,v Sri Lanka,Leeds,6 Jul 2019,
ODI,AR Patel,9.0,6,1,40,1,4.44,1,,v West Indies,Port of Spain,24 Jul 2022,
ODI,Kuldeep Yadav,10.0,6,0,40,1,4.0,1,,v Afghanistan,Delhi,11 Oct 2023,
ODI,RA Jadeja,7.0,6,0,40,1,5.71,1,,v Pakistan,Dubai (DICS),23 Feb 2025,
ODI,HH Pandya,5.3,6,0,40,1,7.27,1,,v Australia,Dubai (DICS),4 Mar 2025,
ODI,N Kapil Dev,9.2,6,1,41,1,4.39,2,,v West Indies,Indore,1 Dec 1983,
ODI,KBJ Azad,8.0,6,0,41,1,5.12,1,,v New Zealand,Sharjah,10 Apr 1986,
ODI,N Kapil Dev,10.0,6,0,41,1,4.1,2,,v England,Manchester,26 May 1986,
ODI,N Kapil Dev,8.0,6,1,41,1,5.12,2,,v Australia,Delhi,22 Oct 1987,
ODI,C Sharma,9.0,6,0,41,1,4.55,1,,v England,Wankhede,5 Nov 1987,
ODI,M Prabhakar,9.0,6,0,41,1,4.55,1,,v Pakistan,Eden Gardens,28 Oct 1989,
ODI,AS Wassan,10.0,6,0,41,1,4.1,1,,v Bangladesh,Chandigarh,25 Dec 1990,
ODI,SLV Raju,10.0,6,1,41,1,4.1,2,,v Pakistan,Sydney,4 Mar 1992,
ODI,A Kumble,10.0,6,0,41,1,4.1,1,,v England,Gwalior,4 Mar 1993,
ODI,A Kumble,10.0,6,0,41,1,4.1,1,,v New Zealand,Napier,25 Mar 1994,
ODI,J Srinath,10.0,6,1,41,1,4.1,1,,v New Zealand,Vadodara,28 Oct 1994,
ODI,SLV Raju,10.0,6,1,41,1,4.1,1,,v West Indies,Kanpur,30 Oct 1994,
ODI,A Kumble,10.0,6,1,41,1,4.1,2,,v New Zealand,Delhi,3 Nov 1994,
ODI,BKV Prasad,10.0,6,0,41,1,4.1,1,,v Kenya,Cuttack,18 Feb 1996,
ODI,AR Kapoor,10.0,6,2,41,1,4.1,1,,v West Indies,Gwalior,21 Feb 1996,
ODI,SB Joshi,10.0,6,0,41,1,4.1,1,,v South Africa,Jaipur,23 Oct 1996,
ODI,BKV Prasad,9.0,6,0,41,1,4.55,2,,v South Africa,Gqeberha,2 Feb 1997,
ODI,Harvinder Singh,5.0,6,0,41,1,8.2,2,,v Pakistan,Toronto,18 Sep 1997,
ODI,BKV Prasad,8.0,6,0,41,1,5.12,1,,v Australia,Sharjah,19 Apr 1998,
ODI,A Kumble,10.0,6,0,41,1,4.1,1,,v Australia,Sharjah,22 Apr 1998,
ODI,RR Singh,6.0,6,0,41,1,6.83,1,,v Kenya,Eden Gardens,31 May 1998,
ODI,A Kumble,7.0,6,0,41,1,5.85,2,,v Sri Lanka,Nagpur,22 Mar 1999,
ODI,RR Singh,8.0,6,0,41,1,5.12,1,,v Australia,Colombo (SSC),28 Aug 1999,
ODI,J Srinath,9.0,6,0,41,1,4.55,1,,v England,Cuttack,22 Jan 2002,
ODI,Z Khan,9.0,6,1,41,1,4.55,2,,v Zimbabwe,Kochi,13 Mar 2002,
ODI,A Kumble,10.0,6,1,41,1,4.1,1,,v Sri Lanka,Colombo (RPS),30 Sep 2002,
ODI,V Sehwag,6.0,6,0,41,1,6.83,1,,v West Indies,Jodhpur,21 Nov 2002,
ODI,J Srinath,10.0,6,0,41,1,4.1,1,,v Pakistan,Centurion,1 Mar 2003,
ODI,AB Agarkar,8.0,6,0,41,1,5.12,2,,v New Zealand,Cuttack,6 Nov 2003,
ODI,Harbhajan Singh,10.0,6,0,41,1,4.1,2,,v New Zealand,Cuttack,6 Nov 2003,
ODI,Harbhajan Singh,10.0,6,0,41,1,4.1,2,,v Sri Lanka,Colombo (RPS),27 Jul 2004,
ODI,RR Powar,10.0,6,0,41,1,4.1,1,,v England,Kochi,6 Apr 2006,
ODI,Harbhajan Singh,10.0,6,0,41,1,4.1,1,,v Sri Lanka,Rajkot,11 Feb 2007,
ODI,SR Tendulkar,9.0,6,0,41,1,4.55,1,,v Sri Lanka,Rajkot,11 Feb 2007,
ODI,MM Patel,10.0,6,2,41,1,4.1,1,,v Sri Lanka,Margao,14 Feb 2007,
ODI,Z Khan,9.0,6,2,41,1,4.55,2,,v Bangladesh,Port of Spain,17 Mar 2007,
ODI,YK Pathan,3.4,6,0,41,1,11.18,2,,v England,Rajkot,14 Nov 2008,
ODI,Yuvraj Singh,9.0,6,0,41,1,4.55,2,,v Sri Lanka,Mirpur,13 Jan 2010,
ODI,Harbhajan Singh,10.0,6,0,41,1,4.1,2,,v Bangladesh,Mirpur,19 Feb 2011,
ODI,RA Jadeja,8.0,6,0,41,1,5.12,1,,v England,Mohali,20 Oct 2011,
ODI,P Kumar,7.0,6,1,41,1,5.85,1,,v England,Wankhede,23 Oct 2011,
ODI,R Vinay Kumar,7.0,6,1,41,1,5.85,1,,v England,Wankhede,23 Oct 2011,
ODI,RA Jadeja,10.0,6,0,41,1,4.1,1,,v Sri Lanka,W.A.C.A,8 Feb 2012,
ODI,B Kumar,8.0,6,1,41,1,5.12,1,,v Bangladesh,Fatullah,26 Feb 2014,
ODI,R Ashwin,8.0,6,3,41,1,5.12,2,,v Pakistan,Adelaide,15 Feb 2015,
ODI,STR Binny,6.0,6,0,41,1,6.83,2,,v Bangladesh,Mirpur,24 Jun 2015,
ODI,Harbhajan Singh,10.0,6,0,41,1,4.1,1,,v South Africa,Rajkot,18 Oct 2015,
ODI,AR Patel,10.0,6,1,41,1,4.1,1,,v Sri Lanka,Colombo (RPS),7 Aug 2024,
ODI,N Kapil Dev,8.0,6,1,42,1,5.25,1,,v Pakistan,Gujranwala,3 Dec 1982,
ODI,N Kapil Dev,8.0,6,0,42,1,5.25,1,,v Pakistan,Multan,17 Dec 1982,
ODI,BS Sandhu,12.0,6,2,42,1,3.5,1,,v West Indies,The Oval,15 Jun 1983,
ODI,C Sharma,7.0,6,0,42,1,6.0,1,,v Pakistan,Quetta,12 Oct 1984,
ODI,AK Patel,10.0,6,1,42,1,4.2,2,,v England,Bengaluru,20 Jan 1985,
ODI,N Kapil Dev,10.0,6,1,42,1,4.2,1,,v England,Nagpur,23 Jan 1985,
ODI,RMH Binny,5.0,6,0,42,1,8.4,1,,v Sri Lanka,Colombo (PSS),21 Sep 1985,
ODI,RJ Shastri,10.0,6,0,42,1,4.2,1,,v Australia,Sydney,21 Jan 1986,
ODI,G Sharma,10.0,6,0,42,1,4.2,2,,v Australia,Ahmedabad,5 Oct 1986,
ODI,SK Sharma,6.0,6,0,42,1,7.0,1,,v West Indies,Gwalior,22 Jan 1988,
ODI,Maninder Singh,9.0,6,0,42,1,4.66,2,,v West Indies,Thiruvananthapuram,25 Jan 1988,
ODI,AK Sharma,7.0,6,0,42,1,6.0,1,,v West Indies,Georgetown,21 Mar 1989,
ODI,A Kumble,10.0,6,0,42,1,4.2,2,,v Sri Lanka,Sharjah,25 Apr 1990,
ODI,M Prabhakar,9.0,6,1,42,1,4.66,2,,v West Indies,Adelaide,14 Dec 1991,
ODI,A Kumble,10.0,6,0,42,1,4.2,1,,v West Indies,Wankhede,20 Oct 1994,
ODI,J Srinath,7.0,6,0,42,1,6.0,2,,v West Indies,Jaipur,11 Nov 1994,
ODI,J Srinath,10.0,6,1,42,1,4.2,1,,v New Zealand,Pune,24 Nov 1995,
ODI,J Srinath,9.0,6,0,42,1,4.66,1,,v New Zealand,Nagpur,26 Nov 1995,
ODI,J Srinath,10.0,6,2,42,1,4.2,1,,v Zimbabwe,Colombo (SSC),1 Sep 1996,
ODI,SB Joshi,10.0,6,1,42,1,4.2,1,,v Australia,Bengaluru,21 Oct 1996,
ODI,BKV Prasad,9.0,6,0,42,1,4.66,1,,v South Africa,Jaipur,23 Oct 1996,
ODI,A Kumble,10.0,6,0,42,1,4.2,1,,v Australia,Kanpur,7 Apr 1998,
ODI,BKV Prasad,10.0,6,2,42,1,4.2,1,,v Zimbabwe,Sharjah,11 Nov 1998,
ODI,N Chopra,10.0,6,0,42,1,4.2,1,,v Pakistan,Jaipur,24 Mar 1999,
ODI,AB Agarkar,10.0,6,0,42,1,4.2,2,,v New Zealand,Gwalior,11 Nov 1999,
ODI,J Srinath,9.0,6,0,42,1,4.66,1,,v Pakistan,W.A.C.A,28 Jan 2000,
ODI,SB Joshi,9.0,6,2,42,1,4.66,1,,v Pakistan,Sharjah,26 Mar 2000,
ODI,Z Khan,9.0,6,0,42,1,4.66,1,,v Sri Lanka,Colombo (RPS),22 Jul 2001,
ODI,RS Sodhi,9.0,6,0,42,1,4.66,1,,v Sri Lanka,Colombo (RPS),22 Jul 2001,
ODI,Harbhajan Singh,8.0,6,1,42,1,5.25,1,,v New Zealand,Colombo (RPS),26 Jul 2001,
ODI,AB Agarkar,9.0,6,1,42,1,4.66,2,,v West Indies,Jamshedpur,6 Nov 2002,
ODI,SB Bangar,8.0,6,0,42,1,5.25,2,,v Zimbabwe,Adelaide,24 Jan 2004,
ODI,M Kartik,10.0,6,0,42,1,4.2,2,,v Pakistan,Lahore,24 Mar 2004,
ODI,Z Khan,8.0,6,1,42,1,5.25,2,,v U.A.E.,Dambulla,16 Jul 2004,
ODI,AB Agarkar,10.0,6,0,42,1,4.2,2,,v Kenya,Southampton,11 Sep 2004,
ODI,IK Pathan,7.0,6,0,42,1,6.0,2,,v Australia,Mohali,29 Oct 2006,
ODI,PP Chawla,10.0,6,0,42,1,4.2,1,,v Bangladesh,Mirpur,12 Jun 2008,
ODI,Harbhajan Singh,4.0,6,0,42,1,10.5,2,,v England,Bengaluru,23 Nov 2008,
ODI,Yuvraj Singh,6.0,6,0,42,1,7.0,2,,v New Zealand,Napier,3 Mar 2009,
ODI,AB Dinda,7.2,6,0,42,1,5.72,2,,v Sri Lanka,Harare,5 Jun 2010,
ODI,R Vinay Kumar,6.2,6,0,42,1,6.63,2,,v England,Cardiff,16 Sep 2011,
ODI,RA Jadeja,10.0,6,0,42,1,4.2,1,,v West Indies,Cuttack,29 Nov 2011,
ODI,RA Jadeja,10.0,6,0,42,1,4.2,1,,v Zimbabwe,Bulawayo,3 Aug 2013,
ODI,B Kumar,8.0,6,0,42,1,5.25,1,,v Australia,Nagpur,30 Oct 2013,
ODI,B Kumar,8.0,6,0,42,1,5.25,1,,v West Indies,Kanpur,27 Nov 2013,
ODI,UT Yadav,9.0,6,0,42,1,4.66,2,,v West Indies,Delhi,11 Oct 2014,
ODI,R Ashwin,10.0,6,0,42,1,4.2,1,,v Australia,Sydney,26 Mar 2015,
ODI,DS Kulkarni,7.0,6,0,42,1,6.0,2,,v Bangladesh,Mirpur,21 Jun 2015,
ODI,STR Binny,7.0,6,0,42,1,6.0,2,,v Zimbabwe,Harare,12 Jul 2015,
ODI,UT Yadav,9.0,6,0,42,1,4.66,1,,v New Zealand,Delhi,20 Oct 2016,
ODI,HH Pandya,8.0,6,0,42,1,5.25,1,,v Sri Lanka,Pallekele,27 Aug 2017,
ODI,B Kumar,8.4,6,1,42,1,4.84,2,,v Sri Lanka,Dharamsala,10 Dec 2017,
ODI,DJ Hooda,9.0,6,0,42,1,4.66,1,,v West Indies,Port of Spain,24 Jul 2022,
ODI,S Madan Lal,9.1,6,1,43,1,4.69,2,,v England,Leeds,13 Jul 1974,
ODI,SM Patil,10.0,6,0,43,1,4.3,2,,v Australia,Melbourne,11 Jan 1981,
ODI,N Kapil Dev,9.0,6,1,43,1,4.77,1,,v Australia,New Delhi,28 Sep 1984,
ODI,RMH Binny,8.0,6,0,43,1,5.37,2,,v England,Pune,5 Dec 1984,
ODI,B Arun,8.0,6,0,43,1,5.37,1,,v Sri Lanka,Kanpur,24 Dec 1986,
ODI,Maninder Singh,10.0,6,0,43,1,4.3,1,,v England,Sharjah,2 Apr 1987,
ODI,M Amarnath,10.0,6,0,43,1,4.3,1,,v West Indies,Gwalior,22 Jan 1988,
ODI,RJ Shastri,10.0,6,0,43,1,4.3,1,,v West Indies,Bridgetown,7 Mar 1989,
ODI,M Amarnath,10.0,6,0,43,1,4.3,1,,v Australia,Bengaluru,27 Oct 1989,
ODI,J Srinath,9.0,6,0,43,1,4.77,2,,v South Africa,Bloemfontein,15 Dec 1992,
ODI,BKV Prasad,8.0,6,0,43,1,5.37,1,,v Pakistan,Sharjah,7 Apr 1995,
ODI,J Srinath,9.0,6,0,43,1,4.77,1,,v South Africa,Sharjah,14 Apr 1996,
ODI,BKV Prasad,9.2,6,1,43,1,4.6,2,,v South Africa,East London,4 Feb 1997,
ODI,A Kuruvilla,5.0,6,0,43,1,8.6,2,,v Sri Lanka,Colombo (SSC),23 Aug 1997,
ODI,RK Chauhan,10.0,6,0,43,1,4.3,1,,v Sri Lanka,Colombo (SSC),24 Aug 1997,
ODI,J Srinath,10.0,6,0,43,1,4.3,2,,v Pakistan,Sharjah,14 Dec 1997,
ODI,BKV Prasad,7.0,6,0,43,1,6.14,2,,v Australia,Delhi,14 Apr 1998,
ODI,AB Agarkar,9.0,6,0,43,1,4.77,2,,v Zimbabwe,Sharjah,22 Oct 2000,
ODI,Yuvraj Singh,10.0,6,0,43,1,4.3,1,,v New Zealand,Colombo (RPS),20 Jul 2001,
ODI,Z Khan,9.0,6,1,43,1,4.77,2,,v New Zealand,Auckland,26 Dec 2002,
ODI,Yuvraj Singh,6.0,6,0,43,1,7.16,2,,v Kenya,Durban,20 Mar 2003,
ODI,V Sehwag,8.0,6,0,43,1,5.37,2,,v South Africa,Dhaka,18 Apr 2003,
ODI,Harbhajan Singh,10.0,6,0,43,1,4.3,2,,v Australia,Gwalior,26 Oct 2003,
ODI,V Sehwag,6.0,6,0,43,1,7.16,2,,v Pakistan,Eden Gardens,13 Nov 2004,
ODI,Harbhajan Singh,10.0,6,0,43,1,4.3,2,,v Pakistan,Kanpur,15 Apr 2005,
ODI,V Sehwag,10.0,6,0,43,1,4.3,2,,v West Indies,Colombo (RPS),7 Aug 2005,
ODI,SR Tendulkar,8.0,6,0,43,1,5.37,2,,v South Africa,Hyderabad,16 Nov 2005,
ODI,Harbhajan Singh,10.0,6,1,43,1,4.3,1,,v England,Faridabad,31 Mar 2006,
ODI,D Mongia,9.0,6,0,43,1,4.77,1,,v Australia,Kuala Lumpur,22 Sep 2006,
ODI,IK Pathan,7.0,6,0,43,1,6.14,2,,v West Indies,Vadodara,31 Jan 2007,
ODI,RR Powar,10.0,6,0,43,1,4.3,2,,v England,Bristol,24 Aug 2007,
ODI,Z Khan,10.0,6,0,43,1,4.3,1,,v England,The Oval,5 Sep 2007,
ODI,PP Ojha,10.0,6,0,43,1,4.3,2,,v Sri Lanka,Harare,5 Jun 2010,
ODI,RA Jadeja,10.0,6,0,43,1,4.3,1,,v Pakistan,Dambulla,19 Jun 2010,
ODI,Z Khan,10.0,6,0,43,1,4.3,2,,v South Africa,Nagpur,12 Mar 2011,
ODI,RA Jadeja,9.0,6,0,43,1,4.77,1,,v Sri Lanka,Hobart,28 Feb 2012,
ODI,I Sharma,10.0,6,1,43,1,4.3,1,,v West Indies,The Oval,11 Jun 2013,
ODI,B Kumar,7.0,6,1,43,1,6.14,1,,v New Zealand,Hamilton,22 Jan 2014,
ODI,R Ashwin,10.0,6,0,43,1,4.3,1,,v Sri Lanka,Hyderabad,9 Nov 2014,
ODI,R Ashwin,9.0,6,0,43,1,4.77,1,,v South Africa,The Oval,11 Jun 2017,
ODI,YS Chahal,10.0,6,0,43,1,4.3,1,,v England,Lord's,14 Jul 2018,
ODI,Mohammed Shami,6.0,6,0,43,1,7.16,2,,v New Zealand,Mount Maunganui,26 Jan 2019,
ODI,HH Pandya,5.0,6,0,43,1,8.6,2,,v Sri Lanka,Colombo (RPS),23 Jul 2021,
ODI,M Prasidh Krishna,9.0,6,0,43,1,4.77,1,,v Bangladesh,Colombo (RPS),15 Sep 2023,
ODI,JJ Bumrah,10.0,6,2,43,1,4.3,1,,v Australia,Mohali,22 Sep 2023,
ODI,Mohammed Siraj,8.0,6,1,43,1,5.37,1,,v Sri Lanka,Colombo (RPS),4 Aug 2024,
ODI,Washington Sundar,5.0,6,0,43,1,8.6,2,,v England,Ahmedabad,12 Feb 2025,
ODI,AR Patel,8.0,6,1,43,1,5.37,1,,v Australia,Dubai (DICS),4 Mar 2025,
ODI,Mohammed Siraj,10.0,6,0,43,1,4.3,1,,v New Zealand,Indore,18 Jan 2026,
ODI,BS Sandhu,11.0,6,2,44,1,4.0,2,,v Zimbabwe,Tunbridge Wells,18 Jun 1983,
ODI,AK Patel,10.0,6,0,44,1,4.4,2,,v Australia,Ahmedabad,5 Oct 1984,
ODI,RJ Shastri,10.0,6,0,44,1,4.4,1,,v Pakistan,Melbourne,10 Mar 1985,
ODI,N Kapil Dev,10.0,6,0,44,1,4.4,2,,v Pakistan,Hyderabad (Deccan),20 Mar 1987,
ODI,WV Raman,4.0,6,0,44,1,11.0,2,,v West Indies,Rajkot,5 Jan 1988,
ODI,SK Sharma,8.0,6,1,44,1,5.5,1,,v Sri Lanka,Dhaka,29 Oct 1988,
ODI,N Kapil Dev,9.2,6,1,44,1,4.71,2,,v Sri Lanka,Sharjah,25 Apr 1990,
ODI,J Srinath,10.0,6,1,44,1,4.4,1,,v Sri Lanka,Hyderabad (Deccan),18 Feb 1994,
ODI,N Kapil Dev,8.0,6,1,44,1,5.5,2,,v Australia,Colombo (RPS),9 Sep 1994,
ODI,A Kumble,9.0,6,0,44,1,4.88,1,,v South Africa,Bloemfontein,23 Jan 1997,
ODI,RR Singh,9.0,6,0,44,1,4.88,1,,v Sri Lanka,Colombo (RPS),17 Aug 1997,
ODI,A Kumble,6.0,6,0,44,1,7.33,2,,v Sri Lanka,Colombo (RPS),20 Aug 1997,
ODI,RL Sanghvi,7.0,6,0,44,1,6.28,2,,v Zimbabwe,Cuttack,9 Apr 1998,
ODI,Harvinder Singh,7.0,6,0,44,1,6.28,1,,v Australia,Sharjah,22 Apr 1998,
ODI,J Srinath,10.0,6,1,44,1,4.4,1,,v Pakistan,Sharjah,8 Apr 1999,
ODI,A Kumble,10.0,6,0,44,1,4.4,2,,v South Africa,Hove,15 May 1999,
ODI,SB Joshi,10.0,6,0,44,1,4.4,2,,v Zimbabwe,Sharjah,22 Oct 2000,
ODI,AB Agarkar,9.5,6,1,44,1,4.47,2,,v Zimbabwe,Jodhpur,8 Dec 2000,
ODI,Z Khan,8.0,6,0,44,1,5.5,1,,v New Zealand,Colombo (RPS),26 Jul 2001,
ODI,Yuvraj Singh,7.0,6,0,44,1,6.28,1,,v Kenya,Gqeberha,17 Oct 2001,
ODI,Harbhajan Singh,10.0,6,0,44,1,4.4,1,,v Zimbabwe,Hyderabad (Deccan),16 Mar 2002,
ODI,J Srinath,8.0,6,0,44,1,5.5,2,,v New Zealand,Christchurch,1 Jan 2003,
ODI,Harbhajan Singh,10.0,6,0,44,1,4.4,1,,v Australia,Wankhede,1 Nov 2003,
ODI,A Nehra,9.0,6,1,44,1,4.88,2,,v Zimbabwe,Brisbane,20 Jan 2004,
ODI,A Nehra,6.0,6,0,44,1,7.33,1,,v Australia,Amstelveen,23 Aug 2004,
ODI,Jai P Yadav,9.0,6,1,44,1,4.88,1,,v Zimbabwe,Harare,4 Sep 2005,
ODI,Z Khan,8.0,6,0,44,1,5.5,2,,v England,Leeds,2 Sep 2007,
ODI,PP Chawla,10.0,6,1,44,1,4.4,1,,v England,The Oval,5 Sep 2007,
ODI,IK Pathan,10.0,6,0,44,1,4.4,1,,v Sri Lanka,Adelaide,19 Feb 2008,
ODI,Harbhajan Singh,10.0,6,0,44,1,4.4,2,,v Australia,Brisbane,4 Mar 2008,
ODI,RP Singh,10.0,6,2,44,1,4.4,1,,v Pakistan,Karachi,26 Jun 2008,
ODI,RP Singh,10.0,6,1,44,1,4.4,1,,v Sri Lanka,Karachi,3 Jul 2008,
ODI,Z Khan,8.0,6,1,44,1,5.5,2,,v Sri Lanka,Colombo (RPS),3 Feb 2009,
ODI,RP Singh,7.0,6,0,44,1,6.28,2,,v West Indies,Kingston,26 Jun 2009,
ODI,Harbhajan Singh,10.0,6,0,44,1,4.4,1,,v Australia,Hyderabad,5 Nov 2009,
ODI,A Nehra,6.0,6,0,44,1,7.33,1,,v Bangladesh,Mirpur,7 Jan 2010,
ODI,A Nehra,9.0,6,0,44,1,4.88,2,,v New Zealand,Guwahati,28 Nov 2010,
ODI,A Nehra,7.0,6,1,44,1,6.28,2,,v South Africa,Johannesburg,15 Jan 2011,
ODI,R Ashwin,10.0,6,0,44,1,4.4,2,,v England,Lord's,11 Sep 2011,
ODI,V Kohli,6.0,6,0,44,1,7.33,2,,v England,Cardiff,16 Sep 2011,
ODI,R Sharma,6.2,6,0,44,1,6.94,1,,v Australia,Melbourne,5 Feb 2012,
ODI,PP Ojha,6.0,6,0,44,1,7.33,2,,v Sri Lanka,Hambantota,21 Jul 2012,
ODI,RA Jadeja,10.0,6,1,44,1,4.4,2,,v West Indies,Visakhapatnam,24 Nov 2013,
ODI,B Kumar,9.5,6,0,44,1,4.47,2,,v Australia,Melbourne,18 Jan 2015,
ODI,Mohammed Shami,8.1,6,0,44,1,5.38,2,,v Australia,Melbourne,18 Jan 2015,
ODI,AR Patel,9.0,6,1,44,1,4.88,2,,v Bangladesh,Mirpur,24 Jun 2015,
ODI,B Kumar,10.0,6,2,44,1,4.4,1,,v Pakistan,The Oval,18 Jun 2017,
ODI,JJ Bumrah,10.0,6,1,44,1,4.4,1,,v England,Birmingham,30 Jun 2019,
ODI,S Venkataraghavan,7.0,8,0,45,1,4.82,1,,v New Zealand,Auckland,22 Feb 1976,
ODI,RMH Binny,10.0,6,0,45,1,4.5,1,,v Australia,Sydney,15 Jan 1981,
ODI,N Kapil Dev,10.0,6,1,45,1,4.5,2,,v Pakistan,Sharjah,18 Apr 1986,
ODI,Maninder Singh,10.0,6,0,45,1,4.5,2,,v Pakistan,Jamshedpur,26 Mar 1987,
ODI,ND Hirwani,10.0,6,0,45,1,4.5,2,,v West Indies,Port of Spain,11 Mar 1989,
ODI,M Amarnath,10.0,6,0,45,1,4.5,1,,v Pakistan,Eden Gardens,28 Oct 1989,
ODI,M Prabhakar,9.0,6,0,45,1,5.0,1,,v Sri Lanka,Pune,5 Dec 1990,
ODI,RJ Shastri,10.0,6,0,45,1,4.5,2,,v West Indies,Adelaide,14 Dec 1991,
ODI,ST Banerjee,7.0,6,0,45,1,6.42,1,,v England,W.A.C.A,22 Feb 1992,
ODI,N Kapil Dev,8.0,6,0,45,1,5.62,2,,v West Indies,Wellington,10 Mar 1992,
ODI,RK Chauhan,10.0,6,1,45,1,4.5,1,,v West Indies,Faridabad,17 Oct 1994,
ODI,M Prabhakar,10.0,6,0,45,1,4.5,1,,v Sri Lanka,Sharjah,14 Apr 1995,
ODI,BKV Prasad,8.0,6,1,45,1,5.62,1,,v New Zealand,Pune,24 Nov 1995,
ODI,J Srinath,10.0,6,1,45,1,4.5,1,,v England,The Oval,23 May 1996,
ODI,SB Joshi,9.0,6,1,45,1,5.0,1,,v Pakistan,Toronto,21 Sep 1996,
ODI,BKV Prasad,10.0,6,0,45,1,4.5,1,,v South Africa,Hyderabad (Deccan),17 Oct 1996,
ODI,SR Tendulkar,8.0,6,0,45,1,5.62,1,,v Australia,Bengaluru,21 Oct 1996,
ODI,RL Sanghvi,10.0,6,0,45,1,4.5,2,,v Australia,Delhi,14 Apr 1998,
ODI,Harbhajan Singh,10.0,6,0,45,1,4.5,1,,v Sri Lanka,Colombo (RPS),19 Jun 1998,
ODI,J Srinath,10.0,6,0,45,1,4.5,1,,v Zimbabwe,Bulawayo,26 Sep 1998,
ODI,Harbhajan Singh,9.0,6,1,45,1,5.0,1,,v Zimbabwe,Bulawayo,27 Sep 1998,
ODI,BKV Prasad,10.0,6,0,45,1,4.5,1,,v Pakistan,Sharjah,13 Apr 1999,
ODI,DS Mohanty,8.0,6,0,45,1,5.62,2,,v Zimbabwe,Nairobi (Gym),1 Oct 1999,
ODI,AB Agarkar,10.0,6,0,45,1,4.5,2,,v South Africa,Johannesburg,5 Oct 2001,
ODI,SR Tendulkar,9.0,6,0,45,1,5.0,1,,v England,Delhi,31 Jan 2002,
ODI,A Nehra,10.0,6,0,45,1,4.5,2,,v Pakistan,Birmingham,19 Sep 2004,
ODI,IK Pathan,9.0,6,0,45,1,5.0,2,,v Bangladesh,Chattogram,23 Dec 2004,
ODI,RR Powar,10.0,6,0,45,1,4.5,2,,v England,Margao,3 Apr 2006,
ODI,RP Singh,8.0,6,0,45,1,5.62,2,,v South Africa,Belfast,26 Jun 2007,
ODI,Z Khan,9.0,6,1,45,1,5.0,2,,v England,Manchester,30 Aug 2007,
ODI,IK Pathan,8.0,6,2,45,1,5.62,1,,v Pakistan,Guwahati,5 Nov 2007,
ODI,Harbhajan Singh,10.0,6,0,45,1,4.5,2,,v England,Indore,17 Nov 2008,
ODI,Z Khan,10.0,6,0,45,1,4.5,1,,v England,Kanpur,20 Nov 2008,
ODI,YK Pathan,7.0,6,0,45,1,6.42,1,,v Sri Lanka,Colombo (RPS),12 Sep 2009,
ODI,A Mishra,9.0,6,0,45,1,5.0,1,,v Australia,Centurion,28 Sep 2009,
ODI,RA Jadeja,9.0,6,0,45,1,5.0,1,,v Bangladesh,Mirpur,7 Jan 2010,
ODI,R Sharma,10.0,6,0,45,1,4.5,2,,v West Indies,Chennai,11 Dec 2011,
ODI,R Sharma,8.0,6,0,45,1,5.62,1,,v Sri Lanka,Colombo (RPS),28 Jul 2012,
ODI,AB Dinda,9.1,6,0,45,1,4.9,2,,v Pakistan,Chennai,30 Dec 2012,
ODI,Mohammed Shami,10.0,6,1,45,1,4.5,1,,v Zimbabwe,Harare,24 Jul 2013,
ODI,B Kumar,8.0,6,0,45,1,5.62,1,,v England,Nottingham,30 Aug 2014,
ODI,B Kumar,8.0,6,0,45,1,5.62,1,,v England,Leeds,5 Sep 2014,
ODI,AR Patel,10.0,6,0,45,1,4.5,2,,v Australia,Melbourne,18 Jan 2015,
ODI,RA Jadeja,7.0,6,0,45,1,6.42,1,,v Ireland,Hamilton,10 Mar 2015,
ODI,RA Jadeja,10.0,6,0,45,1,4.5,2,,v England,Cuttack,19 Jan 2017,
ODI,KK Ahmed,10.0,6,1,45,1,4.5,1,,v Afghanistan,Dubai (DICS),25 Sep 2018,
ODI,RA Jadeja,10.0,6,0,45,1,4.5,2,,v New Zealand,Mount Maunganui,11 Feb 2020,
ODI,YS Chahal,10.0,6,0,45,1,4.5,2,,v West Indies,Ahmedabad,9 Feb 2022,
ODI,M Prasidh Krishna,5.0,6,0,45,1,9.0,1,,v Australia,Rajkot,27 Sep 2023,
ODI,JJ Bumrah,10.0,6,1,45,1,4.5,1,,v New Zealand,Dharamsala,22 Oct 2023,
ODI,Mohammed Siraj,10.0,6,1,45,1,4.5,1,,v New Zealand,Dharamsala,22 Oct 2023,
ODI,Mohammed Siraj,7.0,6,0,45,1,6.42,2,,v Australia,Ahmedabad,19 Nov 2023,
ODI,N Kapil Dev,10.0,6,1,46,1,4.6,2,,v West Indies,Birmingham,9 Jun 1979,
ODI,N Kapil Dev,12.0,6,0,46,1,3.83,1,,v West Indies,The Oval,15 Jun 1983,
ODI,C Sharma,10.0,6,0,46,1,4.6,1,,v New Zealand,Adelaide,25 Jan 1986,
ODI,RJ Shastri,9.0,6,2,46,1,5.11,1,,v Australia,Delhi,2 Oct 1986,
ODI,G Sharma,10.0,6,0,46,1,4.6,1,,v Australia,Sharjah,5 Apr 1987,
ODI,RMH Binny,7.0,6,0,46,1,6.57,1,,v Australia,Chennai,9 Oct 1987,
ODI,M Amarnath,9.0,6,0,46,1,5.11,2,,v West Indies,Eden Gardens,2 Jan 1988,
ODI,ND Hirwani,10.0,6,0,46,1,4.6,2,,v New Zealand,Wellington,6 Mar 1990,
ODI,J Srinath,9.3,6,1,46,1,4.84,2,,v Sri Lanka,Moratuwa,14 Aug 1993,
ODI,SLV Raju,10.0,6,0,46,1,4.6,2,,v Pakistan,Bengaluru,9 Mar 1996,
ODI,SR Tendulkar,10.0,6,0,46,1,4.6,1,,v Pakistan,Sharjah,12 Apr 1996,
ODI,SB Joshi,10.0,6,0,46,1,4.6,2,,v South Africa,Wankhede,6 Nov 1996,
ODI,A Kumble,10.0,6,1,46,1,4.6,1,,v West Indies,Kingstown,30 Apr 1997,
ODI,RR Singh,7.0,6,0,46,1,6.57,1,,v West Indies,Kingstown,30 Apr 1997,
ODI,SV Bahutule,10.0,6,0,46,1,4.6,2,,v Sri Lanka,Margao,28 Dec 1997,
ODI,DS Mohanty,9.0,6,0,46,1,5.11,1,,v Pakistan,Dhaka,14 Jan 1998,
ODI,HH Kanitkar,8.0,6,0,46,1,5.75,2,,v Australia,Kochi,1 Apr 1998,
ODI,A Kumble,10.0,6,1,46,1,4.6,1,,v Australia,Sharjah,24 Apr 1998,
ODI,AB Agarkar,9.0,6,1,46,1,5.11,1,,v Zimbabwe,Bulawayo,27 Sep 1998,
ODI,BKV Prasad,6.0,6,1,46,1,7.66,1,,v South Africa,Nagpur,19 Mar 2000,
ODI,T Kumaran,9.0,6,0,46,1,5.11,1,,v Sri Lanka,Dhaka,1 Jun 2000,
ODI,SR Tendulkar,6.0,6,0,46,1,7.66,2,,v Zimbabwe,Sharjah,22 Oct 2000,
ODI,Z Khan,10.0,6,1,46,1,4.6,1,,v Zimbabwe,Cuttack,2 Dec 2000,
ODI,Z Khan,10.0,6,1,46,1,4.6,2,,v Zimbabwe,Jodhpur,8 Dec 2000,
ODI,AB Agarkar,8.0,6,1,46,1,5.75,1,,v England,Cuttack,22 Jan 2002,
ODI,J Srinath,9.0,6,0,46,1,5.11,1,,v West Indies,Rajkot,12 Nov 2002,
ODI,Jai P Yadav,10.0,6,1,46,1,4.6,1,,v New Zealand,Bulawayo,26 Aug 2005,
ODI,SR Tendulkar,8.0,6,0,46,1,5.75,1,,v South Africa,Gqeberha,29 Nov 2006,
ODI,S Sreesanth,8.0,6,1,46,1,5.75,1,,v Sri Lanka,Visakhapatnam,17 Feb 2007,
ODI,MM Patel,10.0,6,1,46,1,4.6,1,,v Sri Lanka,Port of Spain,23 Mar 2007,
ODI,V Sehwag,8.0,6,0,46,1,5.75,1,,v Bangladesh,Mirpur,10 May 2007,
ODI,Z Khan,10.0,6,1,46,1,4.6,2,,v South Africa,Belfast,26 Jun 2007,
ODI,IK Pathan,10.0,6,0,46,1,4.6,2,,v Australia,Chandigarh,8 Oct 2007,
ODI,S Tyagi,7.0,6,1,46,1,6.57,1,,v Sri Lanka,Mirpur,10 Jan 2010,
ODI,R Vinay Kumar,9.0,6,2,46,1,5.11,2,,v West Indies,Kingston,16 Jun 2011,
ODI,Z Khan,10.0,6,0,46,1,4.6,1,,v Australia,Adelaide,12 Feb 2012,
ODI,Z Khan,10.0,6,0,46,1,4.6,1,,v Australia,Brisbane,19 Feb 2012,
ODI,Mohammed Shami,9.0,6,1,46,1,5.11,2,,v England,Dharamsala,27 Jan 2013,
ODI,I Sharma,6.0,6,0,46,1,7.66,1,,v New Zealand,Hamilton,22 Jan 2014,
ODI,RA Jadeja,8.0,6,0,46,1,5.75,1,,v New Zealand,Hamilton,22 Jan 2014,
ODI,UT Yadav,6.0,6,0,46,1,7.66,1,,v England,Leeds,5 Sep 2014,
ODI,Harbhajan Singh,10.0,6,0,46,1,4.6,2,,v Zimbabwe,Harare,10 Jul 2015,
ODI,HH Pandya,10.0,6,0,46,1,4.6,2,,v New Zealand,Wankhede,22 Oct 2017,
ODI,Kuldeep Yadav,10.0,6,0,46,1,4.6,1,,v South Africa,Southampton,5 Jun 2019,
ODI,Washington Sundar,9.0,6,1,46,1,5.11,1,,v Sri Lanka,Colombo (RPS),2 Aug 2024,
ODI,AV Mankad,5.5,6,0,47,1,8.05,2,,v England,The Oval,15 Jul 1974,
ODI,S Madan Lal,12.0,6,0,47,1,3.91,1,,v West Indies,The Oval,15 Jun 1983,
ODI,S Madan Lal,9.0,6,0,47,1,5.22,1,,v West Indies,Jamshedpur,7 Dec 1983,
ODI,N Kapil Dev,9.0,6,1,47,1,5.22,1,,v West Indies,Guwahati,23 Dec 1987,
ODI,AK Sharma,10.0,6,0,47,1,4.7,2,,v West Indies,St John's,18 Mar 1989,
ODI,A Kumble,10.0,6,1,47,1,4.7,1,,v Australia,Wankhede,27 Feb 1996,
ODI,DS Mohanty,7.0,6,0,47,1,6.71,1,,v Australia,The Oval,4 Jun 1999,
ODI,AB Agarkar,9.0,6,0,47,1,5.22,1,,v Australia,Melbourne,12 Jan 2000,
ODI,A Kumble,10.0,6,0,47,1,4.7,1,,v England,Cuttack,22 Jan 2002,
ODI,J Srinath,10.0,6,0,47,1,4.7,1,,v England,Delhi,31 Jan 2002,
ODI,Z Khan,10.0,6,1,47,1,4.7,2,,v Pakistan,Eden Gardens,13 Nov 2004,
ODI,Yuvraj Singh,6.0,6,0,47,1,7.83,1,,v Pakistan,Jaipur,18 Nov 2007,
ODI,Harbhajan Singh,8.0,6,0,47,1,5.87,2,,v England,Rajkot,14 Nov 2008,
ODI,Harbhajan Singh,10.0,6,0,47,1,4.7,1,,v England,Cuttack,26 Nov 2008,
ODI,S Sreesanth,7.0,6,0,47,1,6.71,2,,v Sri Lanka,Mirpur,5 Jan 2010,
ODI,A Mishra,10.0,6,0,47,1,4.7,2,,v Zimbabwe,Bulawayo,28 May 2010,
ODI,A Mithun,7.0,6,0,47,1,6.71,1,,v West Indies,Ahmedabad,5 Dec 2011,
ODI,R Ashwin,10.0,6,0,47,1,4.7,1,,v New Zealand,Auckland,25 Jan 2014,
ODI,R Ashwin,9.0,6,0,47,1,5.22,2,,v West Indies,Port of Spain,25 Jun 2017,
ODI,YS Chahal,10.0,6,0,47,1,4.7,2,,v South Africa,Paarl,21 Jan 2022,
ODI,YS Chahal,9.0,6,0,47,1,5.22,1,,v South Africa,Cape Town,23 Jan 2022,
ODI,AR Patel,9.0,6,0,47,1,5.22,1,,v Bangladesh,Colombo (RPS),15 Sep 2023,
ODI,R Ashwin,10.0,6,0,47,1,4.7,1,,v Australia,Mohali,22 Sep 2023,
ODI,Kuldeep Yadav,10.0,6,0,47,1,4.7,1,,v Bangladesh,Pune,19 Oct 2023,
ODI,Mohammed Shami,7.0,6,1,47,1,6.71,2,,v Australia,Ahmedabad,19 Nov 2023,
ODI,Maninder Singh,10.0,6,0,48,1,4.8,1,,v Australia,Chennai,9 Oct 1987,
ODI,RJ Shastri,9.0,6,0,48,1,5.33,1,,v West Indies,Gwalior,22 Jan 1988,
ODI,SLV Raju,10.0,6,0,48,1,4.8,1,,v Pakistan,Sharjah,23 Oct 1991,
ODI,SLV Raju,10.0,6,0,48,1,4.8,2,,v South Africa,New Delhi,14 Nov 1991,
ODI,J Srinath,8.0,6,0,48,1,6.0,1,,v Australia,Brisbane,1 Mar 1992,
ODI,SR Tendulkar,8.0,6,0,48,1,6.0,2,,v Zimbabwe,Indore,18 Nov 1993,
ODI,SB Joshi,10.0,6,0,48,1,4.8,2,,v South Africa,East London,4 Feb 1997,
ODI,NM Kulkarni,10.0,6,0,48,1,4.8,2,,v Sri Lanka,Colombo (RPS),26 Jul 1997,
ODI,RR Singh,7.0,6,0,48,1,6.85,1,,v Zimbabwe,Harare,30 Sep 1998,
ODI,A Kumble,9.0,6,0,48,1,5.33,1,,v Australia,Colombo (SSC),28 Aug 1999,
ODI,N Chopra,9.0,6,0,48,1,5.33,1,,v South Africa,Nairobi (Gym),3 Oct 1999,
ODI,SR Tendulkar,7.0,6,0,48,1,6.85,1,,v Australia,Adelaide,26 Jan 2000,
ODI,Z Khan,9.0,6,0,48,1,5.33,1,,v England,Lord's,29 Jun 2002,
ODI,A Kumble,10.0,6,0,48,1,4.8,2,,v Zimbabwe,Colombo (RPS),14 Sep 2002,
ODI,A Kumble,7.0,6,0,48,1,6.85,2,,v West Indies,Jamshedpur,6 Nov 2002,
ODI,SR Tendulkar,8.0,6,0,48,1,6.0,1,,v Pakistan,Lahore,21 Mar 2004,
ODI,Harbhajan Singh,10.0,6,0,48,1,4.8,1,,v Sri Lanka,Colombo (RPS),1 Aug 2004,
ODI,Harbhajan Singh,8.0,6,0,48,1,6.0,2,,v Bangladesh,Dhaka,27 Dec 2004,
ODI,Z Khan,10.0,6,0,48,1,4.8,1,,v Pakistan,Jamshedpur,9 Apr 2005,
ODI,L Balaji,10.0,6,0,48,1,4.8,2,,v Sri Lanka,Dambulla,3 Aug 2005,
ODI,MM Patel,9.0,6,1,48,1,5.33,1,,v West Indies,Kingston,18 May 2006,
ODI,M Kartik,10.0,6,0,48,1,4.8,2,,v Australia,Chandigarh,8 Oct 2007,
ODI,I Sharma,10.0,6,0,48,1,4.8,1,,v Bangladesh,Karachi,28 Jun 2008,
ODI,MM Sharma,6.3,6,0,48,1,7.38,2,,v West Indies,Visakhapatnam,24 Nov 2013,
ODI,R Ashwin,9.0,6,0,48,1,5.33,1,,v South Africa,Durban,8 Dec 2013,
ODI,B Kumar,9.0,6,0,48,1,5.33,1,,v New Zealand,Auckland,25 Jan 2014,
ODI,B Kumar,8.0,6,0,48,1,6.0,1,,v New Zealand,Wellington,31 Jan 2014,
ODI,R Ashwin,10.0,6,0,48,1,4.8,1,,v England,Birmingham,2 Sep 2014,
ODI,RA Jadeja,8.0,6,0,48,1,6.0,1,,v Bangladesh,Mirpur,18 Jun 2015,
ODI,AR Patel,7.0,6,0,48,1,6.85,2,,v Bangladesh,Mirpur,21 Jun 2015,
ODI,MM Sharma,10.0,6,0,48,1,4.8,2,,v South Africa,Chennai,22 Oct 2015,
ODI,RA Jadeja,10.0,6,0,48,1,4.8,1,,v Bangladesh,Birmingham,15 Jun 2017,
ODI,KM Jadhav,10.0,6,0,48,1,4.8,1,,v Australia,Nagpur,1 Oct 2017,
ODI,RA Jadeja,10.0,6,0,48,1,4.8,1,,v Australia,Sydney,12 Jan 2019,
ODI,RA Jadeja,10.0,6,0,48,1,4.8,2,,v Australia,Nagpur,5 Mar 2019,
ODI,DL Chahar,10.0,6,1,48,1,4.8,2,,v West Indies,Chennai,15 Dec 2019,
ODI,Mohammed Shami,10.0,6,0,48,1,4.8,1,,v England,Lord's,14 Jul 2022,
ODI,Kuldeep Yadav,8.0,6,1,48,1,6.0,1,,v Australia,Wankhede,17 Mar 2023,
ODI,AR Patel,10.0,6,0,48,1,4.8,2,,v South Africa,Paarl,21 Dec 2023,
ODI,M Prasidh Krishna,7.2,6,1,48,1,6.54,2,,v South Africa,Ranchi,30 Nov 2025,
ODI,Kuldeep Yadav,6.0,6,0,48,1,8.0,1,,v New Zealand,Indore,18 Jan 2026,
ODI,C Sharma,9.0,6,0,49,1,5.44,1,,v Australia,New Delhi,28 Sep 1984,
ODI,Maninder Singh,10.0,6,0,49,1,4.9,1,,v New Zealand,Visakhapatnam,10 Dec 1988,
ODI,N Kapil Dev,9.0,6,0,49,1,5.44,1,,v New Zealand,Dunedin,1 Mar 1990,
ODI,SR Tendulkar,7.0,6,0,49,1,7.0,1,,v Pakistan,Dhaka,18 Jan 1998,
ODI,J Srinath,10.0,6,1,49,1,4.9,2,,v New Zealand,Nottingham,12 Jun 1999,
ODI,N Chopra,10.0,6,0,49,1,4.9,1,,v Sri Lanka,Dhaka,1 Jun 2000,
ODI,Harbhajan Singh,9.0,6,0,49,1,5.44,2,,v England,Eden Gardens,19 Jan 2002,
ODI,A Kumble,10.0,6,0,49,1,4.9,2,,v Zimbabwe,Mohali,10 Mar 2002,
ODI,Sarandeep Singh,8.0,6,1,49,1,6.12,2,,v Zimbabwe,Kochi,13 Mar 2002,
ODI,V Sehwag,8.0,6,0,49,1,6.12,1,,v West Indies,Ahmedabad,15 Nov 2002,
ODI,IK Pathan,10.0,6,0,49,1,4.9,1,,v Sri Lanka,Dambulla,18 Jul 2004,
ODI,V Sehwag,6.0,6,0,49,1,8.16,1,,v Pakistan,Jamshedpur,9 Apr 2005,
ODI,Harbhajan Singh,9.0,6,0,49,1,5.44,2,,v Sri Lanka,Dambulla,3 Aug 2005,
ODI,IK Pathan,9.0,6,0,49,1,5.44,1,,v Sri Lanka,Pune,3 Nov 2005,
ODI,S Sreesanth,8.0,6,2,49,1,6.12,1,,v Sri Lanka,Pune,3 Nov 2005,
ODI,RR Powar,10.0,6,0,49,1,4.9,1,,v Pakistan,Karachi,19 Feb 2006,
ODI,Z Khan,10.0,6,1,49,1,4.9,1,,v England,Southampton,21 Aug 2007,
ODI,RP Singh,10.0,6,0,49,1,4.9,1,,v England,Southampton,21 Aug 2007,
ODI,Yuvraj Singh,7.0,6,0,49,1,7.0,1,,v Australia,Hyderabad,5 Oct 2007,
ODI,Z Khan,10.0,6,1,49,1,4.9,1,,v Sri Lanka,Colombo (RPS),29 Aug 2008,
ODI,Z Khan,10.0,6,0,49,1,4.9,1,,v New Zealand,Hamilton,11 Mar 2009,
ODI,YK Pathan,8.0,6,0,49,1,6.12,2,,v Bangladesh,Mirpur,19 Feb 2011,
ODI,R Ashwin,10.0,6,0,49,1,4.9,1,,v Pakistan,Eden Gardens,3 Jan 2013,
ODI,Mohammed Shami,10.0,6,1,49,1,4.9,1,,v West Indies,Kanpur,27 Nov 2013,
ODI,RA Jadeja,10.0,6,0,49,1,4.9,1,,v West Indies,Kanpur,27 Nov 2013,
ODI,RA Jadeja,10.0,6,0,49,1,4.9,1,,v South Africa,Durban,8 Dec 2013,
ODI,R Ashwin,10.0,6,2,49,1,4.9,1,,v England,Leeds,5 Sep 2014,
ODI,AR Patel,10.0,6,0,49,1,4.9,1,,v New Zealand,Delhi,20 Oct 2016,
ODI,RA Jadeja,10.0,6,1,49,1,4.9,1,,v Australia,Adelaide,15 Jan 2019,
ODI,K Gowtham,8.0,6,0,49,1,6.12,2,,v Sri Lanka,Colombo (RPS),23 Jul 2021,
ODI,Kuldeep Yadav,8.0,6,0,49,1,6.12,1,,v Zimbabwe,Harare,20 Aug 2022,
ODI,Kuldeep Yadav,9.0,6,0,49,1,5.44,1,,v South Africa,Ranchi,9 Oct 2022,
ODI,AR Patel,10.0,6,0,49,1,4.9,1,,v Pakistan,Dubai (DICS),23 Feb 2025,
ODI,Mohammed Siraj,10.0,6,0,49,1,4.9,2,,v Australia,Adelaide,23 Oct 2025,
ODI,M Prasidh Krishna,9.0,6,0,49,1,5.44,2,,v New Zealand,Rajkot,14 Jan 2026,
ODI,M Amarnath,5.0,6,0,50,1,10.0,1,,v Pakistan,Lahore,31 Dec 1982,
ODI,C Sharma,8.2,6,0,50,1,6.0,2,,v England,Pune,5 Dec 1984,
ODI,N Kapil Dev,10.0,6,2,50,1,5.0,1,,v Australia,Adelaide,26 Jan 1986,
ODI,RJ Shastri,10.0,6,0,50,1,5.0,2,,v Australia,Rajkot,7 Oct 1986,
ODI,RJ Shastri,10.0,6,0,50,1,5.0,1,,v Australia,Chennai,9 Oct 1987,
ODI,M Prabhakar,10.0,6,0,50,1,5.0,1,,v England,Kanpur,25 Oct 1989,
ODI,SK Sharma,10.0,6,0,50,1,5.0,1,,v England,Nottingham,20 Jul 1990,
ODI,BKV Prasad,10.0,6,0,50,1,5.0,2,,v New Zealand,Jamshedpur,15 Nov 1995,
ODI,BKV Prasad,8.0,6,0,50,1,6.25,1,,v Sri Lanka,Eden Gardens,13 Mar 1996,
ODI,A Kumble,10.0,6,0,50,1,5.0,1,,v Pakistan,Sharjah,12 Apr 1996,
ODI,BKV Prasad,10.0,6,0,50,1,5.0,1,,v South Africa,Sharjah,19 Apr 1996,
ODI,BKV Prasad,10.0,6,0,50,1,5.0,1,,v Pakistan,Toronto,21 Sep 1996,
ODI,SB Joshi,10.0,6,0,50,1,5.0,2,,v Australia,Mohali,3 Nov 1996,
ODI,J Srinath,10.0,6,0,50,1,5.0,2,,v South Africa,East London,4 Feb 1997,
ODI,J Srinath,10.0,6,0,50,1,5.0,1,,v South Africa,Durban,13 Feb 1997,
ODI,A Kuruvilla,10.0,6,2,50,1,5.0,1,,v Pakistan,Chennai,21 May 1997,
ODI,RR Singh,9.0,6,0,50,1,5.55,1,,v Pakistan,Chennai,21 May 1997,
ODI,Harvinder Singh,8.0,6,0,50,1,6.25,1,,v Australia,Sharjah,19 Apr 1998,
ODI,AB Agarkar,10.0,6,0,50,1,5.0,1,,v Pakistan,Sharjah,26 Mar 2000,
ODI,A Kumble,10.0,6,1,50,1,5.0,2,,v Sri Lanka,Sharjah,20 Oct 2000,
ODI,J Srinath,8.0,6,0,50,1,6.25,1,,v England,Chennai,25 Jan 2002,
ODI,AB Agarkar,8.0,6,2,50,1,6.25,1,,v Australia,Eden Gardens,18 Nov 2003,
ODI,Harbhajan Singh,10.0,6,0,50,1,5.0,1,,v Pakistan,Colombo (RPS),25 Jul 2004,
ODI,Harbhajan Singh,7.0,6,0,50,1,7.14,2,,v Pakistan,Visakhapatnam,5 Apr 2005,
ODI,S Sreesanth,8.0,6,0,50,1,6.25,1,,v Sri Lanka,Rajkot,9 Nov 2005,
ODI,Z Khan,8.0,6,0,50,1,6.25,2,,v Pakistan,Peshawar,6 Feb 2006,
ODI,RP Singh,10.0,6,1,50,1,5.0,1,,v Pakistan,Karachi,19 Feb 2006,
ODI,IK Pathan,9.0,6,0,50,1,5.55,2,,v West Indies,Basseterre,23 May 2006,
ODI,PP Chawla,9.0,6,0,50,1,5.55,1,,v England,Birmingham,27 Aug 2007,
ODI,Z Khan,9.0,6,0,50,1,5.55,1,,v Pakistan,Guwahati,5 Nov 2007,
ODI,Harbhajan Singh,10.0,6,0,50,1,5.0,1,,v Sri Lanka,Wankhede,2 Apr 2011,
ODI,R Ashwin,8.0,6,0,50,1,6.25,1,,v Australia,Jaipur,16 Oct 2013,
ODI,B Kumar,10.0,6,1,50,1,5.0,2,,v Australia,Mohali,19 Oct 2013,
ODI,R Ashwin,10.0,6,1,50,1,5.0,1,,v Bangladesh,Fatullah,26 Feb 2014,
ODI,RA Jadeja,9.0,6,0,50,1,5.55,2,,v Australia,Brisbane,15 Jan 2016,
ODI,RA Jadeja,10.0,6,0,50,1,5.0,1,,v England,Pune,15 Jan 2017,
ODI,YS Chahal,10.0,6,0,50,1,5.0,2,,v Bangladesh,Birmingham,2 Jul 2019,
ODI,HH Pandya,10.0,6,0,50,1,5.0,1,,v Sri Lanka,Leeds,6 Jul 2019,
ODI,Kuldeep Yadav,10.0,6,0,50,1,5.0,1,,v Australia,Sydney,25 Oct 2025,
ODI,RA Jadeja,9.0,6,0,50,1,5.55,1,,v South Africa,Visakhapatnam,6 Dec 2025,
ODI,SV Nayak,10.0,6,1,51,1,5.1,1,,v England,Cuttack,27 Jan 1982,
ODI,S Madan Lal,7.0,6,0,51,1,7.28,2,,v Sri Lanka,Wankhede,17 Jan 1987,
ODI,Maninder Singh,10.0,6,0,51,1,5.1,1,,v New Zealand,Nagpur,31 Oct 1987,
ODI,SK Sharma,8.0,6,0,51,1,6.37,1,,v Pakistan,Sharjah,19 Oct 1988,
ODI,Arshad Ayub,9.0,6,0,51,1,5.66,1,,v Pakistan,Sharjah,20 Oct 1989,
ODI,M Prabhakar,10.0,6,1,51,1,5.1,2,,v Sri Lanka,Sharjah,25 Apr 1990,
ODI,M Prabhakar,10.0,6,1,51,1,5.1,1,,v Sri Lanka,Sharjah,9 Apr 1995,
ODI,A Kumble,10.0,6,0,51,1,5.1,1,,v Sri Lanka,Eden Gardens,13 Mar 1996,
ODI,SLV Raju,5.0,6,0,51,1,10.2,2,,v Pakistan,Singapore,5 Apr 1996,
ODI,J Srinath,10.0,6,1,51,1,5.1,1,,v South Africa,Sharjah,19 Apr 1996,
ODI,A Kumble,10.0,6,0,51,1,5.1,2,,v Australia,Kochi,1 Apr 1998,
ODI,BKV Prasad,10.0,6,0,51,1,5.1,1,,v Pakistan,Toronto,16 Sep 1998,
ODI,J Srinath,10.0,6,0,51,1,5.1,1,,v Pakistan,Toronto,19 Sep 1998,
ODI,A Kumble,10.0,6,0,51,1,5.1,1,,v Zimbabwe,Bulawayo,26 Sep 1998,
ODI,A Kumble,10.0,6,1,51,1,5.1,2,,v West Indies,Singapore,8 Sep 1999,
ODI,J Srinath,10.0,6,2,51,1,5.1,1,,v New Zealand,Rajkot,5 Nov 1999,
ODI,BKV Prasad,10.0,6,0,51,1,5.1,1,,v Pakistan,W.A.C.A,28 Jan 2000,
ODI,BKV Prasad,7.2,6,0,51,1,6.95,2,,v South Africa,Johannesburg,5 Oct 2001,
ODI,V Sehwag,8.0,6,0,51,1,6.37,2,,v West Indies,Nagpur,9 Nov 2002,
ODI,AM Salvi,10.0,6,0,51,1,5.1,1,,v Bangladesh,Dhaka,16 Apr 2003,
ODI,L Balaji,7.0,6,0,51,1,7.28,2,,v Pakistan,Ahmedabad,12 Apr 2005,
ODI,I Sharma,7.0,6,0,51,1,7.28,2,,v Sri Lanka,Colombo (RPS),14 Sep 2009,
ODI,YK Pathan,10.0,6,0,51,1,5.1,2,,v South Africa,Jaipur,21 Feb 2010,
ODI,RA Jadeja,10.0,6,0,51,1,5.1,2,,v Zimbabwe,Bulawayo,28 May 2010,
ODI,RP Singh,7.0,6,0,51,1,7.28,2,,v England,Cardiff,16 Sep 2011,
ODI,RA Jadeja,10.0,6,0,51,1,5.1,1,,v Australia,Sydney,26 Feb 2012,
ODI,VR Aaron,6.1,6,0,51,1,8.27,2,,v New Zealand,Hamilton,28 Jan 2014,
ODI,AR Patel,9.0,6,0,51,1,5.66,1,,v South Africa,Rajkot,18 Oct 2015,
ODI,Kuldeep Yadav,10.0,6,0,51,1,5.1,1,,v South Africa,Centurion,16 Feb 2018,
ODI,YS Chahal,10.0,6,0,51,1,5.1,1,,v England,Nottingham,12 Jul 2018,
ODI,SN Thakur,10.0,6,0,51,1,5.1,2,,v England,Leeds,17 Jul 2018,
ODI,B Kumar,9.0,6,0,51,1,5.66,2,,v Bangladesh,Birmingham,2 Jul 2019,
ODI,RA Jadeja,10.0,6,0,51,1,5.1,1,,v Australia,Mohali,22 Sep 2023,
ODI,RMH Binny,12.0,6,0,52,1,4.33,1,,v Australia,Nottingham,13 Jun 1983,
ODI,SK Sharma,10.0,6,0,52,1,5.2,1,,v Pakistan,Sharjah,27 Apr 1990,
ODI,RJ Shastri,11.0,6,0,52,1,4.72,1,,v England,Nottingham,20 Jul 1990,
ODI,A Kumble,10.0,6,0,52,1,5.2,2,,v England,Manchester,26 May 1996,
ODI,J Srinath,9.0,6,0,52,1,5.77,1,,v Pakistan,Toronto,21 Sep 1996,
ODI,A Kumble,10.0,6,0,52,1,5.2,1,,v West Indies,Sharjah,16 Dec 1997,
ODI,HH Kanitkar,10.0,6,0,52,1,5.2,1,,v Australia,Sharjah,19 Apr 1998,
ODI,J Srinath,10.0,6,2,52,1,5.2,1,,v Pakistan,Toronto,16 Sep 1998,
ODI,A Kumble,10.0,6,0,52,1,5.2,2,,v West Indies,Dhaka,31 Oct 1998,
ODI,SB Joshi,10.0,6,0,52,1,5.2,1,,v South Africa,Kochi,9 Mar 2000,
ODI,Z Khan,8.1,6,0,52,1,6.36,2,,v Sri Lanka,Bristol,11 Jul 2002,
ODI,L Balaji,9.0,6,0,52,1,5.77,1,,v Australia,Melbourne,9 Jan 2004,
ODI,L Balaji,10.0,6,1,52,1,5.2,2,,v Zimbabwe,Adelaide,24 Jan 2004,
ODI,M Kartik,9.0,6,1,52,1,5.77,1,,v Zimbabwe,Harare,4 Sep 2005,
ODI,M Kartik,10.0,6,0,52,1,5.2,2,,v Sri Lanka,Ahmedabad,6 Nov 2005,
ODI,SR Tendulkar,10.0,6,0,52,1,5.2,1,,v Pakistan,Lahore,13 Feb 2006,
ODI,IK Pathan,9.0,6,1,52,1,5.77,1,,v West Indies,Kingston,18 May 2006,
ODI,IK Pathan,10.0,6,1,52,1,5.2,1,,v Pakistan,Gwalior,15 Nov 2007,
ODI,PP Chawla,7.0,6,0,52,1,7.42,1,,v Pakistan,Karachi,26 Jun 2008,
ODI,YK Pathan,9.0,6,0,52,1,5.77,1,,v Pakistan,Karachi,26 Jun 2008,
ODI,PP Ojha,10.0,6,0,52,1,5.2,1,,v Sri Lanka,Dambulla,28 Jan 2009,
ODI,R Ashwin,10.0,6,0,52,1,5.2,1,,v New Zealand,Jaipur,1 Dec 2010,
ODI,RA Jadeja,5.0,6,0,52,1,10.4,2,,v England,Cardiff,16 Sep 2011,
ODI,Mohammed Shami,10.0,6,0,52,1,5.2,2,,v Zimbabwe,Harare,26 Jul 2013,
ODI,VR Aaron,7.0,6,0,52,1,7.42,1,,v New Zealand,Auckland,25 Jan 2014,
ODI,R Ashwin,9.0,6,0,52,1,5.77,2,,v Sri Lanka,Cuttack,2 Nov 2014,
ODI,UT Yadav,8.0,6,0,52,1,6.5,2,,v South Africa,Indore,14 Oct 2015,
ODI,HH Pandya,10.0,6,0,52,1,5.2,1,,v South Africa,The Oval,11 Jun 2017,
ODI,Mohammed Shami,10.0,6,0,52,1,5.2,1,,v Australia,Ranchi,8 Mar 2019,
ODI,Umran Malik,7.0,6,0,52,1,7.42,2,,v New Zealand,Indore,24 Jan 2023,
ODI,AR Patel,10.0,6,0,52,1,5.2,2,,v Australia,Adelaide,23 Oct 2025,
ODI,M Prasidh Krishna,7.0,6,0,52,1,7.42,1,,v Australia,Sydney,25 Oct 2025,
ODI,Kuldeep Yadav,9.0,6,0,52,1,5.77,1,,v New Zealand,Vadodara,11 Jan 2026,
ODI,Harshit Rana,9.3,6,1,52,1,5.47,2,,v New Zealand,Rajkot,14 Jan 2026,
ODI,N Kapil Dev,12.0,6,2,53,1,4.41,1,,v Sri Lanka,Manchester,16 Jun 1979,
ODI,RJ Shastri,8.0,6,1,53,1,6.62,2,,v West Indies,Indore,1 Dec 1983,
ODI,AK Patel,10.0,6,0,53,1,5.3,2,,v England,Cuttack,27 Dec 1984,
ODI,RJ Shastri,9.0,6,0,53,1,5.88,1,,v New Zealand,Brisbane,11 Jan 1986,
ODI,M Azharuddin,7.0,6,0,53,1,7.57,1,,v Australia,Jaipur,7 Sep 1986,
ODI,RJ Shastri,10.0,6,1,53,1,5.3,2,,v Pakistan,Sharjah,18 Oct 1991,
ODI,M Prabhakar,10.0,6,2,53,1,5.3,1,,v Australia,Melbourne,18 Jan 1992,
ODI,J Srinath,7.5,6,0,53,1,6.76,2,,v Sri Lanka,Jalandhar,20 Feb 1994,
ODI,BKV Prasad,10.0,6,1,53,1,5.3,2,,v Sri Lanka,Delhi,2 Mar 1996,
ODI,A Kumble,10.0,6,0,53,1,5.3,1,,v England,Sharjah,11 Dec 1997,
ODI,Z Khan,10.0,6,1,53,1,5.3,1,,v Sri Lanka,Sharjah,29 Oct 2000,
ODI,SR Tendulkar,10.0,6,0,53,1,5.3,2,,v Zimbabwe,Ahmedabad,5 Dec 2000,
ODI,Z Khan,10.0,6,0,53,1,5.3,1,,v New Zealand,Auckland,11 Jan 2003,
ODI,A Nehra,10.0,6,0,53,1,5.3,2,,v Australia,Brisbane,18 Jan 2004,
ODI,IK Pathan,10.0,6,0,53,1,5.3,2,,v England,Nottingham,1 Sep 2004,
ODI,Jai P Yadav,9.0,6,0,53,1,5.88,1,,v Sri Lanka,Jaipur,31 Oct 2005,
ODI,M Kartik,7.0,6,0,53,1,7.57,1,,v Sri Lanka,Vadodara,12 Nov 2005,
ODI,Z Khan,9.2,6,0,53,1,5.67,1,,v Pakistan,Rawalpindi,11 Feb 2006,
ODI,IK Pathan,9.5,6,0,53,1,5.38,2,,v Pakistan,Mohali,8 Nov 2007,
ODI,RP Singh,10.0,6,1,53,1,5.3,1,,v Pakistan,Gwalior,15 Nov 2007,
ODI,PP Chawla,8.0,6,0,53,1,6.62,2,,v Pakistan,Karachi,2 Jul 2008,
ODI,I Sharma,7.3,6,0,53,1,7.06,1,,v Australia,Centurion,28 Sep 2009,
ODI,Harbhajan Singh,10.0,6,0,53,1,5.3,1,,v Sri Lanka,Eden Gardens,24 Dec 2009,
ODI,S Sreesanth,8.0,6,0,53,1,6.62,1,,v Bangladesh,Mirpur,11 Jan 2010,
ODI,RA Jadeja,10.0,6,0,53,1,5.3,1,,v South Africa,Ahmedabad,27 Feb 2010,
ODI,Z Khan,9.0,6,1,53,1,5.88,2,,v Sri Lanka,Pallekele,4 Aug 2012,
ODI,MM Sharma,4.4,6,0,53,1,11.35,1,,v Bangladesh,Mirpur,18 Jun 2015,
ODI,HH Pandya,10.0,6,0,53,1,5.3,1,,v Pakistan,The Oval,18 Jun 2017,
ODI,R Ashwin,10.0,6,0,53,1,5.3,1,,v South Africa,Paarl,19 Jan 2022,
ODI,M Prasidh Krishna,8.0,6,0,53,1,6.62,1,,v England,Lord's,14 Jul 2022,
ODI,Kuldeep Yadav,10.0,6,1,53,1,5.3,2,,v Bangladesh,Chattogram,10 Dec 2022,
ODI,RA Jadeja,10.0,6,1,53,1,5.3,1,,v Bangladesh,Colombo (RPS),15 Sep 2023,
ODI,Kuldeep Yadav,9.4,6,0,53,1,5.48,1,,v England,Nagpur,6 Feb 2025,
ODI,HH Pandya,7.0,6,0,53,1,7.57,1,,v England,Cuttack,9 Feb 2025,
ODI,RMH Binny,10.0,6,0,54,1,5.4,1,,v Sri Lanka,Bengaluru,26 Sep 1982,
ODI,RS Ghai,8.3,6,0,54,1,6.35,2,,v West Indies,Sharjah,22 Nov 1985,
ODI,RS Ghai,10.0,6,1,54,1,5.4,1,,v Australia,Adelaide,26 Jan 1986,
ODI,C Sharma,10.0,6,0,54,1,5.4,1,,v New Zealand,Vadodara,17 Dec 1988,
ODI,ND Hirwani,9.0,6,0,54,1,6.0,2,,v West Indies,Adelaide,14 Dec 1991,
ODI,M Prabhakar,10.0,6,1,54,1,5.4,1,,v South Africa,Durban,17 Dec 1992,
ODI,A Kumble,10.0,6,0,54,1,5.4,2,,v England,Jaipur,18 Jan 1993,
ODI,A Kumble,10.0,6,0,54,1,5.4,1,,v West Indies,Faridabad,17 Oct 1994,
ODI,SB Joshi,9.0,6,0,54,1,6.0,2,,v England,Sharjah,11 Apr 1999,
ODI,BKV Prasad,8.0,6,0,54,1,6.75,2,,v South Africa,Nairobi (Gym),13 Oct 2000,
ODI,AB Agarkar,8.0,6,0,54,1,6.75,2,,v Australia,Bengaluru,25 Mar 2001,
ODI,A Kumble,10.0,6,0,54,1,5.4,1,,v England,Lord's,13 Jul 2002,
ODI,Z Khan,9.0,6,0,54,1,6.0,2,,v Pakistan,Lahore,24 Mar 2004,
ODI,RP Singh,9.0,6,1,54,1,6.0,2,,v Sri Lanka,Ahmedabad,6 Nov 2005,
ODI,SR Tendulkar,10.0,6,0,54,1,5.4,2,,v West Indies,Nagpur,21 Jan 2007,
ODI,Harbhajan Singh,10.0,6,0,54,1,5.4,1,,v Sri Lanka,Adelaide,19 Feb 2008,
ODI,RP Singh,8.0,6,0,54,1,6.75,1,,v Sri Lanka,Colombo (RPS),29 Aug 2008,
ODI,Yuvraj Singh,10.0,6,0,54,1,5.4,1,,v England,Kanpur,20 Nov 2008,
ODI,I Sharma,10.0,6,0,54,1,5.4,1,,v England,Cuttack,26 Nov 2008,
ODI,Yuvraj Singh,10.0,6,0,54,1,5.4,1,,v Australia,Mohali,2 Nov 2009,
ODI,S Sreesanth,8.0,6,0,54,1,6.75,1,,v Bangladesh,Mirpur,7 Jan 2010,
ODI,MM Patel,9.5,6,0,54,1,5.49,2,,v England,Lord's,11 Sep 2011,
ODI,UT Yadav,9.0,6,0,54,1,6.0,1,,v West Indies,The Oval,11 Jun 2013,
ODI,R Ashwin,9.0,6,0,54,1,6.0,2,,v Australia,Melbourne,18 Jan 2015,
ODI,B Kumar,10.0,6,0,54,1,5.4,2,,v Sri Lanka,The Oval,8 Jun 2017,
ODI,YS Chahal,10.0,6,0,54,1,5.4,1,,v Australia,Indore,24 Sep 2017,
ODI,AR Patel,10.0,6,1,54,1,5.4,1,,v New Zealand,Pune,25 Oct 2017,
ODI,RA Jadeja,10.0,6,0,54,1,5.4,1,,v West Indies,Cuttack,22 Dec 2019,
ODI,Shahbaz Ahmed,10.0,6,0,54,1,5.4,1,,v South Africa,Ranchi,9 Oct 2022,
ODI,CV Varun,10.0,6,0,54,1,5.4,1,,v England,Cuttack,9 Feb 2025,
ODI,G Sharma,6.0,6,0,55,1,9.16,2,,v Pakistan,Jamshedpur,26 Mar 1987,
ODI,Arshad Ayub,10.0,6,1,55,1,5.5,2,,v West Indies,Rajkot,5 Jan 1988,
ODI,Arshad Ayub,9.0,6,0,55,1,6.11,1,,v Sri Lanka,Dhaka,29 Oct 1988,
ODI,M Prabhakar,9.0,6,0,55,1,6.11,2,,v West Indies,Wellington,10 Mar 1992,
ODI,PS Vaidya,9.0,6,0,55,1,6.11,1,,v Pakistan,Sharjah,12 Apr 1996,
ODI,J Srinath,10.0,6,0,55,1,5.5,1,,v Australia,Adelaide,26 Jan 2000,
ODI,AB Agarkar,10.0,6,0,55,1,5.5,1,,v Zimbabwe,Bulawayo,27 Jun 2001,
ODI,V Sehwag,9.5,6,0,55,1,5.59,2,,v West Indies,Vadodara,18 Nov 2002,
ODI,J Srinath,9.0,6,0,55,1,6.11,1,,v West Indies,Vijayawada,24 Nov 2002,
ODI,Z Khan,10.0,6,1,55,1,5.5,1,,v Australia,Kochi,2 Oct 2007,
ODI,PP Ojha,10.0,6,0,55,1,5.5,1,,v Sri Lanka,Karachi,3 Jul 2008,
ODI,IK Pathan,9.0,6,0,55,1,6.11,1,,v Sri Lanka,Colombo (RPS),8 Feb 2009,
ODI,A Mishra,10.0,6,1,55,1,5.5,2,,v South Africa,Chennai,22 Oct 2015,
ODI,AR Patel,10.0,6,0,55,1,5.5,2,,v Sri Lanka,Colombo (RPS),31 Aug 2017,
ODI,HH Pandya,10.0,6,0,55,1,5.5,1,,v New Zealand,Manchester,9 Jul 2019,
ODI,SN Thakur,8.0,6,0,55,1,6.87,2,,v West Indies,Visakhapatnam,18 Dec 2019,
ODI,SN Thakur,9.0,6,0,55,1,6.11,2,,v Zimbabwe,Harare,22 Aug 2022,
ODI,M Prabhakar,10.0,6,0,56,1,5.6,2,,v Australia,Delhi,22 Oct 1987,
ODI,BKV Prasad,10.0,6,0,56,1,5.6,2,,v Sri Lanka,Colombo (RPS),7 Jul 1998,
ODI,BKV Prasad,10.0,6,1,56,1,5.6,1,,v Pakistan,Toronto,13 Sep 1998,
ODI,J Srinath,7.0,6,0,56,1,8.0,2,,v West Indies,Dhaka,31 Oct 1998,
ODI,SB Joshi,10.0,6,0,56,1,5.6,2,,v South Africa,Faridabad,15 Mar 2000,
ODI,A Nehra,10.0,6,0,56,1,5.6,1,,v West Indies,Rajkot,12 Nov 2002,
ODI,Harbhajan Singh,10.0,6,0,56,1,5.6,1,,v New Zealand,Napier,29 Dec 2002,
ODI,A Kumble,10.0,6,0,56,1,5.6,1,,v Australia,Melbourne,9 Jan 2004,
ODI,RS Gavaskar,9.0,6,0,56,1,6.22,2,,v Australia,Brisbane,18 Jan 2004,
ODI,L Balaji,10.0,6,1,56,1,5.6,2,,v Pakistan,Karachi,13 Mar 2004,
ODI,Z Khan,9.0,6,0,56,1,6.22,2,,v Pakistan,Peshawar,19 Mar 2004,
ODI,RP Singh,10.0,6,0,56,1,5.6,2,,v England,Bristol,24 Aug 2007,
ODI,Harbhajan Singh,8.0,6,0,56,1,7.0,1,,v Australia,Nagpur,14 Oct 2007,
ODI,Z Khan,10.0,6,0,56,1,5.6,2,,v Sri Lanka,Colombo (RPS),31 Jan 2009,
ODI,Harbhajan Singh,10.0,6,0,56,1,5.6,2,,v West Indies,Kingston,26 Jun 2009,
ODI,YK Pathan,10.0,6,0,56,1,5.6,1,,v Pakistan,Centurion,26 Sep 2009,
ODI,Harbhajan Singh,9.0,6,0,56,1,6.22,1,,v Bangladesh,Mirpur,7 Jan 2010,
ODI,Harbhajan Singh,10.0,6,0,56,1,5.6,1,,v South Africa,Durban,12 Jan 2011,
ODI,R Ashwin,10.0,6,0,56,1,5.6,1,,v England,Delhi,17 Oct 2011,
ODI,P Kumar,10.0,6,0,56,1,5.6,1,,v England,Mohali,20 Oct 2011,
ODI,R Vinay Kumar,10.0,6,1,56,1,5.6,1,,v Sri Lanka,W.A.C.A,8 Feb 2012,
ODI,R Ashwin,10.0,6,0,56,1,5.6,2,,v Bangladesh,Mirpur,16 Mar 2012,
ODI,R Ashwin,10.0,6,0,56,1,5.6,1,,v Pakistan,Mirpur,18 Mar 2012,
ODI,I Sharma,7.0,6,0,56,1,8.0,1,,v Australia,Pune,13 Oct 2013,
ODI,RA Jadeja,10.0,6,0,56,1,5.6,1,,v Australia,Ranchi,23 Oct 2013,
ODI,RA Jadeja,10.0,6,0,56,1,5.6,2,,v Pakistan,Adelaide,15 Feb 2015,
ODI,B Kumar,10.0,6,0,56,1,5.6,2,,v New Zealand,Wankhede,22 Oct 2017,
ODI,JJ Bumrah,9.0,6,0,56,1,6.22,2,,v New Zealand,Wankhede,22 Oct 2017,
ODI,JJ Bumrah,10.0,6,0,56,1,5.6,1,,v South Africa,Durban,1 Feb 2018,
ODI,YS Chahal,10.0,6,1,56,1,5.6,1,,v West Indies,Pune,27 Oct 2018,
ODI,Kuldeep Yadav,10.0,6,0,56,1,5.6,2,,v New Zealand,Wankhede,15 Nov 2023,
ODI,Mukesh Kumar,9.0,6,0,56,1,6.22,2,,v South Africa,Paarl,21 Dec 2023,
ODI,N Kapil Dev,10.0,6,0,57,1,5.7,1,,v Pakistan,Nagpur,24 Mar 1987,
ODI,AK Sharma,10.0,6,0,57,1,5.7,2,,v Australia,Hamilton,8 Mar 1990,
ODI,SB Joshi,9.5,6,1,57,1,5.79,2,,v Pakistan,Toronto,17 Sep 1996,
ODI,NM Kulkarni,8.0,6,0,57,1,7.12,2,,v Pakistan,Lahore,2 Oct 1997,
ODI,AB Agarkar,8.3,6,0,57,1,6.7,2,,v Zimbabwe,Vadodara,5 Apr 1998,
ODI,A Kumble,10.0,6,0,57,1,5.7,1,,v Australia,Sharjah,19 Apr 1998,
ODI,A Kumble,9.3,6,0,57,1,6.0,2,,v Sri Lanka,Colombo (RPS),7 Jul 1998,
ODI,Harbhajan Singh,10.0,6,0,57,1,5.7,2,,v Sri Lanka,Colombo (RPS),7 Jul 1998,
ODI,AB Agarkar,9.5,6,0,57,1,5.79,1,,v Zimbabwe,Sharjah,8 Nov 1998,
ODI,AB Agarkar,9.0,6,0,57,1,6.33,2,,v South Africa,Hove,15 May 1999,
ODI,A Kumble,10.0,6,0,57,1,5.7,1,,v Australia,Melbourne,12 Jan 2000,
ODI,N Chopra,10.0,6,0,57,1,5.7,1,,v South Africa,Nagpur,19 Mar 2000,
ODI,Harbhajan Singh,10.0,6,0,57,1,5.7,1,,v Pakistan,Jamshedpur,9 Apr 2005,
ODI,Harbhajan Singh,10.0,6,0,57,1,5.7,2,,v Pakistan,Abu Dhabi,19 Apr 2006,
ODI,S Sreesanth,9.5,6,0,57,1,5.79,2,,v West Indies,Basseterre,23 May 2006,
ODI,I Sharma,10.0,6,0,57,1,5.7,1,,v Pakistan,Mirpur,14 Jun 2008,
ODI,Harbhajan Singh,10.0,6,0,57,1,5.7,1,,v Australia,Vadodara,25 Oct 2009,
ODI,R Vinay Kumar,9.0,6,1,57,1,6.33,1,,v Zimbabwe,Harare,24 Jul 2013,
ODI,UT Yadav,9.0,6,0,57,1,6.33,1,,v South Africa,Centurion,11 Dec 2013,
ODI,Mohammed Shami,9.0,6,1,57,1,6.33,2,,v West Indies,Chennai,15 Dec 2019,
ODI,Kuldeep Yadav,10.0,6,0,57,1,5.7,2,,v Australia,Canberra,2 Dec 2020,
ODI,S Venkataraghavan,11.0,6,0,58,1,5.27,2,,v England,Leeds,13 Jul 1974,
ODI,M Amarnath,12.0,6,0,58,1,4.83,1,,v West Indies,The Oval,15 Jun 1983,
ODI,RP Singh,9.4,6,0,58,1,6.0,2,,v Australia,Rajkot,7 Oct 1986,
ODI,A Kumble,9.0,6,1,58,1,6.44,1,,v Pakistan,Chennai,21 May 1997,
ODI,SB Joshi,10.0,6,0,58,1,5.8,2,,v Zimbabwe,Jodhpur,8 Dec 2000,
ODI,Harbhajan Singh,10.0,6,0,58,1,5.8,1,,v Australia,Visakhapatnam,3 Apr 2001,
ODI,Z Khan,8.0,6,0,58,1,7.25,1,,v Sri Lanka,Colombo (RPS),5 Aug 2001,
ODI,A Nehra,10.0,6,0,58,1,5.8,2,,v Pakistan,Karachi,13 Mar 2004,
ODI,Harbhajan Singh,10.0,6,0,58,1,5.8,2,,v Sri Lanka,Nagpur,18 Dec 2009,
ODI,PP Ojha,10.0,6,0,58,1,5.8,1,,v New Zealand,Dambulla,10 Aug 2010,
ODI,Harbhajan Singh,10.0,6,0,58,1,5.8,2,,v England,Bengaluru,27 Feb 2011,
ODI,UT Yadav,8.0,6,0,58,1,7.25,1,,v Sri Lanka,Brisbane,21 Feb 2012,
ODI,RA Jadeja,10.0,6,0,58,1,5.8,1,,v West Indies,Kochi,8 Oct 2014,
ODI,DS Kulkarni,9.2,6,0,58,1,6.21,1,,v Sri Lanka,Hyderabad,9 Nov 2014,
ODI,HH Pandya,10.0,6,0,58,1,5.8,1,,v Australia,Indore,24 Sep 2017,
ODI,Kuldeep Yadav,10.0,6,0,58,1,5.8,1,,v Sri Lanka,Leeds,6 Jul 2019,
ODI,YS Chahal,10.0,6,0,58,1,5.8,2,,v Sri Lanka,Guwahati,10 Jan 2023,
ODI,M Amarnath,7.0,8,0,59,1,6.32,1,,v New Zealand,Auckland,22 Feb 1976,
ODI,DR Doshi,10.0,6,0,59,1,5.9,1,,v Australia,Sydney,15 Jan 1981,
ODI,J Srinath,9.3,6,0,59,1,6.21,2,,v Pakistan,Sharjah,15 Apr 1994,
ODI,IK Pathan,10.0,6,0,59,1,5.9,1,,v Pakistan,Jaipur,18 Nov 2007,
ODI,RP Singh,9.0,6,1,59,1,6.55,1,,v Pakistan,Centurion,26 Sep 2009,
ODI,R Ashwin,10.0,6,0,59,1,5.9,2,,v West Indies,Indore,8 Dec 2011,
ODI,IK Pathan,10.0,6,0,59,1,5.9,1,,v Sri Lanka,Colombo (RPS),28 Jul 2012,
ODI,AR Patel,10.0,6,0,59,1,5.9,1,,v Bangladesh,Mirpur,15 Jun 2014,
ODI,DS Kulkarni,7.0,6,0,59,1,8.42,1,,v New Zealand,Ranchi,26 Oct 2016,
ODI,Mohammed Shami,10.0,6,0,59,1,5.9,2,,v West Indies,Visakhapatnam,24 Oct 2018,
ODI,KH Pandya,10.0,6,0,59,1,5.9,2,,v England,Pune,23 Mar 2021,
ODI,SN Thakur,9.0,6,0,59,1,6.55,1,,v Bangladesh,Pune,19 Oct 2023,
ODI,M Amarnath,12.0,6,2,60,1,5.0,1,,v England,Lord's,7 Jun 1975,
ODI,S Madan Lal,9.0,6,0,60,1,6.66,1,,v Australia,Hyderabad (Deccan),24 Sep 1986,
ODI,N Kapil Dev,10.0,6,0,60,1,6.0,1,,v Pakistan,Eden Gardens,28 Oct 1989,
ODI,J Srinath,9.0,6,0,60,1,6.66,1,,v Pakistan,Sharjah,7 Apr 1995,
ODI,BKV Prasad,10.0,6,0,60,1,6.0,1,,v Australia,The Oval,4 Jun 1999,
ODI,J Srinath,9.0,6,0,60,1,6.66,1,,v South Africa,Vadodara,17 Mar 2000,
ODI,A Kumble,9.0,6,0,60,1,6.66,1,,v Australia,Bengaluru,12 Nov 2003,
ODI,SR Tendulkar,8.0,6,0,60,1,7.5,1,,v Australia,Sydney,8 Feb 2004,
ODI,L Balaji,9.0,6,1,60,1,6.66,1,,v Sri Lanka,Dambulla,18 Jul 2004,
ODI,AB Agarkar,6.0,6,0,60,1,10.0,1,,v England,The Oval,3 Sep 2004,
ODI,AB Agarkar,10.0,6,1,60,1,6.0,1,,v Pakistan,Karachi,19 Feb 2006,
ODI,IK Pathan,8.0,6,1,60,1,7.5,1,,v South Africa,Cape Town,26 Nov 2006,
ODI,IK Pathan,9.0,6,0,60,1,6.66,1,,v Australia,Nagpur,14 Oct 2007,
ODI,P Kumar,8.1,6,0,60,1,7.34,2,,v New Zealand,Christchurch,8 Mar 2009,
ODI,A Nehra,10.0,6,0,60,1,6.0,1,,v Sri Lanka,Dambulla,28 Aug 2010,
ODI,I Sharma,10.0,6,0,60,1,6.0,1,,v West Indies,North Sound,13 Jun 2011,
ODI,RA Jadeja,9.0,6,0,60,1,6.66,2,,v England,Lord's,11 Sep 2011,
ODI,DS Kulkarni,9.0,6,0,60,1,6.66,2,,v Zimbabwe,Harare,10 Jul 2015,
ODI,I Sharma,10.0,6,0,60,1,6.0,2,,v Australia,Brisbane,15 Jan 2016,
ODI,UT Yadav,10.0,6,1,60,1,6.0,1,,v New Zealand,Ranchi,26 Oct 2016,
ODI,Washington Sundar,9.0,6,0,60,1,6.66,1,,v South Africa,Ranchi,9 Oct 2022,
ODI,M Prabhakar,10.0,6,0,61,1,6.1,1,,v Australia,Dunedin,22 Feb 1995,
ODI,J Srinath,9.0,6,0,61,1,6.77,2,,v Pakistan,Bengaluru,9 Mar 1996,
ODI,J Srinath,10.0,6,0,61,1,6.1,1,,v Pakistan,Dhaka,18 Jan 1998,
ODI,AB Agarkar,10.0,6,0,61,1,6.1,2,,v Australia,Dhaka,28 Oct 1998,
ODI,BKV Prasad,9.0,6,0,61,1,6.77,2,,v Zimbabwe,Rajkot,14 Dec 2000,
ODI,J Srinath,10.0,6,0,61,1,6.1,1,,v Australia,Visakhapatnam,3 Apr 2001,
ODI,IK Pathan,10.0,6,0,61,1,6.1,2,,v Pakistan,Kanpur,11 Nov 2007,
ODI,UT Yadav,10.0,6,1,61,1,6.1,1,,v Sri Lanka,Bulawayo,30 May 2010,
ODI,A Nehra,6.0,6,0,61,1,10.16,1,,v South Africa,Durban,12 Jan 2011,
ODI,Z Khan,9.0,6,0,61,1,6.77,1,,v Sri Lanka,Hobart,28 Feb 2012,
ODI,B Kumar,9.0,6,0,61,1,6.77,1,,v Pakistan,Eden Gardens,3 Jan 2013,
ODI,RA Jadeja,9.0,6,0,61,1,6.77,1,,v New Zealand,Napier,19 Jan 2014,
ODI,Mohammed Shami,8.0,6,0,61,1,7.62,2,,v New Zealand,Hamilton,28 Jan 2014,
ODI,Mohammed Shami,10.0,6,3,61,1,6.1,1,,v New Zealand,Wellington,31 Jan 2014,
ODI,S Madan Lal,11.5,6,1,62,1,5.23,2,,v New Zealand,Manchester,14 Jun 1975,
ODI,Maninder Singh,9.0,6,0,62,1,6.88,1,,v West Indies,Port of Spain,9 Mar 1983,
ODI,N Kapil Dev,8.0,6,0,62,1,7.75,2,,v Australia,Indore,6 Oct 1984,
ODI,M Prabhakar,9.0,6,0,62,1,6.88,1,,v Pakistan,Sharjah,23 Oct 1991,
ODI,Maninder Singh,10.0,6,0,62,1,6.2,1,,v England,Gwalior,5 Mar 1993,
ODI,J Srinath,10.0,6,0,62,1,6.2,2,,v Australia,Mohali,3 Nov 1996,
ODI,BKV Prasad,10.0,6,0,62,1,6.2,1,,v Pakistan,Toronto,19 Sep 1998,
ODI,N Chopra,10.0,6,0,62,1,6.2,1,,v Australia,Colombo (SSC),28 Aug 1999,
ODI,SC Ganguly,10.0,6,0,62,1,6.2,2,,v Zimbabwe,Guwahati,19 Mar 2002,
ODI,Z Khan,10.0,6,0,62,1,6.2,2,,v Pakistan,Ahmedabad,12 Apr 2005,
ODI,S Sreesanth,10.0,6,0,62,1,6.2,1,,v West Indies,Port of Spain,28 May 2006,
ODI,M Kartik,10.0,6,0,62,1,6.2,1,,v Pakistan,Jaipur,18 Nov 2007,
ODI,A Nehra,9.0,6,0,62,1,6.88,1,,v Sri Lanka,Colombo (RPS),12 Sep 2009,
ODI,Harbhajan Singh,10.0,6,0,62,1,6.2,2,,v Australia,Nagpur,28 Oct 2009,
ODI,Kuldeep Yadav,10.0,6,0,62,1,6.2,1,,v Australia,Bengaluru,19 Jan 2020,
ODI,RA Jadeja,10.0,6,0,62,1,6.2,2,,v Australia,Canberra,2 Dec 2020,
ODI,Harshit Rana,9.0,6,0,62,1,6.88,1,,v England,Cuttack,9 Feb 2025,
ODI,BKV Prasad,10.0,6,1,63,1,6.3,1,,v England,The Oval,23 May 1996,
ODI,Harbhajan Singh,8.0,6,0,63,1,7.87,1,,v Australia,Sharjah,22 Apr 1998,
ODI,AB Agarkar,10.0,6,1,63,1,6.3,1,,v Pakistan,Bengaluru,4 Apr 1999,
ODI,AB Agarkar,9.0,6,0,63,1,7.0,1,,v Australia,Visakhapatnam,3 Apr 2001,
ODI,Z Khan,10.0,6,0,63,1,6.3,1,,v West Indies,Harare,7 Jul 2001,
ODI,AB Agarkar,8.0,6,0,63,1,7.87,1,,v England,The Oval,5 Sep 2007,
ODI,IK Pathan,7.0,6,0,63,1,9.0,1,,v Australia,Sydney,2 Mar 2008,
ODI,I Sharma,7.2,6,1,63,1,8.59,2,,v New Zealand,Auckland,14 Mar 2009,
ODI,MM Patel,8.5,6,0,63,1,7.13,2,,v England,The Oval,9 Sep 2011,
ODI,Z Khan,10.0,6,0,63,1,6.3,2,,v Sri Lanka,Hambantota,21 Jul 2012,
ODI,I Sharma,8.0,6,1,63,1,7.87,2,,v Australia,Mohali,19 Oct 2013,
ODI,UT Yadav,7.0,6,0,63,1,9.0,1,,v England,Pune,15 Jan 2017,
ODI,B Kumar,10.0,6,1,63,1,6.3,2,,v England,Cuttack,19 Jan 2017,
ODI,UT Yadav,10.0,6,0,63,1,6.3,1,,v England,Lord's,14 Jul 2018,
ODI,YS Chahal,10.0,6,0,63,1,6.3,2,,v West Indies,Visakhapatnam,24 Oct 2018,
ODI,YS Chahal,10.0,6,0,63,1,6.3,1,,v New Zealand,Manchester,9 Jul 2019,
ODI,Mohammed Shami,9.1,6,0,63,1,6.87,2,,v New Zealand,Hamilton,5 Feb 2020,
ODI,B Kumar,10.0,6,0,63,1,6.3,2,,v England,Pune,26 Mar 2021,
ODI,SN Thakur,9.0,6,1,63,1,7.0,2,,v New Zealand,Auckland,25 Nov 2022,
ODI,S Madan Lal,12.0,6,1,64,1,5.33,1,,v England,Lord's,7 Jun 1975,
ODI,SB Joshi,10.0,6,0,64,1,6.4,1,,v South Africa,Hyderabad (Deccan),17 Oct 1996,
ODI,J Srinath,9.5,6,0,64,1,6.5,2,,v England,Sharjah,11 Apr 1999,
ODI,AB Agarkar,8.0,6,0,64,1,8.0,1,,v South Africa,East London,19 Oct 2001,
ODI,Z Khan,7.0,6,0,64,1,9.14,1,,v Australia,Wankhede,1 Nov 2003,
ODI,M Kartik,9.0,6,0,64,1,7.11,2,,v Pakistan,Peshawar,6 Feb 2006,
ODI,Z Khan,10.0,6,0,64,1,6.4,1,,v Pakistan,Karachi,19 Feb 2006,
ODI,MM Patel,10.0,6,0,64,1,6.4,1,,v West Indies,Port of Spain,28 May 2006,
ODI,S Sreesanth,8.0,6,0,64,1,8.0,1,,v Australia,Nagpur,14 Oct 2007,
ODI,R Vinay Kumar,9.0,6,1,64,1,7.11,1,,v England,Mohali,20 Oct 2011,
ODI,P Kumar,9.0,6,0,64,1,7.11,1,,v Sri Lanka,Hobart,28 Feb 2012,
ODI,RA Jadeja,10.0,6,0,64,1,6.4,1,,v Sri Lanka,Ahmedabad,6 Nov 2014,
ODI,Kuldeep Yadav,10.0,6,0,64,1,6.4,2,,v New Zealand,Wankhede,22 Oct 2017,
ODI,KK Ahmed,10.0,6,0,64,1,6.4,1,,v West Indies,Guwahati,21 Oct 2018,
ODI,Kuldeep Yadav,10.0,6,0,64,1,6.4,2,,v Australia,Mohali,10 Mar 2019,
ODI,JJ Bumrah,10.0,6,1,64,1,6.4,2,,v New Zealand,Wankhede,15 Nov 2023,
ODI,N Chopra,10.0,6,1,65,1,6.5,1,,v Kenya,Gwalior,28 May 1998,
ODI,J Srinath,10.0,6,0,65,1,6.5,1,,v Pakistan,Bengaluru,4 Apr 1999,
ODI,Z Khan,10.0,6,0,65,1,6.5,1,,v Pakistan,Delhi,17 Apr 2005,
ODI,I Sharma,10.0,6,0,65,1,6.5,1,,v Australia,Sydney,24 Feb 2008,
ODI,RP Singh,10.0,6,1,65,1,6.5,1,,v Bangladesh,Karachi,28 Jun 2008,
ODI,Washington Sundar,10.0,6,0,65,1,6.5,2,,v Sri Lanka,Mohali,13 Dec 2017,
ODI,KK Ahmed,10.0,6,0,65,1,6.5,1,,v West Indies,Pune,27 Oct 2018,
ODI,NA Saini,10.0,6,0,65,1,6.5,1,,v Australia,Bengaluru,19 Jan 2020,
ODI,DS Mohanty,9.0,6,1,66,1,7.33,2,,v Pakistan,Toronto,21 Sep 1997,
ODI,A Kumble,9.0,6,0,66,1,7.33,1,,v Pakistan,Sharjah,26 Mar 2000,
ODI,A Nehra,10.0,6,0,66,1,6.6,1,,v England,Lord's,13 Jul 2002,
ODI,YK Pathan,10.0,6,0,66,1,6.6,1,,v South Africa,Ahmedabad,27 Feb 2010,
ODI,Mohammed Shami,8.0,6,1,66,1,8.25,1,,v Australia,Nagpur,30 Oct 2013,
ODI,SN Thakur,10.0,6,0,66,1,6.6,1,,v West Indies,Cuttack,22 Dec 2019,
ODI,Mohammed Shami,10.0,6,2,66,1,6.6,1,,v West Indies,Cuttack,22 Dec 2019,
ODI,Mohammed Shami,7.5,6,0,66,1,8.42,1,,v England,Cuttack,9 Feb 2025,
ODI,Arshad Ayub,10.0,6,0,67,1,6.7,2,,v Pakistan,Sharjah,15 Oct 1989,
ODI,S Sreesanth,8.4,6,0,67,1,7.73,2,,v West Indies,Chennai,27 Jan 2007,
ODI,A Kumble,10.0,6,0,67,1,6.7,2,,v West Indies,Chennai,27 Jan 2007,
ODI,I Sharma,10.0,6,0,67,1,6.7,1,,v Sri Lanka,Colombo (RPS),12 Sep 2009,
ODI,P Kumar,9.0,6,0,67,1,7.44,2,,v Sri Lanka,Rajkot,15 Dec 2009,
ODI,A Nehra,10.0,6,0,67,1,6.7,2,,v South Africa,Jaipur,21 Feb 2010,
ODI,R Ashwin,10.0,6,0,67,1,6.7,1,,v Sri Lanka,Kingston,2 Jul 2013,
ODI,B Kumar,9.0,6,0,67,1,7.44,2,,v Australia,Mohali,10 Mar 2019,
ODI,Mohammed Shami,9.0,6,0,67,1,7.44,2,,v Sri Lanka,Guwahati,10 Jan 2023,
ODI,N Kapil Dev,9.0,6,0,68,1,7.55,2,,v Sri Lanka,Wankhede,17 Jan 1987,
ODI,BKV Prasad,10.0,6,0,68,1,6.8,2,,v Australia,Mohali,3 Nov 1996,
ODI,AB Agarkar,10.0,6,1,68,1,6.8,1,,v New Zealand,Guwahati,14 Nov 1999,
ODI,V Sehwag,9.0,6,0,68,1,7.55,2,,v England,Rajkot,14 Nov 2008,
ODI,R Vinay Kumar,9.0,6,1,68,1,7.55,1,,v Australia,Pune,13 Oct 2013,
ODI,JJ Bumrah,10.0,6,1,68,1,6.8,1,,v England,Eden Gardens,22 Jan 2017,
ODI,YS Chahal,5.3,6,0,68,1,12.36,2,,v South Africa,Johannesburg,10 Feb 2018,
ODI,Mohammed Shami,9.0,6,0,68,1,7.55,2,,v Bangladesh,Birmingham,2 Jul 2019,
ODI,Mohammed Siraj,9.0,6,0,68,1,7.55,1,,v Australia,Rajkot,27 Sep 2023,
ODI,J Srinath,10.0,6,0,69,1,6.9,2,,v South Africa,New Delhi,14 Nov 1991,
ODI,IK Pathan,10.0,6,0,69,1,6.9,1,,v Pakistan,Mirpur,18 Mar 2012,
ODI,YS Chahal,9.0,6,0,69,1,7.66,1,,v West Indies,Port of Spain,24 Jul 2022,
ODI,Ravi Bishnoi,8.0,6,0,69,1,8.62,1,,v South Africa,Lucknow,6 Oct 2022,
ODI,Mohammed Shami,10.0,6,1,69,1,6.9,2,,v New Zealand,Hyderabad,18 Jan 2023,
ODI,Maninder Singh,10.0,6,0,70,1,7.0,2,,v Pakistan,Eden Gardens,18 Feb 1987,
ODI,C Sharma,9.0,6,0,70,1,7.77,1,,v Pakistan,Nagpur,24 Mar 1987,
ODI,SLV Raju,9.0,6,0,70,1,7.77,1,,v South Africa,Sharjah,19 Apr 1996,
ODI,AB Agarkar,9.0,6,0,70,1,7.77,1,,v Zimbabwe,Leicester,19 May 1999,
ODI,A Kumble,9.4,6,0,70,1,7.24,2,,v Zimbabwe,Faridabad,7 Mar 2002,
ODI,Z Khan,10.0,6,0,70,1,7.0,2,,v Pakistan,Mohali,8 Nov 2007,
ODI,Harbhajan Singh,10.0,6,0,70,1,7.0,1,,v South Africa,Wankhede,25 Oct 2015,
ODI,HH Pandya,10.0,6,0,70,1,7.0,1,,v England,Lord's,14 Jul 2018,
ODI,B Kumar,10.0,6,0,70,1,7.0,1,,v West Indies,Pune,27 Oct 2018,
ODI,HH Pandya,7.0,6,0,70,1,10.0,2,,v New Zealand,Hyderabad,18 Jan 2023,
ODI,Harshit Rana,10.0,6,0,70,1,7.0,2,,v South Africa,Raipur,3 Dec 2025,
ODI,Z Khan,10.0,6,0,71,1,7.1,1,,v Australia,Visakhapatnam,3 Apr 2001,
ODI,J Srinath,9.0,6,1,71,1,7.88,1,,v West Indies,Ahmedabad,15 Nov 2002,
ODI,AB Agarkar,9.0,6,0,71,1,7.88,1,,v South Africa,Cape Town,26 Nov 2006,
ODI,Harbhajan Singh,10.0,6,0,71,1,7.1,1,,v Pakistan,Centurion,26 Sep 2009,
ODI,B Kumar,10.0,6,1,71,1,7.1,1,,v South Africa,Durban,1 Feb 2018,
ODI,P Kumar,10.0,6,0,72,1,7.2,1,,v Sri Lanka,Dambulla,28 Aug 2010,
ODI,I Sharma,9.0,6,0,72,1,8.0,1,,v New Zealand,Napier,19 Jan 2014,
ODI,A Mishra,10.0,6,0,72,1,7.2,1,,v West Indies,Kochi,8 Oct 2014,
ODI,Kuldeep Yadav,10.0,6,0,72,1,7.2,1,,v England,Birmingham,30 Jun 2019,
ODI,N Kapil Dev,7.0,6,0,73,1,10.42,1,,v Pakistan,Lahore,31 Dec 1982,
ODI,AB Agarkar,8.0,6,0,73,1,9.12,1,,v Pakistan,Jaipur,24 Mar 1999,
ODI,B Kumar,10.0,6,0,73,1,7.3,1,,v Sri Lanka,Leeds,6 Jul 2019,
ODI,JJ Bumrah,10.0,6,0,73,1,7.3,1,,v Australia,Sydney,27 Nov 2020,
ODI,Mohammed Shami,9.0,6,0,73,1,8.11,1,,v Australia,Sydney,29 Nov 2020,
ODI,T Natarajan,10.0,6,0,73,1,7.3,2,,v England,Pune,28 Mar 2021,
ODI,A Nehra,10.0,6,0,74,1,7.4,2,,v Sri Lanka,Nagpur,18 Dec 2009,
ODI,R Ashwin,10.0,6,0,74,1,7.4,1,,v West Indies,Visakhapatnam,2 Dec 2011,
ODI,VR Aaron,7.5,6,0,74,1,9.44,1,,v Bangladesh,Fatullah,26 Feb 2014,
ODI,UT Yadav,10.0,6,0,74,1,7.4,2,,v Australia,Brisbane,15 Jan 2016,
ODI,R Dhawan,10.0,6,0,74,1,7.4,1,,v Australia,Sydney,23 Jan 2016,
ODI,Kuldeep Yadav,10.0,6,0,74,1,7.4,1,,v Australia,Delhi,13 Mar 2019,
ODI,Mohammed Shami,9.0,6,0,74,1,8.22,1,,v New Zealand,Dubai (DICS),9 Mar 2025,
ODI,S Sreesanth,10.0,6,0,75,1,7.5,2,,v Pakistan,Peshawar,6 Feb 2006,
ODI,AB Agarkar,10.0,6,1,75,1,7.5,2,,v West Indies,Nagpur,21 Jan 2007,
ODI,UT Yadav,9.0,6,1,75,1,8.33,1,,v West Indies,Ahmedabad,5 Dec 2011,
ODI,R Ashwin,10.0,6,0,75,1,7.5,1,,v Zimbabwe,Auckland,14 Mar 2015,
ODI,AB Dinda,10.0,6,0,76,1,7.6,1,,v Sri Lanka,Colombo (RPS),28 Jul 2012,
ODI,RJ Shastri,7.0,6,0,77,1,11.0,1,,v West Indies,Jamshedpur,7 Dec 1983,
ODI,A Kumble,10.0,6,0,78,1,7.8,1,,v New Zealand,Christchurch,19 Jan 1999,
ODI,UT Yadav,10.0,6,0,78,1,7.8,2,,v West Indies,Visakhapatnam,24 Oct 2018,
ODI,Mohammed Siraj,9.0,6,0,78,1,8.66,2,,v New Zealand,Wankhede,15 Nov 2023,
ODI,Mohammed Siraj,9.0,6,0,78,1,8.66,1,,v Sri Lanka,Colombo (RPS),7 Aug 2024,
ODI,Kuldeep Yadav,10.0,6,0,78,1,7.8,2,,v South Africa,Raipur,3 Dec 2025,
ODI,S Sreesanth,10.0,6,0,79,1,7.9,2,,v West Indies,Nagpur,21 Jan 2007,
ODI,A Nehra,10.0,6,0,79,1,7.9,1,,v Australia,Hyderabad,5 Nov 2009,
ODI,JJ Bumrah,10.0,6,1,79,1,7.9,1,,v Australia,Sydney,29 Nov 2020,
ODI,IK Pathan,10.0,6,0,80,1,8.0,1,,v Sri Lanka,Karachi,3 Jul 2008,
ODI,YS Chahal,10.0,6,0,80,1,8.0,2,,v Australia,Mohali,10 Mar 2019,
ODI,SN Thakur,9.0,6,0,80,1,8.88,2,,v New Zealand,Hamilton,5 Feb 2020,
ODI,A Nehra,10.0,6,0,81,1,8.1,2,,v Sri Lanka,Rajkot,15 Dec 2009,
ODI,UT Yadav,8.0,6,0,82,1,10.25,1,,v Australia,Sydney,23 Jan 2016,
ODI,Kuldeep Yadav,10.0,6,0,82,1,8.2,2,,v New Zealand,Rajkot,14 Jan 2026,
ODI,NA Saini,10.0,6,0,83,1,8.3,1,,v Australia,Sydney,27 Nov 2020,
ODI,MM Sharma,7.0,6,0,84,1,12.0,1,,v South Africa,Wankhede,25 Oct 2015,
ODI,SN Thakur,9.1,6,0,87,1,9.49,2,,v New Zealand,Mount Maunganui,11 Feb 2020,
ODI,YS Chahal,10.0,6,0,89,1,8.9,1,,v Australia,Sydney,27 Nov 2020,
ODI,B Kumar,10.0,6,0,92,1,9.2,2,,v New Zealand,Kanpur,29 Oct 2017,
ODI,R Vinay Kumar,9.0,6,0,102,1,11.33,2,,v Australia,Bengaluru,2 Nov 2013,
ODI,B Kumar,10.0,6,0,106,1,10.6,1,,v South Africa,Wankhede,25 Oct 2015,
ODI,AO Malhotra,1.0,6,1,0,0,0.0,2,,v Sri Lanka,Amritsar,12 Sep 1982,
ODI,SR Tendulkar,0.1,6,0,0,0,0.0,2,,v Australia,Mohali,3 Nov 1996,
ODI,AB Agarkar,0.3,6,0,0,0,0.0,2,,v England,Chester-le-Street,4 Jul 2002,
ODI,A Nehra,0.1,6,0,0,0,0.0,2,,v Namibia,Pietermaritzburg,23 Feb 2003,
ODI,RV Uthappa,0.2,6,0,0,0,0.0,1,,v Bangladesh,Mirpur,15 Jun 2014,
ODI,AT Rayudu,0.1,6,0,0,0,0.0,1,,v Pakistan,Dubai (DICS),19 Sep 2018,
ODI,KBJ Azad,1.0,6,0,1,0,1.0,1,,v Sri Lanka,Sharjah,8 Apr 1984,
ODI,WV Raman,1.0,6,0,1,0,1.0,2,,v New Zealand,Sharjah,27 Mar 1988,
ODI,NS Sidhu,0.1,6,0,1,0,6.0,2,,v South Africa,Sharjah,17 Apr 1996,
ODI,RR Singh,0.1,6,0,1,0,6.0,1,,v New Zealand,Colombo (SSC),3 Jul 1998,
ODI,RR Singh,2.0,6,1,1,0,0.5,2,,v Australia,Sydney,14 Jan 2000,
ODI,V Kohli,0.2,6,0,1,0,3.0,1,,v South Africa,Kanpur,11 Oct 2015,
ODI,SS Iyer,0.1,6,0,1,0,6.0,2,,v South Africa,Paarl,21 Jan 2022,
ODI,Kuldeep Yadav,1.0,6,0,1,0,1.0,1,,v Sri Lanka,Colombo (RPS),17 Sep 2023,
ODI,K Srikkanth,1.0,6,0,2,0,2.0,1,,v Pakistan,Dhaka,31 Oct 1988,
ODI,R Lamba,0.1,6,0,2,0,12.0,2,,v West Indies,Wankhede,30 Oct 1989,
ODI,NS Sidhu,0.3,6,0,2,0,4.0,2,,v West Indies,Brisbane,11 Jan 1992,
ODI,SR Tendulkar,1.0,6,0,2,0,2.0,2,,v New Zealand,Dunedin,12 Mar 1992,
ODI,RR Singh,0.3,6,0,2,0,4.0,2,,v South Africa,Durban,12 Feb 1997,
ODI,A Jadeja,1.0,6,0,2,0,2.0,2,,v England,Sharjah,11 Apr 1999,
ODI,V Sehwag,1.0,6,0,2,0,2.0,1,,v Sri Lanka,The Oval,30 Jun 2002,
ODI,SS Iyer,1.0,6,0,2,0,2.0,2,,v Sri Lanka,Mohali,13 Dec 2017,
ODI,Kuldeep Yadav,1.0,6,0,2,0,2.0,2,,v New Zealand,Hamilton,31 Jan 2019,
ODI,SS Iyer,1.0,6,0,2,0,2.0,2,,v Sri Lanka,Thiruvananthapuram,15 Jan 2023,
ODI,V Kohli,0.3,6,0,2,0,4.0,1,,v Bangladesh,Pune,19 Oct 2023,
ODI,SR Tendulkar,1.5,6,0,3,0,1.63,2,,v Australia,Adelaide,15 Dec 1991,
ODI,SR Tendulkar,1.0,6,0,3,0,3.0,2,,v South Africa,Eden Gardens,24 Nov 1993,
ODI,A Jadeja,1.0,6,0,3,0,3.0,2,,v South Africa,East London,4 Feb 1997,
ODI,HH Kanitkar,1.0,6,0,3,0,3.0,1,,v West Indies,Toronto,12 Sep 1999,
ODI,SR Tendulkar,1.0,6,0,3,0,3.0,2,,v South Africa,Sharjah,27 Mar 2000,
ODI,RG Sharma,1.0,6,0,3,0,3.0,2,,v South Africa,Belfast,26 Jun 2007,
ODI,SK Raina,1.0,6,0,3,0,3.0,2,,v Australia,Nagpur,28 Oct 2009,
ODI,Yuvraj Singh,1.0,6,0,3,0,3.0,2,,v South Africa,Johannesburg,15 Jan 2011,
ODI,SK Raina,1.0,6,0,3,0,3.0,1,,v West Indies,Visakhapatnam,2 Dec 2011,
ODI,V Sehwag,1.0,6,0,3,0,3.0,1,,v Sri Lanka,Colombo (RPS),28 Jul 2012,
ODI,V Kohli,1.0,6,0,3,0,3.0,2,,v Sri Lanka,Pallekele,4 Aug 2012,
ODI,SK Raina,1.0,6,0,3,0,3.0,2,,v Sri Lanka,Eden Gardens,13 Nov 2014,
ODI,SK Raina,1.0,6,0,3,0,3.0,2,,v South Africa,Melbourne,22 Feb 2015,
ODI,Kuldeep Yadav,2.0,6,0,3,0,1.5,2,,v Sri Lanka,Wankhede,2 Nov 2023,
ODI,M Amarnath,2.0,6,0,4,0,2.0,2,,v Pakistan,Sialkot,13 Oct 1978,
ODI,DB Vengsarkar,1.0,6,0,4,0,4.0,2,,v Sri Lanka,Amritsar,12 Sep 1982,
ODI,SM Gavaskar,1.0,6,0,4,0,4.0,2,,v Pakistan,Karachi,21 Jan 1983,
ODI,SM Gavaskar,0.1,6,0,4,0,24.0,2,,v Australia,Indore,6 Oct 1984,
ODI,M Azharuddin,0.3,6,0,4,0,8.0,2,,v Australia,Rajkot,7 Oct 1986,
ODI,K Srikkanth,0.1,6,0,4,0,24.0,2,,v West Indies,Rajkot,5 Jan 1988,
ODI,N Kapil Dev,7.0,6,4,4,0,0.57,2,,v West Indies,Port of Spain,9 Mar 1989,
ODI,SV Manjrekar,0.2,6,0,4,0,12.0,2,,v Australia,Sydney,14 Jan 1992,
ODI,SR Tendulkar,3.0,6,0,4,0,1.33,2,,v South Africa,Johannesburg,13 Dec 1992,
ODI,PK Amre,0.2,6,0,4,0,12.0,2,,v South Africa,Bloemfontein,15 Dec 1992,
ODI,SV Manjrekar,0.3,6,0,4,0,8.0,2,,v England,Leeds,25 May 1996,
ODI,SR Tendulkar,1.0,6,0,4,0,4.0,1,,v West Indies,Port of Spain,27 Apr 1997,
ODI,A Jadeja,0.3,6,0,4,0,8.0,2,,v Pakistan,Hyderabad (Sind),28 Sep 1997,
ODI,SC Ganguly,1.0,6,0,4,0,4.0,2,,v New Zealand,Sharjah,17 Apr 1998,
ODI,SR Tendulkar,1.0,6,0,4,0,4.0,1,,v Kenya,Eden Gardens,31 May 1998,
ODI,SR Tendulkar,1.0,6,0,4,0,4.0,1,,v Zimbabwe,Sharjah,8 Nov 1998,
ODI,SR Tendulkar,1.0,6,0,4,0,4.0,1,,v Australia,The Oval,4 Jun 1999,
ODI,A Jadeja,0.2,6,0,4,0,12.0,2,,v South Africa,Sharjah,22 Mar 2000,
ODI,SC Ganguly,1.0,6,0,4,0,4.0,1,,v Pakistan,Sharjah,26 Mar 2000,
ODI,SC Ganguly,2.0,6,0,4,0,2.0,1,,v New Zealand,Centurion,14 Mar 2003,
ODI,V Sehwag,1.0,6,0,4,0,4.0,2,,v Pakistan,Ahmedabad,12 Apr 2005,
ODI,SK Raina,0.2,6,0,4,0,12.0,2,,v Sri Lanka,Dambulla,30 Jul 2005,
ODI,SR Tendulkar,1.0,6,0,4,0,4.0,2,,v England,Manchester,30 Aug 2007,
ODI,RG Sharma,1.0,6,0,4,0,4.0,1,,v Sri Lanka,Karachi,3 Jul 2008,
ODI,V Sehwag,1.0,6,0,4,0,4.0,1,,v England,Kanpur,20 Nov 2008,
ODI,SK Raina,1.0,6,0,4,0,4.0,1,,v New Zealand,Colombo (RPS),11 Sep 2009,
ODI,SK Raina,1.0,6,0,4,0,4.0,1,,v New Zealand,Jaipur,1 Dec 2010,
ODI,V Kohli,1.0,6,0,4,0,4.0,1,,v Australia,Melbourne,5 Feb 2012,
ODI,SK Raina,1.0,6,0,4,0,4.0,1,,v Australia,Melbourne,5 Feb 2012,
ODI,RG Sharma,1.0,6,0,4,0,4.0,1,,v Sri Lanka,Colombo (RPS),28 Jul 2012,
ODI,SK Raina,2.0,6,0,4,0,2.0,1,,v Zimbabwe,Harare,28 Jul 2013,
ODI,RG Sharma,2.0,6,0,4,0,2.0,1,,v West Indies,Kochi,21 Nov 2013,
ODI,KM Jadhav,1.0,6,0,4,0,4.0,2,,v West Indies,Manchester,27 Jun 2019,
ODI,AR Patel,2.0,6,1,4,0,2.0,2,,v West Indies,Bridgetown,29 Jul 2023,
ODI,AK Sharma,2.0,6,0,5,0,2.5,2,,v West Indies,Port of Spain,9 Mar 1989,
ODI,A Jadeja,0.2,6,0,5,0,15.0,2,,v West Indies,Wellington,10 Mar 1992,
ODI,SC Ganguly,2.0,6,0,5,0,2.5,1,,v Pakistan,Dhaka,18 Jan 1998,
ODI,VVS Laxman,1.0,6,0,5,0,5.0,1,,v Zimbabwe,Sharjah,11 Nov 1998,
ODI,N Chopra,1.0,6,0,5,0,5.0,2,,v New Zealand,Wellington,14 Jan 1999,
ODI,Yuvraj Singh,1.0,6,0,5,0,5.0,2,,v Australia,Gwalior,26 Oct 2003,
ODI,SC Ganguly,1.0,6,0,5,0,5.0,2,,v Australia,Melbourne,6 Feb 2004,
ODI,M Kartik,4.0,6,1,5,0,1.25,1,,v Sri Lanka,Mohali,28 Oct 2005,
ODI,V Sehwag,2.0,6,0,5,0,2.5,2,,v England,Delhi,28 Mar 2006,
ODI,Yuvraj Singh,1.0,6,0,5,0,5.0,1,,v Sri Lanka,Adelaide,19 Feb 2008,
ODI,RG Sharma,1.0,6,0,5,0,5.0,1,,v Australia,Sydney,2 Mar 2008,
ODI,YK Pathan,1.0,6,0,5,0,5.0,1,,v New Zealand,Colombo (RPS),11 Sep 2009,
ODI,Yuvraj Singh,1.0,6,0,5,0,5.0,1,,v Sri Lanka,Cuttack,21 Dec 2009,
ODI,RG Sharma,1.0,6,0,5,0,5.0,2,,v Zimbabwe,Bulawayo,28 May 2010,
ODI,V Sehwag,1.0,6,0,5,0,5.0,1,,v Sri Lanka,Dambulla,16 Aug 2010,
ODI,SK Raina,1.0,6,0,5,0,5.0,2,,v New Zealand,Guwahati,28 Nov 2010,
ODI,RG Sharma,1.0,6,0,5,0,5.0,1,,v South Africa,Cape Town,18 Jan 2011,
ODI,SK Raina,1.0,6,0,5,0,5.0,2,,v Zimbabwe,Harare,26 Jul 2013,
ODI,Mohammed Shami,3.0,6,0,5,0,1.66,1,,v West Indies,Providence,8 Aug 2019,
ODI,DR Doshi,1.0,6,0,6,0,6.0,2,,v Australia,Sydney,8 Jan 1981,
ODI,M Azharuddin,0.4,6,0,6,0,9.0,2,,v Pakistan,Sharjah,10 Apr 1987,
ODI,M Azharuddin,1.0,6,0,6,0,6.0,1,,v Zimbabwe,Wankhede,17 Oct 1987,
ODI,N Kapil Dev,4.0,6,0,6,0,1.5,2,,v Zimbabwe,Hamilton,7 Mar 1992,
ODI,SLV Raju,4.0,6,0,6,0,1.5,2,,v West Indies,Eden Gardens,27 Nov 1993,
ODI,A Jadeja,4.0,6,0,6,0,1.5,1,,v New Zealand,Auckland,27 Mar 1994,
ODI,A Jadeja,2.4,6,0,6,0,2.25,2,,v West Indies,Bridgetown,3 May 1997,
ODI,SR Tendulkar,0.4,6,0,6,0,9.0,2,,v Sri Lanka,Colombo (RPS),18 Jul 1997,
ODI,R Dravid,2.0,6,0,6,0,3.0,2,,v Sri Lanka,Colombo (RPS),26 Jul 1997,
ODI,SR Tendulkar,1.0,6,0,6,0,6.0,1,,v Pakistan,Hobart,21 Jan 2000,
ODI,RR Singh,1.0,6,0,6,0,6.0,1,,v South Africa,Nagpur,19 Mar 2000,
ODI,RR Singh,2.0,6,1,6,0,3.0,2,,v South Africa,Sharjah,22 Mar 2000,
ODI,HK Badani,1.0,6,0,6,0,6.0,1,,v Bangladesh,Dhaka,30 May 2000,
ODI,Yuvraj Singh,1.0,6,0,6,0,6.0,1,,v Sri Lanka,Sharjah,29 Oct 2000,
ODI,SB Bangar,1.0,6,0,6,0,6.0,2,,v West Indies,Vadodara,18 Nov 2002,
ODI,V Sehwag,3.0,6,0,6,0,2.0,2,,v Netherlands,Paarl,12 Feb 2003,
ODI,SC Ganguly,1.0,6,0,6,0,6.0,2,,v Australia,Brisbane,18 Jan 2004,
ODI,SR Tendulkar,2.0,6,0,6,0,3.0,1,,v Australia,Melbourne,10 Feb 2008,
ODI,RG Sharma,2.0,6,0,6,0,3.0,1,,v South Africa,Gqeberha,21 Jan 2011,
ODI,V Kohli,1.0,6,0,6,0,6.0,1,,v Australia,Ahmedabad,24 Mar 2011,
ODI,V Kohli,1.0,6,0,6,0,6.0,1,,v Sri Lanka,Wankhede,2 Apr 2011,
ODI,RG Sharma,2.0,6,0,6,0,3.0,1,,v Sri Lanka,Colombo (RPS),31 Jul 2012,
ODI,V Kohli,1.1,6,0,6,0,5.14,1,,v Bangladesh,Fatullah,26 Feb 2014,
ODI,V Kohli,0.5,6,0,6,0,7.2,2,,v Sri Lanka,Cuttack,2 Nov 2014,
ODI,SK Raina,1.0,6,0,6,0,6.0,2,,v Pakistan,Adelaide,15 Feb 2015,
ODI,MK Tiwary,1.0,6,0,6,0,6.0,2,,v Zimbabwe,Harare,10 Jul 2015,
ODI,RA Jadeja,1.0,6,0,6,0,6.0,1,,v West Indies,Providence,8 Aug 2019,
ODI,SM Gavaskar,1.2,6,0,7,0,5.25,2,,v Australia,Sydney,18 Dec 1980,
ODI,RJ Shastri,1.0,6,0,7,0,7.0,2,,v Zimbabwe,Tunbridge Wells,18 Jun 1983,
ODI,KBJ Azad,2.0,6,0,7,0,3.5,2,,v Australia,Chelmsford,20 Jun 1983,
ODI,KBJ Azad,3.0,6,0,7,0,2.33,2,,v West Indies,Lord's,25 Jun 1983,
ODI,N Kapil Dev,6.0,6,3,7,0,1.16,1,,v New Zealand,Sharjah,10 Apr 1986,
ODI,RR Singh,1.2,6,0,7,0,5.25,2,,v West Indies,Port of Spain,11 Mar 1989,
ODI,SA Ankola,2.3,6,0,7,0,2.8,1,,v Pakistan,Karachi,20 Dec 1989,
ODI,K Srikkanth,2.0,6,0,7,0,3.5,2,,v Australia,Hobart,10 Dec 1991,
ODI,K Srikkanth,1.0,6,0,7,0,7.0,2,,v West Indies,Wellington,10 Mar 1992,
ODI,RR Singh,2.0,6,0,7,0,3.5,2,,v West Indies,Bridgetown,3 May 1997,
ODI,SR Tendulkar,1.0,6,0,7,0,7.0,1,,v Pakistan,Karachi,30 Sep 1997,
ODI,RK Chauhan,1.0,6,0,7,0,7.0,1,,v Sri Lanka,Indore,25 Dec 1997,
ODI,SR Tendulkar,1.0,6,0,7,0,7.0,2,,v Sri Lanka,Margao,28 Dec 1997,
ODI,SC Ganguly,1.0,6,0,7,0,7.0,1,,v Kenya,Eden Gardens,31 May 1998,
ODI,S Ramesh,2.0,6,0,7,0,3.5,1,,v South Africa,Nairobi (Gym),26 Sep 1999,
ODI,RS Sodhi,1.0,6,0,7,0,7.0,1,,v New Zealand,Colombo (RPS),20 Jul 2001,
ODI,SB Bangar,1.0,6,0,7,0,7.0,2,,v New Zealand,Christchurch,1 Jan 2003,
ODI,Yuvraj Singh,1.0,6,0,7,0,7.0,2,,v New Zealand,Cuttack,6 Nov 2003,
ODI,V Sehwag,1.0,6,0,7,0,7.0,1,,v New Zealand,Bulawayo,26 Aug 2005,
ODI,Harbhajan Singh,2.0,6,0,7,0,3.5,1,,v Sri Lanka,Eden Gardens,8 Feb 2007,
ODI,SC Ganguly,1.0,6,0,7,0,7.0,2,,v Australia,Chandigarh,8 Oct 2007,
ODI,RG Sharma,2.0,6,0,7,0,3.5,1,,v Sri Lanka,Colombo (RPS),29 Aug 2008,
ODI,RG Sharma,1.0,6,0,7,0,7.0,1,,v West Indies,Gros Islet,3 Jul 2009,
ODI,V Kohli,1.0,6,0,7,0,7.0,1,,v West Indies,North Sound,11 Jun 2011,
ODI,YK Pathan,1.0,6,0,7,0,7.0,2,,v West Indies,Kingston,16 Jun 2011,
ODI,PP Ojha,0.5,6,0,7,0,8.4,2,,v Sri Lanka,Hambantota,24 Jul 2012,
ODI,V Kohli,2.0,6,0,7,0,3.5,1,,v Sri Lanka,Colombo (RPS),31 Jul 2012,
ODI,V Kohli,1.0,6,0,7,0,7.0,1,,v Zimbabwe,Harare,28 Jul 2013,
ODI,SK Raina,1.0,6,0,7,0,7.0,1,,v South Africa,Johannesburg,5 Dec 2013,
ODI,SK Raina,1.0,6,0,7,0,7.0,2,,v England,Brisbane,20 Jan 2015,
ODI,V Kohli,1.0,6,0,7,0,7.0,1,,v Australia,Sydney,26 Mar 2015,
ODI,V Kohli,1.0,6,0,7,0,7.0,2,,v Australia,Brisbane,15 Jan 2016,
ODI,M Amarnath,2.0,6,0,8,0,4.0,2,,v New Zealand,W.A.C.A,18 Jan 1986,
ODI,Maninder Singh,2.0,6,0,8,0,4.0,1,,v Sri Lanka,Sharjah,27 Nov 1986,
ODI,M Prabhakar,3.0,6,0,8,0,2.66,1,,v Pakistan,Gujranwala,18 Dec 1989,
ODI,SR Tendulkar,4.0,6,0,8,0,2.0,2,,v Australia,W.A.C.A,8 Dec 1991,
ODI,RJ Shastri,1.0,6,0,8,0,8.0,1,,v West Indies,Melbourne,16 Jan 1992,
ODI,K Srikkanth,1.1,6,0,8,0,6.85,2,,v New Zealand,Dunedin,12 Mar 1992,
ODI,A Jadeja,1.0,6,0,8,0,8.0,1,,v Pakistan,Toronto,21 Sep 1996,
ODI,A Jadeja,1.5,6,0,8,0,4.36,2,,v Sri Lanka,Colombo (RPS),26 Jul 1997,
ODI,SC Ganguly,1.0,6,0,8,0,8.0,2,,v Pakistan,Dhaka,11 Jan 1998,
ODI,RR Singh,2.0,6,1,8,0,4.0,1,,v New Zealand,Colombo (RPS),23 Jun 1998,
ODI,RR Singh,1.0,6,0,8,0,8.0,2,,v Zimbabwe,Singapore,4 Sep 1999,
ODI,S Ramesh,1.0,6,0,8,0,8.0,2,,v Zimbabwe,Nairobi (Gym),1 Oct 1999,
ODI,SC Ganguly,1.0,6,0,8,0,8.0,1,,v West Indies,Harare,7 Jul 2001,
ODI,SR Tendulkar,1.0,6,0,8,0,8.0,1,,v England,Chennai,25 Jan 2002,
ODI,D Mongia,1.0,6,0,8,0,8.0,2,,v Sri Lanka,Bristol,11 Jul 2002,
ODI,VVS Laxman,1.0,6,0,8,0,8.0,2,,v West Indies,Vadodara,18 Nov 2002,
ODI,Z Khan,4.5,6,1,8,0,1.65,2,,v South Africa,Dhaka,13 Apr 2003,
ODI,SC Ganguly,1.0,6,0,8,0,8.0,1,,v New Zealand,Harare,2 Sep 2005,
ODI,SR Tendulkar,3.0,6,0,8,0,2.66,2,,v Bangladesh,Port of Spain,17 Mar 2007,
ODI,Yuvraj Singh,2.0,6,0,8,0,4.0,2,,v England,Manchester,30 Aug 2007,
ODI,SK Raina,1.0,6,0,8,0,8.0,1,,v Australia,Centurion,28 Sep 2009,
ODI,V Sehwag,2.0,6,0,8,0,4.0,2,,v Australia,Guwahati,8 Nov 2009,
ODI,SK Raina,1.0,6,0,8,0,8.0,1,,v South Africa,Cape Town,18 Jan 2011,
ODI,RG Sharma,2.0,6,0,8,0,4.0,1,,v West Indies,Cuttack,29 Nov 2011,
ODI,STR Binny,1.0,6,0,8,0,8.0,2,,v New Zealand,Hamilton,28 Jan 2014,
ODI,SK Raina,3.0,6,1,8,0,2.66,1,,v England,Nottingham,12 Jul 2018,
ODI,KM Jadhav,1.0,6,0,8,0,8.0,1,,v Australia,Delhi,13 Mar 2019,
ODI,B Kumar,2.4,6,0,8,0,3.0,2,,v Pakistan,Manchester,16 Jun 2019,
ODI,Avesh Khan,5.0,6,1,8,0,1.6,1,,v South Africa,Delhi,11 Oct 2022,
ODI,SN Thakur,2.0,6,0,8,0,4.0,1,,v South Africa,Delhi,11 Oct 2022,
ODI,HH Pandya,0.3,6,0,8,0,16.0,1,,v Bangladesh,Pune,19 Oct 2023,
ODI,B Sai Sudharsan,0.3,6,0,8,0,16.0,2,,v South Africa,Gqeberha,19 Dec 2023,
ODI,B Yograj Singh,4.0,6,1,9,0,2.25,2,,v Australia,Sydney,8 Jan 1981,
ODI,M Amarnath,1.0,6,0,9,0,9.0,2,,v England,Cuttack,27 Dec 1984,
ODI,V Razdan,2.0,6,0,9,0,4.5,1,,v Pakistan,Gujranwala,18 Dec 1989,
ODI,R Lamba,1.0,6,0,9,0,9.0,1,,v Pakistan,Lahore,22 Dec 1989,
ODI,A Jadeja,1.0,6,0,9,0,9.0,2,,v Pakistan,Sharjah,15 Apr 1994,
ODI,N Chopra,4.0,6,1,9,0,2.25,2,,v Sri Lanka,Sharjah,9 Nov 1998,
ODI,A Kumble,2.1,6,0,9,0,4.15,2,,v New Zealand,Wellington,14 Jan 1999,
ODI,R Dravid,1.0,6,0,9,0,9.0,1,,v South Africa,Jamshedpur,12 Mar 2000,
ODI,S Sriram,2.0,6,0,9,0,4.5,1,,v Zimbabwe,Sharjah,26 Oct 2000,
ODI,V Sehwag,1.0,6,0,9,0,9.0,1,,v England,Kanpur,28 Jan 2002,
ODI,V Sehwag,1.0,6,0,9,0,9.0,1,,v England,The Oval,9 Jul 2002,
ODI,SR Tendulkar,1.0,6,0,9,0,9.0,1,,v England,The Oval,9 Jul 2002,
ODI,SC Ganguly,1.0,6,0,9,0,9.0,1,,v West Indies,Ahmedabad,15 Nov 2002,
ODI,SC Ganguly,2.0,6,0,9,0,4.5,2,,v New Zealand,Hamilton,14 Jan 2003,
ODI,SR Tendulkar,4.0,6,0,9,0,2.25,2,,v Netherlands,Paarl,12 Feb 2003,
ODI,Yuvraj Singh,2.0,6,0,9,0,4.5,1,,v Kenya,Cape Town,7 Mar 2003,
ODI,SC Ganguly,1.0,6,0,9,0,9.0,1,,v Australia,Sydney,8 Feb 2004,
ODI,Yuvraj Singh,1.0,6,0,9,0,9.0,2,,v Pakistan,Peshawar,19 Mar 2004,
ODI,SC Ganguly,1.0,6,0,9,0,9.0,2,,v Pakistan,Eden Gardens,13 Nov 2004,
ODI,PP Ojha,3.0,6,0,9,0,3.0,2,,v Sri Lanka,Dambulla,18 Aug 2008,
ODI,RG Sharma,1.0,6,0,9,0,9.0,2,,v Sri Lanka,Colombo (RPS),24 Aug 2008,
ODI,A Nehra,3.3,6,1,9,0,2.57,1,,v West Indies,Gros Islet,5 Jul 2009,
ODI,SK Raina,1.0,6,0,9,0,9.0,1,,v Australia,Vadodara,25 Oct 2009,
ODI,SK Raina,2.0,6,0,9,0,4.5,1,,v Sri Lanka,Eden Gardens,24 Dec 2009,
ODI,SK Raina,3.0,6,0,9,0,3.0,1,,v Sri Lanka,Mirpur,10 Jan 2010,
ODI,RG Sharma,1.0,6,0,9,0,9.0,2,,v Sri Lanka,Dambulla,22 Jun 2010,
ODI,MM Patel,3.0,6,0,9,0,3.0,1,,v New Zealand,Chennai,10 Dec 2010,
ODI,SR Tendulkar,2.0,6,0,9,0,4.5,1,,v Australia,Ahmedabad,24 Mar 2011,
ODI,V Sehwag,2.0,6,0,9,0,4.5,1,,v Sri Lanka,Brisbane,21 Feb 2012,
ODI,V Kohli,1.0,6,0,9,0,9.0,1,,v England,Rajkot,11 Jan 2013,
ODI,V Kohli,2.0,6,0,9,0,4.5,1,,v Sri Lanka,Kingston,2 Jul 2013,
ODI,SK Raina,2.0,6,0,9,0,4.5,1,,v Zimbabwe,Bulawayo,3 Aug 2013,
ODI,AT Rayudu,1.0,6,0,9,0,9.0,2,,v Sri Lanka,Fatullah,28 Feb 2014,
ODI,DJ Hooda,1.0,6,0,9,0,9.0,2,,v Zimbabwe,Harare,22 Aug 2022,
ODI,S Dube,4.0,6,0,9,0,2.25,1,,v Sri Lanka,Colombo (RPS),7 Aug 2024,
ODI,SM Patil,2.0,6,0,10,0,5.0,2,,v New Zealand,Melbourne,10 Jan 1981,
ODI,BS Sandhu,7.0,6,0,10,0,1.42,2,,v West Indies,Srinagar,13 Oct 1983,
ODI,C Sharma,3.4,6,1,10,0,2.72,2,,v Australia,Thiruvananthapuram,1 Oct 1984,
ODI,L Sivaramakrishnan,2.0,6,0,10,0,5.0,2,,v New Zealand,W.A.C.A,18 Jan 1986,
ODI,RR Kulkarni,2.0,6,0,10,0,5.0,2,,v Pakistan,Pune,22 Mar 1987,
ODI,M Azharuddin,2.0,6,0,10,0,5.0,2,,v West Indies,St John's,18 Mar 1989,
ODI,SR Tendulkar,1.0,6,0,10,0,10.0,1,,v England,Nottingham,20 Jul 1990,
ODI,SR Tendulkar,2.0,6,0,10,0,5.0,2,,v West Indies,Adelaide,14 Dec 1991,
ODI,SR Tendulkar,1.0,6,0,10,0,10.0,1,,v Sri Lanka,Sharjah,14 Apr 1995,
ODI,SC Ganguly,2.0,6,0,10,0,5.0,2,,v Zimbabwe,Bulawayo,15 Feb 1997,
ODI,A Jadeja,1.2,6,0,10,0,7.5,2,,v Pakistan,Toronto,20 Sep 1998,
ODI,RR Singh,2.0,6,0,10,0,5.0,2,,v South Africa,Hove,15 May 1999,
ODI,RR Singh,2.0,6,0,10,0,5.0,1,,v West Indies,Toronto,12 Sep 1999,
ODI,R Dravid,1.0,6,0,10,0,10.0,1,,v South Africa,Nairobi (Gym),26 Sep 1999,
ODI,RR Singh,3.0,6,0,10,0,3.33,2,,v Pakistan,Brisbane,10 Jan 2000,
ODI,RR Singh,1.0,6,0,10,0,10.0,1,,v Pakistan,Hobart,21 Jan 2000,
ODI,RR Singh,1.0,6,0,10,0,10.0,1,,v Australia,Adelaide,26 Jan 2000,
ODI,Yuvraj Singh,1.0,6,0,10,0,10.0,1,,v Sri Lanka,Sharjah,27 Oct 2000,
ODI,HK Badani,2.0,6,0,10,0,5.0,1,,v England,Wankhede,3 Feb 2002,
ODI,SC Ganguly,1.0,6,0,10,0,10.0,1,,v England,The Oval,9 Jul 2002,
ODI,V Sehwag,1.0,6,0,10,0,10.0,2,,v Sri Lanka,Bristol,11 Jul 2002,
ODI,SC Ganguly,1.0,6,0,10,0,10.0,1,,v England,Colombo (RPS),22 Sep 2002,
ODI,SC Ganguly,1.4,6,0,10,0,6.0,2,,v New Zealand,Auckland,26 Dec 2002,
ODI,SC Ganguly,2.0,6,0,10,0,5.0,1,,v Australia,Bengaluru,12 Nov 2003,
ODI,Yuvraj Singh,1.0,6,0,10,0,10.0,2,,v Pakistan,Eden Gardens,13 Nov 2004,
ODI,D Mongia,3.0,6,0,10,0,3.33,1,,v Bangladesh,Dhaka,26 Dec 2004,
ODI,SR Tendulkar,1.0,6,0,10,0,10.0,1,,v Sri Lanka,Jaipur,31 Oct 2005,
ODI,Yuvraj Singh,2.0,6,0,10,0,5.0,2,,v West Indies,Port of Spain,26 May 2006,
ODI,SK Raina,1.0,6,0,10,0,10.0,2,,v West Indies,Port of Spain,26 May 2006,
ODI,SR Tendulkar,1.0,6,0,10,0,10.0,1,,v South Africa,Belfast,29 Jun 2007,
ODI,Yuvraj Singh,2.0,6,0,10,0,5.0,1,,v Bangladesh,Mirpur,12 Jun 2008,
ODI,Yuvraj Singh,2.0,6,0,10,0,5.0,1,,v Sri Lanka,Dambulla,20 Aug 2008,
ODI,P Kumar,2.0,6,0,10,0,5.0,2,,v Australia,Guwahati,8 Nov 2009,
ODI,YK Pathan,2.0,6,0,10,0,5.0,1,,v South Africa,Centurion,23 Jan 2011,
ODI,RG Sharma,2.0,6,0,10,0,5.0,1,,v Sri Lanka,Adelaide,14 Feb 2012,
ODI,Yuvraj Singh,1.0,6,0,10,0,10.0,1,,v Pakistan,Eden Gardens,3 Jan 2013,
ODI,SK Raina,2.0,6,0,10,0,5.0,1,,v England,Mohali,23 Jan 2013,
ODI,SK Raina,2.0,6,0,10,0,5.0,1,,v Sri Lanka,Kingston,2 Jul 2013,
ODI,MA Agarwal,1.0,6,0,10,0,10.0,1,,v Australia,Sydney,29 Nov 2020,
ODI,N Rana,3.0,6,0,10,0,3.33,2,,v Sri Lanka,Colombo (RPS),23 Jul 2021,
ODI,YS Chahal,2.0,6,0,10,0,5.0,1,,v England,The Oval,12 Jul 2022,
ODI,S Dube,2.0,6,0,10,0,5.0,1,,v Sri Lanka,Colombo (RPS),4 Aug 2024,
ODI,N Kapil Dev,5.0,6,1,11,0,2.2,2,,v Pakistan,Karachi,21 Jan 1983,
ODI,M Amarnath,3.0,6,0,11,0,3.66,1,,v Pakistan,Melbourne,20 Feb 1985,
ODI,M Amarnath,3.0,6,0,11,0,3.66,2,,v Australia,Brisbane,12 Jan 1986,
ODI,K Srikkanth,2.0,6,0,11,0,5.5,2,,v Australia,Rajkot,7 Oct 1986,
ODI,B Arun,2.0,6,0,11,0,5.5,2,,v Pakistan,Sharjah,10 Apr 1987,
ODI,K Srikkanth,2.0,6,0,11,0,5.5,2,,v West Indies,Sharjah,16 Oct 1988,
ODI,M Azharuddin,2.0,6,0,11,0,5.5,1,,v New Zealand,Visakhapatnam,10 Dec 1988,
ODI,WV Raman,1.0,6,0,11,0,11.0,1,,v New Zealand,Vadodara,17 Dec 1988,
ODI,AS Wassan,2.0,6,0,11,0,5.5,2,,v Sri Lanka,Margao,8 Dec 1990,
ODI,N Kapil Dev,6.0,6,0,11,0,1.83,2,,v Australia,Sydney,14 Jan 1992,
ODI,SR Tendulkar,2.0,6,0,11,0,5.5,1,,v West Indies,Ahmedabad,16 Nov 1993,
ODI,BKV Prasad,2.0,6,0,11,0,5.5,2,,v New Zealand,Napier,16 Feb 1995,
ODI,M Azharuddin,2.0,6,0,11,0,5.5,1,,v Pakistan,Sharjah,12 Apr 1996,
ODI,SC Ganguly,2.0,6,0,11,0,5.5,1,,v Australia,Bengaluru,21 Oct 1996,
ODI,A Jadeja,2.0,6,0,11,0,5.5,2,,v Australia,Mohali,3 Nov 1996,
ODI,SR Tendulkar,1.0,6,0,11,0,11.0,2,,v Zimbabwe,Centurion,7 Feb 1997,
ODI,SC Ganguly,2.0,6,0,11,0,5.5,1,,v Zimbabwe,Benoni,9 Feb 1997,
ODI,SR Tendulkar,3.0,6,0,11,0,3.66,2,,v West Indies,Port of Spain,26 Apr 1997,
ODI,NM Kulkarni,5.0,6,0,11,0,2.2,1,,v Pakistan,Toronto,14 Sep 1997,
ODI,SR Tendulkar,3.0,6,1,11,0,3.66,2,,v Pakistan,Hyderabad (Sind),28 Sep 1997,
ODI,VVS Laxman,1.0,6,0,11,0,11.0,1,,v Australia,Sharjah,24 Apr 1998,
ODI,SR Tendulkar,2.0,6,0,11,0,5.5,1,,v Zimbabwe,Bulawayo,27 Sep 1998,
ODI,RR Singh,2.0,6,0,11,0,5.5,1,,v Zimbabwe,Leicester,19 May 1999,
ODI,RR Singh,2.0,6,0,11,0,5.5,2,,v New Zealand,Gwalior,11 Nov 1999,
ODI,SR Tendulkar,1.0,6,0,11,0,11.0,1,,v Pakistan,Sharjah,26 Mar 2000,
ODI,RR Singh,4.0,6,0,11,0,2.75,1,,v Bangladesh,Dhaka,30 May 2000,
ODI,SB Joshi,2.0,6,0,11,0,5.5,1,,v Sri Lanka,Dhaka,1 Jun 2000,
ODI,RR Singh,2.0,6,0,11,0,5.5,2,,v South Africa,Nairobi (Gym),13 Oct 2000,
ODI,RR Singh,3.0,6,0,11,0,3.66,2,,v Sri Lanka,Sharjah,20 Oct 2000,
ODI,RS Sodhi,2.0,6,0,11,0,5.5,2,,v Zimbabwe,Jodhpur,8 Dec 2000,
ODI,SR Tendulkar,2.0,6,0,11,0,5.5,1,,v West Indies,Harare,4 Jul 2001,
ODI,V Sehwag,5.0,6,1,11,0,2.2,2,,v Kenya,Paarl,24 Oct 2001,
ODI,V Sehwag,2.0,6,0,11,0,5.5,1,,v England,Cuttack,22 Jan 2002,
ODI,HK Badani,3.0,6,0,11,0,3.66,1,,v England,Chennai,25 Jan 2002,
ODI,Yuvraj Singh,2.0,6,0,11,0,5.5,2,,v West Indies,Jamshedpur,6 Nov 2002,
ODI,A Nehra,3.0,6,0,11,0,3.66,2,,v Zimbabwe,Harare,29 Aug 2005,
ODI,V Sehwag,1.0,6,0,11,0,11.0,2,,v Pakistan,Peshawar,6 Feb 2006,
ODI,V Sehwag,1.0,6,0,11,0,11.0,2,,v West Indies,Basseterre,23 May 2006,
ODI,Yuvraj Singh,2.0,6,0,11,0,5.5,2,,v England,Lord's,8 Sep 2007,
ODI,IK Pathan,2.0,6,0,11,0,5.5,2,,v Australia,Vadodara,11 Oct 2007,
ODI,SR Tendulkar,2.0,6,0,11,0,5.5,2,,v Australia,Vadodara,11 Oct 2007,
ODI,SR Tendulkar,1.0,6,0,11,0,11.0,2,,v Pakistan,Mohali,8 Nov 2007,
ODI,SR Tendulkar,1.0,6,0,11,0,11.0,2,,v Pakistan,Kanpur,11 Nov 2007,
ODI,V Sehwag,2.0,6,0,11,0,5.5,1,,v Pakistan,Gwalior,15 Nov 2007,
ODI,Yuvraj Singh,2.0,6,0,11,0,5.5,1,,v Australia,Melbourne,10 Feb 2008,
ODI,Yuvraj Singh,4.0,6,0,11,0,2.75,1,,v Sri Lanka,Hobart,26 Feb 2008,
ODI,YK Pathan,2.0,6,0,11,0,5.5,2,,v Pakistan,Mirpur,10 Jun 2008,
ODI,YK Pathan,2.0,6,0,11,0,5.5,1,,v Pakistan,Mirpur,14 Jun 2008,
ODI,SK Raina,1.0,6,0,11,0,11.0,1,,v Pakistan,Mirpur,14 Jun 2008,
ODI,MS Gony,5.0,6,1,11,0,2.2,2,,v Hong Kong,Karachi,25 Jun 2008,
ODI,RG Sharma,3.0,6,0,11,0,3.66,1,,v Sri Lanka,Karachi,6 Jul 2008,
ODI,RG Sharma,2.5,6,0,11,0,3.88,2,,v Sri Lanka,Dambulla,18 Aug 2008,
ODI,SK Raina,2.0,6,0,11,0,5.5,2,,v Sri Lanka,Dambulla,18 Aug 2008,
ODI,Yuvraj Singh,3.0,6,0,11,0,3.66,1,,v Sri Lanka,Colombo (RPS),29 Aug 2008,
ODI,SR Tendulkar,1.0,6,0,11,0,11.0,2,,v Sri Lanka,Colombo (RPS),3 Feb 2009,
ODI,SR Tendulkar,0.5,6,0,11,0,13.2,2,,v Australia,Guwahati,8 Nov 2009,
ODI,SK Raina,2.0,6,0,11,0,5.5,2,,v Sri Lanka,Nagpur,18 Dec 2009,
ODI,V Kohli,2.0,6,0,11,0,5.5,1,,v South Africa,Ahmedabad,27 Feb 2010,
ODI,SK Raina,2.0,6,0,11,0,5.5,1,,v West Indies,Port of Spain,8 Jun 2011,
ODI,V Kohli,3.0,6,0,11,0,3.66,2,,v England,Hyderabad,14 Oct 2011,
ODI,V Kohli,1.0,6,0,11,0,11.0,2,,v West Indies,Chennai,11 Dec 2011,
ODI,V Kohli,2.0,6,0,11,0,5.5,1,,v Pakistan,Birmingham,15 Jun 2013,
ODI,RG Sharma,1.0,6,0,11,0,11.0,2,,v Australia,W.A.C.A,12 Jan 2016,
ODI,KM Jadhav,3.0,6,0,11,0,3.66,1,,v South Africa,Centurion,4 Feb 2018,
ODI,B Kumar,4.0,6,1,11,0,2.75,1,,v West Indies,Providence,8 Aug 2019,
ODI,KM Jadhav,1.0,6,0,11,0,11.0,2,,v West Indies,Chennai,15 Dec 2019,
ODI,Shubman Gill,2.0,6,0,11,0,5.5,2,,v Netherlands,Bengaluru,12 Nov 2023,
ODI,RG Sharma,2.0,6,0,11,0,5.5,1,,v Sri Lanka,Colombo (RPS),4 Aug 2024,
ODI,ED Solkar,1.0,6,0,12,0,12.0,1,,v England,Lord's,7 Jun 1975,
ODI,BS Bedi,2.0,6,0,12,0,6.0,2,,v Pakistan,Sialkot,13 Oct 1978,
ODI,Yashpal Sharma,3.0,6,0,12,0,4.0,1,,v New Zealand,Brisbane,18 Jan 1981,
ODI,Yashpal Sharma,2.2,6,0,12,0,5.14,2,,v West Indies,St George's,7 Apr 1983,
ODI,N Kapil Dev,5.0,6,1,12,0,2.4,2,,v West Indies,Srinagar,13 Oct 1983,
ODI,RMH Binny,5.0,6,0,12,0,2.4,1,,v New Zealand,Sharjah,10 Apr 1986,
ODI,M Prabhakar,7.0,6,2,12,0,1.71,1,,v Zimbabwe,Ahmedabad,26 Oct 1987,
ODI,AK Sharma,3.0,6,0,12,0,4.0,2,,v West Indies,Rajkot,5 Jan 1988,
ODI,AS Wassan,2.0,6,0,12,0,6.0,2,,v Australia,Hamilton,8 Mar 1990,
ODI,J Srinath,6.0,6,0,12,0,2.0,2,,v West Indies,Eden Gardens,27 Nov 1993,
ODI,SR Tendulkar,2.0,6,0,12,0,6.0,2,,v New Zealand,Wellington,30 Mar 1994,
ODI,SR Tendulkar,2.0,6,0,12,0,6.0,1,,v Pakistan,Toronto,16 Sep 1996,
ODI,HH Kanitkar,2.0,6,0,12,0,6.0,2,,v New Zealand,Sharjah,20 Apr 1998,
ODI,SR Tendulkar,1.0,6,0,12,0,12.0,1,,v Australia,Sharjah,24 Apr 1998,
ODI,SC Ganguly,3.0,6,0,12,0,4.0,1,,v Zimbabwe,Harare,30 Sep 1998,
ODI,HH Kanitkar,2.0,6,0,12,0,6.0,2,,v New Zealand,Taupo,9 Jan 1999,
ODI,SC Ganguly,2.0,6,0,12,0,6.0,2,,v Sri Lanka,Colombo (SSC),29 Aug 1999,
ODI,SC Ganguly,1.0,6,0,12,0,12.0,1,,v West Indies,Singapore,5 Sep 1999,
ODI,A Kumble,1.0,6,0,12,0,12.0,2,,v Australia,Sydney,14 Jan 2000,
ODI,RR Singh,1.0,6,0,12,0,12.0,1,,v South Africa,Kochi,9 Mar 2000,
ODI,RR Singh,3.0,6,0,12,0,4.0,1,,v South Africa,Vadodara,17 Mar 2000,
ODI,SR Tendulkar,1.0,6,0,12,0,12.0,1,,v Australia,Visakhapatnam,3 Apr 2001,
ODI,SC Ganguly,2.0,6,0,12,0,6.0,2,,v South Africa,Johannesburg,5 Oct 2001,
ODI,Yuvraj Singh,2.0,6,0,12,0,6.0,1,,v Australia,Johannesburg,23 Mar 2003,
ODI,SR Tendulkar,1.0,6,0,12,0,12.0,1,,v England,The Oval,5 Sep 2007,
ODI,RA Jadeja,2.0,6,0,12,0,6.0,2,,v West Indies,Kingston,28 Jun 2009,
ODI,V Kohli,1.4,6,0,12,0,7.2,2,,v Sri Lanka,Mirpur,13 Jan 2010,
ODI,SR Tendulkar,2.0,6,0,12,0,6.0,1,,v Sri Lanka,Wankhede,2 Apr 2011,
ODI,SR Tendulkar,1.4,6,0,12,0,7.2,1,,v Pakistan,Mirpur,18 Mar 2012,
ODI,SK Raina,2.0,6,0,12,0,6.0,2,,v Sri Lanka,Pallekele,4 Aug 2012,
ODI,V Kohli,1.0,6,0,12,0,12.0,1,,v Australia,Pune,13 Oct 2013,
ODI,Yuvraj Singh,1.0,6,0,12,0,12.0,1,,v Australia,Ranchi,23 Oct 2013,
ODI,V Kohli,2.0,6,0,12,0,6.0,1,,v New Zealand,Hamilton,22 Jan 2014,
ODI,V Kohli,2.0,6,0,12,0,6.0,1,,v Bangladesh,Mirpur,18 Jun 2015,
ODI,B Kumar,6.0,6,1,12,0,2.0,2,,v Zimbabwe,Harare,14 Jul 2015,
ODI,V Kohli,2.0,6,0,12,0,6.0,2,,v Sri Lanka,Colombo (RPS),31 Aug 2017,
ODI,DL Chahar,3.0,6,0,12,0,4.0,1,,v Bangladesh,Mirpur,7 Dec 2022,
ODI,SN Thakur,2.0,6,0,12,0,6.0,1,,v Australia,Wankhede,17 Mar 2023,
ODI,Kuldeep Yadav,1.0,6,0,12,0,12.0,2,,v Australia,Visakhapatnam,19 Mar 2023,
ODI,SN Thakur,2.0,6,0,12,0,6.0,1,,v Pakistan,Ahmedabad,14 Oct 2023,
ODI,RMH Binny,3.0,6,1,13,0,4.33,2,,v Australia,Sydney,8 Jan 1981,
ODI,RMH Binny,2.0,6,0,13,0,6.5,2,,v Australia,Melbourne,9 Feb 1986,
ODI,M Azharuddin,2.0,6,0,13,0,6.5,1,,v England,Wankhede,5 Nov 1987,
ODI,SK Sharma,6.0,6,0,13,0,2.16,1,,v New Zealand,Visakhapatnam,10 Dec 1988,
ODI,A Jadeja,2.2,6,0,13,0,5.57,2,,v Sri Lanka,Colombo (RPS),28 Aug 1996,
ODI,SR Tendulkar,2.0,6,0,13,0,6.5,2,,v South Africa,Rajkot,29 Oct 1996,
ODI,SR Tendulkar,2.0,6,0,13,0,6.5,2,,v Sri Lanka,Wankhede,17 May 1997,
ODI,SR Tendulkar,2.0,6,0,13,0,6.5,2,,v Pakistan,Toronto,13 Sep 1997,
ODI,A Jadeja,2.0,6,0,13,0,6.5,2,,v Pakistan,Toronto,21 Sep 1997,
ODI,SC Ganguly,5.0,6,1,13,0,2.6,1,,v Bangladesh,Dhaka,10 Jan 1998,
ODI,SR Tendulkar,2.0,6,0,13,0,6.5,1,,v Bangladesh,Dhaka,10 Jan 1998,
ODI,SR Tendulkar,5.0,6,0,13,0,2.6,2,,v Australia,Delhi,14 Apr 1998,
ODI,SR Tendulkar,2.0,6,0,13,0,6.5,2,,v New Zealand,Sharjah,17 Apr 1998,
ODI,SR Tendulkar,1.0,6,0,13,0,13.0,2,,v Sri Lanka,Colombo (RPS),7 Jul 1998,
ODI,SC Ganguly,2.0,6,0,13,0,6.5,1,,v New Zealand,Napier,12 Jan 1999,
ODI,SC Ganguly,1.0,6,0,13,0,13.0,2,,v West Indies,Singapore,8 Sep 1999,
ODI,SC Ganguly,1.0,6,0,13,0,13.0,2,,v Sri Lanka,Sharjah,20 Oct 2000,
ODI,RR Singh,2.0,6,0,13,0,6.5,1,,v Sri Lanka,Sharjah,29 Oct 2000,
ODI,RS Sodhi,3.0,6,0,13,0,4.33,1,,v Sri Lanka,Colombo (RPS),28 Jul 2001,
ODI,SC Ganguly,2.0,6,0,13,0,6.5,2,,v Zimbabwe,Colombo (RPS),14 Sep 2002,
ODI,SB Bangar,1.0,6,0,13,0,13.0,1,,v West Indies,Ahmedabad,15 Nov 2002,
ODI,SC Ganguly,3.0,6,0,13,0,4.33,2,,v South Africa,Dhaka,18 Apr 2003,
ODI,V Sehwag,2.5,6,0,13,0,4.58,2,,v South Africa,Eden Gardens,25 Nov 2005,
ODI,G Gambhir,1.0,6,0,13,0,13.0,1,,v England,Faridabad,31 Mar 2006,
ODI,V Sehwag,3.0,6,0,13,0,4.33,2,,v Australia,Mohali,29 Oct 2006,
ODI,SR Tendulkar,3.0,6,0,13,0,4.33,1,,v South Africa,Cape Town,26 Nov 2006,
ODI,SC Ganguly,4.0,6,0,13,0,3.25,2,,v England,Lord's,8 Sep 2007,
ODI,Yuvraj Singh,2.0,6,0,13,0,6.5,1,,v Bangladesh,Karachi,28 Jun 2008,
ODI,RG Sharma,4.0,6,1,13,0,3.25,2,,v Sri Lanka,Colombo (RPS),27 Aug 2008,
ODI,RG Sharma,2.0,6,0,13,0,6.5,1,,v Sri Lanka,Colombo (RPS),8 Feb 2009,
ODI,SK Raina,3.0,6,0,13,0,4.33,1,,v South Africa,Gqeberha,21 Jan 2011,
ODI,SK Raina,2.0,6,0,13,0,6.5,1,,v South Africa,Centurion,23 Jan 2011,
ODI,V Kohli,3.0,6,0,13,0,4.33,2,,v West Indies,Kingston,16 Jun 2011,
ODI,SK Raina,1.0,6,0,13,0,13.0,2,,v England,Southampton,6 Sep 2011,
ODI,SK Raina,2.0,6,0,13,0,6.5,2,,v England,Lord's,11 Sep 2011,
ODI,RG Sharma,2.0,6,0,13,0,6.5,2,,v Bangladesh,Mirpur,16 Mar 2012,
ODI,V Kohli,3.0,6,0,13,0,4.33,1,,v New Zealand,Napier,19 Jan 2014,
ODI,SK Raina,2.0,6,0,13,0,6.5,1,,v South Africa,Rajkot,18 Oct 2015,
ODI,V Kohli,2.0,6,0,13,0,6.5,2,,v Australia,W.A.C.A,12 Jan 2016,
ODI,AT Rayudu,2.0,6,0,13,0,6.5,1,,v Australia,Sydney,12 Jan 2019,
ODI,KM Jadhav,4.0,6,0,13,0,3.25,1,,v West Indies,Port of Spain,14 Aug 2019,
ODI,SS Iyer,1.0,6,0,13,0,13.0,2,,v West Indies,Visakhapatnam,18 Dec 2019,
ODI,HH Pandya,4.0,6,1,13,0,3.25,2,,v West Indies,Tarouba,1 Aug 2023,
ODI,K Nitish Kumar Reddy,2.0,6,0,13,0,6.5,2,,v New Zealand,Rajkot,14 Jan 2026,
ODI,S Venkataraghavan,8.0,6,0,14,0,1.75,2,,v Pakistan,Quetta,1 Oct 1978,
ODI,KD Ghavri,4.0,6,0,14,0,3.5,2,,v Australia,Sydney,8 Jan 1981,
ODI,SM Patil,2.0,6,0,14,0,7.0,1,,v Pakistan,Gujranwala,3 Dec 1982,
ODI,Yashpal Sharma,2.0,6,0,14,0,7.0,2,,v England,Bengaluru,20 Jan 1985,
ODI,M Azharuddin,2.0,6,0,14,0,7.0,2,,v Pakistan,Sharjah,18 Apr 1986,
ODI,M Azharuddin,2.0,6,0,14,0,7.0,2,,v England,Manchester,26 May 1986,
ODI,M Azharuddin,3.0,6,0,14,0,4.66,1,,v Zimbabwe,Ahmedabad,26 Oct 1987,
ODI,M Amarnath,6.0,6,0,14,0,2.33,2,,v West Indies,Faridabad,19 Jan 1988,
ODI,N Kapil Dev,4.0,6,0,14,0,3.5,2,,v West Indies,Sharjah,21 Oct 1988,
ODI,RJ Shastri,1.0,6,0,14,0,14.0,1,,v Pakistan,Gujranwala,18 Dec 1989,
ODI,N Kapil Dev,7.0,6,1,14,0,2.0,1,,v Pakistan,Karachi,20 Dec 1989,
ODI,K Srikkanth,2.0,6,0,14,0,7.0,2,,v South Africa,Gwalior,12 Nov 1991,
ODI,SR Tendulkar,2.0,6,0,14,0,7.0,2,,v Australia,Sydney,14 Jan 1992,
ODI,M Prabhakar,3.0,6,0,14,0,4.66,2,,v Zimbabwe,Hamilton,7 Mar 1992,
ODI,A Jadeja,3.0,6,0,14,0,4.66,2,,v Sri Lanka,Singapore,3 Apr 1996,
ODI,A Jadeja,2.0,6,0,14,0,7.0,2,,v Pakistan,Sharjah,15 Apr 1996,
ODI,SC Ganguly,2.0,6,0,14,0,7.0,2,,v England,Manchester,26 May 1996,
ODI,SC Ganguly,2.0,6,0,14,0,7.0,2,,v Sri Lanka,Colombo (RPS),28 Aug 1996,
ODI,SC Ganguly,2.0,6,0,14,0,7.0,1,,v England,Sharjah,11 Dec 1997,
ODI,SS Raul,2.0,6,0,14,0,7.0,2,,v Pakistan,Toronto,20 Sep 1998,
ODI,BKV Prasad,5.0,6,2,14,0,2.8,1,,v New Zealand,Napier,12 Jan 1999,
ODI,SC Ganguly,1.0,6,0,14,0,14.0,2,,v England,Sharjah,9 Apr 1999,
ODI,SR Tendulkar,3.0,6,0,14,0,4.66,2,,v New Zealand,Nottingham,12 Jun 1999,
ODI,Yuvraj Singh,3.0,6,0,14,0,4.66,2,,v Zimbabwe,Sharjah,22 Oct 2000,
ODI,Yuvraj Singh,2.0,6,0,14,0,7.0,2,,v Zimbabwe,Ahmedabad,5 Dec 2000,
ODI,SR Tendulkar,2.0,6,0,14,0,7.0,1,,v West Indies,Bulawayo,30 Jun 2001,
ODI,RS Sodhi,3.0,6,0,14,0,4.66,1,,v Kenya,Gqeberha,17 Oct 2001,
ODI,AB Agarkar,4.0,6,1,14,0,3.5,2,,v West Indies,Port of Spain,1 Jun 2002,
ODI,Jai P Yadav,2.0,6,0,14,0,7.0,1,,v West Indies,Rajkot,12 Nov 2002,
ODI,SC Ganguly,4.0,6,0,14,0,3.5,2,,v Netherlands,Paarl,12 Feb 2003,
ODI,SC Ganguly,3.0,6,0,14,0,4.66,1,,v Pakistan,Centurion,1 Mar 2003,
ODI,V Sehwag,3.0,6,0,14,0,4.66,1,,v Australia,Johannesburg,23 Mar 2003,
ODI,SC Ganguly,1.0,6,0,14,0,14.0,2,,v Pakistan,Karachi,13 Mar 2004,
ODI,V Sehwag,2.0,6,0,14,0,7.0,1,,v Sri Lanka,Colombo (RPS),9 Aug 2005,
ODI,Jai P Yadav,1.0,6,0,14,0,14.0,2,,v New Zealand,Harare,6 Sep 2005,
ODI,Yuvraj Singh,2.0,6,0,14,0,7.0,1,,v Sri Lanka,Pune,3 Nov 2005,
ODI,SC Ganguly,2.0,6,0,14,0,7.0,1,,v Sri Lanka,Rajkot,11 Feb 2007,
ODI,S Sreesanth,5.0,6,1,14,0,2.8,1,,v Bangladesh,Mirpur,10 May 2007,
ODI,V Sehwag,2.0,6,0,14,0,7.0,2,,v Sri Lanka,Canberra,12 Feb 2008,
ODI,MM Patel,2.0,6,0,14,0,7.0,2,,v New Zealand,Napier,3 Mar 2009,
ODI,RG Sharma,2.0,6,0,14,0,7.0,1,,v South Africa,Centurion,23 Jan 2011,
ODI,V Kohli,4.0,6,0,14,0,3.5,1,,v England,Wankhede,23 Oct 2011,
ODI,V Kohli,1.0,6,0,14,0,14.0,1,,v Sri Lanka,Brisbane,21 Feb 2012,
ODI,RG Sharma,3.0,6,0,14,0,4.66,2,,v Sri Lanka,Mirpur,13 Mar 2012,
ODI,MK Tiwary,1.0,6,0,14,0,14.0,2,,v Sri Lanka,Pallekele,4 Aug 2012,
ODI,SK Raina,2.0,6,0,14,0,7.0,1,,v West Indies,Kochi,8 Oct 2014,
ODI,V Kohli,1.0,6,0,14,0,14.0,2,,v West Indies,Dharamsala,17 Oct 2014,
ODI,I Sharma,4.0,6,1,14,0,3.5,1,,v Sri Lanka,Hyderabad,9 Nov 2014,
ODI,SK Raina,2.0,6,0,14,0,7.0,2,,v Bangladesh,Mirpur,21 Jun 2015,
ODI,V Kohli,2.0,6,0,14,0,7.0,1,,v South Africa,Wankhede,25 Oct 2015,
ODI,Yuvraj Singh,2.0,6,0,14,0,7.0,1,,v England,Pune,15 Jan 2017,
ODI,KM Jadhav,1.0,6,0,14,0,14.0,2,,v Australia,The Oval,9 Jun 2019,
ODI,JJ Bumrah,5.0,6,0,14,0,2.8,2,,v South Africa,Eden Gardens,5 Nov 2023,
ODI,Shubman Gill,1.0,6,0,14,0,14.0,1,,v Sri Lanka,Colombo (RPS),2 Aug 2024,
ODI,N Kapil Dev,7.0,6,2,15,0,2.14,2,,v Australia,Melbourne,6 Dec 1980,
ODI,KD Ghavri,7.0,6,2,15,0,2.14,2,,v New Zealand,Melbourne,10 Jan 1981,
ODI,S Madan Lal,5.0,6,0,15,0,3.0,1,,v England,Manchester,22 Jun 1983,
ODI,M Prabhakar,2.0,6,0,15,0,7.5,2,,v Australia,Indore,6 Oct 1984,
ODI,S Madan Lal,6.0,6,1,15,0,2.5,1,,v Pakistan,Melbourne,10 Mar 1985,
ODI,N Kapil Dev,6.0,6,1,15,0,2.5,2,,v Sri Lanka,Vadodara,15 Jan 1987,
ODI,AK Sharma,2.0,6,0,15,0,7.5,2,,v West Indies,Eden Gardens,2 Jan 1988,
ODI,AK Sharma,5.0,6,0,15,0,3.0,1,,v Pakistan,Dhaka,31 Oct 1988,
ODI,M Amarnath,2.0,6,0,15,0,7.5,2,,v Pakistan,Sharjah,15 Oct 1989,
ODI,K Srikkanth,2.0,6,0,15,0,7.5,2,,v West Indies,Sharjah,16 Oct 1989,
ODI,N Kapil Dev,7.0,6,1,15,0,2.14,1,,v Sri Lanka,Pune,5 Dec 1990,
ODI,RJ Shastri,3.0,6,0,15,0,5.0,2,,v Sri Lanka,Margao,8 Dec 1990,
ODI,SR Tendulkar,2.0,6,0,15,0,7.5,1,,v Bangladesh,Chandigarh,25 Dec 1990,
ODI,RJ Shastri,3.0,6,0,15,0,5.0,1,,v Sri Lanka,Eden Gardens,4 Jan 1991,
ODI,SR Tendulkar,4.0,6,0,15,0,3.75,2,,v Sri Lanka,Moratuwa,14 Aug 1993,
ODI,N Kapil Dev,2.0,6,0,15,0,7.5,2,,v Sri Lanka,Colombo (RPS),5 Sep 1994,
ODI,SR Tendulkar,3.0,6,0,15,0,5.0,2,,v Australia,Colombo (RPS),9 Sep 1994,
ODI,SR Tendulkar,3.0,6,0,15,0,5.0,2,,v England,Leeds,25 May 1996,
ODI,A Kuruvilla,6.0,6,2,15,0,2.5,2,,v West Indies,Bridgetown,3 May 1997,
ODI,RK Chauhan,2.0,6,0,15,0,7.5,2,,v Pakistan,Toronto,13 Sep 1997,
ODI,RR Singh,4.0,6,0,15,0,3.75,2,,v Pakistan,Toronto,21 Sep 1997,
ODI,SC Ganguly,2.0,6,0,15,0,7.5,1,,v Australia,Sharjah,22 Apr 1998,
ODI,SC Ganguly,3.0,6,0,15,0,5.0,1,,v Kenya,Bengaluru,20 May 1998,
ODI,HH Kanitkar,2.0,6,0,15,0,7.5,1,,v Kenya,Eden Gardens,31 May 1998,
ODI,SC Ganguly,2.0,6,0,15,0,7.5,2,,v New Zealand,Nottingham,12 Jun 1999,
ODI,SC Ganguly,1.0,6,0,15,0,15.0,2,,v New Zealand,Hyderabad (Deccan),8 Nov 1999,
ODI,HK Badani,2.0,6,0,15,0,7.5,2,,v Zimbabwe,Ahmedabad,5 Dec 2000,
ODI,SC Ganguly,5.0,6,0,15,0,3.0,1,,v Kenya,Bloemfontein,12 Oct 2001,
ODI,AB Agarkar,7.0,6,1,15,0,2.14,2,,v Kenya,Paarl,24 Oct 2001,
ODI,SC Ganguly,1.3,6,0,15,0,10.0,2,,v South Africa,Colombo (RPS),25 Sep 2002,
ODI,A Kumble,7.0,6,1,15,0,2.14,2,,v New Zealand,Auckland,26 Dec 2002,
ODI,SC Ganguly,2.0,6,0,15,0,7.5,1,,v Sri Lanka,Dambulla,18 Jul 2004,
ODI,SR Tendulkar,1.0,6,0,15,0,15.0,2,,v Pakistan,Eden Gardens,13 Nov 2004,
ODI,Yuvraj Singh,3.0,6,0,15,0,5.0,2,,v West Indies,Ahmedabad,26 Oct 2006,
ODI,Yuvraj Singh,3.0,6,0,15,0,5.0,2,,v Bangladesh,Port of Spain,17 Mar 2007,
ODI,V Sehwag,5.0,6,0,15,0,3.0,2,,v Bermuda,Port of Spain,19 Mar 2007,
ODI,SC Ganguly,6.0,6,1,15,0,2.5,1,,v Ireland,Belfast,23 Jun 2007,
ODI,RP Singh,6.0,6,2,15,0,2.5,1,,v South Africa,Belfast,1 Jul 2007,
ODI,Yuvraj Singh,1.0,6,0,15,0,15.0,1,,v Australia,Nagpur,14 Oct 2007,
ODI,SR Tendulkar,2.0,6,0,15,0,7.5,2,,v Sri Lanka,Canberra,12 Feb 2008,
ODI,Yuvraj Singh,3.0,6,0,15,0,5.0,2,,v Australia,Brisbane,4 Mar 2008,
ODI,Harbhajan Singh,4.0,6,0,15,0,3.75,2,,v New Zealand,Auckland,14 Mar 2009,
ODI,RP Singh,3.0,6,0,15,0,5.0,2,,v West Indies,Kingston,28 Jun 2009,
ODI,YK Pathan,2.0,6,0,15,0,7.5,2,,v West Indies,Kingston,28 Jun 2009,
ODI,V Sehwag,3.0,6,0,15,0,5.0,1,,v Sri Lanka,Eden Gardens,24 Dec 2009,
ODI,R Vinay Kumar,3.2,6,1,15,0,4.5,2,,v England,Chester-le-Street,3 Sep 2011,
ODI,SK Raina,2.0,6,0,15,0,7.5,1,,v England,Wankhede,23 Oct 2011,
ODI,MK Tiwary,1.0,6,0,15,0,15.0,2,,v West Indies,Chennai,11 Dec 2011,
ODI,RG Sharma,2.0,6,0,15,0,7.5,1,,v Australia,Adelaide,12 Feb 2012,
ODI,SK Raina,2.2,6,0,15,0,6.42,1,,v Pakistan,Mirpur,18 Mar 2012,
ODI,Yuvraj Singh,2.0,6,0,15,0,7.5,2,,v England,Dharamsala,27 Jan 2013,
ODI,R Vinay Kumar,6.0,6,1,15,0,2.5,1,,v Sri Lanka,Port of Spain,11 Jul 2013,
ODI,V Kohli,2.0,6,0,15,0,7.5,1,,v Australia,Nagpur,30 Oct 2013,
ODI,SK Raina,3.0,6,0,15,0,5.0,1,,v Sri Lanka,Hyderabad,9 Nov 2014,
ODI,SK Raina,3.0,6,1,15,0,5.0,2,,v Bangladesh,Melbourne,19 Mar 2015,
ODI,HH Pandya,3.0,6,0,15,0,5.0,2,,v New Zealand,Hamilton,31 Jan 2019,
ODI,Mohammed Shami,4.0,6,0,15,0,3.75,2,,v New Zealand,Dubai (DICS),2 Mar 2025,
ODI,ED Solkar,3.0,6,0,16,0,5.33,2,,v New Zealand,Manchester,14 Jun 1975,
ODI,Yashpal Sharma,4.0,6,0,16,0,4.0,1,,v Sri Lanka,Delhi,15 Sep 1982,
ODI,RJ Shastri,2.0,6,0,16,0,8.0,1,,v Australia,Nottingham,13 Jun 1983,
ODI,N Kapil Dev,8.0,6,2,16,0,2.0,2,,v Australia,Chelmsford,20 Jun 1983,
ODI,RMH Binny,2.0,6,0,16,0,8.0,2,,v West Indies,Vadodara,9 Nov 1983,
ODI,KBJ Azad,2.0,6,0,16,0,8.0,2,,v Australia,Indore,6 Oct 1984,
ODI,N Kapil Dev,8.0,6,4,16,0,2.0,2,,v West Indies,Sharjah,13 Oct 1989,
ODI,M Prabhakar,5.0,6,1,16,0,3.2,2,,v Sri Lanka,Margao,8 Dec 1990,
ODI,SR Tendulkar,3.0,6,0,16,0,5.33,2,,v Zimbabwe,Harare,25 Oct 1992,
ODI,SR Tendulkar,2.0,6,0,16,0,8.0,1,,v South Africa,Centurion,11 Dec 1992,
ODI,SR Tendulkar,3.0,6,0,16,0,5.33,1,,v England,Chandigarh,21 Jan 1993,
ODI,AK Sharma,3.0,6,0,16,0,5.33,1,,v Sri Lanka,Kanpur,7 Nov 1993,
ODI,SR Tendulkar,3.0,6,0,16,0,5.33,1,,v Zimbabwe,Benoni,9 Feb 1997,
ODI,RR Singh,3.0,6,0,16,0,5.33,1,,v Pakistan,Toronto,17 Sep 1997,
ODI,RR Singh,5.0,6,1,16,0,3.2,2,,v Pakistan,Toronto,18 Sep 1997,
ODI,J Srinath,9.0,6,4,16,0,1.77,1,,v Sri Lanka,Guwahati,22 Dec 1997,
ODI,VVS Laxman,4.0,6,0,16,0,4.0,1,,v Australia,Sharjah,22 Apr 1998,
ODI,SB Joshi,4.0,6,0,16,0,4.0,1,,v Pakistan,Toronto,16 Sep 1998,
ODI,SC Ganguly,1.0,6,0,16,0,16.0,2,,v West Indies,Toronto,14 Sep 1999,
ODI,SC Ganguly,1.0,6,0,16,0,16.0,1,,v South Africa,Nairobi (Gym),3 Oct 1999,
ODI,N Chopra,5.0,6,1,16,0,3.2,1,,v New Zealand,Delhi,17 Nov 1999,
ODI,SC Ganguly,5.0,6,0,16,0,3.2,1,,v Australia,Melbourne,12 Jan 2000,
ODI,SC Ganguly,3.0,6,0,16,0,5.33,2,,v South Africa,Faridabad,15 Mar 2000,
ODI,Yuvraj Singh,4.0,6,1,16,0,4.0,1,,v Kenya,Nairobi (Gym),3 Oct 2000,
ODI,SR Tendulkar,3.0,6,0,16,0,5.33,1,,v Zimbabwe,Sharjah,26 Oct 2000,
ODI,Yuvraj Singh,3.0,6,0,16,0,5.33,2,,v Australia,Margao,6 Apr 2001,
ODI,D Mongia,2.0,6,0,16,0,8.0,1,,v West Indies,Bridgetown,29 May 2002,
ODI,D Mongia,4.0,6,0,16,0,4.0,2,,v Zimbabwe,Harare,19 Feb 2003,
ODI,V Sehwag,4.0,6,0,16,0,4.0,2,,v Namibia,Pietermaritzburg,23 Feb 2003,
ODI,V Sehwag,3.0,6,1,16,0,5.33,2,,v Kenya,Durban,20 Mar 2003,
ODI,M Kartik,10.0,6,4,16,0,1.6,1,,v South Africa,Bengaluru,19 Nov 2005,
ODI,Joginder Sharma,4.0,6,0,16,0,4.0,2,,v West Indies,Cuttack,24 Jan 2007,
ODI,SK Raina,4.0,6,0,16,0,4.0,1,,v Sri Lanka,Dambulla,28 Jan 2009,
ODI,P Kumar,5.0,6,1,16,0,3.2,1,,v Australia,Delhi,31 Oct 2009,
ODI,V Kohli,3.0,6,0,16,0,5.33,2,,v Sri Lanka,Dambulla,24 Jun 2010,
ODI,YK Pathan,2.0,6,0,16,0,8.0,1,,v West Indies,Port of Spain,6 Jun 2011,
ODI,V Kohli,3.0,6,1,16,0,5.33,1,,v West Indies,Port of Spain,6 Jun 2011,
ODI,SK Raina,5.0,6,0,16,0,3.2,2,,v England,The Oval,9 Sep 2011,
ODI,SK Raina,3.0,6,0,16,0,5.33,1,,v South Africa,Centurion,11 Dec 2013,
ODI,SK Raina,2.0,6,0,16,0,8.0,2,,v England,Leeds,17 Jul 2018,
ODI,KM Jadhav,4.0,6,0,16,0,4.0,1,,v South Africa,Southampton,5 Jun 2019,
ODI,DJ Hooda,4.0,6,1,16,0,4.0,2,,v West Indies,Port of Spain,27 Jul 2022,
ODI,Washington Sundar,3.0,6,0,16,0,5.33,2,,v New Zealand,Christchurch,30 Nov 2022,
ODI,K Nitish Kumar Reddy,2.1,6,0,16,0,7.38,2,,v Australia,Perth,19 Oct 2025,
ODI,SM Patil,3.0,6,0,17,0,5.66,2,,v Sri Lanka,Amritsar,12 Sep 1982,
ODI,M Amarnath,2.0,6,0,17,0,8.5,2,,v Australia,Chelmsford,20 Jun 1983,
ODI,RMH Binny,1.5,6,0,17,0,9.27,1,,v West Indies,Jamshedpur,7 Dec 1983,
ODI,M Prabhakar,7.0,6,0,17,0,2.42,2,,v Pakistan,Sharjah,13 Apr 1984,
ODI,N Kapil Dev,3.0,6,0,17,0,5.66,1,,v England,Chandigarh,27 Jan 1985,
ODI,RJ Shastri,10.0,6,2,17,0,1.7,2,,v New Zealand,W.A.C.A,18 Jan 1986,
ODI,M Prabhakar,8.0,6,2,17,0,2.12,1,,v England,Sharjah,2 Apr 1987,
ODI,B Arun,3.0,6,0,17,0,5.66,1,,v Australia,Sharjah,5 Apr 1987,
ODI,N Kapil Dev,8.0,6,1,17,0,2.12,1,,v Zimbabwe,Wankhede,17 Oct 1987,
ODI,M Azharuddin,3.0,6,0,17,0,5.66,2,,v West Indies,Wankhede,30 Oct 1989,
ODI,RJ Shastri,3.0,6,0,17,0,5.66,1,,v South Africa,Eden Gardens,10 Nov 1991,
ODI,SLV Raju,2.1,6,0,17,0,7.84,2,,v Zimbabwe,Hamilton,7 Mar 1992,
ODI,A Jadeja,4.0,6,0,17,0,4.25,1,,v Pakistan,Sharjah,22 Apr 1994,
ODI,M Prabhakar,4.2,6,0,17,0,3.92,2,,v Sri Lanka,Colombo (RPS),5 Sep 1994,
ODI,SR Tendulkar,4.0,6,0,17,0,4.25,2,,v Pakistan,Toronto,18 Sep 1996,
ODI,SR Tendulkar,3.0,6,0,17,0,5.66,2,,v South Africa,East London,4 Feb 1997,
ODI,A Jadeja,4.0,6,0,17,0,4.25,2,,v Sri Lanka,Colombo (RPS),20 Aug 1997,
ODI,SR Tendulkar,4.0,6,0,17,0,4.25,1,,v Pakistan,Toronto,17 Sep 1997,
ODI,SR Tendulkar,4.0,6,0,17,0,4.25,1,,v West Indies,Sharjah,16 Dec 1997,
ODI,SR Tendulkar,3.3,6,0,17,0,4.85,2,,v Pakistan,Dhaka,16 Jan 1998,
ODI,SC Ganguly,3.0,6,0,17,0,5.66,2,,v Zimbabwe,Vadodara,5 Apr 1998,
ODI,SR Tendulkar,2.0,6,0,17,0,8.5,1,,v Sri Lanka,Colombo (RPS),19 Jun 1998,
ODI,SR Tendulkar,4.0,6,0,17,0,4.25,1,,v Sri Lanka,Sharjah,6 Nov 1998,
ODI,SC Ganguly,4.0,6,0,17,0,4.25,2,,v England,Sharjah,11 Apr 1999,
ODI,BKV Prasad,6.0,6,0,17,0,2.83,2,,v Pakistan,Sharjah,16 Apr 1999,
ODI,SC Ganguly,1.0,6,0,17,0,17.0,1,,v South Africa,Nagpur,19 Mar 2000,
ODI,SC Ganguly,2.0,6,0,17,0,8.5,2,,v Zimbabwe,Jodhpur,8 Dec 2000,
ODI,S Sriram,3.0,6,0,17,0,5.66,1,,v Zimbabwe,Kanpur,11 Dec 2000,
ODI,SC Ganguly,3.0,6,0,17,0,5.66,2,,v Australia,Pune,28 Mar 2001,
ODI,SR Tendulkar,3.5,6,0,17,0,4.43,1,,v England,Kanpur,28 Jan 2002,
ODI,V Sehwag,3.0,6,0,17,0,5.66,1,,v England,Delhi,31 Jan 2002,
ODI,Yuvraj Singh,3.0,6,0,17,0,5.66,2,,v South Africa,Colombo (RPS),25 Sep 2002,
ODI,RR Powar,4.0,6,0,17,0,4.25,2,,v Pakistan,Peshawar,19 Mar 2004,
ODI,Yuvraj Singh,3.0,6,0,17,0,5.66,1,,v Sri Lanka,Dambulla,18 Jul 2004,
ODI,A Nehra,7.0,6,1,17,0,2.42,2,,v Kenya,Southampton,11 Sep 2004,
ODI,Yuvraj Singh,4.0,6,0,17,0,4.25,2,,v Kenya,Southampton,11 Sep 2004,
ODI,SC Ganguly,4.0,6,0,17,0,4.25,2,,v Pakistan,Birmingham,19 Sep 2004,
ODI,V Sehwag,2.0,6,0,17,0,8.5,2,,v Sri Lanka,Ahmedabad,6 Nov 2005,
ODI,Yuvraj Singh,2.0,6,0,17,0,8.5,1,,v South Africa,Belfast,1 Jul 2007,
ODI,SC Ganguly,3.0,6,0,17,0,5.66,2,,v England,Bristol,24 Aug 2007,
ODI,YK Pathan,1.0,6,0,17,0,17.0,2,,v England,Bengaluru,23 Nov 2008,
ODI,AM Nayar,3.0,6,0,17,0,5.66,1,,v West Indies,Johannesburg,30 Sep 2009,
ODI,V Sehwag,2.0,6,0,17,0,8.5,1,,v Bangladesh,Mirpur,7 Jan 2010,
ODI,V Sehwag,3.0,6,0,17,0,5.66,1,,v New Zealand,Dambulla,10 Aug 2010,
ODI,YK Pathan,6.0,6,1,17,0,2.83,1,,v Netherlands,Delhi,9 Mar 2011,
ODI,SK Raina,2.0,6,0,17,0,8.5,1,,v Sri Lanka,Hobart,28 Feb 2012,
ODI,MS Dhoni,4.0,6,0,17,0,4.25,1,,v Sri Lanka,Cardiff,20 Jun 2013,
ODI,V Kohli,3.0,6,0,17,0,5.66,1,,v Sri Lanka,Port of Spain,11 Jul 2013,
ODI,SK Raina,2.0,6,0,17,0,8.5,1,,v Australia,Nagpur,30 Oct 2013,
ODI,V Kohli,3.0,6,0,17,0,5.66,1,,v South Africa,Durban,8 Dec 2013,
ODI,AT Rayudu,3.0,6,0,17,0,5.66,1,,v Bangladesh,Fatullah,26 Feb 2014,
ODI,MM Sharma,3.0,6,0,17,0,5.66,1,,v England,Nottingham,30 Aug 2014,
ODI,Gurkeerat Singh,2.0,6,0,17,0,8.5,1,,v Australia,Sydney,23 Jan 2016,
ODI,Yuvraj Singh,3.0,6,0,17,0,5.66,1,,v England,Eden Gardens,22 Jan 2017,
ODI,V Kohli,3.0,6,0,17,0,5.66,2,,v Sri Lanka,The Oval,8 Jun 2017,
ODI,V Shankar,2.0,6,0,17,0,8.5,2,,v New Zealand,Mount Maunganui,26 Jan 2019,
ODI,KM Jadhav,3.0,6,0,17,0,5.66,1,,v New Zealand,Mount Maunganui,28 Jan 2019,
ODI,Washington Sundar,4.0,6,0,17,0,4.25,2,,v West Indies,Ahmedabad,11 Feb 2022,
ODI,RA Jadeja,5.0,6,0,17,0,3.4,1,,v England,Lord's,14 Jul 2022,
ODI,Umran Malik,3.0,6,0,17,0,5.66,1,,v West Indies,Bridgetown,27 Jul 2023,
ODI,Mukesh Kumar,3.0,6,0,17,0,5.66,2,,v West Indies,Bridgetown,29 Jul 2023,
ODI,SA Yadav,2.0,6,0,17,0,8.5,2,,v Netherlands,Bengaluru,12 Nov 2023,
ODI,KD Ghavri,6.0,6,0,18,0,3.0,2,,v Pakistan,Sialkot,13 Oct 1978,
ODI,Randhir Singh,6.0,6,0,18,0,3.0,2,,v England,Ahmedabad,25 Nov 1981,
ODI,C Sharma,7.0,6,0,18,0,2.57,2,,v Pakistan,Sharjah,13 Apr 1984,
ODI,S Madan Lal,5.0,6,0,18,0,3.6,1,,v Australia,Melbourne,3 Mar 1985,
ODI,LS Rajput,3.0,6,0,18,0,6.0,2,,v Pakistan,Eden Gardens,18 Feb 1987,
ODI,K Srikkanth,4.0,6,0,18,0,4.5,2,,v West Indies,Sharjah,21 Oct 1988,
ODI,N Kapil Dev,9.0,6,2,18,0,2.0,2,,v New Zealand,Indore,15 Dec 1988,
ODI,SR Tendulkar,4.0,6,0,18,0,4.5,1,,v Australia,Sydney,20 Jan 1992,
ODI,SR Tendulkar,5.0,6,1,18,0,3.6,2,,v South Africa,Gqeberha,9 Dec 1992,
ODI,C Sharma,4.0,6,0,18,0,4.5,1,,v South Africa,Durban,17 Dec 1992,
ODI,AK Sharma,3.0,6,0,18,0,6.0,1,,v England,Gwalior,4 Mar 1993,
ODI,A Jadeja,1.0,6,0,18,0,18.0,2,,v West Indies,Eden Gardens,27 Nov 1993,
ODI,RK Chauhan,8.0,6,2,18,0,2.25,2,,v Sri Lanka,Jalandhar,20 Feb 1994,
ODI,SR Tendulkar,3.0,6,0,18,0,6.0,2,,v New Zealand,Jamshedpur,15 Nov 1995,
ODI,SR Tendulkar,2.0,6,0,18,0,9.0,2,,v Pakistan,Singapore,5 Apr 1996,
ODI,A Jadeja,4.0,6,0,18,0,4.5,1,,v South Africa,Sharjah,19 Apr 1996,
ODI,A Jadeja,4.0,6,0,18,0,4.5,2,,v Australia,Colombo (SSC),6 Sep 1996,
ODI,A Jadeja,4.0,6,0,18,0,4.5,2,,v Sri Lanka,Colombo (RPS),18 Jul 1997,
ODI,DS Mohanty,7.0,6,1,18,0,2.57,1,,v Bangladesh,Mohali,14 May 1998,
ODI,Harbhajan Singh,4.0,6,0,18,0,4.5,1,,v Bangladesh,Wankhede,25 May 1998,
ODI,RR Singh,5.0,6,1,18,0,3.6,1,,v Kenya,Gwalior,28 May 1998,
ODI,RR Singh,4.0,6,0,18,0,4.5,2,,v Australia,Galle,23 Aug 1999,
ODI,SC Ganguly,3.0,6,0,18,0,6.0,1,,v Australia,Colombo (SSC),28 Aug 1999,
ODI,RR Singh,2.0,6,0,18,0,9.0,1,,v South Africa,Nairobi (Gym),3 Oct 1999,
ODI,SR Tendulkar,3.0,6,0,18,0,6.0,1,,v New Zealand,Rajkot,5 Nov 1999,
ODI,SC Ganguly,3.0,6,1,18,0,6.0,1,,v New Zealand,Guwahati,14 Nov 1999,
ODI,RS Sodhi,4.0,6,1,18,0,4.5,1,,v West Indies,Harare,4 Jul 2001,
ODI,SB Bangar,5.0,6,0,18,0,3.6,2,,v Zimbabwe,Kochi,13 Mar 2002,
ODI,SR Tendulkar,5.0,6,0,18,0,3.6,1,,v Sri Lanka,Birmingham,6 Jul 2002,
ODI,Yuvraj Singh,3.0,6,0,18,0,6.0,1,,v England,Lord's,13 Jul 2002,
ODI,Yuvraj Singh,3.0,6,0,18,0,6.0,2,,v West Indies,Vadodara,18 Nov 2002,
ODI,Yuvraj Singh,2.0,6,0,18,0,9.0,1,,v Pakistan,Lahore,21 Mar 2004,
ODI,RS Gavaskar,3.0,6,0,18,0,6.0,1,,v England,The Oval,3 Sep 2004,
ODI,V Sehwag,3.0,6,0,18,0,6.0,2,,v South Africa,Hyderabad,16 Nov 2005,
ODI,RP Singh,4.0,6,0,18,0,4.5,2,,v South Africa,Eden Gardens,25 Nov 2005,
ODI,Harbhajan Singh,4.0,6,0,18,0,4.5,2,,v Sri Lanka,Dambulla,18 Aug 2008,
ODI,SK Raina,3.0,6,0,18,0,6.0,1,,v Australia,Visakhapatnam,20 Oct 2010,
ODI,YK Pathan,4.0,6,0,18,0,4.5,1,,v South Africa,Gqeberha,21 Jan 2011,
ODI,V Kohli,5.0,6,0,18,0,3.6,1,,v England,Delhi,17 Oct 2011,
ODI,V Kohli,1.0,6,0,18,0,18.0,2,,v Australia,Mohali,19 Oct 2013,
ODI,MM Sharma,6.0,6,1,18,0,3.0,2,,v England,Cardiff,27 Aug 2014,
ODI,B Kumar,2.0,6,0,18,0,9.0,2,,v England,Brisbane,20 Jan 2015,
ODI,M Vijay,3.0,6,0,18,0,6.0,2,,v Zimbabwe,Harare,12 Jul 2015,
ODI,SK Raina,2.0,6,0,18,0,9.0,2,,v South Africa,Indore,14 Oct 2015,
ODI,KM Jadhav,3.0,6,0,18,0,6.0,2,,v Sri Lanka,The Oval,8 Jun 2017,
ODI,SK Raina,2.0,6,0,18,0,9.0,1,,v England,Lord's,14 Jul 2018,
ODI,HH Pandya,1.0,6,0,18,0,18.0,2,,v Australia,Visakhapatnam,19 Mar 2023,
ODI,NT Tilak Varma,3.0,6,0,18,0,6.0,2,,v South Africa,Gqeberha,19 Dec 2023,
ODI,Washington Sundar,3.0,6,0,18,0,6.0,2,,v South Africa,Ranchi,30 Nov 2025,
ODI,TAP Sekhar,4.0,6,0,19,0,4.75,2,,v Pakistan,Karachi,21 Jan 1983,
ODI,S Madan Lal,6.0,6,0,19,0,3.16,2,,v Australia,Indore,6 Oct 1984,
ODI,RP Singh,4.0,6,1,19,0,4.75,1,,v Australia,Hyderabad (Deccan),24 Sep 1986,
ODI,SK Sharma,5.0,6,0,19,0,3.8,1,,v New Zealand,Cuttack,12 Dec 1988,
ODI,K Srikkanth,4.0,6,0,19,0,4.75,2,,v West Indies,Port of Spain,11 Mar 1989,
ODI,K Srikkanth,5.0,6,0,19,0,3.8,1,,v Pakistan,Sharjah,27 Apr 1990,
ODI,N Kapil Dev,5.0,6,1,19,0,3.8,1,,v South Africa,Centurion,11 Dec 1992,
ODI,AK Sharma,3.0,6,0,19,0,6.33,2,,v Sri Lanka,Moratuwa,14 Aug 1993,
ODI,N Kapil Dev,6.0,6,1,19,0,3.16,1,,v Sri Lanka,Hyderabad (Deccan),18 Feb 1994,
ODI,A Jadeja,2.0,6,0,19,0,9.5,1,,v New Zealand,Nagpur,26 Nov 1995,
ODI,M Prabhakar,5.0,6,1,19,0,3.8,1,,v Kenya,Cuttack,18 Feb 1996,
ODI,A Jadeja,5.0,6,0,19,0,3.8,2,,v Pakistan,Bengaluru,9 Mar 1996,
ODI,SR Tendulkar,5.1,6,0,19,0,3.67,2,,v Sri Lanka,Singapore,3 Apr 1996,
ODI,SB Joshi,2.0,6,0,19,0,9.5,2,,v Zimbabwe,Bulawayo,15 Feb 1997,
ODI,SB Joshi,4.0,6,0,19,0,4.75,2,,v West Indies,Port of Spain,26 Apr 1997,
ODI,SC Ganguly,3.0,6,0,19,0,6.33,2,,v Sri Lanka,Colombo (RPS),18 Jul 1997,
ODI,SC Ganguly,3.0,6,0,19,0,6.33,1,,v Sri Lanka,Colombo (SSC),24 Aug 1997,
ODI,Harvinder Singh,8.0,6,2,19,0,2.37,1,,v Pakistan,Toronto,14 Sep 1997,
ODI,RR Singh,3.0,6,0,19,0,6.33,2,,v Pakistan,Sharjah,14 Dec 1997,
ODI,SR Tendulkar,4.0,6,0,19,0,4.75,1,,v Australia,Kanpur,7 Apr 1998,
ODI,HH Kanitkar,4.0,6,1,19,0,4.75,1,,v Sri Lanka,Colombo (RPS),19 Jun 1998,
ODI,RR Singh,2.0,6,0,19,0,9.5,2,,v New Zealand,Wellington,14 Jan 1999,
ODI,RR Singh,2.0,6,0,19,0,9.5,1,,v New Zealand,Auckland,16 Jan 1999,
ODI,SC Ganguly,4.0,6,0,19,0,4.75,2,,v Sri Lanka,Pune,30 Mar 1999,
ODI,SB Joshi,4.0,6,0,19,0,4.75,1,,v New Zealand,Guwahati,14 Nov 1999,
ODI,SC Ganguly,2.0,6,0,19,0,9.5,1,,v Australia,Adelaide,26 Jan 2000,
ODI,Z Khan,8.0,6,0,19,0,2.37,1,,v Zimbabwe,Kanpur,11 Dec 2000,
ODI,V Sehwag,4.0,6,0,19,0,4.75,1,,v Zimbabwe,Bulawayo,27 Jun 2001,
ODI,V Sehwag,3.0,6,0,19,0,6.33,2,,v Sri Lanka,Colombo (SSC),1 Aug 2001,
ODI,SC Ganguly,3.0,6,0,19,0,6.33,1,,v England,Delhi,31 Jan 2002,
ODI,V Sehwag,4.0,6,0,19,0,4.75,1,,v Pakistan,Centurion,1 Mar 2003,
ODI,D Mongia,3.0,6,0,19,0,6.33,2,,v South Africa,Dhaka,18 Apr 2003,
ODI,SB Bangar,3.0,6,0,19,0,6.33,1,,v Australia,Melbourne,9 Jan 2004,
ODI,SC Ganguly,4.0,6,0,19,0,4.75,2,,v Bangladesh,Chattogram,23 Dec 2004,
ODI,Yuvraj Singh,3.0,6,0,19,0,6.33,2,,v England,Margao,3 Apr 2006,
ODI,V Sehwag,5.0,6,0,19,0,3.8,2,,v Sri Lanka,Colombo (RPS),31 Jan 2009,
ODI,SK Raina,4.0,6,0,19,0,4.75,2,,v Sri Lanka,Colombo (RPS),31 Jan 2009,
ODI,Yuvraj Singh,2.0,6,0,19,0,9.5,1,,v West Indies,Gros Islet,3 Jul 2009,
ODI,Yuvraj Singh,5.0,6,0,19,0,3.8,2,,v Sri Lanka,Mirpur,5 Jan 2010,
ODI,V Sehwag,3.0,6,0,19,0,6.33,1,,v Pakistan,Dambulla,19 Jun 2010,
ODI,RG Sharma,4.0,6,0,19,0,4.75,1,,v New Zealand,Bengaluru,7 Dec 2010,
ODI,RG Sharma,3.0,6,0,19,0,6.33,1,,v Pakistan,Mirpur,18 Mar 2012,
ODI,Yuvraj Singh,4.0,6,0,19,0,4.75,2,,v England,Kochi,15 Jan 2013,
ODI,B Kumar,3.0,6,0,19,0,6.33,2,,v England,Birmingham,23 Jun 2013,
ODI,SK Raina,3.0,6,0,19,0,6.33,2,,v England,Birmingham,23 Jun 2013,
ODI,B Kumar,5.0,6,0,19,0,3.8,2,,v West Indies,North Sound,30 Jun 2017,
ODI,KM Jadhav,3.0,6,0,19,0,6.33,1,,v South Africa,Durban,1 Feb 2018,
ODI,V Shankar,4.0,6,0,19,0,4.75,1,,v New Zealand,Napier,23 Jan 2019,
ODI,KK Ahmed,3.0,6,0,19,0,6.33,2,,v New Zealand,Hamilton,31 Jan 2019,
ODI,V Shankar,4.0,6,0,19,0,4.75,2,,v New Zealand,Wellington,3 Feb 2019,
ODI,M Amarnath,8.0,6,1,20,0,2.5,1,,v Pakistan,Gujranwala,3 Dec 1982,
ODI,M Amarnath,2.4,6,0,20,0,7.5,2,,v West Indies,Guwahati,17 Dec 1983,
ODI,S Madan Lal,5.0,6,1,20,0,4.0,1,,v Pakistan,Quetta,12 Oct 1984,
ODI,C Sharma,3.0,6,0,20,0,6.66,1,,v England,Chandigarh,27 Jan 1985,
ODI,M Azharuddin,3.0,6,0,20,0,6.66,2,,v Pakistan,Indore,27 Jan 1987,
ODI,M Azharuddin,3.0,6,0,20,0,6.66,1,,v Australia,Chennai,9 Oct 1987,
ODI,M Amarnath,5.0,6,0,20,0,4.0,1,,v Pakistan,Sharjah,19 Oct 1988,
ODI,SK Sharma,5.0,6,0,20,0,4.0,1,,v Sri Lanka,Dhaka,4 Nov 1988,
ODI,M Amarnath,4.0,6,0,20,0,5.0,2,,v Sri Lanka,Ahmedabad,22 Oct 1989,
ODI,SR Tendulkar,6.0,6,0,20,0,3.33,1,,v Pakistan,Sharjah,23 Oct 1991,
ODI,J Srinath,4.0,6,0,20,0,5.0,2,,v Zimbabwe,Hamilton,7 Mar 1992,
ODI,SR Tendulkar,3.0,6,0,20,0,6.66,2,,v West Indies,Wellington,10 Mar 1992,
ODI,SR Tendulkar,6.0,6,0,20,0,3.33,2,,v South Africa,Adelaide,15 Mar 1992,
ODI,ST Banerjee,3.0,6,0,20,0,6.66,1,,v South Africa,East London,19 Dec 1992,
ODI,SA Ankola,7.0,6,1,20,0,2.85,2,,v Zimbabwe,Faridabad,19 Mar 1993,
ODI,SR Tendulkar,6.0,6,1,20,0,3.33,1,,v Sri Lanka,Colombo (RPS),12 Aug 1993,
ODI,SR Tendulkar,2.0,6,0,20,0,10.0,1,,v West Indies,Cuttack,9 Nov 1994,
ODI,A Jadeja,5.0,6,0,20,0,4.0,1,,v Zimbabwe,Colombo (SSC),1 Sep 1996,
ODI,SR Tendulkar,4.0,6,0,20,0,5.0,1,,v Zimbabwe,Colombo (SSC),1 Sep 1996,
ODI,SC Ganguly,3.0,6,0,20,0,6.66,1,,v Zimbabwe,Colombo (SSC),1 Sep 1996,
ODI,A Jadeja,3.0,6,0,20,0,6.66,2,,v Pakistan,Toronto,17 Sep 1996,
ODI,RR Singh,2.0,6,0,20,0,10.0,2,,v Sri Lanka,Wankhede,17 May 1997,
ODI,SR Tendulkar,3.0,6,0,20,0,6.66,2,,v Sri Lanka,Colombo (RPS),26 Jul 1997,
ODI,RR Singh,6.0,6,0,20,0,3.33,2,,v Pakistan,Dhaka,11 Jan 1998,
ODI,SR Tendulkar,2.0,6,0,20,0,10.0,2,,v Zimbabwe,Cuttack,9 Apr 1998,
ODI,SC Ganguly,5.0,6,0,20,0,4.0,2,,v New Zealand,Sharjah,20 Apr 1998,
ODI,SC Ganguly,4.0,6,0,20,0,5.0,1,,v New Zealand,Christchurch,19 Jan 1999,
ODI,SC Ganguly,3.0,6,0,20,0,6.66,1,,v Pakistan,Sharjah,8 Apr 1999,
ODI,RR Singh,2.0,6,0,20,0,10.0,1,,v New Zealand,Rajkot,5 Nov 1999,
ODI,RR Singh,6.0,6,0,20,0,3.33,1,,v New Zealand,Guwahati,14 Nov 1999,
ODI,SC Ganguly,4.0,6,0,20,0,5.0,1,,v Sri Lanka,Colombo (RPS),5 Aug 2001,
ODI,SC Ganguly,3.0,6,0,20,0,6.66,2,,v Zimbabwe,Faridabad,7 Mar 2002,
ODI,D Mongia,3.0,6,0,20,0,6.66,1,,v Zimbabwe,Hyderabad (Deccan),16 Mar 2002,
ODI,SC Ganguly,3.0,6,0,20,0,6.66,1,,v West Indies,Bridgetown,29 May 2002,
ODI,SR Tendulkar,5.0,6,0,20,0,4.0,1,,v New Zealand,Centurion,14 Mar 2003,
ODI,SR Tendulkar,3.0,6,0,20,0,6.66,1,,v Australia,Johannesburg,23 Mar 2003,
ODI,Joginder Sharma,3.0,6,0,20,0,6.66,2,,v Bangladesh,Dhaka,27 Dec 2004,
ODI,AB Agarkar,3.0,6,0,20,0,6.66,2,,v Sri Lanka,Nagpur,25 Oct 2005,
ODI,V Sehwag,3.0,6,0,20,0,6.66,1,,v Pakistan,Rawalpindi,11 Feb 2006,
ODI,SR Tendulkar,5.0,6,0,20,0,4.0,1,,v Australia,Nagpur,14 Oct 2007,
ODI,MM Patel,7.0,6,1,20,0,2.85,1,,v Sri Lanka,Colombo (RPS),29 Aug 2008,
ODI,YK Pathan,3.0,6,0,20,0,6.66,1,,v Sri Lanka,Colombo (RPS),8 Feb 2009,
ODI,Yuvraj Singh,3.0,6,0,20,0,6.66,1,,v Sri Lanka,Colombo (RPS),12 Sep 2009,
ODI,UT Yadav,4.0,6,0,20,0,5.0,2,,v Zimbabwe,Harare,3 Jun 2010,
ODI,YK Pathan,4.0,6,0,20,0,5.0,2,,v South Africa,Nagpur,12 Mar 2011,
ODI,MM Patel,5.0,6,0,20,0,4.0,2,,v West Indies,Chennai,20 Mar 2011,
ODI,P Kumar,4.0,6,0,20,0,5.0,2,,v England,The Oval,9 Sep 2011,
ODI,V Sehwag,4.0,6,0,20,0,5.0,2,,v Sri Lanka,Hambantota,21 Jul 2012,
ODI,Yuvraj Singh,3.0,6,0,20,0,6.66,2,,v Australia,Mohali,19 Oct 2013,
ODI,V Kohli,2.0,6,0,20,0,10.0,2,,v West Indies,Delhi,11 Oct 2014,
ODI,KM Jadhav,4.0,6,0,20,0,5.0,1,,v Sri Lanka,Colombo (RPS),3 Sep 2017,
ODI,KM Jadhav,3.0,6,0,20,0,6.66,1,,v Pakistan,Dubai (DICS),23 Sep 2018,
ODI,B Kumar,5.0,6,0,20,0,4.0,1,,v New Zealand,Napier,23 Jan 2019,
ODI,HH Pandya,4.0,6,0,20,0,5.0,1,,v Sri Lanka,Colombo (RPS),20 Jul 2021,
ODI,HH Pandya,4.0,6,0,20,0,5.0,1,,v Bangladesh,Dubai (DICS),20 Feb 2025,
ODI,N Kapil Dev,9.0,6,2,21,0,2.33,2,,v England,Leeds,2 Jun 1982,
ODI,N Kapil Dev,6.0,6,2,21,0,3.5,2,,v West Indies,St George's,7 Apr 1983,
ODI,S Madan Lal,6.0,6,1,21,0,3.5,2,,v Pakistan,Sharjah,13 Apr 1984,
ODI,C Sharma,7.0,6,1,21,0,3.0,2,,v Australia,Ahmedabad,5 Oct 1984,
ODI,RMH Binny,2.0,6,0,21,0,10.5,2,,v Australia,Ahmedabad,5 Oct 1984,
ODI,S Madan Lal,7.0,6,1,21,0,3.0,1,,v Sri Lanka,Delhi,13 Jan 1987,
ODI,RMH Binny,2.0,6,0,21,0,10.5,2,,v Pakistan,Eden Gardens,18 Feb 1987,
ODI,M Amarnath,5.0,6,0,21,0,4.2,2,,v West Indies,Thiruvananthapuram,25 Jan 1988,
ODI,M Prabhakar,4.0,6,0,21,0,5.25,2,,v West Indies,Wankhede,30 Oct 1989,
ODI,N Kapil Dev,10.0,6,3,21,0,2.1,2,,v Australia,Hobart,10 Dec 1991,
ODI,K Srikkanth,3.0,6,0,21,0,7.0,2,,v West Indies,Brisbane,11 Jan 1992,
ODI,N Kapil Dev,6.0,6,0,21,0,3.5,1,,v Zimbabwe,Guwahati,22 Mar 1993,
ODI,N Kapil Dev,8.0,6,0,21,0,2.62,1,,v West Indies,Ahmedabad,16 Nov 1993,
ODI,SA Ankola,6.0,6,0,21,0,3.5,2,,v South Africa,Eden Gardens,24 Nov 1993,
ODI,J Srinath,5.0,6,0,21,0,4.2,2,,v Sri Lanka,Colombo (RPS),5 Sep 1994,
ODI,SR Tendulkar,4.0,6,0,21,0,5.25,2,,v Sri Lanka,Colombo (RPS),5 Sep 1994,
ODI,BKV Prasad,3.0,6,0,21,0,7.0,2,,v Sri Lanka,Colombo (SSC),23 Aug 1997,
ODI,SC Ganguly,4.0,6,0,21,0,5.25,2,,v Pakistan,Hyderabad (Sind),28 Sep 1997,
ODI,SR Tendulkar,4.0,6,0,21,0,5.25,1,,v Australia,Sharjah,19 Apr 1998,
ODI,SC Ganguly,6.0,6,0,21,0,3.5,1,,v Bangladesh,Mohali,14 May 1998,
ODI,GK Pandey,3.0,6,0,21,0,7.0,2,,v Pakistan,Mohali,1 Apr 1999,
ODI,HH Kanitkar,4.0,6,0,21,0,5.25,2,,v Pakistan,Mohali,1 Apr 1999,
ODI,SB Joshi,7.0,6,1,21,0,3.0,2,,v West Indies,Toronto,14 Sep 1999,
ODI,DS Mohanty,6.0,6,1,21,0,3.5,1,,v South Africa,Nairobi (Gym),26 Sep 1999,
ODI,SR Tendulkar,4.0,6,0,21,0,5.25,1,,v Pakistan,Sharjah,23 Mar 2000,
ODI,RR Singh,3.4,6,1,21,0,5.72,2,,v South Africa,Sharjah,27 Mar 2000,
ODI,AB Agarkar,7.0,6,1,21,0,3.0,2,,v South Africa,Nairobi (Gym),13 Oct 2000,
ODI,SR Tendulkar,3.0,6,0,21,0,7.0,1,,v Sri Lanka,Sharjah,27 Oct 2000,
ODI,SR Tendulkar,4.0,6,0,21,0,5.25,2,,v South Africa,Centurion,10 Oct 2001,
ODI,SC Ganguly,3.0,6,0,21,0,7.0,1,,v Kenya,Gqeberha,17 Oct 2001,
ODI,V Sehwag,4.0,6,0,21,0,5.25,2,,v West Indies,Port of Spain,2 Jun 2002,
ODI,A Nehra,6.0,6,0,21,0,3.5,2,,v England,Chester-le-Street,4 Jul 2002,
ODI,Z Khan,2.0,6,0,21,0,10.5,2,,v New Zealand,Queenstown,4 Jan 2003,
ODI,SR Tendulkar,4.0,6,0,21,0,5.25,1,,v Australia,Wankhede,1 Nov 2003,
ODI,HK Badani,3.3,6,0,21,0,6.0,2,,v New Zealand,Cuttack,6 Nov 2003,
ODI,SC Ganguly,5.0,6,0,21,0,4.2,2,,v Kenya,Southampton,11 Sep 2004,
ODI,AB Agarkar,6.0,6,1,21,0,3.5,1,,v Pakistan,Lahore,13 Feb 2006,
ODI,V Sehwag,4.0,6,0,21,0,5.25,1,,v England,Faridabad,31 Mar 2006,
ODI,V Sehwag,2.0,6,0,21,0,10.5,1,,v West Indies,Kingston,18 May 2006,
ODI,V Sehwag,3.0,6,0,21,0,7.0,1,,v Australia,Kuala Lumpur,22 Sep 2006,
ODI,SC Ganguly,4.0,6,0,21,0,5.25,1,,v England,Southampton,21 Aug 2007,
ODI,P Kumar,5.0,6,0,21,0,4.2,2,,v Hong Kong,Karachi,25 Jun 2008,
ODI,YK Pathan,5.0,6,0,21,0,4.2,2,,v Sri Lanka,Colombo (RPS),31 Jan 2009,
ODI,V Kohli,3.0,6,0,21,0,7.0,1,,v Pakistan,Centurion,26 Sep 2009,
ODI,A Nehra,3.0,6,0,21,0,7.0,2,,v Australia,Guwahati,8 Nov 2009,
ODI,RA Jadeja,6.0,6,1,21,0,3.5,1,,v Sri Lanka,Mirpur,10 Jan 2010,
ODI,V Sehwag,5.0,6,0,21,0,4.2,1,,v Sri Lanka,Dambulla,28 Aug 2010,
ODI,Yuvraj Singh,3.0,6,0,21,0,7.0,1,,v New Zealand,Bengaluru,7 Dec 2010,
ODI,YK Pathan,3.0,6,0,21,0,7.0,2,,v England,Bengaluru,27 Feb 2011,
ODI,R Vinay Kumar,3.0,6,0,21,0,7.0,2,,v England,Eden Gardens,25 Oct 2011,
ODI,V Kohli,2.5,6,0,21,0,7.41,2,,v Pakistan,Chennai,30 Dec 2012,
ODI,RG Sharma,3.0,6,0,21,0,7.0,1,,v Ireland,Hamilton,10 Mar 2015,
ODI,SS Iyer,3.0,6,0,21,0,7.0,1,,v South Africa,Cape Town,23 Jan 2022,
ODI,Arshdeep Singh,5.0,6,1,21,0,4.2,2,,v New Zealand,Christchurch,30 Nov 2022,
ODI,NT Tilak Varma,4.0,6,0,21,0,5.25,1,,v Bangladesh,Colombo (RPS),15 Sep 2023,
ODI,Mohammed Siraj,4.0,6,1,21,0,5.25,2,,v Australia,Perth,19 Oct 2025,
ODI,S Madan Lal,4.3,8,1,22,0,3.77,2,,v New Zealand,Christchurch,21 Feb 1976,
ODI,S Madan Lal,10.0,6,2,22,0,2.2,1,,v Pakistan,Hyderabad (Deccan),10 Sep 1983,
ODI,S Madan Lal,4.0,6,0,22,0,5.5,2,,v Pakistan,Hyderabad (Deccan),20 Mar 1987,
ODI,M Prabhakar,4.0,6,0,22,0,5.5,1,,v West Indies,Guwahati,23 Dec 1987,
ODI,C Sharma,3.0,6,0,22,0,7.33,1,,v Australia,Bengaluru,27 Oct 1989,
ODI,RJ Shastri,5.0,6,0,22,0,4.4,2,,v Zimbabwe,Harare,25 Oct 1992,
ODI,A Kumble,10.0,6,1,22,0,2.2,2,,v South Africa,Gqeberha,9 Dec 1992,
ODI,A Jadeja,4.4,6,1,22,0,4.71,2,,v South Africa,Gqeberha,9 Dec 1992,
ODI,N Kapil Dev,7.0,6,1,22,0,3.14,2,,v Sri Lanka,Moratuwa,14 Aug 1993,
ODI,SR Tendulkar,5.0,6,0,22,0,4.4,2,,v New Zealand,Christchurch,2 Apr 1994,
ODI,SR Tendulkar,5.0,6,0,22,0,4.4,2,,v U.A.E.,Sharjah,13 Apr 1994,
ODI,BKV Prasad,6.0,6,0,22,0,3.66,1,,v New Zealand,Brabourne,29 Nov 1995,
ODI,A Jadeja,3.0,6,0,22,0,7.33,2,,v England,Leeds,25 May 1996,
ODI,SR Tendulkar,2.0,6,0,22,0,11.0,2,,v England,Manchester,26 May 1996,
ODI,SB Joshi,6.0,6,0,22,0,3.66,1,,v Pakistan,Toronto,16 Sep 1996,
ODI,SR Tendulkar,3.0,6,0,22,0,7.33,1,,v South Africa,Jaipur,23 Oct 1996,
ODI,A Jadeja,3.0,6,0,22,0,7.33,1,,v South Africa,Bloemfontein,23 Jan 1997,
ODI,SR Tendulkar,5.0,6,0,22,0,4.4,1,,v Zimbabwe,Paarl,27 Jan 1997,
ODI,SR Tendulkar,5.0,6,0,22,0,4.4,2,,v West Indies,Bridgetown,3 May 1997,
ODI,RR Singh,2.0,6,0,22,0,11.0,2,,v Pakistan,Lahore,2 Oct 1997,
ODI,SB Joshi,5.0,6,1,22,0,4.4,1,,v Pakistan,Toronto,12 Sep 1998,
ODI,SR Tendulkar,4.0,6,0,22,0,5.5,2,,v South Africa,Hove,15 May 1999,
ODI,SC Ganguly,3.5,6,0,22,0,5.73,2,,v Australia,Sydney,14 Jan 2000,
ODI,RR Singh,3.0,6,0,22,0,7.33,1,,v Sri Lanka,Dhaka,1 Jun 2000,
ODI,SR Tendulkar,5.0,6,0,22,0,4.4,2,,v Sri Lanka,Sharjah,20 Oct 2000,
ODI,Yuvraj Singh,3.0,6,0,22,0,7.33,2,,v Zimbabwe,Guwahati,19 Mar 2002,
ODI,Harbhajan Singh,5.0,6,1,22,0,4.4,2,,v West Indies,Port of Spain,1 Jun 2002,
ODI,Jai P Yadav,4.0,6,0,22,0,5.5,2,,v West Indies,Jamshedpur,6 Nov 2002,
ODI,SB Bangar,4.0,6,0,22,0,5.5,1,,v New Zealand,Auckland,11 Jan 2003,
ODI,Yuvraj Singh,3.0,6,0,22,0,7.33,2,,v West Indies,Colombo (RPS),7 Aug 2005,
ODI,RP Singh,5.0,6,0,22,0,4.4,1,,v South Africa,Bengaluru,19 Nov 2005,
ODI,IK Pathan,2.0,6,0,22,0,11.0,2,,v West Indies,Kuala Lumpur,14 Sep 2006,
ODI,RP Singh,6.0,6,0,22,0,3.66,2,,v England,Manchester,30 Aug 2007,
ODI,SR Tendulkar,3.0,6,0,22,0,7.33,1,,v Australia,Kochi,2 Oct 2007,
ODI,Yuvraj Singh,3.0,6,0,22,0,7.33,1,,v Australia,Kochi,2 Oct 2007,
ODI,SR Tendulkar,4.0,6,0,22,0,5.5,1,,v Australia,Hyderabad,5 Oct 2007,
ODI,Yuvraj Singh,4.0,6,0,22,0,5.5,1,,v Australia,Adelaide,17 Feb 2008,
ODI,V Sehwag,3.0,6,0,22,0,7.33,1,,v Sri Lanka,Karachi,3 Jul 2008,
ODI,RG Sharma,4.0,6,1,22,0,5.5,1,,v Sri Lanka,Dambulla,28 Jan 2009,
ODI,V Kohli,3.0,6,0,22,0,7.33,2,,v England,Southampton,6 Sep 2011,
ODI,V Kohli,3.0,6,0,22,0,7.33,1,,v South Africa,Centurion,11 Dec 2013,
ODI,STR Binny,4.0,6,0,22,0,5.5,2,,v Sri Lanka,Fatullah,28 Feb 2014,
ODI,V Shankar,3.0,6,0,22,0,7.33,1,,v Australia,Hyderabad,2 Mar 2019,
ODI,HH Pandya,4.0,6,0,22,0,5.5,1,,v England,The Oval,12 Jul 2022,
ODI,DJ Hooda,5.0,6,0,22,0,4.4,2,,v West Indies,Port of Spain,22 Jul 2022,
ODI,AR Patel,6.0,6,0,22,0,3.66,2,,v South Africa,Gqeberha,19 Dec 2023,
ODI,RMH Binny,4.0,6,0,23,0,5.75,2,,v New Zealand,Melbourne,10 Jan 1981,
ODI,N Kapil Dev,8.0,6,3,23,0,2.87,1,,v England,Cuttack,27 Jan 1982,
ODI,RJ Shastri,3.0,6,0,23,0,7.66,1,,v Australia,New Delhi,28 Sep 1984,
ODI,RJ Shastri,10.0,6,1,23,0,2.3,2,,v Australia,Brisbane,12 Jan 1986,
ODI,RJ Shastri,8.2,6,0,23,0,2.76,2,,v Pakistan,Pune,22 Mar 1987,
ODI,RJ Shastri,3.0,6,0,23,0,7.66,1,,v West Indies,Ahmedabad,7 Jan 1988,
ODI,WV Raman,3.0,6,0,23,0,7.66,1,,v West Indies,Gwalior,22 Jan 1988,
ODI,M Azharuddin,2.0,6,0,23,0,11.5,1,,v West Indies,Georgetown,21 Mar 1989,
ODI,C Sharma,5.0,6,0,23,0,4.6,1,,v Pakistan,Eden Gardens,28 Oct 1989,
ODI,N Kapil Dev,9.0,6,0,23,0,2.55,2,,v South Africa,Johannesburg,13 Dec 1992,
ODI,A Kumble,4.0,6,0,23,0,5.75,2,,v England,Jamshedpur,1 Mar 1993,
ODI,SA Ankola,5.0,6,0,23,0,4.6,2,,v Sri Lanka,Jalandhar,20 Feb 1994,
ODI,RK Chauhan,4.0,6,0,23,0,5.75,2,,v Sri Lanka,Colombo (RPS),5 Sep 1994,
ODI,C Sharma,1.0,6,0,23,0,23.0,2,,v New Zealand,Delhi,3 Nov 1994,
ODI,SR Tendulkar,6.0,6,0,23,0,3.83,2,,v Zimbabwe,Kanpur,6 Mar 1996,
ODI,A Kuruvilla,8.0,6,1,23,0,2.87,2,,v Pakistan,Hyderabad (Sind),28 Sep 1997,
ODI,DS Mohanty,4.0,6,0,23,0,5.75,2,,v Pakistan,Hyderabad (Sind),28 Sep 1997,
ODI,RR Singh,6.0,6,0,23,0,3.83,1,,v Pakistan,Karachi,30 Sep 1997,
ODI,SR Tendulkar,1.0,6,0,23,0,23.0,2,,v Kenya,Bristol,23 May 1999,
ODI,BKV Prasad,9.0,6,1,23,0,2.55,1,,v South Africa,Nairobi (Gym),26 Sep 1999,
ODI,SR Tendulkar,3.0,6,0,23,0,7.66,1,,v Australia,Melbourne,12 Jan 2000,
ODI,SC Ganguly,6.0,6,0,23,0,3.83,1,,v New Zealand,Colombo (SSC),2 Aug 2001,
ODI,SR Tendulkar,4.0,6,0,23,0,5.75,2,,v England,Eden Gardens,19 Jan 2002,
ODI,AM Salvi,3.0,6,0,23,0,7.66,1,,v Australia,Eden Gardens,18 Nov 2003,
ODI,HK Badani,5.0,6,0,23,0,4.6,1,,v Australia,Eden Gardens,18 Nov 2003,
ODI,A Nehra,6.0,6,0,23,0,3.83,2,,v England,Nottingham,1 Sep 2004,
ODI,Yuvraj Singh,3.0,6,0,23,0,7.66,1,,v England,The Oval,3 Sep 2004,
ODI,Jai P Yadav,4.0,6,0,23,0,5.75,1,,v Sri Lanka,Pune,3 Nov 2005,
ODI,Yuvraj Singh,4.0,6,0,23,0,5.75,1,,v South Africa,Wankhede,28 Nov 2005,
ODI,Z Khan,3.0,6,0,23,0,7.66,2,,v Australia,Vadodara,11 Oct 2007,
ODI,IK Pathan,2.0,6,0,23,0,11.5,2,,v Australia,Brisbane,3 Feb 2008,
ODI,Yuvraj Singh,4.0,6,0,23,0,5.75,1,,v Pakistan,Mirpur,14 Jun 2008,
ODI,RA Jadeja,6.0,6,1,23,0,3.83,1,,v Bangladesh,Mirpur,11 Jan 2010,
ODI,RG Sharma,6.0,6,0,23,0,3.83,2,,v Sri Lanka,Pallekele,4 Aug 2012,
ODI,SK Raina,2.1,6,0,23,0,10.61,2,,v Pakistan,Chennai,30 Dec 2012,
ODI,AT Rayudu,3.0,6,0,23,0,7.66,2,,v New Zealand,Hamilton,28 Jan 2014,
ODI,MM Sharma,5.4,6,1,23,0,4.05,1,,v Bangladesh,Mirpur,15 Jun 2014,
ODI,Mohammed Shami,4.0,6,0,23,0,5.75,2,,v England,Brisbane,20 Jan 2015,
ODI,KM Jadhav,4.0,6,0,23,0,5.75,1,,v England,Pune,15 Jan 2017,
ODI,JJ Bumrah,5.0,6,0,23,0,4.6,2,,v Pakistan,Birmingham,4 Jun 2017,
ODI,V Shankar,6.0,6,0,23,0,3.83,1,,v Australia,Melbourne,18 Jan 2019,
ODI,Mohammed Siraj,5.0,6,0,23,0,4.6,2,,v Pakistan,Colombo (RPS),10 Sep 2023,
ODI,RJ Shastri,10.0,6,1,24,0,2.4,2,,v England,Ahmedabad,25 Nov 1981,
ODI,SM Patil,4.0,6,0,24,0,6.0,1,,v Sri Lanka,Delhi,15 Sep 1982,
ODI,M Amarnath,7.0,6,0,24,0,3.42,1,,v New Zealand,Sydney,5 Mar 1985,
ODI,RMH Binny,6.0,6,1,24,0,4.0,1,,v Australia,Melbourne,31 Jan 1986,
ODI,M Prabhakar,4.0,6,0,24,0,6.0,1,,v Pakistan,Nagpur,24 Mar 1987,
ODI,LS Rajput,4.0,6,0,24,0,6.0,1,,v Pakistan,Nagpur,24 Mar 1987,
ODI,N Kapil Dev,6.0,6,0,24,0,4.0,1,,v New Zealand,Nagpur,31 Oct 1987,
ODI,SK Sharma,5.0,6,1,24,0,4.8,1,,v West Indies,Ahmedabad,7 Jan 1988,
ODI,RJ Shastri,2.0,6,0,24,0,12.0,2,,v West Indies,Thiruvananthapuram,25 Jan 1988,
ODI,Arshad Ayub,9.0,6,0,24,0,2.66,1,,v Sri Lanka,Dhaka,4 Nov 1988,
ODI,AK Sharma,5.0,6,0,24,0,4.8,2,,v West Indies,Port of Spain,11 Mar 1989,
ODI,A Kumble,10.0,6,2,24,0,2.4,1,,v West Indies,Sharjah,22 Oct 1991,
ODI,SR Tendulkar,5.0,6,0,24,0,4.8,1,,v Pakistan,Sharjah,25 Oct 1991,
ODI,K Srikkanth,2.0,6,0,24,0,12.0,2,,v Australia,Adelaide,15 Dec 1991,
ODI,M Prabhakar,8.0,6,1,24,0,3.0,2,,v South Africa,Johannesburg,13 Dec 1992,
ODI,M Prabhakar,6.0,6,0,24,0,4.0,1,,v South Africa,Hamilton,18 Feb 1995,
ODI,J Srinath,7.1,6,2,24,0,3.34,2,,v South Africa,Gqeberha,2 Feb 1997,
ODI,SC Ganguly,6.0,6,1,24,0,4.0,1,,v Bangladesh,Colombo (SSC),24 Jul 1997,
ODI,SR Tendulkar,4.0,6,0,24,0,6.0,1,,v England,Sharjah,11 Dec 1997,
ODI,HH Kanitkar,4.0,6,0,24,0,6.0,2,,v Sri Lanka,Colombo (RPS),7 Jul 1998,
ODI,RR Singh,3.0,6,0,24,0,8.0,2,,v Australia,Dhaka,28 Oct 1998,
ODI,N Chopra,10.0,6,1,24,0,2.4,1,,v Zimbabwe,Sharjah,11 Nov 1998,
ODI,HH Kanitkar,4.0,6,0,24,0,6.0,1,,v New Zealand,Christchurch,19 Jan 1999,
ODI,RR Singh,7.0,6,0,24,0,3.42,2,,v Pakistan,Mohali,1 Apr 1999,
ODI,SB Joshi,10.0,6,3,24,0,2.4,2,,v Kenya,Nairobi (Gym),29 Sep 1999,
ODI,RR Singh,6.0,6,1,24,0,4.0,2,,v Kenya,Nairobi (Gym),29 Sep 1999,
ODI,A Kumble,10.0,6,1,24,0,2.4,2,,v South Africa,Durban,26 Oct 2001,
ODI,V Sehwag,3.1,6,0,24,0,7.57,2,,v West Indies,Port of Spain,1 Jun 2002,
ODI,Yuvraj Singh,3.0,6,0,24,0,8.0,2,,v Zimbabwe,Colombo (RPS),14 Sep 2002,
ODI,SC Ganguly,2.0,6,0,24,0,12.0,2,,v West Indies,Vadodara,18 Nov 2002,
ODI,D Mongia,3.0,6,0,24,0,8.0,1,,v West Indies,Jodhpur,21 Nov 2002,
ODI,SV Bahutule,3.0,6,0,24,0,8.0,2,,v New Zealand,Cuttack,6 Nov 2003,
ODI,SC Ganguly,6.0,6,0,24,0,4.0,2,,v Pakistan,Peshawar,19 Mar 2004,
ODI,V Sehwag,6.0,6,0,24,0,4.0,2,,v England,Lord's,5 Sep 2004,
ODI,Yuvraj Singh,6.0,6,0,24,0,4.0,2,,v Bangladesh,Dhaka,27 Dec 2004,
ODI,SR Tendulkar,5.0,6,0,24,0,4.8,1,,v Pakistan,Delhi,17 Apr 2005,
ODI,SC Ganguly,4.0,6,1,24,0,6.0,1,,v Zimbabwe,Harare,4 Sep 2005,
ODI,V Sehwag,3.0,6,0,24,0,8.0,1,,v Sri Lanka,Vadodara,12 Nov 2005,
ODI,AB Agarkar,5.0,6,0,24,0,4.8,2,,v West Indies,Kuala Lumpur,14 Sep 2006,
ODI,A Kumble,10.0,6,1,24,0,2.4,1,,v South Africa,Cape Town,26 Nov 2006,
ODI,SC Ganguly,2.0,6,0,24,0,12.0,1,,v Australia,Wankhede,17 Oct 2007,
ODI,V Sehwag,5.0,6,0,24,0,4.8,1,,v Australia,Melbourne,10 Feb 2008,
ODI,Yuvraj Singh,4.0,6,0,24,0,6.0,1,,v Pakistan,Karachi,26 Jun 2008,
ODI,Z Khan,7.0,6,1,24,0,3.42,2,,v Sri Lanka,Dambulla,18 Aug 2008,
ODI,MM Patel,6.0,6,1,24,0,4.0,1,,v Sri Lanka,Dambulla,20 Aug 2008,
ODI,SK Raina,6.0,6,0,24,0,4.0,1,,v Sri Lanka,Colombo (RPS),8 Feb 2009,
ODI,I Sharma,5.0,6,0,24,0,4.8,1,,v Australia,Delhi,31 Oct 2009,
ODI,A Nehra,5.0,6,0,24,0,4.8,1,,v Sri Lanka,Delhi,27 Dec 2009,
ODI,A Mithun,4.0,6,0,24,0,6.0,1,,v New Zealand,Dambulla,10 Aug 2010,
ODI,YK Pathan,2.0,6,0,24,0,12.0,2,,v New Zealand,Guwahati,28 Nov 2010,
ODI,YK Pathan,6.0,6,0,24,0,4.0,1,,v West Indies,North Sound,13 Jun 2011,
ODI,R Vinay Kumar,5.0,6,0,24,0,4.8,2,,v England,Hyderabad,14 Oct 2011,
ODI,V Sehwag,3.0,6,0,24,0,8.0,1,,v Sri Lanka,Hobart,28 Feb 2012,
ODI,SK Raina,2.0,6,0,24,0,12.0,2,,v Australia,Melbourne,18 Jan 2015,
ODI,Gurkeerat Singh,3.0,6,0,24,0,8.0,1,,v Australia,Canberra,20 Jan 2016,
ODI,HH Pandya,4.5,6,0,24,0,4.96,1,,v Pakistan,Dubai (DICS),19 Sep 2018,
ODI,RA Jadeja,6.0,6,0,24,0,4.0,2,,v West Indies,Bridgetown,29 Jul 2023,
ODI,K Nitish Kumar Reddy,3.0,6,0,24,0,8.0,2,,v Australia,Adelaide,23 Oct 2025,
ODI,KD Ghavri,10.0,6,2,25,0,2.5,2,,v West Indies,Birmingham,9 Jun 1979,
ODI,KD Ghavri,8.0,6,0,25,0,3.12,2,,v Australia,Sydney,18 Dec 1980,
ODI,RMH Binny,4.0,6,0,25,0,6.25,1,,v New Zealand,Brisbane,18 Jan 1981,
ODI,SV Nayak,7.0,6,2,25,0,3.57,1,,v England,Jalandhar,20 Dec 1981,
ODI,SM Patil,3.0,6,0,25,0,8.33,2,,v West Indies,Manchester,9 Jun 1983,
ODI,RMH Binny,7.0,6,0,25,0,3.57,1,,v Sri Lanka,Sharjah,8 Apr 1984,
ODI,RMH Binny,5.0,6,0,25,0,5.0,1,,v Australia,Sharjah,29 Mar 1985,
ODI,RJ Shastri,5.0,6,0,25,0,5.0,1,,v Sri Lanka,Kanpur,24 Dec 1986,
ODI,C Sharma,5.0,6,0,25,0,5.0,2,,v West Indies,Faridabad,19 Jan 1988,
ODI,K Srikkanth,4.0,6,0,25,0,6.25,2,,v South Africa,New Delhi,14 Nov 1991,
ODI,RJ Shastri,5.0,6,0,25,0,5.0,2,,v South Africa,Bloemfontein,15 Dec 1992,
ODI,N Kapil Dev,6.0,6,0,25,0,4.16,2,,v Sri Lanka,Rajkot,15 Feb 1994,
ODI,SR Tendulkar,5.0,6,0,25,0,5.0,2,,v Pakistan,Bengaluru,9 Mar 1996,
ODI,WV Raman,6.0,6,1,25,0,4.16,2,,v South Africa,Wankhede,14 Dec 1996,
ODI,RR Singh,5.0,6,0,25,0,5.0,2,,v West Indies,Port of Spain,26 Apr 1997,
ODI,SC Ganguly,4.0,6,0,25,0,6.25,2,,v West Indies,Bridgetown,3 May 1997,
ODI,DS Mohanty,3.0,6,0,25,0,8.33,1,,v Pakistan,Karachi,30 Sep 1997,
ODI,SC Ganguly,3.0,6,0,25,0,8.33,2,,v Sri Lanka,Margao,28 Dec 1997,
ODI,RR Singh,5.0,6,0,25,0,5.0,2,,v Sri Lanka,Colombo (RPS),7 Jul 1998,
ODI,AB Agarkar,4.0,6,0,25,0,6.25,2,,v West Indies,Dhaka,31 Oct 1998,
ODI,RR Singh,5.0,6,0,25,0,5.0,2,,v England,Sharjah,11 Apr 1999,
ODI,J Srinath,4.0,6,0,25,0,6.25,2,,v South Africa,Sharjah,22 Mar 2000,
ODI,SR Tendulkar,6.0,6,0,25,0,4.16,1,,v Kenya,Nairobi (Gym),3 Oct 2000,
ODI,BKV Prasad,7.0,6,0,25,0,3.57,2,,v Zimbabwe,Sharjah,22 Oct 2000,
ODI,RS Sodhi,6.0,6,0,25,0,4.16,2,,v Kenya,Paarl,24 Oct 2001,
ODI,V Sehwag,5.0,6,0,25,0,5.0,1,,v England,Colombo (RPS),22 Sep 2002,
ODI,J Srinath,6.0,6,0,25,0,4.16,2,,v Namibia,Pietermaritzburg,23 Feb 2003,
ODI,SR Tendulkar,3.0,6,0,25,0,8.33,2,,v New Zealand,Cuttack,6 Nov 2003,
ODI,Yuvraj Singh,5.0,6,0,25,0,5.0,2,,v New Zealand,Hyderabad (Deccan),15 Nov 2003,
ODI,SC Ganguly,5.0,6,0,25,0,5.0,2,,v Bangladesh,Dhaka,27 Dec 2004,
ODI,SR Tendulkar,4.0,6,0,25,0,6.25,1,,v Pakistan,Jamshedpur,9 Apr 2005,
ODI,V Sehwag,4.0,6,0,25,0,6.25,2,,v Sri Lanka,Dambulla,3 Aug 2005,
ODI,Yuvraj Singh,4.0,6,0,25,0,6.25,2,,v England,Jamshedpur,12 Apr 2006,
ODI,P Kumar,4.0,6,0,25,0,6.25,2,,v Sri Lanka,Colombo (RPS),27 Aug 2008,
ODI,SK Raina,3.0,6,0,25,0,8.33,2,,v South Africa,Jaipur,21 Feb 2010,
ODI,V Sehwag,5.0,6,0,25,0,5.0,2,,v South Africa,Gwalior,24 Feb 2010,
ODI,R Ashwin,4.0,6,0,25,0,6.25,2,,v England,Cardiff,16 Sep 2011,
ODI,R Ashwin,4.0,6,0,25,0,6.25,2,,v West Indies,Port of Spain,5 Jul 2013,
ODI,SK Raina,6.0,6,0,25,0,4.16,1,,v Sri Lanka,Port of Spain,11 Jul 2013,
ODI,B Kumar,8.0,6,1,25,0,3.12,1,,v Afghanistan,Mirpur,5 Mar 2014,
ODI,Yuvraj Singh,5.0,6,0,25,0,5.0,2,,v West Indies,Port of Spain,25 Jun 2017,
ODI,JJ Bumrah,8.0,6,1,25,0,3.12,2,,v West Indies,Brabourne,29 Oct 2018,
ODI,KM Jadhav,5.0,6,0,25,0,5.0,2,,v West Indies,Port of Spain,11 Aug 2019,
ODI,AR Patel,3.0,6,0,25,0,8.33,2,,v Australia,Visakhapatnam,19 Mar 2023,
ODI,RMH Binny,6.0,6,2,26,0,4.33,1,,v New Zealand,Auckland,14 Feb 1981,
ODI,M Amarnath,6.0,6,0,26,0,4.33,1,,v Pakistan,Jaipur,2 Oct 1983,
ODI,RMH Binny,4.0,6,0,26,0,6.5,2,,v West Indies,Srinagar,13 Oct 1983,
ODI,BS Sandhu,7.0,6,0,26,0,3.71,2,,v West Indies,Indore,1 Dec 1983,
ODI,RMH Binny,3.0,6,0,26,0,8.66,2,,v West Indies,Indore,1 Dec 1983,
ODI,RR Kulkarni,9.0,6,1,26,0,2.88,2,,v West Indies,Guwahati,17 Dec 1983,
ODI,M Prabhakar,3.0,6,0,26,0,8.66,1,,v England,Chandigarh,27 Jan 1985,
ODI,N Kapil Dev,7.0,6,1,26,0,3.71,1,,v Pakistan,Sharjah,17 Nov 1985,
ODI,RJ Shastri,9.0,6,1,26,0,2.88,1,,v Pakistan,Sharjah,17 Nov 1985,
ODI,Arshad Ayub,10.0,6,0,26,0,2.6,1,,v West Indies,Nagpur,8 Dec 1987,
ODI,K Srikkanth,7.0,6,0,26,0,3.71,2,,v West Indies,Thiruvananthapuram,25 Jan 1988,
ODI,M Amarnath,6.0,6,0,26,0,4.33,2,,v Sri Lanka,Sharjah,25 Mar 1988,
ODI,Maninder Singh,5.0,6,0,26,0,5.2,1,,v Sri Lanka,Dhaka,29 Oct 1988,
ODI,SK Sharma,7.0,6,0,26,0,3.71,1,,v Pakistan,Dhaka,31 Oct 1988,
ODI,N Kapil Dev,6.0,6,0,26,0,4.33,2,,v West Indies,St John's,18 Mar 1989,
ODI,K Srikkanth,4.0,6,0,26,0,6.5,2,,v Sri Lanka,Ahmedabad,22 Oct 1989,
ODI,A Kumble,9.0,6,0,26,0,2.88,2,,v Pakistan,Sharjah,15 Apr 1994,
ODI,BKV Prasad,3.0,6,0,26,0,8.66,2,,v West Indies,Visakhapatnam,7 Nov 1994,
ODI,SR Tendulkar,5.0,6,0,26,0,5.2,1,,v Kenya,Cuttack,18 Feb 1996,
ODI,J Srinath,8.0,6,0,26,0,3.25,2,,v South Africa,Rajkot,29 Oct 1996,
ODI,BKV Prasad,7.0,6,1,26,0,3.71,2,,v South Africa,Durban,12 Feb 1997,
ODI,SC Ganguly,8.0,6,1,26,0,3.25,1,,v West Indies,Port of Spain,27 Apr 1997,
ODI,RR Singh,3.0,6,0,26,0,8.66,2,,v Sri Lanka,Colombo (RPS),26 Jul 1997,
ODI,RR Singh,9.0,6,0,26,0,2.88,1,,v Pakistan,Dhaka,14 Jan 1998,
ODI,DS Mohanty,2.0,6,0,26,0,13.0,2,,v Pakistan,Dhaka,16 Jan 1998,
ODI,RL Sanghvi,7.0,6,0,26,0,3.71,1,,v Kenya,Eden Gardens,31 May 1998,
ODI,SC Ganguly,5.0,6,0,26,0,5.2,2,,v Pakistan,Mohali,1 Apr 1999,
ODI,RR Singh,10.0,6,1,26,0,2.6,1,,v Pakistan,Sharjah,13 Apr 1999,
ODI,J Srinath,5.0,6,0,26,0,5.2,2,,v Australia,Galle,23 Aug 1999,
ODI,SB Joshi,7.0,6,0,26,0,3.71,2,,v Zimbabwe,Nairobi (Gym),1 Oct 1999,
ODI,RR Singh,5.0,6,0,26,0,5.2,2,,v Zimbabwe,Sharjah,22 Oct 2000,
ODI,V Sehwag,3.0,6,0,26,0,8.66,1,,v New Zealand,Colombo (SSC),2 Aug 2001,
ODI,V Sehwag,4.0,6,0,26,0,6.5,1,,v England,Lord's,13 Jul 2002,
ODI,AB Agarkar,4.0,6,0,26,0,6.5,2,,v New Zealand,Queenstown,4 Jan 2003,
ODI,J Srinath,4.0,6,0,26,0,6.5,2,,v Australia,Centurion,15 Feb 2003,
ODI,Z Khan,4.0,6,0,26,0,6.5,2,,v Australia,Centurion,15 Feb 2003,
ODI,L Balaji,7.0,6,2,26,0,3.71,1,,v Zimbabwe,Hobart,14 Jan 2004,
ODI,SC Ganguly,4.0,6,0,26,0,6.5,2,,v South Africa,Belfast,26 Jun 2007,
ODI,V Sehwag,4.0,6,0,26,0,6.5,1,,v Pakistan,Jaipur,18 Nov 2007,
ODI,V Sehwag,3.0,6,0,26,0,8.66,1,,v Pakistan,Mirpur,14 Jun 2008,
ODI,V Sehwag,3.0,6,0,26,0,8.66,1,,v Sri Lanka,Colombo (RPS),8 Feb 2009,
ODI,V Sehwag,5.0,6,0,26,0,5.2,2,,v Sri Lanka,Mirpur,5 Jan 2010,
ODI,MK Tiwary,4.0,6,0,26,0,6.5,1,,v West Indies,North Sound,13 Jun 2011,
ODI,MM Patel,4.0,6,0,26,0,6.5,2,,v England,Cardiff,16 Sep 2011,
ODI,V Kohli,4.0,6,0,26,0,6.5,1,,v West Indies,The Oval,11 Jun 2013,
ODI,B Kumar,5.0,6,0,26,0,5.2,1,,v West Indies,Kochi,21 Nov 2013,
ODI,SK Raina,4.0,6,0,26,0,6.5,1,,v New Zealand,Auckland,25 Jan 2014,
ODI,VR Aaron,4.1,6,0,26,0,6.24,2,,v Sri Lanka,Cuttack,2 Nov 2014,
ODI,HH Pandya,5.0,6,0,26,0,5.2,1,,v Sri Lanka,Eden Gardens,12 Jan 2023,
ODI,RA Jadeja,5.0,6,0,26,0,5.2,2,,v Pakistan,Colombo (RPS),10 Sep 2023,
ODI,ED Solkar,5.0,8,0,27,0,4.05,2,,v New Zealand,Christchurch,21 Feb 1976,
ODI,DR Doshi,8.0,6,0,27,0,3.37,2,,v New Zealand,Melbourne,10 Jan 1981,
ODI,N Kapil Dev,9.0,6,1,27,0,3.0,2,,v Australia,Melbourne,11 Jan 1981,
ODI,K Srikkanth,2.0,6,0,27,0,13.5,2,,v Pakistan,Karachi,21 Jan 1983,
ODI,M Amarnath,10.0,6,0,27,0,2.7,1,,v Pakistan,Hyderabad (Deccan),10 Sep 1983,
ODI,RJ Shastri,10.0,6,1,27,0,2.7,1,,v Pakistan,Melbourne,20 Feb 1985,
ODI,M Amarnath,9.0,6,0,27,0,3.0,1,,v Pakistan,Melbourne,10 Mar 1985,
ODI,M Amarnath,4.0,6,0,27,0,6.75,1,,v Pakistan,Sharjah,17 Nov 1985,
ODI,RJ Shastri,9.0,6,1,27,0,3.0,2,,v West Indies,Sharjah,22 Nov 1985,
ODI,NS Yadav,10.0,6,0,27,0,2.7,2,,v Australia,Melbourne,9 Feb 1986,
ODI,RMH Binny,6.0,6,0,27,0,4.5,2,,v Australia,Ahmedabad,5 Oct 1986,
ODI,N Kapil Dev,8.0,6,1,27,0,3.37,2,,v Pakistan,Sharjah,10 Apr 1987,
ODI,Arshad Ayub,9.0,6,0,27,0,3.0,2,,v New Zealand,Indore,15 Dec 1988,
ODI,C Sharma,7.0,6,0,27,0,3.85,2,,v West Indies,Port of Spain,9 Mar 1989,
ODI,K Srikkanth,3.0,6,0,27,0,9.0,2,,v West Indies,St John's,18 Mar 1989,
ODI,K Srikkanth,4.5,6,0,27,0,5.58,2,,v West Indies,Sharjah,13 Oct 1989,
ODI,M Amarnath,8.0,6,1,27,0,3.37,1,,v Pakistan,Sharjah,20 Oct 1989,
ODI,Arshad Ayub,10.0,6,0,27,0,2.7,1,,v England,Kanpur,25 Oct 1989,
ODI,SR Tendulkar,7.0,6,0,27,0,3.85,2,,v West Indies,Brisbane,11 Jan 1992,
ODI,N Kapil Dev,10.0,6,2,27,0,2.7,1,,v West Indies,Melbourne,16 Jan 1992,
ODI,SR Tendulkar,4.0,6,0,27,0,6.75,2,,v South Africa,Bloemfontein,15 Dec 1992,
ODI,SR Tendulkar,3.0,6,0,27,0,9.0,1,,v New Zealand,Vadodara,28 Oct 1994,
ODI,SR Tendulkar,7.0,6,0,27,0,3.85,1,,v Pakistan,Sharjah,7 Apr 1995,
ODI,AR Kapoor,10.0,6,1,27,0,2.7,1,,v New Zealand,Amritsar,18 Nov 1995,
ODI,AR Kapoor,6.0,6,0,27,0,4.5,2,,v Pakistan,Toronto,18 Sep 1996,
ODI,A Kuruvilla,4.5,6,0,27,0,5.58,2,,v West Indies,Port of Spain,26 Apr 1997,
ODI,HH Kanitkar,7.0,6,1,27,0,3.85,1,,v Bangladesh,Dhaka,10 Jan 1998,
ODI,N Chopra,9.0,6,1,27,0,3.0,1,,v New Zealand,Napier,12 Jan 1999,
ODI,N Chopra,6.0,6,0,27,0,4.5,2,,v Zimbabwe,Singapore,4 Sep 1999,
ODI,BKV Prasad,10.0,6,2,27,0,2.7,2,,v Pakistan,Brisbane,10 Jan 2000,
ODI,DS Mohanty,5.0,6,0,27,0,5.4,1,,v Sri Lanka,Colombo (RPS),22 Jul 2001,
ODI,RS Sodhi,4.0,6,0,27,0,6.75,1,,v New Zealand,Colombo (SSC),2 Aug 2001,
ODI,J Srinath,7.0,6,1,27,0,3.85,2,,v Kenya,Paarl,24 Oct 2001,
ODI,D Mongia,2.2,6,0,27,0,11.57,2,,v Zimbabwe,Kochi,13 Mar 2002,
ODI,SR Tendulkar,5.0,6,0,27,0,5.4,2,,v Pakistan,Lahore,24 Mar 2004,
ODI,Yuvraj Singh,5.0,6,0,27,0,5.4,2,,v South Africa,Hyderabad,16 Nov 2005,
ODI,RP Singh,6.0,6,0,27,0,4.5,1,,v South Africa,Wankhede,28 Nov 2005,
ODI,RA Jadeja,7.0,6,0,27,0,3.85,1,,v Australia,Mohali,2 Nov 2009,
ODI,SK Raina,6.0,6,0,27,0,4.5,2,,v South Africa,Johannesburg,15 Jan 2011,
ODI,YK Pathan,5.0,6,0,27,0,5.4,1,,v West Indies,North Sound,11 Jun 2011,
ODI,SK Raina,6.0,6,0,27,0,4.5,1,,v West Indies,Ahmedabad,5 Dec 2011,
ODI,IK Pathan,4.0,6,0,27,0,6.75,2,,v Sri Lanka,Hambantota,24 Jul 2012,
ODI,IK Pathan,6.0,6,0,27,0,4.5,1,,v Sri Lanka,Colombo (RPS),31 Jul 2012,
ODI,Gurkeerat Singh,5.0,6,0,27,0,5.4,2,,v Australia,Melbourne,17 Jan 2016,
ODI,KM Jadhav,8.0,6,0,27,0,3.37,1,,v New Zealand,Ranchi,26 Oct 2016,
ODI,RA Jadeja,10.0,6,1,27,0,2.7,1,,v West Indies,Kingston,6 Jul 2017,
ODI,B Kumar,4.0,6,0,27,0,6.75,2,,v South Africa,Johannesburg,10 Feb 2018,
ODI,KK Ahmed,3.0,6,0,27,0,9.0,1,,v West Indies,Providence,8 Aug 2019,
ODI,NA Saini,5.0,6,0,27,0,5.4,2,,v Sri Lanka,Colombo (RPS),23 Jul 2021,
ODI,Umran Malik,3.0,6,0,27,0,9.0,2,,v West Indies,Bridgetown,29 Jul 2023,
ODI,Harshit Rana,4.0,6,0,27,0,6.75,2,,v Australia,Perth,19 Oct 2025,
ODI,Washington Sundar,5.0,6,0,27,0,5.4,1,,v New Zealand,Vadodara,11 Jan 2026,
ODI,BS Sandhu,8.0,6,0,28,0,3.5,1,,v Pakistan,Multan,17 Dec 1982,
ODI,L Sivaramakrishnan,4.0,6,0,28,0,7.0,1,,v Australia,Sydney,21 Jan 1986,
ODI,G Sharma,10.0,6,0,28,0,2.8,2,,v Pakistan,Pune,22 Mar 1987,
ODI,RJ Shastri,10.0,6,0,28,0,2.8,1,,v Australia,Sharjah,5 Apr 1987,
ODI,N Kapil Dev,4.0,6,0,28,0,7.0,2,,v West Indies,Thiruvananthapuram,25 Jan 1988,
ODI,C Sharma,7.0,6,0,28,0,4.0,2,,v New Zealand,Sharjah,27 Mar 1988,
ODI,J Srinath,8.0,6,1,28,0,3.5,2,,v Australia,Sydney,14 Jan 1992,
ODI,SA Ankola,5.0,6,0,28,0,5.6,2,,v Sri Lanka,Delhi,2 Mar 1996,
ODI,SR Tendulkar,5.0,6,0,28,0,5.6,1,,v South Africa,Hyderabad (Deccan),17 Oct 1996,
ODI,SR Tendulkar,5.0,6,0,28,0,5.6,1,,v Sri Lanka,Colombo (RPS),17 Aug 1997,
ODI,SC Ganguly,2.2,6,0,28,0,12.0,2,,v Pakistan,Lahore,2 Oct 1997,
ODI,J Srinath,10.0,6,0,28,0,2.8,2,,v Sri Lanka,Colombo (RPS),25 Aug 1999,
ODI,RR Singh,3.0,6,0,28,0,9.33,1,,v West Indies,Singapore,5 Sep 1999,
ODI,AR Kapoor,7.0,6,0,28,0,4.0,1,,v Zimbabwe,Kanpur,11 Dec 2000,
ODI,Harbhajan Singh,9.0,6,1,28,0,3.11,1,,v Zimbabwe,Harare,24 Jun 2001,
ODI,A Nehra,7.0,6,0,28,0,4.0,2,,v Sri Lanka,Bristol,11 Jul 2002,
ODI,SC Ganguly,3.0,6,0,28,0,9.33,1,,v England,Lord's,13 Jul 2002,
ODI,J Srinath,8.3,6,1,28,0,3.29,1,,v West Indies,Jodhpur,21 Nov 2002,
ODI,A Nehra,5.0,6,0,28,0,5.6,2,,v New Zealand,Hamilton,14 Jan 2003,
ODI,V Sehwag,4.0,6,0,28,0,7.0,1,,v Australia,Wankhede,1 Nov 2003,
ODI,IK Pathan,6.0,6,0,28,0,4.66,2,,v South Africa,Eden Gardens,25 Nov 2005,
ODI,AB Agarkar,5.0,6,0,28,0,5.6,1,,v England,Kochi,6 Apr 2006,
ODI,IK Pathan,7.0,6,0,28,0,4.0,1,,v South Africa,Gqeberha,29 Nov 2006,
ODI,PP Chawla,3.0,6,0,28,0,9.33,1,,v South Africa,Belfast,1 Jul 2007,
ODI,RG Sharma,3.0,6,0,28,0,9.33,1,,v South Africa,Ahmedabad,27 Feb 2010,
ODI,YK Pathan,4.0,6,0,28,0,7.0,2,,v Zimbabwe,Bulawayo,28 May 2010,
ODI,YK Pathan,7.0,6,0,28,0,4.0,2,,v West Indies,Chennai,20 Mar 2011,
ODI,IK Pathan,5.0,6,1,28,0,5.6,1,,v Australia,Sydney,26 Feb 2012,
ODI,I Sharma,4.0,6,0,28,0,7.0,2,,v England,Kochi,15 Jan 2013,
ODI,RA Jadeja,7.0,6,0,28,0,4.0,2,,v Bangladesh,Mirpur,21 Jun 2015,
ODI,KM Jadhav,7.0,6,0,28,0,4.0,2,,v Hong Kong,Dubai (DICS),18 Sep 2018,
ODI,VR Iyer,5.0,6,0,28,0,5.6,2,,v South Africa,Paarl,21 Jan 2022,
ODI,Washington Sundar,4.0,6,0,28,0,7.0,2,,v South Africa,Raipur,3 Dec 2025,
ODI,S Venkataraghavan,12.0,6,4,29,0,2.41,1,,v East Africa,Leeds,11 Jun 1975,
ODI,RMH Binny,7.0,6,0,29,0,4.14,2,,v Australia,Sydney,18 Dec 1980,
ODI,N Kapil Dev,8.0,6,0,29,0,3.62,2,,v New Zealand,Melbourne,10 Jan 1981,
ODI,SM Patil,7.0,6,0,29,0,4.14,2,,v England,Leeds,2 Jun 1982,
ODI,L Sivaramakrishnan,8.0,6,1,29,0,3.62,1,,v Australia,Sharjah,29 Mar 1985,
ODI,C Sharma,7.0,6,0,29,0,4.14,1,,v Australia,Melbourne,31 Jan 1986,
ODI,Maninder Singh,10.0,6,2,29,0,2.9,2,,v Australia,Ahmedabad,5 Oct 1986,
ODI,RJ Shastri,8.0,6,1,29,0,3.62,2,,v New Zealand,Sharjah,27 Mar 1988,
ODI,M Amarnath,5.0,6,0,29,0,5.8,1,,v Pakistan,Dhaka,31 Oct 1988,
ODI,AK Sharma,4.0,6,0,29,0,7.25,1,,v Sri Lanka,Dhaka,4 Nov 1988,
ODI,Arshad Ayub,10.0,6,2,29,0,2.9,2,,v West Indies,Wankhede,30 Oct 1989,
ODI,M Prabhakar,8.0,6,1,29,0,3.62,2,,v Australia,Hamilton,8 Mar 1990,
ODI,SP Mukherjee,10.0,6,2,29,0,2.9,1,,v Bangladesh,Chandigarh,25 Dec 1990,
ODI,SLV Raju,10.0,6,1,29,0,2.9,1,,v West Indies,Sharjah,22 Oct 1991,
ODI,RJ Shastri,10.0,6,0,29,0,2.9,2,,v Australia,Hobart,10 Dec 1991,
ODI,SR Tendulkar,5.0,6,0,29,0,5.8,1,,v Australia,Brisbane,1 Mar 1992,
ODI,A Kumble,10.0,6,2,29,0,2.9,1,,v New Zealand,Auckland,27 Mar 1994,
ODI,PL Mhambrey,6.0,6,0,29,0,4.83,2,,v England,Leeds,25 May 1996,
ODI,RR Singh,5.2,6,1,29,0,5.43,2,,v Sri Lanka,Margao,28 Dec 1997,
ODI,HH Kanitkar,7.0,6,0,29,0,4.14,2,,v New Zealand,Sharjah,17 Apr 1998,
ODI,R Dravid,6.0,6,0,29,0,4.83,1,,v Kenya,Gwalior,28 May 1998,
ODI,SB Joshi,6.0,6,0,29,0,4.83,1,,v West Indies,Singapore,5 Sep 1999,
ODI,HH Kanitkar,5.0,6,0,29,0,5.8,1,,v Australia,Adelaide,26 Jan 2000,
ODI,AB Agarkar,5.0,6,0,29,0,5.8,2,,v South Africa,Sharjah,22 Mar 2000,
ODI,SC Ganguly,4.0,6,0,29,0,7.25,1,,v Australia,Visakhapatnam,3 Apr 2001,
ODI,Yuvraj Singh,7.0,6,0,29,0,4.14,1,,v South Africa,East London,19 Oct 2001,
ODI,Harbhajan Singh,10.0,6,1,29,0,2.9,2,,v Zimbabwe,Kochi,13 Mar 2002,
ODI,V Sehwag,6.0,6,0,29,0,4.83,1,,v West Indies,Rajkot,12 Nov 2002,
ODI,V Sehwag,5.0,6,0,29,0,5.8,2,,v Australia,Melbourne,6 Feb 2004,
ODI,Yuvraj Singh,6.0,6,0,29,0,4.83,2,,v Pakistan,Kochi,2 Apr 2005,
ODI,RP Singh,4.0,6,0,29,0,7.25,2,,v West Indies,Ahmedabad,26 Oct 2006,
ODI,SR Tendulkar,4.0,6,0,29,0,7.25,1,,v England,Southampton,21 Aug 2007,
ODI,Yuvraj Singh,5.0,6,0,29,0,5.8,1,,v England,Southampton,21 Aug 2007,
ODI,IK Pathan,4.0,6,0,29,0,7.25,2,,v Sri Lanka,Canberra,12 Feb 2008,
ODI,YK Pathan,4.0,6,0,29,0,7.25,2,,v Pakistan,Karachi,2 Jul 2008,
ODI,Yuvraj Singh,7.0,6,1,29,0,4.14,2,,v Australia,Guwahati,8 Nov 2009,
ODI,Z Khan,5.0,6,1,29,0,5.8,1,,v Bangladesh,Dambulla,16 Jun 2010,
ODI,RA Jadeja,6.3,6,0,29,0,4.46,2,,v Sri Lanka,Dambulla,22 Jun 2010,
ODI,Harbhajan Singh,9.0,6,1,29,0,3.22,1,,v Ireland,Bengaluru,6 Mar 2011,
ODI,UT Yadav,6.4,6,0,29,0,4.35,1,,v Pakistan,Birmingham,15 Jun 2013,
ODI,SK Raina,5.0,6,0,29,0,5.8,1,,v West Indies,Kanpur,27 Nov 2013,
ODI,RG Sharma,5.0,6,0,29,0,5.8,2,,v Sri Lanka,Fatullah,28 Feb 2014,
ODI,JJ Bumrah,8.0,6,1,29,0,3.62,1,,v New Zealand,Dharamsala,16 Oct 2016,
ODI,V Shankar,5.0,6,0,29,0,5.8,2,,v Australia,Mohali,10 Mar 2019,
ODI,KH Pandya,4.0,6,0,29,0,7.25,2,,v England,Pune,28 Mar 2021,
ODI,Mohammed Shami,3.0,6,0,29,0,9.66,2,,v Australia,Visakhapatnam,19 Mar 2023,
ODI,RA Jadeja,5.0,6,1,29,0,5.8,2,,v West Indies,Tarouba,1 Aug 2023,
ODI,AR Patel,5.0,6,0,29,0,5.8,2,,v Sri Lanka,Colombo (RPS),12 Sep 2023,
ODI,AR Patel,8.0,6,0,29,0,3.62,1,,v New Zealand,Dubai (DICS),9 Mar 2025,
ODI,NT Tilak Varma,3.0,6,0,29,0,9.66,1,,v South Africa,Visakhapatnam,6 Dec 2025,
ODI,S Venkataraghavan,12.0,6,3,30,0,2.5,2,,v West Indies,Birmingham,9 Jun 1979,
ODI,BS Sandhu,8.0,6,2,30,0,3.75,2,,v West Indies,St George's,7 Apr 1983,
ODI,RJ Shastri,8.0,6,0,30,0,3.75,1,,v Pakistan,Quetta,12 Oct 1984,
ODI,RMH Binny,7.0,6,0,30,0,4.28,1,,v Australia,Sydney,5 Feb 1986,
ODI,Maninder Singh,10.0,6,2,30,0,3.0,1,,v Sri Lanka,Delhi,13 Jan 1987,
ODI,M Prabhakar,4.0,6,0,30,0,7.5,2,,v Pakistan,Sharjah,10 Apr 1987,
ODI,AK Sharma,4.0,6,0,30,0,7.5,2,,v Sri Lanka,Ahmedabad,22 Oct 1989,
ODI,AK Sharma,10.0,6,2,30,0,3.0,2,,v West Indies,Wankhede,30 Oct 1989,
ODI,K Srikkanth,7.0,6,1,30,0,4.28,2,,v West Indies,Wankhede,30 Oct 1989,
ODI,N Kapil Dev,5.0,6,0,30,0,6.0,1,,v Pakistan,Sharjah,27 Apr 1990,
ODI,J Srinath,6.0,6,0,30,0,5.0,2,,v Australia,Adelaide,15 Dec 1991,
ODI,M Prabhakar,8.0,6,0,30,0,3.75,1,,v England,Chandigarh,21 Jan 1993,
ODI,SR Tendulkar,4.0,6,0,30,0,7.5,1,,v Zimbabwe,Pune,25 Mar 1993,
ODI,N Kapil Dev,7.0,6,0,30,0,4.28,1,,v Sri Lanka,Kanpur,7 Nov 1993,
ODI,M Prabhakar,8.0,6,1,30,0,3.75,2,,v South Africa,Eden Gardens,24 Nov 1993,
ODI,RK Chauhan,5.0,6,0,30,0,6.0,2,,v New Zealand,Wellington,30 Mar 1994,
ODI,AR Kapoor,10.0,6,0,30,0,3.0,1,,v Sri Lanka,Sharjah,9 Apr 1995,
ODI,J Srinath,8.0,6,1,30,0,3.75,2,,v New Zealand,Jamshedpur,15 Nov 1995,
ODI,A Jadeja,5.0,6,0,30,0,6.0,2,,v England,Manchester,26 May 1996,
ODI,A Jadeja,4.0,6,0,30,0,7.5,1,,v Pakistan,Toronto,16 Sep 1996,
ODI,A Kuruvilla,6.0,6,0,30,0,5.0,1,,v Pakistan,Toronto,17 Sep 1997,
ODI,RK Chauhan,5.0,6,0,30,0,6.0,2,,v Pakistan,Lahore,2 Oct 1997,
ODI,RK Chauhan,7.0,6,0,30,0,4.28,1,,v Sri Lanka,Guwahati,22 Dec 1997,
ODI,Harbhajan Singh,10.0,6,1,30,0,3.0,2,,v New Zealand,Sharjah,20 Apr 1998,
ODI,RR Singh,8.0,6,0,30,0,3.75,1,,v Sri Lanka,Colombo (RPS),19 Jun 1998,
ODI,HH Kanitkar,5.0,6,0,30,0,6.0,1,,v Pakistan,Toronto,19 Sep 1998,
ODI,SR Tendulkar,4.0,6,0,30,0,7.5,1,,v Zimbabwe,Harare,30 Sep 1998,
ODI,RR Singh,5.0,6,0,30,0,6.0,1,,v New Zealand,Christchurch,19 Jan 1999,
ODI,RR Singh,3.0,6,0,30,0,10.0,1,,v Pakistan,Bengaluru,4 Apr 1999,
ODI,V Sehwag,5.0,6,0,30,0,6.0,1,,v West Indies,Harare,4 Jul 2001,
ODI,SC Ganguly,6.0,6,0,30,0,5.0,1,,v Sri Lanka,Birmingham,6 Jul 2002,
ODI,A Nehra,10.0,6,2,30,0,3.0,1,,v Kenya,Cape Town,7 Mar 2003,
ODI,V Sehwag,5.0,6,0,30,0,6.0,1,,v Australia,Sydney,8 Feb 2004,
ODI,SC Ganguly,5.0,6,0,30,0,6.0,2,,v Sri Lanka,Dambulla,3 Aug 2005,
ODI,Harbhajan Singh,10.0,6,0,30,0,3.0,1,,v Sri Lanka,Jaipur,31 Oct 2005,
ODI,Harbhajan Singh,4.0,6,0,30,0,7.5,2,,v West Indies,Kuala Lumpur,14 Sep 2006,
ODI,V Sehwag,6.0,6,0,30,0,5.0,1,,v Sri Lanka,Margao,14 Feb 2007,
ODI,Harbhajan Singh,10.0,6,1,30,0,3.0,2,,v Bangladesh,Port of Spain,17 Mar 2007,
ODI,RR Powar,5.0,6,0,30,0,6.0,1,,v Australia,Kochi,2 Oct 2007,
ODI,Harbhajan Singh,9.0,6,0,30,0,3.33,2,,v Sri Lanka,Dambulla,24 Jun 2010,
ODI,Yuvraj Singh,6.0,6,0,30,0,5.0,1,,v South Africa,Cape Town,18 Jan 2011,
ODI,SK Raina,7.0,6,1,30,0,4.28,2,,v Bangladesh,Mirpur,16 Mar 2012,
ODI,YK Pathan,5.0,6,0,30,0,6.0,1,,v Pakistan,Mirpur,18 Mar 2012,
ODI,B Kumar,10.0,6,2,30,0,3.0,1,,v England,Mohali,23 Jan 2013,
ODI,UT Yadav,8.0,6,2,30,0,3.75,1,,v Sri Lanka,Cardiff,20 Jun 2013,
ODI,R Ashwin,10.0,6,1,30,0,3.0,2,,v Bangladesh,Melbourne,19 Mar 2015,
ODI,DL Chahar,5.0,6,0,30,0,6.0,2,,v New Zealand,Christchurch,30 Nov 2022,
ODI,HH Pandya,3.0,6,0,30,0,10.0,1,,v New Zealand,Dubai (DICS),9 Mar 2025,
ODI,RJ Shastri,4.0,6,0,31,0,7.75,1,,v Pakistan,Multan,17 Dec 1982,
ODI,C Sharma,9.0,6,0,31,0,3.44,2,,v West Indies,Guwahati,17 Dec 1983,
ODI,L Sivaramakrishnan,9.0,6,1,31,0,3.44,1,,v New Zealand,Sydney,5 Mar 1985,
ODI,N Kapil Dev,9.2,6,1,31,0,3.32,2,,v Australia,Brisbane,12 Jan 1986,
ODI,RMH Binny,5.5,6,1,31,0,5.31,2,,v New Zealand,Melbourne,23 Jan 1986,
ODI,RJ Shastri,10.0,6,1,31,0,3.1,1,,v Australia,Jaipur,7 Sep 1986,
ODI,C Sharma,4.0,6,0,31,0,7.75,1,,v Australia,Jaipur,7 Sep 1986,
ODI,N Kapil Dev,8.0,6,2,31,0,3.87,2,,v Pakistan,Sharjah,5 Dec 1986,
ODI,RR Kulkarni,3.0,6,0,31,0,10.33,2,,v Pakistan,Indore,27 Jan 1987,
ODI,RJ Shastri,6.0,6,0,31,0,5.16,2,,v West Indies,Sharjah,21 Oct 1988,
ODI,AK Sharma,8.0,6,0,31,0,3.87,1,,v New Zealand,Visakhapatnam,10 Dec 1988,
ODI,AK Sharma,9.0,6,1,31,0,3.44,1,,v New Zealand,Vadodara,17 Dec 1988,
ODI,RJ Shastri,10.0,6,2,31,0,3.1,2,,v West Indies,Port of Spain,11 Mar 1989,
ODI,V Razdan,4.0,6,0,31,0,7.75,2,,v Sri Lanka,Nagpur,1 Dec 1990,
ODI,SR Tendulkar,7.0,6,0,31,0,4.42,2,,v South Africa,Gwalior,12 Nov 1991,
ODI,M Prabhakar,9.0,6,1,31,0,3.44,1,,v South Africa,Centurion,11 Dec 1992,
ODI,J Srinath,8.0,6,0,31,0,3.87,2,,v West Indies,Visakhapatnam,7 Nov 1994,
ODI,SR Tendulkar,4.0,6,0,31,0,7.75,2,,v West Indies,Jaipur,11 Nov 1994,
ODI,M Prabhakar,8.0,6,0,31,0,3.87,1,,v New Zealand,Pune,24 Nov 1995,
ODI,A Jadeja,5.0,6,0,31,0,6.2,1,,v Sri Lanka,Eden Gardens,13 Mar 1996,
ODI,RR Singh,6.0,6,0,31,0,5.16,2,,v South Africa,East London,4 Feb 1997,
ODI,RR Singh,5.0,6,0,31,0,6.2,1,,v Zimbabwe,Benoni,9 Feb 1997,
ODI,RR Singh,4.0,6,0,31,0,7.75,2,,v Zimbabwe,Bulawayo,15 Feb 1997,
ODI,RK Chauhan,3.0,6,0,31,0,10.33,2,,v Sri Lanka,Colombo (SSC),23 Aug 1997,
ODI,BKV Prasad,6.0,6,0,31,0,5.16,1,,v Sri Lanka,Colombo (SSC),24 Aug 1997,
ODI,HH Kanitkar,6.0,6,0,31,0,5.16,1,,v Pakistan,Toronto,16 Sep 1998,
ODI,A Kumble,9.0,6,0,31,0,3.44,2,,v England,Sharjah,9 Apr 1999,
ODI,J Srinath,8.0,6,0,31,0,3.87,2,,v Pakistan,Sharjah,16 Apr 1999,
ODI,DS Mohanty,10.0,6,2,31,0,3.1,2,,v Pakistan,Manchester,8 Jun 1999,
ODI,RR Singh,8.0,6,1,31,0,3.87,2,,v Pakistan,Manchester,8 Jun 1999,
ODI,SC Ganguly,6.4,6,0,31,0,4.65,2,,v Sri Lanka,Colombo (RPS),25 Aug 1999,
ODI,T Kumaran,5.0,6,0,31,0,6.2,2,,v South Africa,Faridabad,15 Mar 2000,
ODI,SB Joshi,7.0,6,0,31,0,4.42,1,,v Bangladesh,Dhaka,30 May 2000,
ODI,RS Sodhi,8.0,6,0,31,0,3.87,1,,v Zimbabwe,Cuttack,2 Dec 2000,
ODI,RS Sodhi,8.0,6,1,31,0,3.87,2,,v Zimbabwe,Ahmedabad,5 Dec 2000,
ODI,A Nehra,10.0,6,0,31,0,3.1,1,,v Zimbabwe,Bulawayo,27 Jun 2001,
ODI,V Sehwag,8.0,6,1,31,0,3.87,1,,v New Zealand,Colombo (RPS),20 Jul 2001,
ODI,Z Khan,8.0,6,2,31,0,3.87,1,,v West Indies,Bridgetown,29 May 2002,
ODI,V Sehwag,8.0,6,0,31,0,3.87,1,,v Sri Lanka,Colombo (RPS),30 Sep 2002,
ODI,Sarandeep Singh,10.0,6,0,31,0,3.1,1,,v West Indies,Vijayawada,24 Nov 2002,
ODI,V Sehwag,6.0,6,1,31,0,5.16,2,,v Bangladesh,Dhaka,27 Dec 2004,
ODI,S Sreesanth,3.2,6,0,31,0,9.3,2,,v South Africa,Centurion,3 Dec 2006,
ODI,MM Patel,7.0,6,1,31,0,4.42,1,,v Bangladesh,Mirpur,10 May 2007,
ODI,Harbhajan Singh,7.0,6,0,31,0,4.42,1,,v Australia,Wankhede,17 Oct 2007,
ODI,MM Patel,7.0,6,0,31,0,4.42,2,,v England,Indore,17 Nov 2008,
ODI,Yuvraj Singh,3.0,6,0,31,0,10.33,2,,v England,Bengaluru,23 Nov 2008,
ODI,RA Jadeja,4.0,6,0,31,0,7.75,2,,v Sri Lanka,Mirpur,5 Jan 2010,
ODI,Harbhajan Singh,10.0,6,0,31,0,3.1,1,,v Netherlands,Delhi,9 Mar 2011,
ODI,SK Raina,4.0,6,0,31,0,7.75,1,,v West Indies,North Sound,11 Jun 2011,
ODI,RA Jadeja,4.0,6,0,31,0,7.75,2,,v Sri Lanka,Mirpur,13 Mar 2012,
ODI,JD Unadkat,6.0,6,0,31,0,5.16,1,,v Australia,Ranchi,23 Oct 2013,
ODI,KM Jadhav,8.0,6,0,31,0,3.87,1,,v New Zealand,Pune,25 Oct 2017,
ODI,RA Jadeja,6.0,6,0,31,0,5.16,1,,v Bangladesh,Dubai (DICS),28 Sep 2018,
ODI,HH Pandya,6.0,6,0,31,0,5.16,1,,v South Africa,Southampton,5 Jun 2019,
ODI,BS Bedi,12.0,6,1,32,0,2.66,2,,v New Zealand,Leeds,13 Jun 1979,
ODI,L Sivaramakrishnan,9.0,6,0,32,0,3.55,2,,v West Indies,Sharjah,22 Nov 1985,
ODI,N Kapil Dev,11.0,6,1,32,0,2.9,1,,v England,The Oval,24 May 1986,
ODI,RJ Shastri,4.0,6,0,32,0,8.0,1,,v West Indies,Sharjah,30 Nov 1986,
ODI,RMH Binny,8.3,6,0,32,0,3.76,2,,v Pakistan,Sharjah,5 Dec 1986,
ODI,M Prabhakar,8.0,6,1,32,0,4.0,2,,v Pakistan,Hyderabad (Deccan),20 Mar 1987,
ODI,B Arun,4.0,6,0,32,0,8.0,1,,v England,Sharjah,2 Apr 1987,
ODI,Maninder Singh,10.0,6,0,32,0,3.2,2,,v West Indies,Sharjah,21 Oct 1988,
ODI,AK Sharma,5.0,6,0,32,0,6.4,2,,v New Zealand,Indore,15 Dec 1988,
ODI,C Sharma,6.0,6,0,32,0,5.33,1,,v West Indies,Bridgetown,7 Mar 1989,
ODI,M Prabhakar,10.0,6,0,32,0,3.2,2,,v Australia,Hobart,10 Dec 1991,
ODI,J Srinath,9.0,6,2,32,0,3.55,1,,v Australia,Melbourne,18 Jan 1992,
ODI,SA Ankola,6.0,6,0,32,0,5.33,1,,v Zimbabwe,Pune,25 Mar 1993,
ODI,A Jadeja,5.0,6,0,32,0,6.4,2,,v U.A.E.,Sharjah,13 Apr 1994,
ODI,SR Tendulkar,5.0,6,0,32,0,6.4,1,,v West Indies,Faridabad,17 Oct 1994,
ODI,J Srinath,7.0,6,0,32,0,4.57,1,,v West Indies,Cuttack,9 Nov 1994,
ODI,BKV Prasad,7.0,6,0,32,0,4.57,1,,v South Africa,Hamilton,18 Feb 1995,
ODI,AR Kapoor,10.0,6,0,32,0,3.2,1,,v Sri Lanka,Sharjah,14 Apr 1995,
ODI,J Srinath,6.0,6,0,32,0,5.33,2,,v Australia,Colombo (SSC),6 Sep 1996,
ODI,AR Kapoor,10.0,6,0,32,0,3.2,2,,v South Africa,Rajkot,29 Oct 1996,
ODI,J Srinath,7.0,6,0,32,0,4.57,2,,v Zimbabwe,Centurion,7 Feb 1997,
ODI,RR Singh,7.0,6,0,32,0,4.57,1,,v Sri Lanka,Colombo (SSC),24 Aug 1997,
ODI,BKV Prasad,7.0,6,0,32,0,4.57,1,,v Sri Lanka,Colombo (RPS),19 Jun 1998,
ODI,LR Shukla,4.0,6,0,32,0,8.0,2,,v Sri Lanka,Nagpur,22 Mar 1999,
ODI,BKV Prasad,8.2,6,0,32,0,3.84,2,,v South Africa,Hove,15 May 1999,
ODI,SB Joshi,5.0,6,0,32,0,6.4,2,,v South Africa,Sharjah,22 Mar 2000,
ODI,SR Tendulkar,6.0,6,0,32,0,5.33,2,,v South Africa,Sharjah,22 Mar 2000,
ODI,Yuvraj Singh,10.0,6,0,32,0,3.2,2,,v New Zealand,Nairobi (Gym),15 Oct 2000,
ODI,BKV Prasad,8.0,6,0,32,0,4.0,1,,v Zimbabwe,Kanpur,11 Dec 2000,
ODI,AB Agarkar,7.1,6,0,32,0,4.46,2,,v South Africa,Durban,26 Oct 2001,
ODI,SB Bangar,4.0,6,0,32,0,8.0,2,,v Zimbabwe,Mohali,10 Mar 2002,
ODI,SR Tendulkar,4.0,6,0,32,0,8.0,2,,v South Africa,Colombo (RPS),25 Sep 2002,
ODI,V Sehwag,10.0,6,0,32,0,3.2,1,,v Sri Lanka,Colombo (RPS),29 Sep 2002,
ODI,Harbhajan Singh,10.0,6,1,32,0,3.2,2,,v Kenya,Durban,20 Mar 2003,
ODI,Sarandeep Singh,10.0,6,0,32,0,3.2,2,,v South Africa,Dhaka,18 Apr 2003,
ODI,L Balaji,7.0,6,0,32,0,4.57,1,,v Bangladesh,Colombo (SSC),21 Jul 2004,
ODI,V Sehwag,8.0,6,1,32,0,4.0,2,,v Kenya,Southampton,11 Sep 2004,
ODI,Harbhajan Singh,10.0,6,0,32,0,3.2,2,,v Pakistan,Kochi,2 Apr 2005,
ODI,RP Singh,4.0,6,0,32,0,8.0,2,,v England,Delhi,28 Mar 2006,
ODI,Z Khan,5.0,6,0,32,0,6.4,1,,v Sri Lanka,Eden Gardens,8 Feb 2007,
ODI,RR Powar,5.2,6,0,32,0,6.0,2,,v England,Lord's,8 Sep 2007,
ODI,MM Patel,5.0,6,0,32,0,6.4,1,,v Sri Lanka,Dambulla,28 Jan 2009,
ODI,YK Pathan,7.0,6,0,32,0,4.57,1,,v Sri Lanka,Dambulla,28 Jan 2009,
ODI,L Balaji,5.0,6,0,32,0,6.4,1,,v Sri Lanka,Colombo (RPS),8 Feb 2009,
ODI,YK Pathan,4.0,6,0,32,0,8.0,2,,v Sri Lanka,Harare,5 Jun 2010,
ODI,Yuvraj Singh,6.0,6,0,32,0,5.33,1,,v South Africa,Durban,12 Jan 2011,
ODI,PP Chawla,7.0,6,0,32,0,4.57,1,,v South Africa,Centurion,23 Jan 2011,
ODI,YK Pathan,7.0,6,1,32,0,4.57,1,,v Ireland,Bengaluru,6 Mar 2011,
ODI,RP Singh,6.0,6,0,32,0,5.33,2,,v England,The Oval,9 Sep 2011,
ODI,SK Raina,6.0,6,0,32,0,5.33,1,,v South Africa,Durban,8 Dec 2013,
ODI,RA Jadeja,6.0,6,0,32,0,5.33,1,,v South Africa,Centurion,11 Dec 2013,
ODI,UT Yadav,5.0,6,0,32,0,6.4,2,,v Bangladesh,Mirpur,17 Jun 2014,
ODI,B Kumar,7.0,6,0,32,0,4.57,2,,v West Indies,Delhi,11 Oct 2014,
ODI,AR Patel,7.3,6,0,32,0,4.26,2,,v England,Brisbane,20 Jan 2015,
ODI,B Kumar,5.0,6,0,32,0,6.4,2,,v Bangladesh,Mirpur,21 Jun 2015,
ODI,HH Pandya,9.0,6,0,32,0,3.55,2,,v West Indies,Port of Spain,25 Jun 2017,
ODI,KM Jadhav,4.4,6,0,32,0,6.85,1,,v Sri Lanka,Pallekele,24 Aug 2017,
ODI,HH Pandya,5.0,6,0,32,0,6.4,1,,v Australia,Bengaluru,28 Sep 2017,
ODI,YS Chahal,2.4,6,0,32,0,12.0,2,,v New Zealand,Hamilton,31 Jan 2019,
ODI,KM Jadhav,2.0,6,0,32,0,16.0,1,,v Australia,Ranchi,8 Mar 2019,
ODI,AR Patel,6.0,6,0,32,0,5.33,1,,v England,Cuttack,9 Feb 2025,
ODI,RMH Binny,6.0,6,0,33,0,5.5,2,,v Sri Lanka,Amritsar,12 Sep 1982,
ODI,S Madan Lal,5.0,6,0,33,0,6.6,2,,v Pakistan,Eden Gardens,18 Feb 1987,
ODI,K Srikkanth,4.0,6,0,33,0,8.25,1,,v West Indies,Georgetown,21 Mar 1989,
ODI,N Kapil Dev,10.0,6,3,33,0,3.3,2,,v West Indies,Brisbane,11 Jan 1992,
ODI,RJ Shastri,10.0,6,1,33,0,3.3,2,,v South Africa,Johannesburg,13 Dec 1992,
ODI,A Kumble,9.0,6,0,33,0,3.66,1,,v South Africa,East London,19 Dec 1992,
ODI,RK Chauhan,9.0,6,0,33,0,3.66,2,,v Sri Lanka,Rajkot,15 Feb 1994,
ODI,A Jadeja,5.0,6,0,33,0,6.6,1,,v Australia,Sharjah,19 Apr 1994,
ODI,J Srinath,8.0,6,0,33,0,4.12,2,,v Sri Lanka,Colombo (RPS),28 Aug 1996,
ODI,RR Singh,7.0,6,2,33,0,4.71,1,,v Zimbabwe,Paarl,27 Jan 1997,
ODI,A Kumble,10.0,6,2,33,0,3.3,2,,v West Indies,Bridgetown,3 May 1997,
ODI,RR Singh,6.0,6,0,33,0,5.5,1,,v Pakistan,Toronto,20 Sep 1997,
ODI,SV Bahutule,9.0,6,0,33,0,3.66,1,,v Sri Lanka,Guwahati,22 Dec 1997,
ODI,RR Singh,6.0,6,0,33,0,5.5,1,,v Bangladesh,Dhaka,10 Jan 1998,
ODI,HH Kanitkar,6.0,6,0,33,0,5.5,1,,v Australia,Sharjah,22 Apr 1998,
ODI,SB Joshi,6.0,6,0,33,0,5.5,1,,v Sri Lanka,Sharjah,6 Nov 1998,
ODI,N Chopra,8.0,6,0,33,0,4.12,2,,v Australia,Galle,23 Aug 1999,
ODI,J Srinath,7.0,6,0,33,0,4.71,2,,v Australia,Pune,28 Mar 2001,
ODI,A Nehra,9.0,6,1,33,0,3.66,1,,v West Indies,Harare,4 Jul 2001,
ODI,A Kumble,6.0,6,0,33,0,5.5,2,,v West Indies,Nagpur,9 Nov 2002,
ODI,Yuvraj Singh,4.0,6,0,33,0,8.25,1,,v Australia,Bengaluru,12 Nov 2003,
ODI,SC Ganguly,5.0,6,0,33,0,6.6,2,,v Zimbabwe,Adelaide,24 Jan 2004,
ODI,L Balaji,6.0,6,0,33,0,5.5,2,,v Pakistan,Visakhapatnam,5 Apr 2005,
ODI,Yuvraj Singh,5.0,6,0,33,0,6.6,2,,v Pakistan,Ahmedabad,12 Apr 2005,
ODI,AB Agarkar,7.0,6,1,33,0,4.71,1,,v South Africa,Wankhede,28 Nov 2005,
ODI,VRV Singh,5.0,6,0,33,0,6.6,2,,v England,Jamshedpur,12 Apr 2006,
ODI,SR Tendulkar,9.0,6,1,33,0,3.66,1,,v South Africa,Durban,22 Nov 2006,
ODI,AB Agarkar,5.0,6,0,33,0,6.6,1,,v South Africa,Gqeberha,29 Nov 2006,
ODI,A Kumble,7.0,6,0,33,0,4.71,2,,v South Africa,Centurion,3 Dec 2006,
ODI,SR Tendulkar,5.0,6,0,33,0,6.6,2,,v West Indies,Chennai,27 Jan 2007,
ODI,SR Tendulkar,4.0,6,0,33,0,8.25,1,,v Sri Lanka,Margao,14 Feb 2007,
ODI,PP Chawla,10.0,6,0,33,0,3.3,1,,v Australia,Sydney,2 Mar 2008,
ODI,V Sehwag,7.0,6,0,33,0,4.71,1,,v Bangladesh,Mirpur,12 Jun 2008,
ODI,Harbhajan Singh,8.0,6,0,33,0,4.12,1,,v South Africa,Centurion,23 Jan 2011,
ODI,Yuvraj Singh,5.0,6,0,33,0,6.6,2,,v Pakistan,Chennai,30 Dec 2012,
ODI,RA Jadeja,10.0,6,3,33,0,3.3,1,,v Zimbabwe,Harare,24 Jul 2013,
ODI,RA Jadeja,10.0,6,2,33,0,3.3,2,,v New Zealand,Hamilton,28 Jan 2014,
ODI,AT Rayudu,4.0,6,0,33,0,8.25,1,,v Sri Lanka,Ranchi,16 Nov 2014,
ODI,UT Yadav,4.0,6,0,33,0,8.25,2,,v Bangladesh,Mirpur,24 Jun 2015,
ODI,R Dhawan,6.0,6,0,33,0,5.5,2,,v Australia,Melbourne,17 Jan 2016,
ODI,Mohammed Shami,10.0,6,2,33,0,3.3,1,,v West Indies,North Sound,2 Jul 2017,
ODI,B Kumar,6.0,6,0,33,0,5.5,1,,v Sri Lanka,Dambulla,20 Aug 2017,
ODI,B Kumar,7.0,6,0,33,0,4.71,1,,v Bangladesh,Dubai (DICS),28 Sep 2018,
ODI,RA Jadeja,10.0,6,0,33,0,3.3,1,,v Australia,Hyderabad,2 Mar 2019,
ODI,Mohammed Siraj,6.0,6,0,33,0,5.5,2,,v England,Lucknow,29 Oct 2023,
ODI,S Venkataraghavan,12.0,6,0,34,0,2.83,2,,v New Zealand,Leeds,13 Jun 1979,
ODI,KD Ghavri,10.0,6,1,34,0,3.4,2,,v New Zealand,Leeds,13 Jun 1979,
ODI,Yashpal Sharma,5.1,6,0,34,0,6.58,2,,v England,Leeds,2 Jun 1982,
ODI,DR Doshi,5.0,6,0,34,0,6.8,1,,v Sri Lanka,Delhi,15 Sep 1982,
ODI,S Madan Lal,7.0,6,0,34,0,4.85,1,,v West Indies,Port of Spain,9 Mar 1983,
ODI,N Kapil Dev,10.0,6,0,34,0,3.4,2,,v West Indies,Manchester,9 Jun 1983,
ODI,C Sharma,5.0,6,0,34,0,6.8,1,,v Australia,Sydney,5 Feb 1986,
ODI,L Sivaramakrishnan,8.0,6,0,34,0,4.25,2,,v New Zealand,Bengaluru,14 Oct 1987,
ODI,ND Hirwani,10.0,6,0,34,0,3.4,1,,v West Indies,Gwalior,22 Jan 1988,
ODI,SLV Raju,8.0,6,0,34,0,4.25,1,,v Sri Lanka,Eden Gardens,4 Jan 1991,
ODI,RJ Shastri,10.0,6,0,34,0,3.4,2,,v Australia,Adelaide,15 Dec 1991,
ODI,ND Hirwani,5.0,6,0,34,0,6.8,1,,v Australia,Melbourne,18 Jan 1992,
ODI,A Jadeja,7.0,6,0,34,0,4.85,1,,v Australia,Brisbane,1 Mar 1992,
ODI,C Sharma,8.0,6,0,34,0,4.25,1,,v South Africa,East London,19 Dec 1992,
ODI,AK Sharma,10.0,6,0,34,0,3.4,1,,v Zimbabwe,Pune,25 Mar 1993,
ODI,J Srinath,8.0,6,1,34,0,4.25,1,,v Sri Lanka,Colombo (RPS),12 Aug 1993,
ODI,SR Tendulkar,8.0,6,0,34,0,4.25,2,,v Pakistan,Sharjah,15 Apr 1994,
ODI,A Kumble,9.0,6,0,34,0,3.77,2,,v New Zealand,Napier,16 Feb 1995,
ODI,BKV Prasad,10.0,6,0,34,0,3.4,1,,v West Indies,Gwalior,21 Feb 1996,
ODI,J Srinath,7.0,6,0,34,0,4.85,2,,v Pakistan,Singapore,5 Apr 1996,
ODI,AR Kapoor,8.0,6,0,34,0,4.25,1,,v Pakistan,Toronto,21 Sep 1996,
ODI,RR Singh,6.5,6,0,34,0,4.97,2,,v Sri Lanka,Colombo (RPS),20 Aug 1997,
ODI,RR Singh,6.0,6,0,34,0,5.66,1,,v England,Sharjah,11 Dec 1997,
ODI,HH Kanitkar,6.0,6,0,34,0,5.66,1,,v Pakistan,Dhaka,18 Jan 1998,
ODI,SR Tendulkar,5.0,6,0,34,0,6.8,1,,v Kenya,Gwalior,28 May 1998,
ODI,J Srinath,10.0,6,2,34,0,3.4,1,,v Australia,The Oval,4 Jun 1999,
ODI,RR Singh,10.0,6,1,34,0,3.4,1,,v Pakistan,Sharjah,26 Mar 2000,
ODI,SC Ganguly,5.0,6,0,34,0,6.8,1,,v Sri Lanka,Sharjah,27 Oct 2000,
ODI,RS Sodhi,6.0,6,0,34,0,5.66,2,,v Sri Lanka,Colombo (SSC),1 Aug 2001,
ODI,Sarandeep Singh,5.0,6,0,34,0,6.8,1,,v England,Delhi,31 Jan 2002,
ODI,SB Bangar,7.0,6,0,34,0,4.85,1,,v New Zealand,Napier,29 Dec 2002,
ODI,SC Ganguly,6.0,6,0,34,0,5.66,2,,v England,Durban,26 Feb 2003,
ODI,AB Agarkar,6.0,6,2,34,0,5.66,2,,v South Africa,Dhaka,18 Apr 2003,
ODI,SR Tendulkar,3.0,6,0,34,0,11.33,2,,v Pakistan,Karachi,13 Mar 2004,
ODI,SC Ganguly,6.0,6,0,34,0,5.66,1,,v Pakistan,Amstelveen,21 Aug 2004,
ODI,IK Pathan,6.4,6,0,34,0,5.1,1,,v Australia,Amstelveen,23 Aug 2004,
ODI,A Nehra,10.0,6,1,34,0,3.4,2,,v Sri Lanka,Dambulla,30 Jul 2005,
ODI,AB Agarkar,5.0,6,0,34,0,6.8,1,,v England,Jaipur,15 Oct 2006,
ODI,MM Patel,7.0,6,0,34,0,4.85,2,,v Bangladesh,Mirpur,12 May 2007,
ODI,V Sehwag,5.0,6,0,34,0,6.8,2,,v Pakistan,Karachi,2 Jul 2008,
ODI,RA Jadeja,7.0,6,1,34,0,4.85,2,,v West Indies,Kingston,26 Jun 2009,
ODI,Yuvraj Singh,4.0,6,0,34,0,8.5,2,,v West Indies,Kingston,26 Jun 2009,
ODI,RP Singh,5.0,6,0,34,0,6.8,1,,v West Indies,Gros Islet,3 Jul 2009,
ODI,P Kumar,8.0,6,0,34,0,4.25,1,,v Australia,Centurion,28 Sep 2009,
ODI,P Kumar,5.0,6,0,34,0,6.8,2,,v England,Eden Gardens,25 Oct 2011,
ODI,R Vinay Kumar,4.0,6,0,34,0,8.5,2,,v West Indies,Indore,8 Dec 2011,
ODI,SK Raina,5.0,6,0,34,0,6.8,2,,v Sri Lanka,Mirpur,13 Mar 2012,
ODI,R Ashwin,10.0,6,0,34,0,3.4,2,,v Pakistan,Chennai,30 Dec 2012,
ODI,UT Yadav,6.0,6,0,34,0,5.66,2,,v South Africa,Melbourne,22 Feb 2015,
ODI,HH Pandya,5.0,6,0,34,0,6.8,1,,v New Zealand,Mohali,23 Oct 2016,
ODI,HH Pandya,4.0,6,0,34,0,8.5,1,,v Bangladesh,Birmingham,15 Jun 2017,
ODI,HH Pandya,5.0,6,0,34,0,6.8,1,,v South Africa,Centurion,4 Feb 2018,
ODI,YS Chahal,7.0,6,0,34,0,4.85,1,,v Pakistan,Dubai (DICS),19 Sep 2018,
ODI,Kuldeep Yadav,10.0,6,0,34,0,3.4,1,,v Bangladesh,Dubai (DICS),21 Sep 2018,
ODI,RA Jadeja,10.0,6,0,34,0,3.4,1,,v Australia,Chennai,22 Mar 2023,
ODI,Kuldeep Yadav,10.0,6,2,34,0,3.4,1,,v Nepal,Pallekele,4 Sep 2023,
ODI,M Amarnath,7.3,6,0,35,0,4.66,2,,v West Indies,Birmingham,9 Jun 1979,
ODI,S Madan Lal,7.0,6,0,35,0,5.0,1,,v Pakistan,Lahore,31 Dec 1982,
ODI,RMH Binny,6.0,6,0,35,0,5.83,2,,v West Indies,Guwahati,17 Dec 1983,
ODI,S Madan Lal,7.5,6,0,35,0,4.46,2,,v Australia,Ahmedabad,5 Oct 1984,
ODI,RJ Shastri,6.0,6,0,35,0,5.83,2,,v Australia,Indore,6 Oct 1984,
ODI,N Kapil Dev,10.0,6,1,35,0,3.5,1,,v Australia,Delhi,2 Oct 1986,
ODI,C Sharma,5.4,6,0,35,0,6.17,2,,v Pakistan,Sharjah,15 Oct 1989,
ODI,RJ Shastri,4.0,6,0,35,0,8.75,1,,v Pakistan,Sharjah,20 Oct 1989,
ODI,AK Sharma,9.0,6,0,35,0,3.88,2,,v New Zealand,Wellington,6 Mar 1990,
ODI,A Kumble,10.0,6,0,35,0,3.5,2,,v Sri Lanka,Nagpur,1 Dec 1990,
ODI,A Kumble,7.0,6,0,35,0,5.0,1,,v Pakistan,Sharjah,23 Oct 1991,
ODI,J Srinath,9.0,6,0,35,0,3.88,2,,v New Zealand,Dunedin,12 Mar 1992,
ODI,N Kapil Dev,9.0,6,1,35,0,3.88,2,,v South Africa,Bloemfontein,15 Dec 1992,
ODI,M Prabhakar,10.0,6,0,35,0,3.5,2,,v South Africa,Bloemfontein,15 Dec 1992,
ODI,SLV Raju,8.0,6,1,35,0,4.37,2,,v England,Jaipur,18 Jan 1993,
ODI,A Kumble,9.0,6,0,35,0,3.88,1,,v Sri Lanka,Colombo (RPS),12 Aug 1993,
ODI,A Jadeja,5.0,6,0,35,0,7.0,2,,v New Zealand,Wellington,30 Mar 1994,
ODI,A Kumble,8.0,6,0,35,0,4.37,1,,v New Zealand,Pune,24 Nov 1995,
ODI,J Srinath,10.0,6,2,35,0,3.5,1,,v Australia,Bengaluru,21 Oct 1996,
ODI,BKV Prasad,6.5,6,1,35,0,5.12,2,,v Zimbabwe,Bulawayo,15 Feb 1997,
ODI,SR Tendulkar,7.0,6,0,35,0,5.0,1,,v New Zealand,Bengaluru,14 May 1997,
ODI,A Kuruvilla,7.0,6,0,35,0,5.0,2,,v Sri Lanka,Colombo (RPS),18 Jul 1997,
ODI,RR Singh,10.0,6,1,35,0,3.5,2,,v Pakistan,Toronto,13 Sep 1997,
ODI,HH Kanitkar,7.0,6,0,35,0,5.0,2,,v Australia,Delhi,14 Apr 1998,
ODI,SB Joshi,10.0,6,0,35,0,3.5,2,,v West Indies,Dhaka,31 Oct 1998,
ODI,V Sehwag,3.0,6,0,35,0,11.66,2,,v Pakistan,Mohali,1 Apr 1999,
ODI,A Kumble,6.0,6,0,35,0,5.83,2,,v Australia,Galle,23 Aug 1999,
ODI,BKV Prasad,10.0,6,0,35,0,3.5,2,,v Sri Lanka,Colombo (RPS),25 Aug 1999,
ODI,SC Ganguly,4.0,6,0,35,0,8.75,1,,v Bangladesh,Dhaka,30 May 2000,
ODI,S Sriram,7.0,6,0,35,0,5.0,1,,v Sri Lanka,Sharjah,27 Oct 2000,
ODI,A Nehra,7.0,6,0,35,0,5.0,1,,v New Zealand,Colombo (RPS),20 Jul 2001,
ODI,SR Tendulkar,6.0,6,0,35,0,5.83,1,,v England,Cuttack,22 Jan 2002,
ODI,Harbhajan Singh,6.0,6,0,35,0,5.83,2,,v West Indies,Nagpur,9 Nov 2002,
ODI,A Nehra,7.0,6,0,35,0,5.0,2,,v Zimbabwe,Harare,19 Feb 2003,
ODI,RR Powar,6.0,6,0,35,0,5.83,1,,v Pakistan,Rawalpindi,16 Mar 2004,
ODI,Z Khan,7.0,6,0,35,0,5.0,1,,v Sri Lanka,Colombo (RPS),1 Aug 2004,
ODI,Z Khan,7.0,6,1,35,0,5.0,2,,v Pakistan,Kanpur,15 Apr 2005,
ODI,Yuvraj Singh,6.3,6,0,35,0,5.38,2,,v South Africa,Belfast,26 Jun 2007,
ODI,SR Tendulkar,5.0,6,0,35,0,7.0,2,,v England,Leeds,2 Sep 2007,
ODI,S Sreesanth,8.0,6,0,35,0,4.37,1,,v Australia,Adelaide,17 Feb 2008,
ODI,IK Pathan,7.0,6,0,35,0,5.0,2,,v Sri Lanka,Dambulla,18 Aug 2008,
ODI,I Sharma,5.0,6,0,35,0,7.0,2,,v Sri Lanka,Colombo (RPS),3 Feb 2009,
ODI,I Sharma,5.0,6,0,35,0,7.0,1,,v West Indies,Gros Islet,3 Jul 2009,
ODI,SK Raina,6.0,6,0,35,0,5.83,2,,v West Indies,Kingston,16 Jun 2011,
ODI,MM Patel,5.0,6,0,35,0,7.0,2,,v England,Southampton,6 Sep 2011,
ODI,P Kumar,7.0,6,0,35,0,5.0,1,,v Australia,Melbourne,5 Feb 2012,
ODI,Yuvraj Singh,4.0,6,0,35,0,8.75,1,,v Australia,Jaipur,16 Oct 2013,
ODI,DS Kulkarni,7.0,6,0,35,0,5.0,1,,v England,Birmingham,2 Sep 2014,
ODI,HH Pandya,6.0,6,0,35,0,5.83,1,,v Sri Lanka,Dambulla,20 Aug 2017,
ODI,HH Pandya,8.0,6,0,35,0,4.37,2,,v South Africa,Cape Town,7 Feb 2018,
ODI,KM Jadhav,6.0,6,0,35,0,5.83,1,,v Australia,Melbourne,18 Jan 2019,
ODI,Avesh Khan,7.0,6,0,35,0,5.0,1,,v South Africa,Ranchi,9 Oct 2022,
ODI,SN Thakur,4.0,6,0,35,0,8.75,2,,v Australia,Indore,24 Sep 2023,
ODI,SM Patil,6.0,6,0,36,0,6.0,1,,v Australia,Nottingham,13 Jun 1983,
ODI,BS Sandhu,8.0,6,1,36,0,4.5,1,,v England,Manchester,22 Jun 1983,
ODI,BS Sandhu,10.0,6,1,36,0,3.6,1,,v Pakistan,Jaipur,2 Oct 1983,
ODI,S Madan Lal,9.0,6,0,36,0,4.0,2,,v West Indies,Indore,1 Dec 1983,
ODI,TAP Sekhar,9.0,6,0,36,0,4.0,2,,v England,Bengaluru,20 Jan 1985,
ODI,M Prabhakar,10.0,6,1,36,0,3.6,1,,v England,Nagpur,23 Jan 1985,
ODI,RMH Binny,7.0,6,0,36,0,5.14,2,,v West Indies,Sharjah,22 Nov 1985,
ODI,M Amarnath,10.0,6,0,36,0,3.6,1,,v Australia,Sydney,21 Jan 1986,
ODI,S Madan Lal,8.0,6,1,36,0,4.5,1,,v Sri Lanka,Kanpur,24 Dec 1986,
ODI,M Prabhakar,6.0,6,0,36,0,6.0,2,,v Pakistan,Jamshedpur,26 Mar 1987,
ODI,G Sharma,7.0,6,0,36,0,5.14,2,,v Pakistan,Sharjah,10 Apr 1987,
ODI,Arshad Ayub,5.0,6,0,36,0,7.2,1,,v West Indies,Guwahati,23 Dec 1987,
ODI,N Kapil Dev,3.0,6,0,36,0,12.0,1,,v West Indies,Gwalior,22 Jan 1988,
ODI,RJ Shastri,5.0,6,0,36,0,7.2,2,,v West Indies,St John's,18 Mar 1989,
ODI,Arshad Ayub,10.0,6,0,36,0,3.6,2,,v West Indies,St John's,18 Mar 1989,
ODI,AS Wassan,10.0,6,0,36,0,3.6,1,,v Australia,Christchurch,3 Mar 1990,
ODI,M Prabhakar,9.0,6,1,36,0,4.0,1,,v Sri Lanka,Eden Gardens,4 Jan 1991,
ODI,N Kapil Dev,10.0,6,0,36,0,3.6,1,,v New Zealand,Napier,25 Mar 1994,
ODI,BKV Prasad,7.0,6,0,36,0,5.14,1,,v West Indies,Kanpur,30 Oct 1994,
ODI,M Prabhakar,8.0,6,0,36,0,4.5,1,,v West Indies,Cuttack,9 Nov 1994,
ODI,A Kumble,9.0,6,0,36,0,4.0,2,,v England,Leeds,25 May 1996,
ODI,SB Joshi,10.0,6,1,36,0,3.6,1,,v Pakistan,Toronto,23 Sep 1996,
ODI,SB Joshi,4.0,6,0,36,0,9.0,1,,v Pakistan,Chennai,21 May 1997,
ODI,NA David,8.0,6,0,36,0,4.5,2,,v Sri Lanka,Colombo (RPS),18 Jul 1997,
ODI,BKV Prasad,10.0,6,0,36,0,3.6,1,,v Pakistan,Toronto,12 Sep 1998,
ODI,R Dravid,6.0,6,0,36,0,6.0,2,,v West Indies,Dhaka,31 Oct 1998,
ODI,BKV Prasad,9.0,6,0,36,0,4.0,1,,v West Indies,Toronto,12 Sep 1999,
ODI,AB Agarkar,8.0,6,0,36,0,4.5,2,,v South Africa,Faridabad,15 Mar 2000,
ODI,S Sriram,6.0,6,0,36,0,6.0,1,,v South Africa,Nagpur,19 Mar 2000,
ODI,A Kumble,8.0,6,0,36,0,4.5,1,,v Sri Lanka,Dhaka,1 Jun 2000,
ODI,Z Khan,8.5,6,1,36,0,4.07,2,,v Sri Lanka,Sharjah,20 Oct 2000,
ODI,RR Singh,4.0,6,0,36,0,9.0,1,,v Sri Lanka,Sharjah,27 Oct 2000,
ODI,SR Tendulkar,8.0,6,0,36,0,4.5,1,,v Sri Lanka,Colombo (RPS),30 Sep 2002,
ODI,V Sehwag,5.0,6,0,36,0,7.2,1,,v Australia,Bengaluru,12 Nov 2003,
ODI,IK Pathan,8.0,6,0,36,0,4.5,2,,v Australia,Melbourne,6 Feb 2004,
ODI,A Kumble,7.0,6,0,36,0,5.14,2,,v Australia,Melbourne,6 Feb 2004,
ODI,A Kumble,10.0,6,1,36,0,3.6,2,,v England,Lord's,5 Sep 2004,
ODI,Z Khan,4.0,6,0,36,0,9.0,1,,v Pakistan,Lahore,13 Feb 2006,
ODI,Harbhajan Singh,9.0,6,0,36,0,4.0,2,,v Australia,Vadodara,11 Oct 2007,
ODI,M Kartik,10.0,6,0,36,0,3.6,1,,v Pakistan,Guwahati,5 Nov 2007,
ODI,A Nehra,4.0,6,0,36,0,9.0,2,,v West Indies,Kingston,28 Jun 2009,
ODI,Yuvraj Singh,7.0,6,0,36,0,5.14,1,,v Australia,Hyderabad,5 Nov 2009,
ODI,RA Jadeja,10.0,6,1,36,0,3.6,2,,v Australia,Guwahati,8 Nov 2009,
ODI,Z Khan,6.0,6,0,36,0,6.0,1,,v Sri Lanka,Colombo (RPS),31 Jul 2012,
ODI,SK Raina,6.0,6,0,36,0,6.0,2,,v South Africa,Cardiff,6 Jun 2013,
ODI,UT Yadav,6.0,6,0,36,0,6.0,2,,v West Indies,Port of Spain,25 Jun 2017,
ODI,Kuldeep Yadav,10.0,6,0,36,0,3.6,1,,v West Indies,Kingston,6 Jul 2017,
ODI,Kuldeep Yadav,10.0,6,1,36,0,3.6,1,,v Zimbabwe,Harare,18 Aug 2022,
ODI,ED Solkar,11.0,6,3,37,0,3.36,2,,v England,The Oval,15 Jul 1974,
ODI,M Amarnath,7.0,8,0,37,0,3.96,2,,v New Zealand,Christchurch,21 Feb 1976,
ODI,S Madan Lal,7.0,8,0,37,0,3.96,1,,v New Zealand,Auckland,22 Feb 1976,
ODI,BS Bedi,12.0,6,2,37,0,3.08,1,,v Sri Lanka,Manchester,16 Jun 1979,
ODI,KD Ghavri,9.0,6,1,37,0,4.11,2,,v Australia,Melbourne,11 Jan 1981,
ODI,SV Nayak,9.0,6,0,37,0,4.11,2,,v England,Leeds,2 Jun 1982,
ODI,RJ Shastri,11.0,6,0,37,0,3.36,2,,v England,Leeds,2 Jun 1982,
ODI,S Madan Lal,7.0,6,1,37,0,5.28,2,,v West Indies,St George's,7 Apr 1983,
ODI,RS Ghai,4.0,6,0,37,0,9.25,2,,v England,Bengaluru,20 Jan 1985,
ODI,M Azharuddin,8.0,6,0,37,0,4.62,2,,v Australia,Melbourne,9 Feb 1986,
ODI,RJ Shastri,11.0,6,0,37,0,3.36,2,,v England,Manchester,26 May 1986,
ODI,RS Ghai,6.2,6,0,37,0,5.84,2,,v Australia,Rajkot,7 Oct 1986,
ODI,S Madan Lal,10.0,6,1,37,0,3.7,2,,v Pakistan,Indore,27 Jan 1987,
ODI,C Sharma,7.1,6,0,37,0,5.16,2,,v Australia,Delhi,22 Oct 1987,
ODI,Arshad Ayub,10.0,6,0,37,0,3.7,2,,v West Indies,Faridabad,19 Jan 1988,
ODI,Arshad Ayub,10.0,6,0,37,0,3.7,2,,v Sri Lanka,Sharjah,25 Mar 1988,
ODI,N Kapil Dev,8.0,6,0,37,0,4.62,2,,v South Africa,New Delhi,14 Nov 1991,
ODI,SR Tendulkar,10.0,6,0,37,0,3.7,1,,v England,W.A.C.A,22 Feb 1992,
ODI,A Kumble,7.0,6,0,37,0,5.28,2,,v Sri Lanka,Moratuwa,14 Aug 1993,
ODI,SR Tendulkar,5.0,6,0,37,0,7.4,1,,v New Zealand,Napier,25 Mar 1994,
ODI,SA Ankola,8.0,6,0,37,0,4.62,2,,v New Zealand,Christchurch,2 Apr 1994,
ODI,RK Chauhan,10.0,6,2,37,0,3.7,1,,v Australia,Sharjah,19 Apr 1994,
ODI,N Kapil Dev,5.0,6,0,37,0,7.4,1,,v West Indies,Faridabad,17 Oct 1994,
ODI,A Jadeja,7.0,6,0,37,0,5.28,2,,v South Africa,Sharjah,17 Apr 1996,
ODI,A Kuruvilla,6.0,6,1,37,0,6.16,1,,v New Zealand,Bengaluru,14 May 1997,
ODI,RK Chauhan,9.0,6,0,37,0,4.11,2,,v Sri Lanka,Margao,28 Dec 1997,
ODI,N Chopra,8.0,6,0,37,0,4.62,2,,v New Zealand,Taupo,9 Jan 1999,
ODI,A Kumble,10.0,6,0,37,0,3.7,1,,v New Zealand,Auckland,16 Jan 1999,
ODI,LR Shukla,10.0,6,0,37,0,3.7,2,,v Pakistan,Mohali,1 Apr 1999,
ODI,SC Ganguly,5.0,6,0,37,0,7.4,2,,v Sri Lanka,Taunton,26 May 1999,
ODI,A Kumble,7.0,6,0,37,0,5.28,2,,v South Africa,Sharjah,22 Mar 2000,
ODI,AB Agarkar,10.0,6,0,37,0,3.7,1,,v Zimbabwe,Sharjah,26 Oct 2000,
ODI,AR Kapoor,7.0,6,0,37,0,5.28,2,,v Zimbabwe,Rajkot,14 Dec 2000,
ODI,RR Singh,6.0,6,0,37,0,6.16,1,,v Australia,Visakhapatnam,3 Apr 2001,
ODI,V Sehwag,5.0,6,0,37,0,7.4,1,,v South Africa,East London,19 Oct 2001,
ODI,A Kumble,10.0,6,0,37,0,3.7,1,,v England,Delhi,31 Jan 2002,
ODI,A Nehra,8.0,6,0,37,0,4.62,2,,v Zimbabwe,Colombo (RPS),14 Sep 2002,
ODI,A Nehra,10.0,6,1,37,0,3.7,2,,v New Zealand,Queenstown,4 Jan 2003,
ODI,Harbhajan Singh,10.0,6,1,37,0,3.7,2,,v Pakistan,Birmingham,19 Sep 2004,
ODI,Harbhajan Singh,10.0,6,0,37,0,3.7,2,,v South Africa,Eden Gardens,25 Nov 2005,
ODI,MM Patel,7.0,6,0,37,0,5.28,2,,v England,Jamshedpur,12 Apr 2006,
ODI,P Kumar,10.0,6,1,37,0,3.7,1,,v Pakistan,Mirpur,14 Jun 2008,
ODI,Z Khan,8.0,6,1,37,0,4.62,2,,v England,Indore,17 Nov 2008,
ODI,P Kumar,7.0,6,1,37,0,5.28,2,,v West Indies,Kingston,28 Jun 2009,
ODI,RA Jadeja,10.0,6,1,37,0,3.7,1,,v West Indies,Ahmedabad,5 Dec 2011,
ODI,A Mithun,4.0,6,0,37,0,9.25,2,,v West Indies,Indore,8 Dec 2011,
ODI,R Ashwin,9.0,6,0,37,0,4.11,2,,v Sri Lanka,Pallekele,4 Aug 2012,
ODI,R Ashwin,6.0,6,0,37,0,6.16,1,,v New Zealand,Wellington,31 Jan 2014,
ODI,RA Jadeja,10.0,6,0,37,0,3.7,1,,v Bangladesh,Fatullah,26 Feb 2014,
ODI,SK Raina,7.0,6,0,37,0,5.28,1,,v South Africa,Kanpur,11 Oct 2015,
ODI,KH Pandya,8.0,6,0,37,0,4.62,1,,v Sri Lanka,Colombo (RPS),20 Jul 2021,
ODI,Mohammed Siraj,3.0,6,0,37,0,12.33,2,,v Australia,Visakhapatnam,19 Mar 2023,
ODI,Mohammed Shami,6.0,6,0,37,0,6.16,1,,v Australia,Chennai,22 Mar 2023,
ODI,HH Pandya,7.0,6,1,37,0,5.28,1,,v England,Nagpur,6 Feb 2025,
ODI,RA Jadeja,9.0,6,0,37,0,4.11,1,,v Bangladesh,Dubai (DICS),20 Feb 2025,
ODI,N Kapil Dev,11.0,6,3,38,0,3.45,2,,v New Zealand,Leeds,13 Jun 1979,
ODI,KD Ghavri,10.0,6,1,38,0,3.8,2,,v New Zealand,Brisbane,21 Dec 1980,
ODI,SM Patil,10.0,6,0,38,0,3.8,1,,v New Zealand,Brisbane,18 Jan 1981,
ODI,BS Sandhu,6.0,6,0,38,0,6.33,2,,v Australia,Indore,6 Oct 1984,
ODI,L Sivaramakrishnan,5.0,6,0,38,0,7.6,1,,v Sri Lanka,Colombo (SSC),25 Aug 1985,
ODI,RJ Shastri,9.0,6,0,38,0,4.22,2,,v Pakistan,Sharjah,18 Apr 1986,
ODI,ND Hirwani,4.0,6,0,38,0,9.5,1,,v Sri Lanka,Dhaka,29 Oct 1988,
ODI,SLV Raju,9.0,6,0,38,0,4.22,1,,v New Zealand,Dunedin,1 Mar 1990,
ODI,SR Tendulkar,6.0,6,0,38,0,6.33,2,,v South Africa,New Delhi,14 Nov 1991,
ODI,SR Tendulkar,10.0,6,1,38,0,3.8,1,,v West Indies,Melbourne,16 Jan 1992,
ODI,A Kumble,10.0,6,0,38,0,3.8,2,,v South Africa,Cape Town,7 Dec 1992,
ODI,J Srinath,9.0,6,0,38,0,4.22,1,,v South Africa,Centurion,11 Dec 1992,
ODI,A Jadeja,8.0,6,0,38,0,4.75,1,,v South Africa,Centurion,11 Dec 1992,
ODI,J Srinath,6.0,6,0,38,0,6.33,2,,v England,Jamshedpur,1 Mar 1993,
ODI,SLV Raju,7.0,6,1,38,0,5.42,1,,v New Zealand,Vadodara,28 Oct 1994,
ODI,AR Kapoor,9.0,6,0,38,0,4.22,1,,v Australia,Dunedin,22 Feb 1995,
ODI,J Srinath,9.0,6,2,38,0,4.22,1,,v Sri Lanka,Sharjah,14 Apr 1995,
ODI,J Srinath,10.0,6,0,38,0,3.8,1,,v Kenya,Cuttack,18 Feb 1996,
ODI,SR Tendulkar,8.0,6,0,38,0,4.75,2,,v Australia,Colombo (SSC),6 Sep 1996,
ODI,NA David,6.0,6,0,38,0,6.33,2,,v West Indies,Bridgetown,3 May 1997,
ODI,A Kumble,10.0,6,0,38,0,3.8,2,,v Sri Lanka,Colombo (RPS),18 Jul 1997,
ODI,DS Mohanty,3.0,6,0,38,0,12.66,2,,v Pakistan,Lahore,2 Oct 1997,
ODI,RL Sanghvi,5.0,6,0,38,0,7.6,1,,v Pakistan,Dhaka,18 Jan 1998,
ODI,RR Singh,7.0,6,0,38,0,5.42,1,,v Sri Lanka,Colombo (SSC),1 Jul 1998,
ODI,DS Mohanty,5.0,6,0,38,0,7.6,2,,v New Zealand,Gwalior,11 Nov 1999,
ODI,RR Singh,8.0,6,1,38,0,4.75,1,,v Zimbabwe,Sharjah,26 Oct 2000,
ODI,RS Sodhi,10.0,6,0,38,0,3.8,1,,v West Indies,Bulawayo,30 Jun 2001,
ODI,Harbhajan Singh,9.0,6,1,38,0,4.22,1,,v Sri Lanka,Rajkot,9 Nov 2005,
ODI,RR Powar,9.0,6,1,38,0,4.22,1,,v England,Indore,15 Apr 2006,
ODI,I Sharma,7.0,6,0,38,0,5.42,1,,v South Africa,Belfast,29 Jun 2007,
ODI,IK Pathan,8.0,6,0,38,0,4.75,1,,v Australia,Bengaluru,29 Sep 2007,
ODI,Harbhajan Singh,10.0,6,1,38,0,3.8,1,,v Australia,Hyderabad,5 Oct 2007,
ODI,Yuvraj Singh,8.0,6,0,38,0,4.75,1,,v Australia,Sydney,24 Feb 2008,
ODI,IK Pathan,6.0,6,0,38,0,6.33,2,,v Pakistan,Mirpur,10 Jun 2008,
ODI,PP Ojha,10.0,6,1,38,0,3.8,1,,v Sri Lanka,Karachi,6 Jul 2008,
ODI,Yuvraj Singh,10.0,6,0,38,0,3.8,1,,v England,Cuttack,26 Nov 2008,
ODI,A Nehra,8.0,6,1,38,0,4.75,1,,v New Zealand,Vadodara,4 Dec 2010,
ODI,A Mishra,10.0,6,1,38,0,3.8,1,,v West Indies,Port of Spain,6 Jun 2011,
ODI,AB Dinda,5.2,6,1,38,0,7.12,2,,v Bangladesh,Mirpur,16 Mar 2012,
ODI,UT Yadav,4.0,6,0,38,0,9.5,2,,v Sri Lanka,Hambantota,24 Jul 2012,
ODI,SK Raina,8.0,6,0,38,0,4.75,1,,v Australia,Ranchi,23 Oct 2013,
ODI,I Sharma,7.0,6,0,38,0,5.42,1,,v South Africa,Durban,8 Dec 2013,
ODI,B Kumar,10.0,6,1,38,0,3.8,1,,v West Indies,Kochi,8 Oct 2014,
ODI,JJ Bumrah,10.0,6,0,38,0,3.8,1,,v Australia,Bengaluru,19 Jan 2020,
ODI,SN Thakur,7.0,6,0,38,0,5.42,1,,v West Indies,Ahmedabad,6 Feb 2022,
ODI,Mohammed Shami,7.0,6,0,38,0,5.42,1,,v England,Manchester,17 Jul 2022,
ODI,HH Pandya,6.4,6,0,38,0,5.7,2,,v West Indies,Bridgetown,29 Jul 2023,
ODI,RA Jadeja,8.0,6,0,38,0,4.75,1,,v Afghanistan,Delhi,11 Oct 2023,
ODI,S Venkataraghavan,12.0,6,0,39,0,3.25,2,,v New Zealand,Manchester,14 Jun 1975,
ODI,S Venkataraghavan,7.0,8,0,39,0,4.17,2,,v New Zealand,Christchurch,21 Feb 1976,
ODI,SM Patil,10.0,6,1,39,0,3.9,2,,v New Zealand,Brisbane,21 Dec 1980,
ODI,N Kapil Dev,11.0,6,1,39,0,3.54,1,,v England,The Oval,4 Jun 1982,
ODI,Yashpal Sharma,8.0,6,0,39,0,4.87,2,,v Pakistan,Karachi,21 Jan 1983,
ODI,N Kapil Dev,10.0,6,1,39,0,3.9,1,,v Sri Lanka,Sharjah,13 Apr 1986,
ODI,N Kapil Dev,8.0,6,2,39,0,4.87,1,,v West Indies,Georgetown,21 Mar 1989,
ODI,RJ Shastri,8.0,6,0,39,0,4.87,1,,v Pakistan,Sharjah,25 Oct 1991,
ODI,A Kumble,10.0,6,1,39,0,3.9,1,,v England,Bengaluru,26 Feb 1993,
ODI,N Kapil Dev,9.0,6,0,39,0,4.33,1,,v England,Gwalior,4 Mar 1993,
ODI,A Kumble,7.0,6,0,39,0,5.57,1,,v Sri Lanka,Hyderabad (Deccan),18 Feb 1994,
ODI,BKV Prasad,8.0,6,1,39,0,4.87,1,,v Australia,Sharjah,19 Apr 1994,
ODI,SR Tendulkar,8.0,6,0,39,0,4.87,1,,v Australia,Sharjah,19 Apr 1994,
ODI,SC Ganguly,10.0,6,0,39,0,3.9,1,,v Pakistan,Karachi,30 Sep 1997,
ODI,BKV Prasad,10.0,6,1,39,0,3.9,1,,v West Indies,Sharjah,16 Dec 1997,
ODI,AB Agarkar,7.0,6,0,39,0,5.57,1,,v New Zealand,Colombo (SSC),3 Jul 1998,
ODI,GK Pandey,10.0,6,1,39,0,3.9,1,,v Pakistan,Jaipur,24 Mar 1999,
ODI,DS Mohanty,6.0,6,0,39,0,6.5,1,,v Australia,Adelaide,26 Jan 2000,
ODI,V Sehwag,8.0,6,0,39,0,4.87,1,,v West Indies,Bulawayo,30 Jun 2001,
ODI,Harbhajan Singh,10.0,6,0,39,0,3.9,1,,v South Africa,East London,19 Oct 2001,
ODI,T Yohannan,5.0,6,0,39,0,7.8,2,,v Sri Lanka,Bristol,11 Jul 2002,
ODI,SB Bangar,5.0,6,0,39,0,7.8,1,,v West Indies,Vijayawada,24 Nov 2002,
ODI,D Mongia,7.0,6,0,39,0,5.57,1,,v Australia,Johannesburg,23 Mar 2003,
ODI,AB Agarkar,8.0,6,2,39,0,4.87,1,,v Zimbabwe,Hobart,14 Jan 2004,
ODI,M Kartik,5.0,6,0,39,0,7.8,2,,v Australia,W.A.C.A,1 Feb 2004,
ODI,V Sehwag,5.0,6,0,39,0,7.8,1,,v Pakistan,Rawalpindi,16 Mar 2004,
ODI,Z Khan,9.0,6,0,39,0,4.33,1,,v Sri Lanka,Dambulla,18 Jul 2004,
ODI,Harbhajan Singh,9.0,6,0,39,0,4.33,1,,v Pakistan,Delhi,17 Apr 2005,
ODI,S Sreesanth,5.0,6,0,39,0,7.8,2,,v England,Delhi,28 Mar 2006,
ODI,MM Patel,7.0,6,1,39,0,5.57,1,,v West Indies,Kingston,20 May 2006,
ODI,S Sreesanth,9.0,6,1,39,0,4.33,2,,v West Indies,Port of Spain,26 May 2006,
ODI,I Sharma,5.0,6,0,39,0,7.8,2,,v Sri Lanka,Colombo (RPS),5 Feb 2009,
ODI,Harbhajan Singh,8.0,6,0,39,0,4.87,1,,v New Zealand,Colombo (RPS),11 Sep 2009,
ODI,Yuvraj Singh,8.0,6,0,39,0,4.87,2,,v Australia,Nagpur,28 Oct 2009,
ODI,AB Dinda,5.0,6,1,39,0,7.8,2,,v Sri Lanka,Dambulla,22 Jun 2010,
ODI,A Nehra,5.0,6,0,39,0,7.8,2,,v Sri Lanka,Dambulla,22 Aug 2010,
ODI,MM Patel,8.0,6,0,39,0,4.87,2,,v New Zealand,Guwahati,28 Nov 2010,
ODI,RG Sharma,5.0,6,0,39,0,7.8,2,,v West Indies,Indore,8 Dec 2011,
ODI,Z Khan,6.0,6,0,39,0,6.5,2,,v Sri Lanka,Hambantota,24 Jul 2012,
ODI,JD Unadkat,6.0,6,0,39,0,6.5,1,,v West Indies,Kochi,21 Nov 2013,
ODI,JJ Bumrah,7.0,6,1,39,0,5.57,2,,v Australia,Eden Gardens,21 Sep 2017,
ODI,HH Pandya,5.3,6,0,39,0,7.09,2,,v England,Leeds,17 Jul 2018,
ODI,Kuldeep Yadav,8.0,6,0,39,0,4.87,1,,v New Zealand,Mount Maunganui,28 Jan 2019,
ODI,JJ Bumrah,10.0,6,0,39,0,3.9,1,,v Australia,Delhi,13 Mar 2019,
ODI,Kuldeep Yadav,10.0,6,0,39,0,3.9,2,,v Afghanistan,Southampton,22 Jun 2019,
ODI,Shahbaz Ahmed,9.0,6,0,39,0,4.33,2,,v Bangladesh,Mirpur,4 Dec 2022,
ODI,DR Doshi,10.0,6,0,40,0,4.0,2,,v Australia,Sydney,18 Dec 1980,
ODI,RS Ghai,8.0,6,0,40,0,5.0,2,,v England,Cuttack,27 Dec 1984,
ODI,C Sharma,7.0,6,1,40,0,5.71,1,,v Pakistan,Sharjah,17 Nov 1985,
ODI,RJ Shastri,10.0,6,1,40,0,4.0,2,,v Australia,Melbourne,9 Feb 1986,
ODI,RJ Shastri,8.0,6,0,40,0,5.0,1,,v Sri Lanka,Sharjah,13 Apr 1986,
ODI,RJ Shastri,8.0,6,0,40,0,5.0,1,,v Sri Lanka,Sharjah,27 Nov 1986,
ODI,RJ Shastri,7.0,6,0,40,0,5.71,1,,v Sri Lanka,Delhi,13 Jan 1987,
ODI,M Prabhakar,9.0,6,1,40,0,4.44,1,,v England,Wankhede,5 Nov 1987,
ODI,ND Hirwani,9.0,6,0,40,0,4.44,2,,v West Indies,Thiruvananthapuram,25 Jan 1988,
ODI,RJ Shastri,8.0,6,0,40,0,5.0,2,,v Australia,Sydney,14 Jan 1992,
ODI,ST Banerjee,6.0,6,1,40,0,6.66,2,,v New Zealand,Dunedin,12 Mar 1992,
ODI,RK Chauhan,9.0,6,0,40,0,4.44,1,,v Sri Lanka,Hyderabad (Deccan),18 Feb 1994,
ODI,N Kapil Dev,8.0,6,0,40,0,5.0,2,,v New Zealand,Wellington,30 Mar 1994,
ODI,A Kumble,10.0,6,0,40,0,4.0,2,,v New Zealand,Jamshedpur,15 Nov 1995,
ODI,BKV Prasad,7.0,6,0,40,0,5.71,2,,v Zimbabwe,Kanpur,6 Mar 1996,
ODI,AR Kapoor,10.0,6,0,40,0,4.0,1,,v Sri Lanka,Eden Gardens,13 Mar 1996,
ODI,SR Tendulkar,7.0,6,0,40,0,5.71,1,,v South Africa,Sharjah,14 Apr 1996,
ODI,A Kumble,10.0,6,1,40,0,4.0,2,,v Sri Lanka,Colombo (RPS),28 Aug 1996,
ODI,J Srinath,10.0,6,0,40,0,4.0,1,,v Pakistan,Toronto,23 Sep 1996,
ODI,A Kumble,9.4,6,1,40,0,4.13,2,,v South Africa,Rajkot,29 Oct 1996,
ODI,RR Singh,8.0,6,0,40,0,5.0,1,,v South Africa,Bloemfontein,23 Jan 1997,
ODI,BKV Prasad,10.0,6,0,40,0,4.0,1,,v New Zealand,Bengaluru,14 May 1997,
ODI,RK Chauhan,10.0,6,2,40,0,4.0,2,,v Pakistan,Hyderabad (Sind),28 Sep 1997,
ODI,RR Singh,7.0,6,0,40,0,5.71,1,,v Zimbabwe,Bulawayo,27 Sep 1998,
ODI,SB Joshi,7.0,6,0,40,0,5.71,1,,v Pakistan,Sharjah,13 Apr 1999,
ODI,J Srinath,8.0,6,0,40,0,5.0,2,,v Sri Lanka,Colombo (SSC),29 Aug 1999,
ODI,AB Agarkar,5.0,6,0,40,0,8.0,1,,v England,Kanpur,28 Jan 2002,
ODI,Z Khan,10.0,6,2,40,0,4.0,1,,v England,Colombo (RPS),22 Sep 2002,
ODI,Harbhajan Singh,10.0,6,0,40,0,4.0,2,,v England,Durban,26 Feb 2003,
ODI,SR Tendulkar,8.0,6,0,40,0,5.0,2,,v New Zealand,Hyderabad (Deccan),15 Nov 2003,
ODI,SC Ganguly,5.0,6,0,40,0,8.0,1,,v Australia,Melbourne,9 Jan 2004,
ODI,L Balaji,5.5,6,0,40,0,6.85,2,,v Australia,Sydney,22 Jan 2004,
ODI,D Mongia,4.1,6,0,40,0,9.6,2,,v Pakistan,Kanpur,15 Apr 2005,
ODI,D Mongia,7.0,6,0,40,0,5.71,1,,v Pakistan,Delhi,17 Apr 2005,
ODI,Harbhajan Singh,10.0,6,0,40,0,4.0,1,,v Sri Lanka,Colombo (RPS),9 Aug 2005,
ODI,IK Pathan,5.0,6,1,40,0,8.0,2,,v New Zealand,Harare,6 Sep 2005,
ODI,A Nehra,6.0,6,0,40,0,6.66,2,,v New Zealand,Harare,6 Sep 2005,
ODI,AB Agarkar,10.0,6,2,40,0,4.0,1,,v Sri Lanka,Margao,14 Feb 2007,
ODI,Z Khan,9.0,6,1,40,0,4.44,2,,v England,Lord's,8 Sep 2007,
ODI,RA Jadeja,6.0,6,0,40,0,6.66,1,,v Sri Lanka,Colombo (RPS),8 Feb 2009,
ODI,A Mishra,10.0,6,0,40,0,4.0,1,,v Sri Lanka,Bulawayo,30 May 2010,
ODI,RA Jadeja,7.0,6,0,40,0,5.71,1,,v New Zealand,Vadodara,4 Dec 2010,
ODI,Z Khan,8.0,6,0,40,0,5.0,1,,v New Zealand,Bengaluru,7 Dec 2010,
ODI,SK Raina,10.0,6,0,40,0,4.0,1,,v Bangladesh,Mirpur,18 Jun 2015,
ODI,BB Sran,8.0,6,0,40,0,5.0,1,,v Zimbabwe,Harare,15 Jun 2016,
ODI,AR Patel,7.0,6,0,40,0,5.71,2,,v New Zealand,Kanpur,29 Oct 2017,
ODI,YS Chahal,10.0,6,0,40,0,4.0,1,,v Bangladesh,Dubai (DICS),21 Sep 2018,
ODI,AR Patel,7.0,6,0,40,0,5.71,1,,v Bangladesh,Mirpur,7 Dec 2022,
ODI,S Venkataraghavan,12.0,6,0,41,0,3.41,1,,v England,Lord's,7 Jun 1975,
ODI,RJ Shastri,6.0,6,0,41,0,6.83,1,,v Pakistan,Gujranwala,3 Dec 1982,
ODI,RMH Binny,7.0,6,1,41,0,5.85,1,,v Australia,Jaipur,7 Sep 1986,
ODI,C Sharma,9.0,6,0,41,0,4.55,2,,v Australia,Srinagar,9 Sep 1986,
ODI,RMH Binny,9.0,6,0,41,0,4.55,1,,v West Indies,Sharjah,30 Nov 1986,
ODI,Maninder Singh,10.0,6,0,41,0,4.1,2,,v Pakistan,Hyderabad (Deccan),20 Mar 1987,
ODI,N Kapil Dev,10.0,6,0,41,0,4.1,1,,v Australia,Chennai,9 Oct 1987,
ODI,RJ Shastri,10.0,6,0,41,0,4.1,2,,v West Indies,Sharjah,16 Oct 1988,
ODI,ND Hirwani,7.0,6,0,41,0,5.85,1,,v Pakistan,Sharjah,19 Oct 1988,
ODI,RJ Shastri,10.0,6,1,41,0,4.1,2,,v West Indies,Sharjah,13 Oct 1989,
ODI,ST Banerjee,6.0,6,0,41,0,6.83,2,,v Australia,Hobart,10 Dec 1991,
ODI,RK Chauhan,10.0,6,2,41,0,4.1,1,,v West Indies,Ahmedabad,16 Nov 1993,
ODI,A Jadeja,8.0,6,0,41,0,5.12,1,,v New Zealand,Napier,25 Mar 1994,
ODI,SLV Raju,7.0,6,0,41,0,5.85,2,,v West Indies,Visakhapatnam,7 Nov 1994,
ODI,SR Tendulkar,10.0,6,0,41,0,4.1,2,,v Sri Lanka,Delhi,2 Mar 1996,
ODI,AB Agarkar,10.0,6,1,41,0,4.1,1,,v Zimbabwe,Sharjah,11 Nov 1998,
ODI,BKV Prasad,8.0,6,1,41,0,5.12,2,,v New Zealand,Taupo,9 Jan 1999,
ODI,BKV Prasad,8.0,6,0,41,0,5.12,2,,v Sri Lanka,Taunton,26 May 1999,
ODI,R Vijay Bharadwaj,8.0,6,0,41,0,5.12,2,,v New Zealand,Gwalior,11 Nov 1999,
ODI,T Kumaran,5.0,6,0,41,0,8.2,1,,v South Africa,Kochi,9 Mar 2000,
ODI,SR Tendulkar,10.0,6,0,41,0,4.1,1,,v Pakistan,Dhaka,3 Jun 2000,
ODI,Harbhajan Singh,8.0,6,0,41,0,5.12,2,,v Australia,Bengaluru,25 Mar 2001,
ODI,A Nehra,7.3,6,0,41,0,5.46,2,,v South Africa,Colombo (RPS),25 Sep 2002,
ODI,L Balaji,9.2,6,0,41,0,4.39,2,,v Pakistan,Peshawar,19 Mar 2004,
ODI,AB Agarkar,5.0,6,0,41,0,8.2,2,,v South Africa,Eden Gardens,25 Nov 2005,
ODI,AB Agarkar,10.0,6,0,41,0,4.1,2,,v Bangladesh,Port of Spain,17 Mar 2007,
ODI,PP Chawla,8.0,6,0,41,0,5.12,1,,v South Africa,Belfast,29 Jun 2007,
ODI,RR Powar,9.0,6,0,41,0,4.55,1,,v Scotland,Glasgow,16 Aug 2007,
ODI,P Kumar,9.2,6,0,41,0,4.39,1,,v Australia,Mohali,2 Nov 2009,
ODI,MM Patel,9.0,6,0,41,0,4.55,1,,v Sri Lanka,Wankhede,2 Apr 2011,
ODI,P Kumar,4.0,6,0,41,0,10.25,2,,v England,Southampton,6 Sep 2011,
ODI,RA Jadeja,2.4,6,0,41,0,15.37,1,,v Australia,Melbourne,5 Feb 2012,
ODI,B Kumar,7.0,6,2,41,0,5.85,1,,v Australia,Pune,13 Oct 2013,
ODI,R Ashwin,10.0,6,0,41,0,4.1,2,,v New Zealand,Hamilton,28 Jan 2014,
ODI,AR Patel,9.0,6,1,41,0,4.55,1,,v New Zealand,Dharamsala,16 Oct 2016,
ODI,B Kumar,9.0,6,2,41,0,4.55,1,,v Sri Lanka,Pallekele,27 Aug 2017,
ODI,HH Pandya,7.0,6,0,41,0,5.85,1,,v South Africa,Durban,1 Feb 2018,
ODI,B Kumar,7.0,6,0,41,0,5.85,2,,v South Africa,Cape Town,7 Feb 2018,
ODI,YS Chahal,10.0,6,0,41,0,4.1,2,,v England,Leeds,17 Jul 2018,
ODI,SN Thakur,4.0,6,0,41,0,10.25,2,,v Hong Kong,Dubai (DICS),18 Sep 2018,
ODI,RA Jadeja,8.0,6,0,41,0,5.12,2,,v Australia,Wankhede,14 Jan 2020,
ODI,Mohammed Shami,6.0,6,0,41,0,6.83,2,,v Netherlands,Bengaluru,12 Nov 2023,
ODI,RA Jadeja,7.0,6,0,41,0,5.85,2,,v South Africa,Raipur,3 Dec 2025,
ODI,Mohammed Siraj,9.0,6,0,41,0,4.55,2,,v New Zealand,Rajkot,14 Jan 2026,
ODI,RA Jadeja,6.0,6,0,41,0,6.83,1,,v New Zealand,Indore,18 Jan 2026,
ODI,RMH Binny,9.2,6,1,42,0,4.5,2,,v Australia,Melbourne,11 Jan 1981,
ODI,C Sharma,8.2,6,0,42,0,5.04,2,,v Australia,Melbourne,9 Feb 1986,
ODI,Maninder Singh,10.0,6,0,42,0,4.2,1,,v Australia,Jaipur,7 Sep 1986,
ODI,Maninder Singh,7.0,6,0,42,0,6.0,1,,v Australia,Hyderabad (Deccan),24 Sep 1986,
ODI,ND Hirwani,10.0,6,0,42,0,4.2,2,,v West Indies,Port of Spain,9 Mar 1989,
ODI,C Sharma,9.0,6,0,42,0,4.66,1,,v Pakistan,Sharjah,20 Oct 1989,
ODI,SLV Raju,10.0,6,0,42,0,4.2,1,,v Sri Lanka,Cuttack,28 Dec 1990,
ODI,N Kapil Dev,10.0,6,1,42,0,4.2,1,,v Australia,Sydney,20 Jan 1992,
ODI,A Kumble,8.0,6,0,42,0,5.25,2,,v Zimbabwe,Indore,18 Nov 1993,
ODI,PS Vaidya,6.0,6,0,42,0,7.0,1,,v South Africa,Sharjah,14 Apr 1996,
ODI,SA Ankola,10.0,6,0,42,0,4.2,2,,v South Africa,Gqeberha,2 Feb 1997,
ODI,A Kuruvilla,6.0,6,1,42,0,7.0,2,,v Pakistan,Lahore,2 Oct 1997,
ODI,HH Kanitkar,9.0,6,0,42,0,4.66,1,,v New Zealand,Colombo (RPS),23 Jun 1998,
ODI,J Srinath,7.0,6,0,42,0,6.0,2,,v Sri Lanka,Nagpur,22 Mar 1999,
ODI,A Kumble,8.0,6,0,42,0,5.25,2,,v Australia,Nairobi (Gym),7 Oct 2000,
ODI,Harbhajan Singh,9.0,6,0,42,0,4.66,1,,v Zimbabwe,Bulawayo,27 Jun 2001,
ODI,Harvinder Singh,9.0,6,1,42,0,4.66,1,,v Kenya,Gqeberha,17 Oct 2001,
ODI,Z Khan,7.0,6,0,42,0,6.0,2,,v Zimbabwe,Mohali,10 Mar 2002,
ODI,Harbhajan Singh,10.0,6,0,42,0,4.2,1,,v England,Colombo (RPS),22 Sep 2002,
ODI,J Srinath,6.0,6,0,42,0,7.0,2,,v West Indies,Vadodara,18 Nov 2002,
ODI,A Nehra,8.0,6,0,42,0,5.25,1,,v New Zealand,Napier,29 Dec 2002,
ODI,AB Agarkar,6.0,6,0,42,0,7.0,2,,v Australia,Gwalior,26 Oct 2003,
ODI,M Kartik,6.0,6,0,42,0,7.0,1,,v Sri Lanka,Jaipur,31 Oct 2005,
ODI,Harbhajan Singh,10.0,6,1,42,0,4.2,2,,v West Indies,Port of Spain,26 May 2006,
ODI,PP Chawla,7.0,6,0,42,0,6.0,1,,v England,Southampton,21 Aug 2007,
ODI,RP Singh,8.0,6,1,42,0,5.25,1,,v Pakistan,Guwahati,5 Nov 2007,
ODI,I Sharma,5.0,6,0,42,0,8.4,1,,v Australia,Mohali,2 Nov 2009,
ODI,RA Jadeja,9.1,6,0,42,0,4.58,2,,v Sri Lanka,Nagpur,18 Dec 2009,
ODI,P Kumar,7.0,6,0,42,0,6.0,1,,v New Zealand,Bengaluru,7 Dec 2010,
ODI,A Nehra,7.0,6,0,42,0,6.0,1,,v South Africa,Cape Town,18 Jan 2011,
ODI,Yuvraj Singh,7.0,6,0,42,0,6.0,2,,v Bangladesh,Mirpur,19 Feb 2011,
ODI,AB Dinda,7.0,6,0,42,0,6.0,1,,v Pakistan,Eden Gardens,3 Jan 2013,
ODI,SK Raina,7.0,6,0,42,0,6.0,2,,v West Indies,Visakhapatnam,24 Nov 2013,
ODI,UT Yadav,6.0,6,0,42,0,7.0,2,,v England,Brisbane,20 Jan 2015,
ODI,B Kumar,9.0,6,0,42,0,4.66,2,,v Australia,W.A.C.A,12 Jan 2016,
ODI,Washington Sundar,10.0,6,0,42,0,4.2,2,,v New Zealand,Auckland,25 Nov 2022,
ODI,WV Raman,10.0,6,1,43,0,4.3,2,,v Australia,Hamilton,8 Mar 1990,
ODI,Arshad Ayub,8.0,6,0,43,0,5.37,2,,v Sri Lanka,Nagpur,1 Dec 1990,
ODI,SLV Raju,6.0,6,0,43,0,7.16,2,,v South Africa,Adelaide,15 Mar 1992,
ODI,N Kapil Dev,10.0,6,1,43,0,4.3,2,,v South Africa,Cape Town,7 Dec 1992,
ODI,RK Chauhan,10.0,6,1,43,0,4.3,1,,v West Indies,Wankhede,20 Oct 1994,
ODI,SR Tendulkar,10.0,6,0,43,0,4.3,1,,v South Africa,Hamilton,18 Feb 1995,
ODI,BKV Prasad,10.0,6,0,43,0,4.3,2,,v South Africa,Sharjah,17 Apr 1996,
ODI,BKV Prasad,4.0,6,0,43,0,10.75,2,,v Sri Lanka,Colombo (RPS),26 Jul 1997,
ODI,A Kuruvilla,8.0,6,1,43,0,5.37,2,,v Pakistan,Sharjah,14 Dec 1997,
ODI,SV Bahutule,8.0,6,0,43,0,5.37,1,,v Bangladesh,Dhaka,10 Jan 1998,
ODI,BKV Prasad,8.0,6,0,43,0,5.37,2,,v Zimbabwe,Vadodara,5 Apr 1998,
ODI,RR Singh,8.0,6,0,43,0,5.37,1,,v Pakistan,Sharjah,8 Apr 1999,
ODI,RR Singh,7.0,6,0,43,0,6.14,2,,v England,Sharjah,9 Apr 1999,
ODI,SR Tendulkar,9.0,6,1,43,0,4.77,1,,v South Africa,Vadodara,17 Mar 2000,
ODI,A Kumble,9.0,6,0,43,0,4.77,1,,v Bangladesh,Dhaka,30 May 2000,
ODI,SB Joshi,8.0,6,0,43,0,5.37,1,,v Zimbabwe,Cuttack,2 Dec 2000,
ODI,Z Khan,9.0,6,0,43,0,4.77,2,,v Australia,Margao,6 Apr 2001,
ODI,DS Mohanty,5.0,6,0,43,0,8.6,1,,v West Indies,Harare,7 Jul 2001,
ODI,A Kumble,10.0,6,0,43,0,4.3,1,,v England,Wankhede,3 Feb 2002,
ODI,A Kumble,10.0,6,0,43,0,4.3,1,,v Sri Lanka,The Oval,30 Jun 2002,
ODI,Z Khan,10.0,6,0,43,0,4.3,1,,v Sri Lanka,Colombo (RPS),29 Sep 2002,
ODI,Z Khan,9.0,6,1,43,0,4.77,1,,v Sri Lanka,Colombo (RPS),9 Aug 2005,
ODI,AB Agarkar,6.1,6,0,43,0,6.97,2,,v New Zealand,Harare,6 Sep 2005,
ODI,V Sehwag,10.0,6,0,43,0,4.3,1,,v Australia,Kuala Lumpur,16 Sep 2006,
ODI,PP Chawla,10.0,6,0,43,0,4.3,2,,v England,Manchester,30 Aug 2007,
ODI,SC Ganguly,7.0,6,0,43,0,6.14,1,,v England,The Oval,5 Sep 2007,
ODI,A Nehra,7.0,6,0,43,0,6.14,2,,v Sri Lanka,Colombo (RPS),14 Sep 2009,
ODI,Z Khan,6.0,6,0,43,0,7.16,1,,v Bangladesh,Mirpur,7 Jan 2010,
ODI,RA Jadeja,10.0,6,0,43,0,4.3,1,,v Sri Lanka,Brisbane,21 Feb 2012,
ODI,B Kumar,7.0,6,0,43,0,6.14,2,,v South Africa,Gqeberha,13 Feb 2018,
ODI,SN Thakur,5.0,6,0,43,0,8.6,2,,v Australia,Wankhede,14 Jan 2020,
ODI,AR Patel,7.0,6,0,43,0,6.14,2,,v West Indies,Port of Spain,22 Jul 2022,
ODI,Mohammed Shami,7.0,6,0,43,0,6.14,1,,v Sri Lanka,Eden Gardens,12 Jan 2023,
ODI,RA Jadeja,10.0,6,0,43,0,4.3,2,,v Australia,Ahmedabad,19 Nov 2023,
ODI,Avesh Khan,8.0,6,0,43,0,5.37,2,,v South Africa,Gqeberha,19 Dec 2023,
ODI,Kuldeep Yadav,10.0,6,0,43,0,4.3,1,,v Bangladesh,Dubai (DICS),20 Feb 2025,
ODI,Mohammed Shami,8.0,6,0,43,0,5.37,1,,v Pakistan,Dubai (DICS),23 Feb 2025,
ODI,BS Bedi,8.0,6,0,44,0,5.5,1,,v Pakistan,Sahiwal,3 Nov 1978,
ODI,S Venkataraghavan,12.0,6,0,44,0,3.66,1,,v Sri Lanka,Manchester,16 Jun 1979,
ODI,M Amarnath,9.0,6,0,44,0,4.88,2,,v West Indies,Indore,1 Dec 1983,
ODI,SLV Raju,10.0,6,0,44,0,4.4,2,,v West Indies,Sharjah,19 Oct 1991,
ODI,Bhupinder Singh snr,7.0,6,0,44,0,6.28,2,,v Pakistan,Sharjah,15 Apr 1994,
ODI,BKV Prasad,9.0,6,1,44,0,4.88,1,,v Pakistan,Sharjah,22 Apr 1994,
ODI,A Jadeja,8.0,6,0,44,0,5.5,1,,v South Africa,Sharjah,14 Apr 1996,
ODI,SR Tendulkar,6.0,6,0,44,0,7.33,1,,v England,The Oval,23 May 1996,
ODI,DS Mohanty,8.0,6,1,44,0,5.5,1,,v Pakistan,Toronto,17 Sep 1997,
ODI,DS Mohanty,9.0,6,0,44,0,4.88,1,,v Kenya,Bengaluru,20 May 1998,
ODI,A Kumble,9.0,6,0,44,0,4.88,2,,v Australia,Dhaka,28 Oct 1998,
ODI,BKV Prasad,10.0,6,0,44,0,4.4,2,,v New Zealand,Nottingham,12 Jun 1999,
ODI,SR Tendulkar,10.0,6,0,44,0,4.4,1,,v South Africa,Kochi,9 Mar 2000,
ODI,AB Agarkar,10.0,6,1,44,0,4.4,2,,v South Africa,Sharjah,27 Mar 2000,
ODI,AB Agarkar,6.4,6,0,44,0,6.6,2,,v New Zealand,Nairobi (Gym),15 Oct 2000,
ODI,AB Agarkar,8.0,6,0,44,0,5.5,2,,v Zimbabwe,Guwahati,19 Mar 2002,
ODI,Harbhajan Singh,10.0,6,0,44,0,4.4,2,,v Zimbabwe,Colombo (RPS),14 Sep 2002,
ODI,L Balaji,4.0,6,0,44,0,11.0,2,,v West Indies,Vadodara,18 Nov 2002,
ODI,A Kumble,10.0,6,1,44,0,4.4,2,,v Zimbabwe,Brisbane,20 Jan 2004,
ODI,SR Tendulkar,7.0,6,0,44,0,6.28,2,,v Pakistan,Visakhapatnam,5 Apr 2005,
ODI,Jai P Yadav,7.0,6,0,44,0,6.28,2,,v Sri Lanka,Ahmedabad,6 Nov 2005,
ODI,RP Singh,7.0,6,0,44,0,6.28,1,,v England,Indore,15 Apr 2006,
ODI,RR Powar,9.0,6,0,44,0,4.88,1,,v England,The Oval,5 Sep 2007,
ODI,PP Chawla,9.0,6,1,44,0,4.88,2,,v England,Lord's,8 Sep 2007,
ODI,I Sharma,10.0,6,0,44,0,4.4,1,,v Sri Lanka,Adelaide,19 Feb 2008,
ODI,YK Pathan,10.0,6,0,44,0,4.4,1,,v Bangladesh,Karachi,28 Jun 2008,
ODI,RA Jadeja,5.0,6,0,44,0,8.8,1,,v Australia,Hyderabad,5 Nov 2009,
ODI,P Kumar,7.0,6,1,44,0,6.28,2,,v Sri Lanka,Dambulla,22 Aug 2010,
ODI,MM Patel,7.0,6,0,44,0,6.28,1,,v Australia,Ahmedabad,24 Mar 2011,
ODI,SK Raina,10.0,6,0,44,0,4.4,1,,v Australia,Brisbane,19 Feb 2012,
ODI,V Shankar,8.0,6,0,44,0,5.5,1,,v Australia,Ranchi,8 Mar 2019,
ODI,KM Jadhav,5.0,6,0,44,0,8.8,2,,v Australia,Mohali,10 Mar 2019,
ODI,DL Chahar,7.0,6,1,44,0,6.28,2,,v West Indies,Visakhapatnam,18 Dec 2019,
ODI,Kuldeep Yadav,8.0,6,0,44,0,5.5,1,,v Australia,Dubai (DICS),4 Mar 2025,
ODI,Harshit Rana,8.0,6,2,44,0,5.5,1,,v South Africa,Visakhapatnam,6 Dec 2025,
ODI,RA Jadeja,8.0,6,0,44,0,5.5,2,,v New Zealand,Rajkot,14 Jan 2026,
ODI,BS Bedi,12.0,6,0,45,0,3.75,2,,v West Indies,Birmingham,9 Jun 1979,
ODI,Yashpal Sharma,6.0,6,0,45,0,7.5,1,,v Pakistan,Multan,17 Dec 1982,
ODI,S Madan Lal,8.0,6,0,45,0,5.62,1,,v Australia,Delhi,2 Oct 1986,
ODI,RJ Shastri,10.0,6,0,45,0,4.5,1,,v Pakistan,Sharjah,19 Oct 1988,
ODI,Arshad Ayub,10.0,6,0,45,0,4.5,1,,v New Zealand,Visakhapatnam,10 Dec 1988,
ODI,SLV Raju,7.0,6,0,45,0,6.42,1,,v Pakistan,Sharjah,25 Oct 1991,
ODI,SLV Raju,10.0,6,1,45,0,4.5,1,,v South Africa,Durban,17 Dec 1992,
ODI,SR Tendulkar,8.0,6,0,45,0,5.62,1,,v Pakistan,Sharjah,22 Apr 1994,
ODI,M Prabhakar,10.0,6,1,45,0,4.5,1,,v West Indies,Faridabad,17 Oct 1994,
ODI,BKV Prasad,7.0,6,0,45,0,6.42,2,,v Pakistan,Singapore,5 Apr 1996,
ODI,J Srinath,9.0,6,1,45,0,5.0,1,,v South Africa,Hyderabad (Deccan),17 Oct 1996,
ODI,J Srinath,10.0,6,0,45,0,4.5,1,,v South Africa,Jaipur,23 Oct 1996,
ODI,J Srinath,10.0,6,0,45,0,4.5,2,,v South Africa,Wankhede,6 Nov 1996,
ODI,SA Ankola,10.0,6,0,45,0,4.5,1,,v South Africa,Bloemfontein,23 Jan 1997,
ODI,BKV Prasad,10.0,6,1,45,0,4.5,1,,v Zimbabwe,Benoni,9 Feb 1997,
ODI,BKV Prasad,9.0,6,0,45,0,5.0,2,,v West Indies,Bridgetown,3 May 1997,
ODI,RK Chauhan,9.0,6,0,45,0,5.0,2,,v Sri Lanka,Colombo (RPS),20 Aug 1997,
ODI,RL Sanghvi,10.0,6,0,45,0,4.5,1,,v Australia,Sharjah,24 Apr 1998,
ODI,SC Ganguly,6.0,6,0,45,0,7.5,2,,v Pakistan,Toronto,20 Sep 1998,
ODI,J Srinath,9.0,6,0,45,0,5.0,1,,v New Zealand,Napier,12 Jan 1999,
ODI,RR Singh,9.0,6,0,45,0,5.0,2,,v Pakistan,Adelaide,25 Jan 2000,
ODI,AB Agarkar,6.0,6,0,45,0,7.5,2,,v Australia,Margao,6 Apr 2001,
ODI,AB Agarkar,8.0,6,0,45,0,5.62,2,,v Zimbabwe,Faridabad,7 Mar 2002,
ODI,SR Tendulkar,6.0,6,0,45,0,7.5,1,,v Pakistan,Rawalpindi,16 Mar 2004,
ODI,V Sehwag,7.0,6,0,45,0,6.42,1,,v Sri Lanka,Dambulla,18 Jul 2004,
ODI,V Sehwag,8.0,6,0,45,0,5.62,2,,v Sri Lanka,Dambulla,30 Jul 2005,
ODI,Harbhajan Singh,10.0,6,1,45,0,4.5,1,,v Sri Lanka,Vadodara,12 Nov 2005,
ODI,SR Tendulkar,7.0,6,0,45,0,6.42,1,,v Pakistan,Rawalpindi,11 Feb 2006,
ODI,RP Singh,7.0,6,0,45,0,6.42,1,,v West Indies,Kingston,18 May 2006,
ODI,PP Chawla,9.0,6,0,45,0,5.0,2,,v Australia,Brisbane,4 Mar 2008,
ODI,Harbhajan Singh,8.1,6,0,45,0,5.51,2,,v West Indies,Kingston,28 Jun 2009,
ODI,Pankaj Singh,7.0,6,0,45,0,6.42,2,,v Sri Lanka,Harare,5 Jun 2010,
ODI,A Nehra,9.0,6,1,45,0,5.0,1,,v New Zealand,Jaipur,1 Dec 2010,
ODI,R Ashwin,10.0,6,0,45,0,4.5,1,,v England,Mohali,20 Oct 2011,
ODI,R Ashwin,10.0,6,0,45,0,4.5,1,,v Australia,Sydney,26 Feb 2012,
ODI,B Kumar,9.0,6,1,45,0,5.0,2,,v England,Dharamsala,27 Jan 2013,
ODI,UT Yadav,6.0,6,0,45,0,7.5,1,,v South Africa,Durban,8 Dec 2013,
ODI,B Kumar,9.2,6,1,45,0,4.82,2,,v Sri Lanka,Fatullah,28 Feb 2014,
ODI,HH Pandya,9.0,6,0,45,0,5.0,1,,v New Zealand,Delhi,20 Oct 2016,
ODI,KM Jadhav,5.0,6,0,45,0,9.0,2,,v England,Cuttack,19 Jan 2017,
ODI,Kuldeep Yadav,10.0,6,0,45,0,4.5,2,,v West Indies,Chennai,15 Dec 2019,
ODI,M Amarnath,6.0,6,0,46,0,7.66,1,,v Pakistan,Multan,17 Dec 1982,
ODI,Arshad Ayub,10.0,6,2,46,0,4.6,1,,v West Indies,Bridgetown,7 Mar 1989,
ODI,M Prabhakar,10.0,6,0,46,0,4.6,2,,v Pakistan,Sharjah,15 Oct 1989,
ODI,SLV Raju,7.0,6,0,46,0,6.57,2,,v Australia,Sydney,14 Jan 1992,
ODI,RJ Shastri,10.0,6,1,46,0,4.6,1,,v Australia,Sydney,20 Jan 1992,
ODI,SLV Raju,10.0,6,0,46,0,4.6,1,,v England,Bengaluru,26 Feb 1993,
ODI,Maninder Singh,8.0,6,0,46,0,5.75,1,,v England,Gwalior,4 Mar 1993,
ODI,A Kumble,10.0,6,0,46,0,4.6,1,,v Sri Lanka,Kanpur,7 Nov 1993,
ODI,J Srinath,9.5,6,0,46,0,4.67,2,,v New Zealand,Christchurch,2 Apr 1994,
ODI,RK Chauhan,6.0,6,0,46,0,7.66,1,,v West Indies,Chennai,23 Oct 1994,
ODI,SLV Raju,9.0,6,0,46,0,5.11,1,,v South Africa,Hamilton,18 Feb 1995,
ODI,A Kumble,10.0,6,1,46,0,4.6,2,,v Sri Lanka,Singapore,3 Apr 1996,
ODI,J Srinath,10.0,6,1,46,0,4.6,1,,v Pakistan,Sharjah,12 Apr 1996,
ODI,AB Agarkar,9.0,6,1,46,0,5.11,2,,v Pakistan,Toronto,20 Sep 1998,
ODI,SB Joshi,10.0,6,1,46,0,4.6,1,,v Sri Lanka,Sharjah,27 Oct 2000,
ODI,Harbhajan Singh,10.0,6,0,46,0,4.6,2,,v Australia,Pune,28 Mar 2001,
ODI,Harbhajan Singh,10.0,6,1,46,0,4.6,1,,v New Zealand,Colombo (SSC),2 Aug 2001,
ODI,A Kumble,10.0,6,0,46,0,4.6,1,,v England,Lord's,29 Jun 2002,
ODI,M Kartik,10.0,6,0,46,0,4.6,1,,v West Indies,Ahmedabad,15 Nov 2002,
ODI,A Kumble,10.0,6,1,46,0,4.6,1,,v Sri Lanka,Dambulla,18 Jul 2004,
ODI,Harbhajan Singh,10.0,6,1,46,0,4.6,2,,v Bangladesh,Chattogram,23 Dec 2004,
ODI,Harbhajan Singh,10.0,6,0,46,0,4.6,1,,v New Zealand,Harare,2 Sep 2005,
ODI,IK Pathan,9.0,6,1,46,0,5.11,2,,v Pakistan,Abu Dhabi,18 Apr 2006,
ODI,Harbhajan Singh,10.0,6,1,46,0,4.6,2,,v Pakistan,Abu Dhabi,18 Apr 2006,
ODI,Z Khan,7.0,6,1,46,0,6.57,2,,v South Africa,Centurion,3 Dec 2006,
ODI,RR Powar,10.0,6,0,46,0,4.6,1,,v South Africa,Belfast,29 Jun 2007,
ODI,Yuvraj Singh,7.0,6,0,46,0,6.57,2,,v England,Bengaluru,27 Feb 2011,
ODI,P Kumar,10.0,6,1,46,0,4.6,1,,v West Indies,North Sound,11 Jun 2011,
ODI,UT Yadav,7.0,6,0,46,0,6.57,1,,v Australia,Brisbane,19 Feb 2012,
ODI,RA Jadeja,10.0,6,0,46,0,4.6,1,,v England,Rajkot,11 Jan 2013,
ODI,RA Jadeja,10.0,6,0,46,0,4.6,1,,v Australia,Sydney,23 Jan 2016,
ODI,B Kumar,9.0,6,0,46,0,5.11,1,,v Pakistan,Dubai (DICS),23 Sep 2018,
ODI,Mohammed Shami,10.0,6,0,46,0,4.6,1,,v Australia,Sydney,12 Jan 2019,
ODI,Mohammed Siraj,10.0,6,1,46,0,4.6,1,,v West Indies,Port of Spain,24 Jul 2022,
ODI,Mukesh Kumar,7.0,6,0,46,0,6.57,1,,v South Africa,Johannesburg,17 Dec 2023,
ODI,Mukesh Kumar,8.0,6,2,46,0,5.75,2,,v South Africa,Gqeberha,19 Dec 2023,
ODI,RMH Binny,10.0,6,0,47,0,4.7,2,,v New Zealand,Adelaide,23 Dec 1980,
ODI,Maninder Singh,8.0,6,0,47,0,5.87,2,,v Pakistan,Karachi,21 Jan 1983,
ODI,N Kapil Dev,9.0,6,1,47,0,5.22,1,,v Sri Lanka,Colombo (SSC),25 Aug 1985,
ODI,SK Sharma,6.5,6,0,47,0,6.87,2,,v West Indies,Thiruvananthapuram,25 Jan 1988,
ODI,N Kapil Dev,8.0,6,0,47,0,5.87,2,,v Pakistan,Sharjah,15 Oct 1989,
ODI,J Srinath,10.0,6,0,47,0,4.7,2,,v England,Jaipur,18 Jan 1993,
ODI,M Prabhakar,4.0,6,0,47,0,11.75,2,,v Sri Lanka,Delhi,2 Mar 1996,
ODI,BKV Prasad,6.0,6,0,47,0,7.83,2,,v Sri Lanka,Colombo (RPS),28 Aug 1996,
ODI,RR Singh,8.0,6,0,47,0,5.87,1,,v Pakistan,Dhaka,18 Jan 1998,
ODI,BKV Prasad,10.0,6,0,47,0,4.7,2,,v Pakistan,Toronto,20 Sep 1998,
ODI,RL Sanghvi,6.0,6,0,47,0,7.83,1,,v Zimbabwe,Harare,30 Sep 1998,
ODI,SC Ganguly,9.0,6,0,47,0,5.22,2,,v Kenya,Bristol,23 May 1999,
ODI,AB Agarkar,5.0,6,0,47,0,9.4,1,,v England,Wankhede,3 Feb 2002,
ODI,M Kartik,8.0,6,0,47,0,5.87,1,,v Zimbabwe,Hyderabad (Deccan),16 Mar 2002,
ODI,AB Agarkar,7.0,6,0,47,0,6.71,2,,v West Indies,Nagpur,9 Nov 2002,
ODI,AB Agarkar,7.0,6,1,47,0,6.71,2,,v Australia,Sydney,22 Jan 2004,
ODI,IK Pathan,10.0,6,0,47,0,4.7,2,,v Zimbabwe,Adelaide,24 Jan 2004,
ODI,L Balaji,6.0,6,0,47,0,7.83,1,,v Pakistan,Rawalpindi,16 Mar 2004,
ODI,MM Patel,8.0,6,0,47,0,5.87,2,,v England,Margao,3 Apr 2006,
ODI,Yuvraj Singh,8.0,6,0,47,0,5.87,2,,v South Africa,Nagpur,12 Mar 2011,
ODI,R Ashwin,8.0,6,0,47,0,5.87,1,,v Australia,Adelaide,12 Feb 2012,
ODI,P Kumar,7.0,6,0,47,0,6.71,2,,v Sri Lanka,Mirpur,13 Mar 2012,
ODI,R Ashwin,10.0,6,0,47,0,4.7,2,,v South Africa,Cardiff,6 Jun 2013,
ODI,B Kumar,8.0,6,1,47,0,5.87,2,,v Australia,Bengaluru,2 Nov 2013,
ODI,MM Sharma,7.0,6,0,47,0,6.71,1,,v West Indies,Kanpur,27 Nov 2013,
ODI,HH Pandya,5.0,6,0,47,0,9.4,2,,v New Zealand,Kanpur,29 Oct 2017,
ODI,HH Pandya,7.0,6,0,47,0,6.71,1,,v England,Nottingham,12 Jul 2018,
ODI,SN Thakur,10.0,6,1,47,0,4.7,1,,v Bangladesh,Mirpur,7 Dec 2022,
ODI,SV Nayak,11.0,6,1,48,0,4.36,1,,v England,The Oval,4 Jun 1982,
ODI,S Venkataraghavan,9.0,6,0,48,0,5.33,1,,v West Indies,Port of Spain,9 Mar 1983,
ODI,RJ Shastri,10.0,6,0,48,0,4.8,2,,v England,Cuttack,27 Dec 1984,
ODI,RMH Binny,7.0,6,0,48,0,6.85,1,,v Australia,Sydney,21 Jan 1986,
ODI,N Kapil Dev,9.0,6,0,48,0,5.33,1,,v Australia,Jaipur,7 Sep 1986,
ODI,RJ Shastri,7.0,6,0,48,0,6.85,2,,v Pakistan,Jamshedpur,26 Mar 1987,
ODI,Arshad Ayub,9.0,6,0,48,0,5.33,2,,v New Zealand,Sharjah,1 Apr 1988,
ODI,N Kapil Dev,10.0,6,2,48,0,4.8,1,,v England,Gwalior,5 Mar 1993,
ODI,A Kumble,9.2,6,0,48,0,5.14,2,,v New Zealand,Nottingham,12 Jun 1999,
ODI,A Kumble,8.0,6,0,48,0,6.0,1,,v South Africa,Kochi,9 Mar 2000,
ODI,V Sehwag,7.0,6,0,48,0,6.85,1,,v West Indies,Harare,7 Jul 2001,
ODI,Yuvraj Singh,6.0,6,0,48,0,8.0,1,,v West Indies,Ahmedabad,15 Nov 2002,
ODI,IK Pathan,10.0,6,1,48,0,4.8,2,,v Pakistan,Eden Gardens,13 Nov 2004,
ODI,RP Singh,8.0,6,1,48,0,6.0,2,,v England,Jamshedpur,12 Apr 2006,
ODI,IK Pathan,6.0,6,0,48,0,8.0,2,,v South Africa,Centurion,3 Dec 2006,
ODI,Harbhajan Singh,9.0,6,0,48,0,5.33,1,,v Sri Lanka,Visakhapatnam,17 Feb 2007,
ODI,S Sreesanth,3.0,6,0,48,0,16.0,2,,v Sri Lanka,Canberra,12 Feb 2008,
ODI,P Kumar,8.0,6,0,48,0,6.0,2,,v Sri Lanka,Nagpur,18 Dec 2009,
ODI,UT Yadav,8.0,6,0,48,0,6.0,2,,v Zimbabwe,Bulawayo,28 May 2010,
ODI,Yuvraj Singh,10.0,6,0,48,0,4.8,1,,v Australia,Visakhapatnam,20 Oct 2010,
ODI,Yuvraj Singh,9.0,6,1,48,0,5.33,1,,v New Zealand,Jaipur,1 Dec 2010,
ODI,R Ashwin,5.0,6,0,48,0,9.6,1,,v Australia,Melbourne,5 Feb 2012,
ODI,R Vinay Kumar,8.0,6,1,48,0,6.0,1,,v Sri Lanka,Brisbane,21 Feb 2012,
ODI,RA Jadeja,10.0,6,0,48,0,4.8,1,,v West Indies,North Sound,2 Jul 2017,
ODI,SN Thakur,6.0,6,0,48,0,8.0,1,,v Sri Lanka,Colombo (RPS),3 Sep 2017,
ODI,Kuldeep Yadav,10.0,6,1,48,0,4.8,1,,v Australia,Nagpur,1 Oct 2017,
ODI,B Kumar,5.0,6,1,48,0,9.6,1,,v West Indies,Port of Spain,14 Aug 2019,
ODI,NA Saini,10.0,6,0,48,0,4.8,1,,v New Zealand,Auckland,8 Feb 2020,
ODI,HH Pandya,9.0,6,0,48,0,5.33,2,,v England,Pune,28 Mar 2021,
ODI,M Prasidh Krishna,9.0,6,0,48,0,5.33,1,,v England,Manchester,17 Jul 2022,
ODI,Washington Sundar,10.0,6,0,48,0,4.8,1,,v Australia,Rajkot,27 Sep 2023,
ODI,RA Jadeja,10.0,6,0,48,0,4.8,1,,v New Zealand,Dharamsala,22 Oct 2023,
ODI,Kuldeep Yadav,8.0,6,0,48,0,6.0,2,,v South Africa,Gqeberha,19 Dec 2023,
ODI,SM Patil,8.0,6,0,49,0,6.12,2,,v Australia,Sydney,18 Dec 1980,
ODI,RJ Shastri,8.0,6,0,49,0,6.12,2,,v England,Pune,5 Dec 1984,
ODI,C Sharma,6.0,6,0,49,0,8.16,1,,v Sri Lanka,Colombo (PSS),21 Sep 1985,
ODI,C Sharma,9.5,6,0,49,0,4.98,2,,v England,Manchester,26 May 1986,
ODI,Maninder Singh,10.0,6,0,49,0,4.9,2,,v Australia,Rajkot,7 Oct 1986,
ODI,RJ Shastri,10.0,6,0,49,0,4.9,1,,v England,Wankhede,5 Nov 1987,
ODI,C Sharma,7.0,6,0,49,0,7.0,1,,v West Indies,Nagpur,8 Dec 1987,
ODI,ND Hirwani,10.0,6,0,49,0,4.9,2,,v West Indies,Sharjah,21 Oct 1988,
ODI,Arshad Ayub,10.0,6,0,49,0,4.9,1,,v Australia,Bengaluru,27 Oct 1989,
ODI,J Srinath,10.0,6,0,49,0,4.9,1,,v Pakistan,Sharjah,25 Oct 1991,
ODI,BKV Prasad,9.0,6,0,49,0,5.44,2,,v New Zealand,Christchurch,2 Apr 1994,
ODI,BKV Prasad,10.0,6,0,49,0,4.9,1,,v New Zealand,Vadodara,28 Oct 1994,
ODI,A Kumble,10.0,6,0,49,0,4.9,1,,v Australia,The Oval,4 Jun 1999,
ODI,J Srinath,10.0,6,0,49,0,4.9,2,,v South Africa,Durban,26 Oct 2001,
ODI,AB Agarkar,8.0,6,0,49,0,6.12,1,,v England,Lord's,29 Jun 2002,
ODI,Harbhajan Singh,7.2,6,0,49,0,6.68,2,,v Australia,Centurion,15 Feb 2003,
ODI,M Kartik,7.0,6,0,49,0,7.0,2,,v Zimbabwe,Adelaide,24 Jan 2004,
ODI,Harbhajan Singh,10.0,6,0,49,0,4.9,2,,v New Zealand,Harare,6 Sep 2005,
ODI,Harbhajan Singh,10.0,6,0,49,0,4.9,2,,v Australia,Mohali,29 Oct 2006,
ODI,Z Khan,10.0,6,0,49,0,4.9,1,,v England,Birmingham,27 Aug 2007,
ODI,P Kumar,10.0,6,0,49,0,4.9,1,,v Sri Lanka,Adelaide,19 Feb 2008,
ODI,RP Singh,5.0,6,0,49,0,9.8,2,,v England,Indore,17 Nov 2008,
ODI,Z Khan,7.0,6,0,49,0,7.0,1,,v Sri Lanka,Cuttack,21 Dec 2009,
ODI,AB Dinda,7.2,6,0,49,0,6.68,2,,v Zimbabwe,Bulawayo,28 May 2010,
ODI,PP Ojha,10.0,6,0,49,0,4.9,2,,v Sri Lanka,Dambulla,22 Jun 2010,
ODI,MM Patel,8.0,6,1,49,0,6.12,1,,v South Africa,Gqeberha,21 Jan 2011,
ODI,I Sharma,9.4,6,0,49,0,5.06,2,,v West Indies,Kingston,16 Jun 2011,
ODI,R Vinay Kumar,9.0,6,2,49,0,5.44,2,,v Zimbabwe,Harare,26 Jul 2013,
ODI,Mohammed Shami,10.0,6,0,49,0,4.9,2,,v Pakistan,Mirpur,2 Mar 2014,
ODI,AR Patel,10.0,6,0,49,0,4.9,1,,v New Zealand,Mohali,23 Oct 2016,
ODI,YS Chahal,10.0,6,0,49,0,4.9,1,,v Sri Lanka,Pallekele,27 Aug 2017,
ODI,B Kumar,7.0,6,0,49,0,7.0,2,,v England,Leeds,17 Jul 2018,
ODI,RA Jadeja,10.0,6,0,49,0,4.9,2,,v West Indies,Visakhapatnam,24 Oct 2018,
ODI,Mohammed Siraj,8.0,6,0,49,0,6.12,1,,v South Africa,Lucknow,6 Oct 2022,
ODI,Washington Sundar,6.0,6,0,49,0,8.16,2,,v New Zealand,Indore,24 Jan 2023,
ODI,Maninder Singh,10.0,6,0,50,0,5.0,2,,v Australia,Srinagar,9 Sep 1986,
ODI,S Madan Lal,8.0,6,0,50,0,6.25,2,,v Australia,Rajkot,7 Oct 1986,
ODI,RJ Shastri,9.0,6,1,50,0,5.55,2,,v West Indies,Rajkot,5 Jan 1988,
ODI,Maninder Singh,10.0,6,0,50,0,5.0,2,,v West Indies,Sharjah,16 Oct 1988,
ODI,AK Sharma,9.0,6,0,50,0,5.55,1,,v New Zealand,Dunedin,1 Mar 1990,
ODI,N Kapil Dev,9.0,6,0,50,0,5.55,2,,v West Indies,Sharjah,19 Oct 1991,
ODI,M Prabhakar,10.0,6,1,50,0,5.0,1,,v West Indies,Ahmedabad,16 Nov 1993,
ODI,M Prabhakar,6.0,6,0,50,0,8.33,1,,v West Indies,Kanpur,30 Oct 1994,
ODI,A Kumble,10.0,6,0,50,0,5.0,1,,v West Indies,Kanpur,30 Oct 1994,
ODI,SLV Raju,9.5,6,1,50,0,5.08,2,,v England,Manchester,26 May 1996,
ODI,J Srinath,10.0,6,0,50,0,5.0,1,,v South Africa,Bloemfontein,23 Jan 1997,
ODI,SA Ankola,7.0,6,0,50,0,7.14,1,,v South Africa,Durban,13 Feb 1997,
ODI,A Kumble,8.0,6,0,50,0,6.25,1,,v Sri Lanka,Colombo (RPS),17 Aug 1997,
ODI,A Kuruvilla,7.2,6,0,50,0,6.81,1,,v Pakistan,Karachi,30 Sep 1997,
ODI,A Kumble,8.0,6,0,50,0,6.25,2,,v Sri Lanka,Colombo (RPS),25 Aug 1999,
ODI,BKV Prasad,10.0,6,0,50,0,5.0,2,,v West Indies,Singapore,8 Sep 1999,
ODI,BKV Prasad,9.0,6,0,50,0,5.55,1,,v Australia,Adelaide,26 Jan 2000,
ODI,Harbhajan Singh,10.0,6,0,50,0,5.0,1,,v England,Lord's,29 Jun 2002,
ODI,A Kumble,8.0,6,0,50,0,6.25,1,,v Australia,Wankhede,1 Nov 2003,
ODI,RR Powar,6.0,6,1,50,0,8.33,1,,v Australia,Bengaluru,29 Sep 2007,
ODI,P Kumar,10.0,6,1,50,0,5.0,1,,v Pakistan,Jaipur,18 Nov 2007,
ODI,Harbhajan Singh,9.0,6,0,50,0,5.55,1,,v Australia,Sydney,24 Feb 2008,
ODI,Harbhajan Singh,8.0,6,0,50,0,6.25,1,,v New Zealand,Hamilton,11 Mar 2009,
ODI,Harbhajan Singh,10.0,6,0,50,0,5.0,1,,v Australia,Ahmedabad,24 Mar 2011,
ODI,R Ashwin,10.0,6,1,50,0,5.0,2,,v West Indies,Kingston,16 Jun 2011,
ODI,RA Jadeja,10.0,6,0,50,0,5.0,1,,v Australia,Adelaide,12 Feb 2012,
ODI,R Ashwin,10.0,6,0,50,0,5.0,1,,v Sri Lanka,Colombo (RPS),28 Jul 2012,
ODI,R Ashwin,10.0,6,0,50,0,5.0,2,,v England,Dharamsala,27 Jan 2013,
ODI,RA Jadeja,10.0,6,1,50,0,5.0,2,,v West Indies,Kingston,30 Jun 2013,
ODI,R Ashwin,8.0,6,0,50,0,6.25,1,,v New Zealand,Hamilton,22 Jan 2014,
ODI,B Kumar,9.0,6,0,50,0,5.55,2,,v Hong Kong,Dubai (DICS),18 Sep 2018,
ODI,RA Jadeja,9.0,6,0,50,0,5.55,1,,v Pakistan,Dubai (DICS),23 Sep 2018,
ODI,JJ Bumrah,7.0,6,0,50,0,7.14,2,,v Australia,Wankhede,14 Jan 2020,
ODI,JJ Bumrah,10.0,6,0,50,0,5.0,2,,v New Zealand,Mount Maunganui,11 Feb 2020,
ODI,Washington Sundar,7.0,6,0,50,0,7.14,2,,v New Zealand,Hyderabad,18 Jan 2023,
ODI,S Abid Ali,9.0,6,0,51,0,5.66,2,,v England,Leeds,13 Jul 1974,
ODI,S Madan Lal,6.4,6,0,51,0,7.65,2,,v West Indies,Srinagar,13 Oct 1983,
ODI,KBJ Azad,9.0,6,0,51,0,5.66,2,,v Australia,Ahmedabad,5 Oct 1984,
ODI,NS Yadav,9.0,6,0,51,0,5.66,2,,v New Zealand,Melbourne,23 Jan 1986,
ODI,A Kumble,6.0,6,0,51,0,8.5,1,,v Sri Lanka,Pune,5 Dec 1990,
ODI,J Srinath,10.0,6,1,51,0,5.1,1,,v Australia,Wankhede,27 Feb 1996,
ODI,J Srinath,9.4,6,0,51,0,5.27,2,,v Sri Lanka,Delhi,2 Mar 1996,
ODI,SR Tendulkar,7.0,6,0,51,0,7.28,1,,v South Africa,Sharjah,19 Apr 1996,
ODI,AR Kapoor,10.0,6,2,51,0,5.1,2,,v Sri Lanka,Colombo (RPS),28 Aug 1996,
ODI,DS Mohanty,5.0,6,0,51,0,10.2,2,,v Australia,Kochi,1 Apr 1998,
ODI,Z Khan,6.0,6,0,51,0,8.5,2,,v Australia,Indore,31 Mar 2001,
ODI,SR Tendulkar,9.0,6,0,51,0,5.66,2,,v South Africa,Johannesburg,5 Oct 2001,
ODI,A Kumble,10.0,6,0,51,0,5.1,1,,v Pakistan,Centurion,1 Mar 2003,
ODI,M Kartik,10.0,6,2,51,0,5.1,1,,v Australia,Bengaluru,12 Nov 2003,
ODI,M Kartik,7.0,6,0,51,0,7.28,1,,v Australia,Sydney,8 Feb 2004,
ODI,A Kumble,10.0,6,0,51,0,5.1,2,,v Sri Lanka,Colombo (RPS),27 Jul 2004,
ODI,Harbhajan Singh,10.0,6,0,51,0,5.1,2,,v Pakistan,Eden Gardens,13 Nov 2004,
ODI,Joginder Sharma,10.0,6,1,51,0,5.1,1,,v Bangladesh,Dhaka,26 Dec 2004,
ODI,L Balaji,6.0,6,0,51,0,8.5,2,,v Pakistan,Kanpur,15 Apr 2005,
ODI,Z Khan,10.0,6,0,51,0,5.1,2,,v West Indies,Colombo (RPS),7 Aug 2005,
ODI,IK Pathan,6.0,6,0,51,0,8.5,2,,v South Africa,Hyderabad,16 Nov 2005,
ODI,MM Patel,9.0,6,0,51,0,5.66,1,,v Sri Lanka,Hobart,26 Feb 2008,
ODI,P Kumar,7.0,6,0,51,0,7.28,1,,v New Zealand,Hamilton,11 Mar 2009,
ODI,Z Khan,8.0,6,1,51,0,6.37,2,,v New Zealand,Auckland,14 Mar 2009,
ODI,A Nehra,9.0,6,0,51,0,5.66,1,,v Australia,Delhi,31 Oct 2009,
ODI,RA Jadeja,9.0,6,1,51,0,5.66,1,,v Sri Lanka,Eden Gardens,24 Dec 2009,
ODI,Z Khan,10.0,6,0,51,0,5.1,2,,v Sri Lanka,Mirpur,13 Jan 2010,
ODI,P Kumar,9.0,6,1,51,0,5.66,1,,v Australia,Visakhapatnam,20 Oct 2010,
ODI,Harbhajan Singh,10.0,6,1,51,0,5.1,1,,v West Indies,Port of Spain,8 Jun 2011,
ODI,UT Yadav,9.0,6,0,51,0,5.66,1,,v Sri Lanka,Adelaide,14 Feb 2012,
ODI,BB Sran,9.0,6,1,51,0,5.66,2,,v Australia,Brisbane,15 Jan 2016,
ODI,RA Jadeja,10.0,6,0,51,0,5.1,1,,v Australia,Canberra,20 Jan 2016,
ODI,HH Pandya,7.0,6,1,51,0,7.28,2,,v Sri Lanka,The Oval,8 Jun 2017,
ODI,YS Chahal,10.0,6,0,51,0,5.1,2,,v New Zealand,Wankhede,22 Oct 2017,
ODI,Avesh Khan,8.0,6,0,51,0,6.37,1,,v South Africa,Lucknow,6 Oct 2022,
ODI,M Amarnath,10.0,6,0,52,0,5.2,1,,v Sri Lanka,Delhi,15 Sep 1982,
ODI,BS Sandhu,7.0,6,0,52,0,7.42,1,,v Pakistan,Lahore,31 Dec 1982,
ODI,BS Sandhu,12.0,6,1,52,0,4.33,1,,v Australia,Nottingham,13 Jun 1983,
ODI,L Sivaramakrishnan,8.0,6,0,52,0,6.5,1,,v Australia,Melbourne,31 Jan 1986,
ODI,C Sharma,7.2,6,0,52,0,7.09,2,,v West Indies,St John's,18 Mar 1989,
ODI,RJ Shastri,7.0,6,0,52,0,7.42,1,,v West Indies,Georgetown,21 Mar 1989,
ODI,M Prabhakar,9.0,6,0,52,0,5.77,1,,v England,Gwalior,5 Mar 1993,
ODI,AR Kapoor,9.0,6,0,52,0,5.77,2,,v Pakistan,Sharjah,15 Apr 1996,
ODI,AB Agarkar,5.0,6,0,52,0,10.4,2,,v Pakistan,Sharjah,16 Apr 1999,
ODI,BKV Prasad,10.0,6,0,52,0,5.2,1,,v Australia,Melbourne,12 Jan 2000,
ODI,M Kartik,8.0,6,1,52,0,6.5,2,,v South Africa,Eden Gardens,25 Nov 2005,
ODI,IK Pathan,10.0,6,0,52,0,5.2,2,,v Pakistan,Peshawar,6 Feb 2006,
ODI,S Sreesanth,10.0,6,0,52,0,5.2,1,,v Pakistan,Rawalpindi,11 Feb 2006,
ODI,Harbhajan Singh,10.0,6,0,52,0,5.2,1,,v West Indies,Port of Spain,28 May 2006,
ODI,M Kartik,7.5,6,1,52,0,6.63,2,,v Australia,Vadodara,11 Oct 2007,
ODI,Harbhajan Singh,10.0,6,0,52,0,5.2,1,,v Pakistan,Gwalior,15 Nov 2007,
ODI,S Sreesanth,8.0,6,0,52,0,6.5,1,,v Sri Lanka,Wankhede,2 Apr 2011,
ODI,R Ashwin,10.0,6,0,52,0,5.2,1,,v Sri Lanka,Hobart,28 Feb 2012,
ODI,B Kumar,7.0,6,0,52,0,7.42,1,,v England,Rajkot,11 Jan 2013,
ODI,R Ashwin,10.0,6,0,52,0,5.2,1,,v New Zealand,Napier,19 Jan 2014,
ODI,JJ Bumrah,10.0,6,0,52,0,5.2,2,,v Sri Lanka,The Oval,8 Jun 2017,
ODI,RA Jadeja,6.0,6,0,52,0,8.66,2,,v Sri Lanka,The Oval,8 Jun 2017,
ODI,B Kumar,10.0,6,0,52,0,5.2,1,,v Australia,Indore,24 Sep 2017,
ODI,JJ Bumrah,8.0,6,0,52,0,6.5,2,,v Pakistan,Manchester,16 Jun 2019,
ODI,KD Ghavri,12.0,6,0,53,0,4.41,1,,v Sri Lanka,Manchester,16 Jun 1979,
ODI,RJ Shastri,7.0,6,0,53,0,7.57,1,,v England,Jalandhar,20 Dec 1981,
ODI,RJ Shastri,8.0,6,0,53,0,6.62,1,,v England,The Oval,4 Jun 1982,
ODI,M Amarnath,10.0,6,0,53,0,5.3,1,,v Sri Lanka,Bengaluru,26 Sep 1982,
ODI,BS Sandhu,8.0,6,0,53,0,6.62,2,,v West Indies,Vadodara,9 Nov 1983,
ODI,RR Kulkarni,10.0,6,1,53,0,5.3,1,,v Australia,Adelaide,26 Jan 1986,
ODI,M Prabhakar,10.0,6,0,53,0,5.3,2,,v Sri Lanka,Rajkot,15 Feb 1994,
ODI,A Kumble,10.0,6,0,53,0,5.3,1,,v New Zealand,Vadodara,28 Oct 1994,
ODI,SV Bahutule,7.0,6,0,53,0,7.57,2,,v Pakistan,Dhaka,11 Jan 1998,
ODI,SV Bahutule,5.0,6,0,53,0,10.6,2,,v Pakistan,Dhaka,16 Jan 1998,
ODI,N Chopra,6.0,6,0,53,0,8.83,2,,v Sri Lanka,Pune,30 Mar 1999,
ODI,Harbhajan Singh,10.0,6,0,53,0,5.3,1,,v England,Lord's,13 Jul 2002,
ODI,A Kumble,10.0,6,0,53,0,5.3,2,,v South Africa,Colombo (RPS),25 Sep 2002,
ODI,A Nehra,5.0,6,0,53,0,10.6,1,,v West Indies,Ahmedabad,15 Nov 2002,
ODI,Z Khan,10.0,6,1,53,0,5.3,1,,v Kenya,Cape Town,7 Mar 2003,
ODI,A Kumble,10.0,6,0,53,0,5.3,2,,v Australia,Brisbane,18 Jan 2004,
ODI,Harbhajan Singh,10.0,6,0,53,0,5.3,1,,v Sri Lanka,Port of Spain,23 Mar 2007,
ODI,S Sreesanth,5.0,6,0,53,0,10.6,2,,v Bangladesh,Mirpur,19 Feb 2011,
ODI,R Dhawan,9.0,6,0,53,0,5.88,1,,v Australia,Canberra,20 Jan 2016,
ODI,B Kumar,10.0,6,0,53,0,5.3,1,,v Sri Lanka,Pallekele,24 Aug 2017,
ODI,RA Jadeja,9.0,6,0,53,0,5.88,1,,v Australia,Melbourne,18 Jan 2019,
ODI,JJ Bumrah,10.0,6,0,53,0,5.3,1,,v Australia,Ranchi,8 Mar 2019,
ODI,YS Chahal,7.0,6,0,53,0,7.57,2,,v Pakistan,Manchester,16 Jun 2019,
ODI,JJ Bumrah,10.0,6,1,53,0,5.3,2,,v New Zealand,Hamilton,5 Feb 2020,
ODI,YS Chahal,10.0,6,0,53,0,5.3,1,,v South Africa,Paarl,19 Jan 2022,
ODI,J Yadav,10.0,6,0,53,0,5.3,1,,v South Africa,Cape Town,23 Jan 2022,
ODI,K Nitish Kumar Reddy,8.0,6,0,53,0,6.62,1,,v New Zealand,Indore,18 Jan 2026,
ODI,AK Patel,10.0,6,1,54,0,5.4,1,,v England,Nagpur,23 Jan 1985,
ODI,M Azharuddin,10.0,6,0,54,0,5.4,1,,v Australia,Melbourne,31 Jan 1986,
ODI,N Kapil Dev,10.0,6,1,54,0,5.4,2,,v New Zealand,Bengaluru,14 Oct 1987,
ODI,U Chatterjee,8.5,6,0,54,0,6.11,2,,v New Zealand,Jamshedpur,15 Nov 1995,
ODI,SR Tendulkar,6.0,6,0,54,0,9.0,1,,v New Zealand,Nagpur,26 Nov 1995,
ODI,A Kumble,8.0,6,0,54,0,6.75,2,,v Sri Lanka,Colombo (RPS),26 Jul 1997,
ODI,DS Mohanty,10.0,6,0,54,0,5.4,2,,v Zimbabwe,Cuttack,9 Apr 1998,
ODI,Z Khan,7.0,6,0,54,0,7.71,2,,v New Zealand,Nairobi (Gym),15 Oct 2000,
ODI,Z Khan,10.0,6,0,54,0,5.4,1,,v Sri Lanka,Sharjah,27 Oct 2000,
ODI,SB Joshi,9.1,6,0,54,0,5.89,2,,v Australia,Pune,28 Mar 2001,
ODI,A Kumble,10.0,6,0,54,0,5.4,2,,v South Africa,Johannesburg,5 Oct 2001,
ODI,A Kumble,10.0,6,0,54,0,5.4,1,,v South Africa,East London,19 Oct 2001,
ODI,A Nehra,8.0,6,1,54,0,6.75,1,,v Pakistan,Colombo (RPS),25 Jul 2004,
ODI,Z Khan,7.0,6,1,54,0,7.71,1,,v Bangladesh,Mirpur,10 May 2007,
ODI,Harbhajan Singh,9.0,6,0,54,0,6.0,1,,v Australia,Centurion,28 Sep 2009,
ODI,A Mishra,10.0,6,0,54,0,5.4,1,,v Bangladesh,Mirpur,11 Jan 2010,
ODI,AB Dinda,8.2,6,0,54,0,6.48,2,,v Zimbabwe,Harare,3 Jun 2010,
ODI,RA Jadeja,10.0,6,0,54,0,5.4,2,,v Sri Lanka,Harare,5 Jun 2010,
ODI,P Kumar,10.0,6,0,54,0,5.4,1,,v West Indies,Port of Spain,8 Jun 2011,
ODI,P Kumar,10.0,6,0,54,0,5.4,1,,v Sri Lanka,W.A.C.A,8 Feb 2012,
ODI,B Kumar,10.0,6,0,54,0,5.4,1,,v Australia,Jaipur,16 Oct 2013,
ODI,RA Jadeja,9.0,6,0,54,0,6.0,1,,v New Zealand,Wellington,31 Jan 2014,
ODI,UT Yadav,10.0,6,0,54,0,5.4,2,,v Australia,W.A.C.A,12 Jan 2016,
ODI,R Ashwin,10.0,6,0,54,0,5.4,1,,v Bangladesh,Birmingham,15 Jun 2017,
ODI,YS Chahal,8.0,6,0,54,0,6.75,1,,v Australia,Bengaluru,28 Sep 2017,
ODI,KM Jadhav,8.0,6,0,54,0,6.75,2,,v New Zealand,Kanpur,29 Oct 2017,
ODI,SN Thakur,7.3,6,0,54,0,7.2,2,,v England,Pune,26 Mar 2021,
ODI,Avesh Khan,6.0,6,0,54,0,9.0,1,,v West Indies,Port of Spain,24 Jul 2022,
ODI,BS Sandhu,8.0,6,0,55,0,6.87,1,,v Pakistan,Gujranwala,3 Dec 1982,
ODI,Maninder Singh,11.0,6,0,55,0,5.0,2,,v England,Manchester,26 May 1986,
ODI,RJ Shastri,7.0,6,0,55,0,7.85,1,,v Pakistan,Nagpur,24 Mar 1987,
ODI,Maninder Singh,9.1,6,0,55,0,6.0,2,,v West Indies,Faridabad,19 Jan 1988,
ODI,SK Sharma,8.0,6,0,55,0,6.87,1,,v West Indies,Bridgetown,7 Mar 1989,
ODI,Arshad Ayub,8.0,6,0,55,0,6.87,1,,v West Indies,Georgetown,21 Mar 1989,
ODI,N Kapil Dev,10.0,6,0,55,0,5.5,2,,v New Zealand,Dunedin,12 Mar 1992,
ODI,SA Ankola,10.0,6,0,55,0,5.5,2,,v New Zealand,Wellington,30 Mar 1994,
ODI,M Prabhakar,8.0,6,0,55,0,6.87,1,,v New Zealand,Nagpur,26 Nov 1995,
ODI,M Prabhakar,10.0,6,0,55,0,5.5,1,,v Australia,Wankhede,27 Feb 1996,
ODI,J Srinath,10.0,6,0,55,0,5.5,2,,v South Africa,Sharjah,17 Apr 1996,
ODI,SB Joshi,10.0,6,0,55,0,5.5,1,,v South Africa,Nairobi (Gym),3 Oct 1999,
ODI,J Srinath,10.0,6,0,55,0,5.5,1,,v Pakistan,Hobart,21 Jan 2000,
ODI,J Srinath,10.0,6,0,55,0,5.5,2,,v Australia,W.A.C.A,30 Jan 2000,
ODI,AB Agarkar,7.0,6,0,55,0,7.85,1,,v South Africa,Kochi,9 Mar 2000,
ODI,Harbhajan Singh,10.0,6,0,55,0,5.5,2,,v Australia,Margao,6 Apr 2001,
ODI,J Srinath,8.0,6,0,55,0,6.87,1,,v Sri Lanka,Colombo (RPS),29 Sep 2002,
ODI,Harbhajan Singh,9.0,6,1,55,0,6.11,1,,v New Zealand,Bulawayo,26 Aug 2005,
ODI,SC Ganguly,9.0,6,0,55,0,6.11,2,,v Pakistan,Mohali,8 Nov 2007,
ODI,A Nehra,8.0,6,0,55,0,6.87,2,,v Sri Lanka,Mirpur,5 Jan 2010,
ODI,Z Khan,9.0,6,1,55,0,6.11,1,,v South Africa,Gqeberha,21 Jan 2011,
ODI,RA Jadeja,9.0,6,0,55,0,6.11,1,,v Sri Lanka,Kingston,2 Jul 2013,
ODI,Kuldeep Yadav,10.0,6,0,55,0,5.5,2,,v England,Leeds,17 Jul 2018,
ODI,KK Ahmed,8.0,6,0,55,0,6.87,1,,v Australia,Sydney,12 Jan 2019,
ODI,Kuldeep Yadav,9.0,6,0,55,0,6.11,2,,v Australia,The Oval,9 Jun 2019,
ODI,Kuldeep Yadav,10.0,6,0,55,0,5.5,2,,v Australia,Wankhede,14 Jan 2020,
ODI,Kuldeep Yadav,10.0,6,0,55,0,5.5,1,,v Sri Lanka,Colombo (RPS),20 Jul 2021,
ODI,A Kumble,10.0,6,0,56,0,5.6,1,,v Pakistan,Sharjah,22 Apr 1994,
ODI,SB Joshi,9.5,6,0,56,0,5.69,2,,v Sri Lanka,Wankhede,17 May 1997,
ODI,BKV Prasad,9.0,6,0,56,0,6.22,2,,v Sri Lanka,Colombo (RPS),20 Aug 1997,
ODI,A Kumble,10.0,6,0,56,0,5.6,1,,v Pakistan,Bengaluru,4 Apr 1999,
ODI,P Kumar,10.0,6,0,56,0,5.6,1,,v Pakistan,Karachi,26 Jun 2008,
ODI,A Mishra,9.0,6,0,56,0,6.22,2,,v Zimbabwe,Harare,3 Jun 2010,
ODI,PP Chawla,8.0,6,0,56,0,7.0,1,,v Ireland,Bengaluru,6 Mar 2011,
ODI,UT Yadav,8.0,6,0,56,0,7.0,1,,v Sri Lanka,Hobart,28 Feb 2012,
ODI,RA Jadeja,10.0,6,0,56,0,5.6,1,,v Australia,Sydney,26 Mar 2015,
ODI,B Kumar,8.0,6,0,56,0,7.0,1,,v England,Eden Gardens,22 Jan 2017,
ODI,Kuldeep Yadav,10.0,6,0,56,0,5.6,2,,v Australia,Ahmedabad,19 Nov 2023,
ODI,RA Jadeja,9.0,6,0,56,0,6.22,1,,v New Zealand,Vadodara,11 Jan 2026,
ODI,B Yograj Singh,9.0,6,0,57,0,6.33,1,,v New Zealand,Auckland,14 Feb 1981,
ODI,C Sharma,10.0,6,0,57,0,5.7,2,,v New Zealand,Melbourne,23 Jan 1986,
ODI,SLV Raju,9.0,6,0,57,0,6.33,1,,v Pakistan,Sharjah,12 Apr 1996,
ODI,BKV Prasad,10.0,6,1,57,0,5.7,2,,v Sri Lanka,Wankhede,17 May 1997,
ODI,Yuvraj Singh,10.0,6,0,57,0,5.7,1,,v Sri Lanka,Colombo (RPS),5 Aug 2001,
ODI,A Nehra,10.0,6,0,57,0,5.7,1,,v Australia,Johannesburg,23 Mar 2003,
ODI,IK Pathan,7.0,6,0,57,0,8.14,1,,v Pakistan,Amstelveen,21 Aug 2004,
ODI,A Kumble,6.2,6,0,57,0,9.0,2,,v England,Nottingham,1 Sep 2004,
ODI,S Sreesanth,10.0,6,0,57,0,5.7,2,,v Sri Lanka,Ahmedabad,6 Nov 2005,
ODI,D Mongia,8.0,6,0,57,0,7.12,2,,v Bangladesh,Mirpur,12 May 2007,
ODI,Harbhajan Singh,10.0,6,0,57,0,5.7,1,,v Australia,Kochi,2 Oct 2007,
ODI,IK Pathan,10.0,6,1,57,0,5.7,1,,v England,Cuttack,26 Nov 2008,
ODI,Z Khan,9.0,6,0,57,0,6.33,2,,v Sri Lanka,Mirpur,5 Jan 2010,
ODI,DR Doshi,8.0,6,1,58,0,7.25,1,,v Pakistan,Multan,17 Dec 1982,
ODI,RGM Patel,10.0,6,1,58,0,5.8,1,,v New Zealand,Vadodara,17 Dec 1988,
ODI,A Kumble,11.0,6,1,58,0,5.27,1,,v England,Nottingham,20 Jul 1990,
ODI,A Kumble,10.0,6,0,58,0,5.8,1,,v England,Gwalior,5 Mar 1993,
ODI,SB Joshi,9.0,6,0,58,0,6.44,1,,v Pakistan,Sharjah,8 Apr 1999,
ODI,AB Agarkar,9.1,6,0,58,0,6.32,2,,v Australia,Melbourne,6 Feb 2004,
ODI,IK Pathan,10.0,6,1,58,0,5.8,1,,v England,The Oval,3 Sep 2004,
ODI,M Kartik,10.0,6,0,58,0,5.8,1,,v South Africa,Wankhede,28 Nov 2005,
ODI,RP Singh,8.0,6,0,58,0,7.25,1,,v Sri Lanka,Colombo (RPS),12 Sep 2009,
ODI,A Nehra,9.0,6,0,58,0,6.44,1,,v Pakistan,Dambulla,19 Jun 2010,
ODI,RA Jadeja,10.0,6,0,58,0,5.8,1,,v Sri Lanka,Adelaide,14 Feb 2012,
ODI,Mohammed Shami,8.0,6,0,58,0,7.25,1,,v England,Mohali,23 Jan 2013,
ODI,R Ashwin,9.0,6,0,58,0,6.44,2,,v Australia,Mohali,19 Oct 2013,
ODI,R Ashwin,10.0,6,0,58,0,5.8,1,,v South Africa,Johannesburg,5 Dec 2013,
ODI,RA Jadeja,8.0,6,0,58,0,7.25,1,,v South Africa,Johannesburg,5 Dec 2013,
ODI,I Sharma,10.0,6,0,58,0,5.8,1,,v Sri Lanka,Ahmedabad,6 Nov 2014,
ODI,S Kaul,9.0,6,0,58,0,6.44,1,,v Afghanistan,Dubai (DICS),25 Sep 2018,
ODI,RA Jadeja,10.0,6,0,58,0,5.8,2,,v West Indies,Chennai,15 Dec 2019,
ODI,Mohammed Shami,7.4,6,0,58,0,7.56,2,,v Australia,Wankhede,14 Jan 2020,
ODI,AR Patel,10.0,6,0,58,0,5.8,2,,v Sri Lanka,Guwahati,10 Jan 2023,
ODI,Arshdeep Singh,9.0,6,0,58,0,6.44,1,,v Sri Lanka,Colombo (RPS),4 Aug 2024,
ODI,A Kuruvilla,9.0,6,0,59,0,6.55,1,,v Sri Lanka,Colombo (RPS),17 Aug 1997,
ODI,BKV Prasad,9.3,6,0,59,0,6.21,2,,v Australia,W.A.C.A,30 Jan 2000,
ODI,SR Tendulkar,10.0,6,0,59,0,5.9,2,,v Australia,Pune,28 Mar 2001,
ODI,IK Pathan,9.0,6,0,59,0,6.55,1,,v Sri Lanka,Colombo (RPS),9 Aug 2005,
ODI,RR Powar,10.0,6,1,59,0,5.9,2,,v West Indies,Basseterre,23 May 2006,
ODI,Harbhajan Singh,10.0,6,0,59,0,5.9,1,,v South Africa,Durban,22 Nov 2006,
ODI,A Kumble,10.0,6,1,59,0,5.9,1,,v Sri Lanka,Rajkot,11 Feb 2007,
ODI,Yuvraj Singh,5.0,6,0,59,0,11.8,1,,v England,The Oval,5 Sep 2007,
ODI,S Tyagi,8.0,6,0,59,0,7.37,1,,v South Africa,Ahmedabad,27 Feb 2010,
ODI,S Kaul,8.0,6,0,59,0,7.37,1,,v England,Lord's,14 Jul 2018,
ODI,NM Kulkarni,10.0,6,0,60,0,6.0,1,,v Kenya,Gwalior,28 May 1998,
ODI,AB Agarkar,8.0,6,0,60,0,7.5,1,,v Pakistan,W.A.C.A,28 Jan 2000,
ODI,R Vinay Kumar,10.0,6,0,60,0,6.0,1,,v Australia,Brisbane,19 Feb 2012,
ODI,R Ashwin,10.0,6,0,60,0,6.0,2,,v Australia,Brisbane,15 Jan 2016,
ODI,HH Pandya,6.0,6,0,60,0,10.0,2,,v England,Cuttack,19 Jan 2017,
ODI,R Ashwin,9.0,6,0,60,0,6.66,1,,v England,Eden Gardens,22 Jan 2017,
ODI,Mohammed Shami,10.0,6,0,60,0,6.0,2,,v Australia,Nagpur,5 Mar 2019,
ODI,HH Pandya,10.0,6,0,60,0,6.0,1,,v England,Birmingham,30 Jun 2019,
ODI,RA Jadeja,10.0,6,0,60,0,6.0,1,,v Australia,Sydney,29 Nov 2020,
ODI,BKV Prasad,9.0,6,0,61,0,6.77,1,,v New Zealand,Christchurch,19 Jan 1999,
ODI,AB Agarkar,10.0,6,0,61,0,6.1,1,,v South Africa,Vadodara,17 Mar 2000,
ODI,IK Pathan,10.0,6,0,61,0,6.1,1,,v Australia,Melbourne,9 Jan 2004,
ODI,L Balaji,7.0,6,0,61,0,8.71,1,,v Pakistan,Colombo (RPS),25 Jul 2004,
ODI,MM Patel,8.4,6,0,61,0,7.03,2,,v Australia,Mohali,29 Oct 2006,
ODI,P Kumar,8.3,6,1,61,0,7.17,2,,v Pakistan,Karachi,2 Jul 2008,
ODI,Harbhajan Singh,10.0,6,0,61,0,6.1,1,,v South Africa,Gqeberha,21 Jan 2011,
ODI,IK Pathan,9.0,6,0,61,0,6.77,2,,v Bangladesh,Mirpur,16 Mar 2012,
ODI,R Ashwin,9.0,6,0,61,0,6.77,1,,v England,Rajkot,11 Jan 2013,
ODI,RA Jadeja,10.0,6,1,61,0,6.1,2,,v Pakistan,Mirpur,2 Mar 2014,
ODI,MM Sharma,9.0,6,0,61,0,6.77,1,,v West Indies,Kochi,8 Oct 2014,
ODI,KV Sharma,10.0,6,0,61,0,6.1,1,,v Sri Lanka,Ranchi,16 Nov 2014,
ODI,RA Jadeja,9.0,6,0,61,0,6.77,2,,v Australia,W.A.C.A,12 Jan 2016,
ODI,RA Jadeja,10.0,6,0,61,0,6.1,1,,v Australia,Rajkot,27 Sep 2023,
ODI,SC Ganguly,5.0,6,0,62,0,12.4,1,,v Pakistan,Toronto,19 Sep 1998,
ODI,B Kumar,10.0,6,0,62,0,6.2,2,,v New Zealand,Hamilton,28 Jan 2014,
ODI,RA Jadeja,9.5,6,0,62,0,6.3,2,,v England,W.A.C.A,30 Jan 2015,
ODI,Mohammed Shami,10.0,6,1,62,0,6.2,1,,v Australia,Bengaluru,28 Sep 2017,
ODI,S Kaul,10.0,6,0,62,0,6.2,1,,v England,Nottingham,12 Jul 2018,
ODI,M Prasidh Krishna,7.0,6,0,62,0,8.85,2,,v England,Pune,28 Mar 2021,
ODI,M Prasidh Krishna,10.0,6,1,62,0,6.2,2,,v West Indies,Port of Spain,22 Jul 2022,
ODI,S Venkataraghavan,10.0,6,0,63,0,6.3,2,,v West Indies,Albion,29 Mar 1983,
ODI,BKV Prasad,9.0,6,0,63,0,7.0,1,,v Pakistan,Chennai,21 May 1997,
ODI,SB Joshi,10.0,6,1,63,0,6.3,2,,v West Indies,Singapore,8 Sep 1999,
ODI,BKV Prasad,10.0,6,0,63,0,6.3,1,,v Pakistan,Sharjah,26 Mar 2000,
ODI,AB Agarkar,6.0,6,0,63,0,10.5,1,,v West Indies,Rajkot,12 Nov 2002,
ODI,Harbhajan Singh,10.0,6,0,63,0,6.3,1,,v South Africa,Cape Town,26 Nov 2006,
ODI,I Sharma,10.0,6,1,63,0,6.3,2,,v Pakistan,Karachi,2 Jul 2008,
ODI,A Mithun,8.0,6,0,63,0,7.87,1,,v South Africa,Ahmedabad,27 Feb 2010,
ODI,RA Jadeja,9.0,6,0,63,0,7.0,1,,v New Zealand,Dambulla,10 Aug 2010,
ODI,R Ashwin,9.0,6,0,63,0,7.0,1,,v South Africa,Centurion,11 Dec 2013,
ODI,STR Binny,8.0,6,0,63,0,7.87,1,,v South Africa,Kanpur,11 Oct 2015,
ODI,BB Sran,8.0,6,0,63,0,7.87,2,,v Australia,Melbourne,17 Jan 2016,
ODI,R Ashwin,8.0,6,0,63,0,7.87,1,,v England,Pune,15 Jan 2017,
ODI,RA Jadeja,10.0,6,0,63,0,6.3,1,,v Australia,Sydney,27 Nov 2020,
ODI,B Kumar,9.0,6,0,63,0,7.0,1,,v Sri Lanka,Colombo (RPS),18 Jul 2021,
ODI,RA Jadeja,10.0,6,0,63,0,6.3,2,,v New Zealand,Wankhede,15 Nov 2023,
ODI,M Prabhakar,8.4,6,0,64,0,7.38,2,,v South Africa,New Delhi,14 Nov 1991,
ODI,M Prabhakar,10.0,6,0,64,0,6.4,1,,v Pakistan,Sharjah,7 Apr 1995,
ODI,RK Chauhan,10.0,6,0,64,0,6.4,1,,v Sri Lanka,Colombo (RPS),17 Aug 1997,
ODI,A Kumble,10.0,6,0,64,0,6.4,1,,v Sri Lanka,Colombo (RPS),9 Aug 2005,
ODI,UT Yadav,8.0,6,0,64,0,8.0,1,,v Sri Lanka,Kingston,2 Jul 2013,
ODI,KV Sharma,9.0,6,1,64,0,7.11,2,,v Sri Lanka,Eden Gardens,13 Nov 2014,
ODI,UT Yadav,10.0,6,0,64,0,6.4,1,,v West Indies,Guwahati,21 Oct 2018,
ODI,RA Jadeja,10.0,6,0,64,0,6.4,1,,v Australia,Ranchi,8 Mar 2019,
ODI,RA Jadeja,10.0,6,0,64,0,6.4,2,,v New Zealand,Hamilton,5 Feb 2020,
ODI,JJ Bumrah,10.0,6,0,64,0,6.4,1,,v New Zealand,Auckland,8 Feb 2020,
ODI,B Kumar,10.0,6,0,64,0,6.4,1,,v South Africa,Paarl,19 Jan 2022,
ODI,J Srinath,6.0,6,0,65,0,10.83,1,,v South Africa,Nagpur,19 Mar 2000,
ODI,A Nehra,9.0,6,0,65,0,7.22,1,,v Sri Lanka,Colombo (RPS),5 Aug 2001,
ODI,L Balaji,9.0,6,0,65,0,7.22,1,,v Australia,Sydney,8 Feb 2004,
ODI,AB Agarkar,10.0,6,1,65,0,6.5,1,,v England,Southampton,21 Aug 2007,
ODI,A Nehra,8.4,6,0,65,0,7.5,2,,v South Africa,Nagpur,12 Mar 2011,
ODI,B Kumar,10.0,6,1,65,0,6.5,1,,v South Africa,Rajkot,18 Oct 2015,
ODI,AR Patel,8.0,6,0,65,0,8.12,1,,v South Africa,Wankhede,25 Oct 2015,
ODI,VR Aaron,10.0,6,0,66,0,6.6,1,,v West Indies,Visakhapatnam,2 Dec 2011,
ODI,RA Jadeja,9.0,6,0,66,0,7.33,1,,v England,Leeds,5 Sep 2014,
ODI,AR Patel,10.0,6,0,66,0,6.6,1,,v Australia,Bengaluru,28 Sep 2017,
ODI,Kuldeep Yadav,10.0,6,0,66,0,6.6,1,,v Australia,Adelaide,15 Jan 2019,
ODI,RA Jadeja,9.0,6,0,66,0,7.33,2,,v South Africa,Ranchi,30 Nov 2025,
ODI,AB Agarkar,10.0,6,1,67,0,6.7,1,,v Sri Lanka,Sharjah,29 Oct 2000,
ODI,A Nehra,10.0,6,0,67,0,6.7,2,,v West Indies,Nagpur,9 Nov 2002,
ODI,Z Khan,7.0,6,0,67,0,9.57,1,,v Australia,Johannesburg,23 Mar 2003,
ODI,Z Khan,10.0,6,0,67,0,6.7,1,,v Australia,Bengaluru,12 Nov 2003,
ODI,IK Pathan,8.2,6,0,67,0,8.04,1,,v Pakistan,Jamshedpur,9 Apr 2005,
ODI,IK Pathan,10.0,6,0,67,0,6.7,1,,v Sri Lanka,Jaipur,31 Oct 2005,
ODI,AB Agarkar,9.0,6,1,67,0,7.44,2,,v England,Bristol,24 Aug 2007,
ODI,RP Singh,10.0,6,0,67,0,6.7,1,,v Australia,Bengaluru,29 Sep 2007,
ODI,I Sharma,7.0,6,0,67,0,9.57,1,,v Sri Lanka,Eden Gardens,24 Dec 2009,
ODI,B Kumar,10.0,6,0,67,0,6.7,1,,v South Africa,Kanpur,11 Oct 2015,
ODI,UT Yadav,9.4,6,0,67,0,6.93,2,,v Sri Lanka,The Oval,8 Jun 2017,
ODI,RA Jadeja,8.0,6,0,67,0,8.37,1,,v Pakistan,The Oval,18 Jun 2017,
ODI,Kuldeep Yadav,10.0,6,0,67,0,6.7,1,,v West Indies,Cuttack,22 Dec 2019,
ODI,B Kumar,8.0,6,0,67,0,8.37,2,,v South Africa,Paarl,21 Jan 2022,
ODI,YS Chahal,10.0,6,0,67,0,6.7,2,,v New Zealand,Auckland,25 Nov 2022,
ODI,N Kapil Dev,10.0,6,0,68,0,6.8,1,,v Australia,Sydney,21 Jan 1986,
ODI,Harbhajan Singh,9.0,6,0,68,0,7.55,2,,v West Indies,Jamshedpur,6 Nov 2002,
ODI,Z Khan,9.0,6,0,68,0,7.55,2,,v Australia,Chandigarh,8 Oct 2007,
ODI,IK Pathan,10.0,6,0,68,0,6.8,2,,v Pakistan,Karachi,2 Jul 2008,
ODI,Mohammed Shami,10.0,6,0,68,0,6.8,1,,v Sri Lanka,Kingston,2 Jul 2013,
ODI,I Sharma,9.0,6,0,68,0,7.55,1,,v Sri Lanka,Kingston,2 Jul 2013,
ODI,B Kumar,9.0,6,0,68,0,7.55,1,,v South Africa,Johannesburg,5 Dec 2013,
ODI,Mohammed Shami,10.0,6,0,68,0,6.8,1,,v Australia,Sydney,26 Mar 2015,
ODI,JJ Bumrah,9.0,6,0,68,0,7.55,1,,v Pakistan,The Oval,18 Jun 2017,
ODI,HH Pandya,10.0,6,0,68,0,6.8,2,,v Australia,The Oval,9 Jun 2019,
ODI,S Dube,7.5,6,0,68,0,8.68,2,,v West Indies,Chennai,15 Dec 2019,
ODI,NA Saini,8.0,6,0,68,0,8.5,2,,v New Zealand,Mount Maunganui,11 Feb 2020,
ODI,Kuldeep Yadav,9.0,6,0,68,0,7.55,2,,v England,Pune,23 Mar 2021,
ODI,R Ashwin,10.0,6,1,68,0,6.8,2,,v South Africa,Paarl,21 Jan 2022,
ODI,Arshdeep Singh,8.1,6,0,68,0,8.32,2,,v New Zealand,Auckland,25 Nov 2022,
ODI,Maninder Singh,10.0,6,0,69,0,6.9,2,,v Sri Lanka,Wankhede,17 Jan 1987,
ODI,M Kartik,9.0,6,0,69,0,7.66,1,,v West Indies,Vijayawada,24 Nov 2002,
ODI,I Sharma,10.0,6,0,69,0,6.9,1,,v Pakistan,Karachi,26 Jun 2008,
ODI,B Kumar,8.0,6,0,69,0,8.62,1,,v Australia,Canberra,20 Jan 2016,
ODI,I Sharma,9.0,6,1,70,0,7.77,1,,v Australia,Jaipur,16 Oct 2013,
ODI,R Ashwin,10.0,6,0,70,0,7.0,1,,v Pakistan,The Oval,18 Jun 2017,
ODI,NA Saini,7.0,6,0,70,0,10.0,1,,v Australia,Sydney,29 Nov 2020,
ODI,R Vinay Kumar,9.0,6,1,71,0,7.88,1,,v Australia,Visakhapatnam,20 Oct 2010,
ODI,UT Yadav,10.0,6,0,71,0,7.1,1,,v England,Mohali,20 Oct 2011,
ODI,RA Jadeja,10.0,6,0,71,0,7.1,1,,v Zimbabwe,Auckland,14 Mar 2015,
ODI,YS Chahal,9.0,6,0,71,0,7.88,1,,v Australia,Sydney,29 Nov 2020,
ODI,N Chopra,10.0,6,0,72,0,7.2,1,,v New Zealand,Rajkot,5 Nov 1999,
ODI,Z Khan,7.0,6,0,72,0,10.28,1,,v Pakistan,Rawalpindi,16 Mar 2004,
ODI,VRV Singh,7.0,6,0,72,0,10.28,1,,v England,Indore,15 Apr 2006,
ODI,S Sreesanth,9.3,6,0,72,0,7.57,2,,v Sri Lanka,Mirpur,13 Jan 2010,
ODI,RA Jadeja,10.0,6,0,72,0,7.2,1,,v Australia,Jaipur,16 Oct 2013,
ODI,KH Pandya,6.0,6,0,72,0,12.0,2,,v England,Pune,26 Mar 2021,
ODI,SN Thakur,10.0,6,1,72,0,7.2,1,,v South Africa,Paarl,19 Jan 2022,
ODI,BKV Prasad,7.0,6,0,73,0,10.42,1,,v Sri Lanka,Sharjah,29 Oct 2000,
ODI,IK Pathan,9.0,6,0,73,0,8.11,1,,v Australia,Sydney,24 Feb 2008,
ODI,MM Patel,9.0,6,0,73,0,8.11,1,,v Australia,Hyderabad,5 Nov 2009,
ODI,RA Jadeja,8.0,6,0,73,0,9.12,2,,v Sri Lanka,Rajkot,15 Dec 2009,
ODI,SK Sharma,10.0,6,0,74,0,7.4,1,,v New Zealand,Vadodara,17 Dec 1988,
ODI,S Sreesanth,10.0,6,0,74,0,7.4,1,,v Pakistan,Lahore,13 Feb 2006,
ODI,A Nehra,9.0,6,0,75,0,8.33,2,,v Pakistan,Ahmedabad,12 Apr 2005,
ODI,Mohammed Siraj,10.0,6,0,76,0,7.6,1,,v Australia,Adelaide,15 Jan 2019,
ODI,Mohammed Siraj,9.0,6,0,76,0,8.44,1,,v Afghanistan,Delhi,11 Oct 2023,
ODI,L Balaji,8.0,6,0,77,0,9.62,1,,v England,The Oval,3 Sep 2004,
ODI,P Kumar,10.0,6,0,77,0,7.7,1,,v Australia,Vadodara,25 Oct 2009,
ODI,A Mishra,10.0,6,0,78,0,7.8,1,,v Australia,Nagpur,30 Oct 2013,
ODI,A Mishra,10.0,6,0,78,0,7.8,1,,v South Africa,Wankhede,25 Oct 2015,
ODI,SN Thakur,10.0,6,0,78,0,7.8,1,,v Australia,Mohali,22 Sep 2023,
ODI,M Amarnath,9.1,6,0,79,0,8.61,1,,v West Indies,Jamshedpur,7 Dec 1983,
ODI,MM Patel,7.2,6,0,79,0,10.77,2,,v New Zealand,Christchurch,8 Mar 2009,
ODI,A Kuruvilla,9.5,6,0,80,0,8.13,2,,v Pakistan,Toronto,21 Sep 1997,
ODI,A Nehra,10.0,6,0,80,0,8.0,1,,v Australia,Bengaluru,12 Nov 2003,
ODI,MM Sharma,10.0,6,0,82,0,8.2,1,,v South Africa,Johannesburg,5 Dec 2013,
ODI,KD Ghavri,11.0,6,1,83,0,7.54,1,,v England,Lord's,7 Jun 1975,
ODI,S Sreesanth,9.0,6,0,83,0,9.22,1,,v South Africa,Ahmedabad,27 Feb 2010,
ODI,Kuldeep Yadav,10.0,6,0,84,0,8.4,2,,v England,Pune,26 Mar 2021,
ODI,PP Chawla,10.0,6,0,85,0,8.5,1,,v Pakistan,Mirpur,14 Jun 2008,
ODI,T Kumaran,10.0,6,0,86,0,8.6,1,,v Pakistan,Dhaka,3 Jun 2000,
ODI,I Sharma,10.0,6,2,86,0,8.6,1,,v England,Rajkot,11 Jan 2013,
ODI,J Srinath,10.0,6,0,87,0,8.7,1,,v Australia,Johannesburg,23 Mar 2003,
ODI,Z Khan,10.0,6,0,88,0,8.8,2,,v Sri Lanka,Rajkot,15 Dec 2009,
ODI,YS Chahal,10.0,6,0,88,0,8.8,1,,v England,Birmingham,30 Jun 2019,
ODI,FM Engineer,DNB,6,-,-,-,-,2,,v England,Leeds,13 Jul 1974,
ODI,AL Wadekar,DNB,6,-,-,-,-,2,,v England,Leeds,13 Jul 1974,
ODI,GR Viswanath,DNB,6,-,-,-,-,2,,v England,Leeds,13 Jul 1974,
ODI,SM Gavaskar,DNB,6,-,-,-,-,2,,v England,Leeds,13 Jul 1974,
ODI,BP Patel,DNB,6,-,-,-,-,2,,v England,Leeds,13 Jul 1974,
ODI,SS Naik,DNB,6,-,-,-,-,2,,v England,Leeds,13 Jul 1974,
ODI,FM Engineer,DNB,6,-,-,-,-,2,,v England,The Oval,15 Jul 1974,
ODI,AL Wadekar,DNB,6,-,-,-,-,2,,v England,The Oval,15 Jul 1974,
ODI,GR Viswanath,DNB,6,-,-,-,-,2,,v England,The Oval,15 Jul 1974,
ODI,SM Gavaskar,DNB,6,-,-,-,-,2,,v England,The Oval,15 Jul 1974,
ODI,BP Patel,DNB,6,-,-,-,-,2,,v England,The Oval,15 Jul 1974,
ODI,SS Naik,DNB,6,-,-,-,-,2,,v England,The Oval,15 Jul 1974,
ODI,FM Engineer,DNB,6,-,-,-,-,1,,v England,Lord's,7 Jun 1975,
ODI,GR Viswanath,DNB,6,-,-,-,-,1,,v England,Lord's,7 Jun 1975,
ODI,SM Gavaskar,DNB,6,-,-,-,-,1,,v England,Lord's,7 Jun 1975,
ODI,BP Patel,DNB,6,-,-,-,-,1,,v England,Lord's,7 Jun 1975,
ODI,AD Gaekwad,DNB,6,-,-,-,-,1,,v England,Lord's,7 Jun 1975,
ODI,FM Engineer,DNB,6,-,-,-,-,1,,v East Africa,Leeds,11 Jun 1975,
ODI,ED Solkar,DNB,6,-,-,-,-,1,,v East Africa,Leeds,11 Jun 1975,
ODI,GR Viswanath,DNB,6,-,-,-,-,1,,v East Africa,Leeds,11 Jun 1975,
ODI,SM Gavaskar,DNB,6,-,-,-,-,1,,v East Africa,Leeds,11 Jun 1975,
ODI,BP Patel,DNB,6,-,-,-,-,1,,v East Africa,Leeds,11 Jun 1975,
ODI,AD Gaekwad,DNB,6,-,-,-,-,1,,v East Africa,Leeds,11 Jun 1975,
ODI,FM Engineer,DNB,6,-,-,-,-,2,,v New Zealand,Manchester,14 Jun 1975,
ODI,GR Viswanath,DNB,6,-,-,-,-,2,,v New Zealand,Manchester,14 Jun 1975,
ODI,SM Gavaskar,DNB,6,-,-,-,-,2,,v New Zealand,Manchester,14 Jun 1975,
ODI,BP Patel,DNB,6,-,-,-,-,2,,v New Zealand,Manchester,14 Jun 1975,
ODI,AD Gaekwad,DNB,6,-,-,-,-,2,,v New Zealand,Manchester,14 Jun 1975,
ODI,GR Viswanath,DNB,8,-,-,-,-,2,,v New Zealand,Christchurch,21 Feb 1976,
ODI,BP Patel,DNB,8,-,-,-,-,2,,v New Zealand,Christchurch,21 Feb 1976,
ODI,PH Sharma,DNB,8,-,-,-,-,2,,v New Zealand,Christchurch,21 Feb 1976,
ODI,AD Gaekwad,DNB,8,-,-,-,-,2,,v New Zealand,Christchurch,21 Feb 1976,
ODI,SMH Kirmani,DNB,8,-,-,-,-,2,,v New Zealand,Christchurch,21 Feb 1976,
ODI,DB Vengsarkar,DNB,8,-,-,-,-,2,,v New Zealand,Christchurch,21 Feb 1976,
ODI,P Krishnamurthy,DNB,8,-,-,-,-,1,,v New Zealand,Auckland,22 Feb 1976,
ODI,BP Patel,DNB,8,-,-,-,-,1,,v New Zealand,Auckland,22 Feb 1976,
ODI,PH Sharma,DNB,8,-,-,-,-,1,,v New Zealand,Auckland,22 Feb 1976,
ODI,AD Gaekwad,DNB,8,-,-,-,-,1,,v New Zealand,Auckland,22 Feb 1976,
ODI,R Sudhakar Rao,DNB,8,-,-,-,-,1,,v New Zealand,Auckland,22 Feb 1976,
ODI,DB Vengsarkar,DNB,8,-,-,-,-,1,,v New Zealand,Auckland,22 Feb 1976,
ODI,CPS Chauhan,DNB,6,-,-,-,-,2,,v Pakistan,Quetta,1 Oct 1978,
ODI,GR Viswanath,DNB,6,-,-,-,-,2,,v Pakistan,Quetta,1 Oct 1978,
ODI,AD Gaekwad,DNB,6,-,-,-,-,2,,v Pakistan,Quetta,1 Oct 1978,
ODI,S Amarnath,DNB,6,-,-,-,-,2,,v Pakistan,Quetta,1 Oct 1978,
ODI,SMH Kirmani,DNB,6,-,-,-,-,2,,v Pakistan,Quetta,1 Oct 1978,
ODI,DB Vengsarkar,DNB,6,-,-,-,-,2,,v Pakistan,Quetta,1 Oct 1978,
ODI,S Venkataraghavan,DNB,6,-,-,-,-,2,,v Pakistan,Sialkot,13 Oct 1978,
ODI,GR Viswanath,DNB,6,-,-,-,-,2,,v Pakistan,Sialkot,13 Oct 1978,
ODI,S Amarnath,DNB,6,-,-,-,-,2,,v Pakistan,Sialkot,13 Oct 1978,
ODI,SMH Kirmani,DNB,6,-,-,-,-,2,,v Pakistan,Sialkot,13 Oct 1978,
ODI,DB Vengsarkar,DNB,6,-,-,-,-,2,,v Pakistan,Sialkot,13 Oct 1978,
ODI,Yashpal Sharma,DNB,6,-,-,-,-,2,,v Pakistan,Sialkot,13 Oct 1978,
ODI,CPS Chauhan,DNB,6,-,-,-,-,1,,v Pakistan,Sahiwal,3 Nov 1978,
ODI,GR Viswanath,DNB,6,-,-,-,-,1,,v Pakistan,Sahiwal,3 Nov 1978,
ODI,AD Gaekwad,DNB,6,-,-,-,-,1,,v Pakistan,Sahiwal,3 Nov 1978,
ODI,S Amarnath,DNB,6,-,-,-,-,1,,v Pakistan,Sahiwal,3 Nov 1978,
ODI,B Reddy,DNB,6,-,-,-,-,1,,v Pakistan,Sahiwal,3 Nov 1978,
ODI,Yashpal Sharma,DNB,6,-,-,-,-,1,,v Pakistan,Sahiwal,3 Nov 1978,
ODI,GR Viswanath,DNB,6,-,-,-,-,2,,v West Indies,Birmingham,9 Jun 1979,
ODI,SM Gavaskar,DNB,6,-,-,-,-,2,,v West Indies,Birmingham,9 Jun 1979,
ODI,BP Patel,DNB,6,-,-,-,-,2,,v West Indies,Birmingham,9 Jun 1979,
ODI,AD Gaekwad,DNB,6,-,-,-,-,2,,v West Indies,Birmingham,9 Jun 1979,
ODI,DB Vengsarkar,DNB,6,-,-,-,-,2,,v West Indies,Birmingham,9 Jun 1979,
ODI,SC Khanna,DNB,6,-,-,-,-,2,,v West Indies,Birmingham,9 Jun 1979,
ODI,GR Viswanath,DNB,6,-,-,-,-,2,,v New Zealand,Leeds,13 Jun 1979,
ODI,SM Gavaskar,DNB,6,-,-,-,-,2,,v New Zealand,Leeds,13 Jun 1979,
ODI,BP Patel,DNB,6,-,-,-,-,2,,v New Zealand,Leeds,13 Jun 1979,
ODI,AD Gaekwad,DNB,6,-,-,-,-,2,,v New Zealand,Leeds,13 Jun 1979,
ODI,DB Vengsarkar,DNB,6,-,-,-,-,2,,v New Zealand,Leeds,13 Jun 1979,
ODI,SC Khanna,DNB,6,-,-,-,-,2,,v New Zealand,Leeds,13 Jun 1979,
ODI,GR Viswanath,DNB,6,-,-,-,-,1,,v Sri Lanka,Manchester,16 Jun 1979,
ODI,SM Gavaskar,DNB,6,-,-,-,-,1,,v Sri Lanka,Manchester,16 Jun 1979,
ODI,BP Patel,DNB,6,-,-,-,-,1,,v Sri Lanka,Manchester,16 Jun 1979,
ODI,AD Gaekwad,DNB,6,-,-,-,-,1,,v Sri Lanka,Manchester,16 Jun 1979,
ODI,DB Vengsarkar,DNB,6,-,-,-,-,1,,v Sri Lanka,Manchester,16 Jun 1979,
ODI,SC Khanna,DNB,6,-,-,-,-,1,,v Sri Lanka,Manchester,16 Jun 1979,
ODI,GR Viswanath,DNB,6,-,-,-,-,2,,v Australia,Melbourne,6 Dec 1980,
ODI,SM Gavaskar,DNB,6,-,-,-,-,2,,v Australia,Melbourne,6 Dec 1980,
ODI,SMH Kirmani,DNB,6,-,-,-,-,2,,v Australia,Melbourne,6 Dec 1980,
ODI,DB Vengsarkar,DNB,6,-,-,-,-,2,,v Australia,Melbourne,6 Dec 1980,
ODI,KBJ Azad,DNB,6,-,-,-,-,2,,v Australia,Melbourne,6 Dec 1980,
ODI,TE Srinivasan,DNB,6,-,-,-,-,2,,v Australia,Melbourne,6 Dec 1980,
ODI,GR Viswanath,DNB,6,-,-,-,-,2,,v New Zealand,W.A.C.A,9 Dec 1980,
ODI,SM Gavaskar,DNB,6,-,-,-,-,2,,v New Zealand,W.A.C.A,9 Dec 1980,
ODI,SMH Kirmani,DNB,6,-,-,-,-,2,,v New Zealand,W.A.C.A,9 Dec 1980,
ODI,DB Vengsarkar,DNB,6,-,-,-,-,2,,v New Zealand,W.A.C.A,9 Dec 1980,
ODI,Yashpal Sharma,DNB,6,-,-,-,-,2,,v New Zealand,W.A.C.A,9 Dec 1980,
ODI,KBJ Azad,DNB,6,-,-,-,-,2,,v New Zealand,W.A.C.A,9 Dec 1980,
ODI,GR Viswanath,DNB,6,-,-,-,-,2,,v Australia,Sydney,18 Dec 1980,
ODI,SMH Kirmani,DNB,6,-,-,-,-,2,,v Australia,Sydney,18 Dec 1980,
ODI,DB Vengsarkar,DNB,6,-,-,-,-,2,,v Australia,Sydney,18 Dec 1980,
ODI,Yashpal Sharma,DNB,6,-,-,-,-,2,,v Australia,Sydney,18 Dec 1980,
ODI,KBJ Azad,DNB,6,-,-,-,-,2,,v Australia,Sydney,18 Dec 1980,
ODI,CPS Chauhan,DNB,6,-,-,-,-,2,,v New Zealand,Brisbane,21 Dec 1980,
ODI,GR Viswanath,DNB,6,-,-,-,-,2,,v New Zealand,Brisbane,21 Dec 1980,
ODI,SM Gavaskar,DNB,6,-,-,-,-,2,,v New Zealand,Brisbane,21 Dec 1980,
ODI,SMH Kirmani,DNB,6,-,-,-,-,2,,v New Zealand,Brisbane,21 Dec 1980,
ODI,DB Vengsarkar,DNB,6,-,-,-,-,2,,v New Zealand,Brisbane,21 Dec 1980,
ODI,Yashpal Sharma,DNB,6,-,-,-,-,2,,v New Zealand,Brisbane,21 Dec 1980,
ODI,CPS Chauhan,DNB,6,-,-,-,-,2,,v New Zealand,Adelaide,23 Dec 1980,
ODI,SM Gavaskar,DNB,6,-,-,-,-,2,,v New Zealand,Adelaide,23 Dec 1980,
ODI,SMH Kirmani,DNB,6,-,-,-,-,2,,v New Zealand,Adelaide,23 Dec 1980,
ODI,DB Vengsarkar,DNB,6,-,-,-,-,2,,v New Zealand,Adelaide,23 Dec 1980,
ODI,Yashpal Sharma,DNB,6,-,-,-,-,2,,v New Zealand,Adelaide,23 Dec 1980,
ODI,CPS Chauhan,DNB,6,-,-,-,-,2,,v Australia,Sydney,8 Jan 1981,
ODI,GR Viswanath,DNB,6,-,-,-,-,2,,v Australia,Sydney,8 Jan 1981,
ODI,SM Gavaskar,DNB,6,-,-,-,-,2,,v Australia,Sydney,8 Jan 1981,
ODI,SMH Kirmani,DNB,6,-,-,-,-,2,,v Australia,Sydney,8 Jan 1981,
ODI,DB Vengsarkar,DNB,6,-,-,-,-,2,,v Australia,Sydney,8 Jan 1981,
ODI,Yashpal Sharma,DNB,6,-,-,-,-,2,,v Australia,Sydney,8 Jan 1981,
ODI,GR Viswanath,DNB,6,-,-,-,-,2,,v New Zealand,Melbourne,10 Jan 1981,
ODI,SM Gavaskar,DNB,6,-,-,-,-,2,,v New Zealand,Melbourne,10 Jan 1981,
ODI,SMH Kirmani,DNB,6,-,-,-,-,2,,v New Zealand,Melbourne,10 Jan 1981,
ODI,DB Vengsarkar,DNB,6,-,-,-,-,2,,v New Zealand,Melbourne,10 Jan 1981,
ODI,Yashpal Sharma,DNB,6,-,-,-,-,2,,v New Zealand,Melbourne,10 Jan 1981,
ODI,TE Srinivasan,DNB,6,-,-,-,-,2,,v New Zealand,Melbourne,10 Jan 1981,
ODI,GR Viswanath,DNB,6,-,-,-,-,2,,v Australia,Melbourne,11 Jan 1981,
ODI,SM Gavaskar,DNB,6,-,-,-,-,2,,v Australia,Melbourne,11 Jan 1981,
ODI,SMH Kirmani,DNB,6,-,-,-,-,2,,v Australia,Melbourne,11 Jan 1981,
ODI,DB Vengsarkar,DNB,6,-,-,-,-,2,,v Australia,Melbourne,11 Jan 1981,
ODI,Yashpal Sharma,DNB,6,-,-,-,-,2,,v Australia,Melbourne,11 Jan 1981,
ODI,B Yograj Singh,DNB,6,-,-,-,-,2,,v Australia,Melbourne,11 Jan 1981,
ODI,GR Viswanath,DNB,6,-,-,-,-,1,,v Australia,Sydney,15 Jan 1981,
ODI,SM Gavaskar,DNB,6,-,-,-,-,1,,v Australia,Sydney,15 Jan 1981,
ODI,DB Vengsarkar,DNB,6,-,-,-,-,1,,v Australia,Sydney,15 Jan 1981,
ODI,B Reddy,DNB,6,-,-,-,-,1,,v Australia,Sydney,15 Jan 1981,
ODI,Yashpal Sharma,DNB,6,-,-,-,-,1,,v Australia,Sydney,15 Jan 1981,
ODI,KBJ Azad,DNB,6,-,-,-,-,1,,v Australia,Sydney,15 Jan 1981,
ODI,GR Viswanath,DNB,6,-,-,-,-,1,,v New Zealand,Brisbane,18 Jan 1981,
ODI,SM Gavaskar,DNB,6,-,-,-,-,1,,v New Zealand,Brisbane,18 Jan 1981,
ODI,DB Vengsarkar,DNB,6,-,-,-,-,1,,v New Zealand,Brisbane,18 Jan 1981,
ODI,B Reddy,DNB,6,-,-,-,-,1,,v New Zealand,Brisbane,18 Jan 1981,
ODI,CPS Chauhan,DNB,6,-,-,-,-,1,,v New Zealand,Auckland,14 Feb 1981,
ODI,GR Viswanath,DNB,6,-,-,-,-,1,,v New Zealand,Auckland,14 Feb 1981,
ODI,SM Gavaskar,DNB,6,-,-,-,-,1,,v New Zealand,Auckland,14 Feb 1981,
ODI,SMH Kirmani,DNB,6,-,-,-,-,1,,v New Zealand,Auckland,14 Feb 1981,
ODI,DB Vengsarkar,DNB,6,-,-,-,-,1,,v New Zealand,Auckland,14 Feb 1981,
ODI,Yashpal Sharma,DNB,6,-,-,-,-,1,,v New Zealand,Auckland,14 Feb 1981,
ODI,CPS Chauhan,DNB,6,-,-,-,-,1,,v New Zealand,Hamilton,15 Feb 1981,
ODI,GR Viswanath,DNB,6,-,-,-,-,1,,v New Zealand,Hamilton,15 Feb 1981,
ODI,SMH Kirmani,DNB,6,-,-,-,-,1,,v New Zealand,Hamilton,15 Feb 1981,
ODI,DB Vengsarkar,DNB,6,-,-,-,-,1,,v New Zealand,Hamilton,15 Feb 1981,
ODI,Yashpal Sharma,DNB,6,-,-,-,-,1,,v New Zealand,Hamilton,15 Feb 1981,
ODI,KBJ Azad,DNB,6,-,-,-,-,1,,v New Zealand,Hamilton,15 Feb 1981,
ODI,GR Viswanath,DNB,6,-,-,-,-,2,,v England,Ahmedabad,25 Nov 1981,
ODI,SM Gavaskar,DNB,6,-,-,-,-,2,,v England,Ahmedabad,25 Nov 1981,
ODI,SMH Kirmani,DNB,6,-,-,-,-,2,,v England,Ahmedabad,25 Nov 1981,
ODI,DB Vengsarkar,DNB,6,-,-,-,-,2,,v England,Ahmedabad,25 Nov 1981,
ODI,KBJ Azad,DNB,6,-,-,-,-,2,,v England,Ahmedabad,25 Nov 1981,
ODI,K Srikkanth,DNB,6,-,-,-,-,2,,v England,Ahmedabad,25 Nov 1981,
ODI,SM Gavaskar,DNB,6,-,-,-,-,1,,v England,Jalandhar,20 Dec 1981,
ODI,SMH Kirmani,DNB,6,-,-,-,-,1,,v England,Jalandhar,20 Dec 1981,
ODI,DB Vengsarkar,DNB,6,-,-,-,-,1,,v England,Jalandhar,20 Dec 1981,
ODI,Yashpal Sharma,DNB,6,-,-,-,-,1,,v England,Jalandhar,20 Dec 1981,
ODI,KBJ Azad,DNB,6,-,-,-,-,1,,v England,Jalandhar,20 Dec 1981,
ODI,K Srikkanth,DNB,6,-,-,-,-,1,,v England,Jalandhar,20 Dec 1981,
ODI,SM Gavaskar,DNB,6,-,-,-,-,1,,v England,Cuttack,27 Jan 1982,
ODI,SMH Kirmani,DNB,6,-,-,-,-,1,,v England,Cuttack,27 Jan 1982,
ODI,DB Vengsarkar,DNB,6,-,-,-,-,1,,v England,Cuttack,27 Jan 1982,
ODI,Yashpal Sharma,DNB,6,-,-,-,-,1,,v England,Cuttack,27 Jan 1982,
ODI,AO Malhotra,DNB,6,-,-,-,-,1,,v England,Cuttack,27 Jan 1982,
ODI,J Arun Lal,DNB,6,-,-,-,-,1,,v England,Cuttack,27 Jan 1982,
ODI,GR Viswanath,DNB,6,-,-,-,-,2,,v England,Leeds,2 Jun 1982,
ODI,SM Gavaskar,DNB,6,-,-,-,-,2,,v England,Leeds,2 Jun 1982,
ODI,SMH Kirmani,DNB,6,-,-,-,-,2,,v England,Leeds,2 Jun 1982,
ODI,DB Vengsarkar,DNB,6,-,-,-,-,2,,v England,Leeds,2 Jun 1982,
ODI,GAHM Parkar,DNB,6,-,-,-,-,2,,v England,Leeds,2 Jun 1982,
ODI,SM Gavaskar,DNB,6,-,-,-,-,1,,v England,The Oval,4 Jun 1982,
ODI,SMH Kirmani,DNB,6,-,-,-,-,1,,v England,The Oval,4 Jun 1982,
ODI,DB Vengsarkar,DNB,6,-,-,-,-,1,,v England,The Oval,4 Jun 1982,
ODI,AO Malhotra,DNB,6,-,-,-,-,1,,v England,The Oval,4 Jun 1982,
ODI,GAHM Parkar,DNB,6,-,-,-,-,1,,v England,The Oval,4 Jun 1982,
ODI,SMH Kirmani,DNB,6,-,-,-,-,2,,v Sri Lanka,Amritsar,12 Sep 1982,
ODI,Yashpal Sharma,DNB,6,-,-,-,-,2,,v Sri Lanka,Amritsar,12 Sep 1982,
ODI,K Srikkanth,DNB,6,-,-,-,-,2,,v Sri Lanka,Amritsar,12 Sep 1982,
ODI,SMH Kirmani,DNB,6,-,-,-,-,1,,v Sri Lanka,Delhi,15 Sep 1982,
ODI,DB Vengsarkar,DNB,6,-,-,-,-,1,,v Sri Lanka,Delhi,15 Sep 1982,
ODI,K Srikkanth,DNB,6,-,-,-,-,1,,v Sri Lanka,Delhi,15 Sep 1982,
ODI,AO Malhotra,DNB,6,-,-,-,-,1,,v Sri Lanka,Delhi,15 Sep 1982,
ODI,SMH Kirmani,DNB,6,-,-,-,-,1,,v Sri Lanka,Bengaluru,26 Sep 1982,
ODI,DB Vengsarkar,DNB,6,-,-,-,-,1,,v Sri Lanka,Bengaluru,26 Sep 1982,
ODI,Yashpal Sharma,DNB,6,-,-,-,-,1,,v Sri Lanka,Bengaluru,26 Sep 1982,
ODI,SM Patil,DNB,6,-,-,-,-,1,,v Sri Lanka,Bengaluru,26 Sep 1982,
ODI,K Srikkanth,DNB,6,-,-,-,-,1,,v Sri Lanka,Bengaluru,26 Sep 1982,
ODI,AO Malhotra,DNB,6,-,-,-,-,1,,v Sri Lanka,Bengaluru,26 Sep 1982,
ODI,SM Gavaskar,DNB,6,-,-,-,-,1,,v Pakistan,Gujranwala,3 Dec 1982,
ODI,SMH Kirmani,DNB,6,-,-,-,-,1,,v Pakistan,Gujranwala,3 Dec 1982,
ODI,DB Vengsarkar,DNB,6,-,-,-,-,1,,v Pakistan,Gujranwala,3 Dec 1982,
ODI,Yashpal Sharma,DNB,6,-,-,-,-,1,,v Pakistan,Gujranwala,3 Dec 1982,
ODI,K Srikkanth,DNB,6,-,-,-,-,1,,v Pakistan,Gujranwala,3 Dec 1982,
ODI,SMH Kirmani,DNB,6,-,-,-,-,1,,v Pakistan,Multan,17 Dec 1982,
ODI,DB Vengsarkar,DNB,6,-,-,-,-,1,,v Pakistan,Multan,17 Dec 1982,
ODI,SM Patil,DNB,6,-,-,-,-,1,,v Pakistan,Multan,17 Dec 1982,
ODI,K Srikkanth,DNB,6,-,-,-,-,1,,v Pakistan,Multan,17 Dec 1982,
ODI,J Arun Lal,DNB,6,-,-,-,-,1,,v Pakistan,Multan,17 Dec 1982,
ODI,SM Gavaskar,DNB,6,-,-,-,-,1,,v Pakistan,Lahore,31 Dec 1982,
ODI,SMH Kirmani,DNB,6,-,-,-,-,1,,v Pakistan,Lahore,31 Dec 1982,
ODI,DB Vengsarkar,DNB,6,-,-,-,-,1,,v Pakistan,Lahore,31 Dec 1982,
ODI,Yashpal Sharma,DNB,6,-,-,-,-,1,,v Pakistan,Lahore,31 Dec 1982,
ODI,SM Patil,DNB,6,-,-,-,-,1,,v Pakistan,Lahore,31 Dec 1982,
ODI,K Srikkanth,DNB,6,-,-,-,-,1,,v Pakistan,Lahore,31 Dec 1982,
ODI,M Amarnath,DNB,6,-,-,-,-,2,,v Pakistan,Karachi,21 Jan 1983,
ODI,SMH Kirmani,DNB,6,-,-,-,-,2,,v Pakistan,Karachi,21 Jan 1983,
ODI,DB Vengsarkar,DNB,6,-,-,-,-,2,,v Pakistan,Karachi,21 Jan 1983,
ODI,J Arun Lal,DNB,6,-,-,-,-,2,,v Pakistan,Karachi,21 Jan 1983,
ODI,SM Gavaskar,DNB,6,-,-,-,-,1,,v West Indies,Port of Spain,9 Mar 1983,
ODI,AD Gaekwad,DNB,6,-,-,-,-,1,,v West Indies,Port of Spain,9 Mar 1983,
ODI,SMH Kirmani,DNB,6,-,-,-,-,1,,v West Indies,Port of Spain,9 Mar 1983,
ODI,DB Vengsarkar,DNB,6,-,-,-,-,1,,v West Indies,Port of Spain,9 Mar 1983,
ODI,Yashpal Sharma,DNB,6,-,-,-,-,1,,v West Indies,Port of Spain,9 Mar 1983,
ODI,AO Malhotra,DNB,6,-,-,-,-,1,,v West Indies,Port of Spain,9 Mar 1983,
ODI,M Amarnath,DNB,6,-,-,-,-,2,,v West Indies,Albion,29 Mar 1983,
ODI,SM Gavaskar,DNB,6,-,-,-,-,2,,v West Indies,Albion,29 Mar 1983,
ODI,SMH Kirmani,DNB,6,-,-,-,-,2,,v West Indies,Albion,29 Mar 1983,
ODI,DB Vengsarkar,DNB,6,-,-,-,-,2,,v West Indies,Albion,29 Mar 1983,
ODI,Yashpal Sharma,DNB,6,-,-,-,-,2,,v West Indies,Albion,29 Mar 1983,
ODI,AO Malhotra,DNB,6,-,-,-,-,2,,v West Indies,Albion,29 Mar 1983,
ODI,SM Gavaskar,DNB,6,-,-,-,-,2,,v West Indies,St George's,7 Apr 1983,
ODI,SMH Kirmani,DNB,6,-,-,-,-,2,,v West Indies,St George's,7 Apr 1983,
ODI,DB Vengsarkar,DNB,6,-,-,-,-,2,,v West Indies,St George's,7 Apr 1983,
ODI,AO Malhotra,DNB,6,-,-,-,-,2,,v West Indies,St George's,7 Apr 1983,
ODI,M Amarnath,DNB,6,-,-,-,-,2,,v West Indies,Manchester,9 Jun 1983,
ODI,SM Gavaskar,DNB,6,-,-,-,-,2,,v West Indies,Manchester,9 Jun 1983,
ODI,SMH Kirmani,DNB,6,-,-,-,-,2,,v West Indies,Manchester,9 Jun 1983,
ODI,Yashpal Sharma,DNB,6,-,-,-,-,2,,v West Indies,Manchester,9 Jun 1983,
ODI,K Srikkanth,DNB,6,-,-,-,-,2,,v West Indies,Manchester,9 Jun 1983,
ODI,M Amarnath,DNB,6,-,-,-,-,1,,v Zimbabwe,Leicester,11 Jun 1983,
ODI,SM Gavaskar,DNB,6,-,-,-,-,1,,v Zimbabwe,Leicester,11 Jun 1983,
ODI,SMH Kirmani,DNB,6,-,-,-,-,1,,v Zimbabwe,Leicester,11 Jun 1983,
ODI,Yashpal Sharma,DNB,6,-,-,-,-,1,,v Zimbabwe,Leicester,11 Jun 1983,
ODI,SM Patil,DNB,6,-,-,-,-,1,,v Zimbabwe,Leicester,11 Jun 1983,
ODI,K Srikkanth,DNB,6,-,-,-,-,1,,v Zimbabwe,Leicester,11 Jun 1983,
ODI,SMH Kirmani,DNB,6,-,-,-,-,1,,v Australia,Nottingham,13 Jun 1983,
ODI,DB Vengsarkar,DNB,6,-,-,-,-,1,,v Australia,Nottingham,13 Jun 1983,
ODI,Yashpal Sharma,DNB,6,-,-,-,-,1,,v Australia,Nottingham,13 Jun 1983,
ODI,K Srikkanth,DNB,6,-,-,-,-,1,,v Australia,Nottingham,13 Jun 1983,
ODI,SMH Kirmani,DNB,6,-,-,-,-,1,,v West Indies,The Oval,15 Jun 1983,
ODI,DB Vengsarkar,DNB,6,-,-,-,-,1,,v West Indies,The Oval,15 Jun 1983,
ODI,Yashpal Sharma,DNB,6,-,-,-,-,1,,v West Indies,The Oval,15 Jun 1983,
ODI,SM Patil,DNB,6,-,-,-,-,1,,v West Indies,The Oval,15 Jun 1983,
ODI,RJ Shastri,DNB,6,-,-,-,-,1,,v West Indies,The Oval,15 Jun 1983,
ODI,K Srikkanth,DNB,6,-,-,-,-,1,,v West Indies,The Oval,15 Jun 1983,
ODI,SM Gavaskar,DNB,6,-,-,-,-,2,,v Zimbabwe,Tunbridge Wells,18 Jun 1983,
ODI,SMH Kirmani,DNB,6,-,-,-,-,2,,v Zimbabwe,Tunbridge Wells,18 Jun 1983,
ODI,Yashpal Sharma,DNB,6,-,-,-,-,2,,v Zimbabwe,Tunbridge Wells,18 Jun 1983,
ODI,SM Patil,DNB,6,-,-,-,-,2,,v Zimbabwe,Tunbridge Wells,18 Jun 1983,
ODI,K Srikkanth,DNB,6,-,-,-,-,2,,v Zimbabwe,Tunbridge Wells,18 Jun 1983,
ODI,SM Gavaskar,DNB,6,-,-,-,-,2,,v Australia,Chelmsford,20 Jun 1983,
ODI,SMH Kirmani,DNB,6,-,-,-,-,2,,v Australia,Chelmsford,20 Jun 1983,
ODI,Yashpal Sharma,DNB,6,-,-,-,-,2,,v Australia,Chelmsford,20 Jun 1983,
ODI,SM Patil,DNB,6,-,-,-,-,2,,v Australia,Chelmsford,20 Jun 1983,
ODI,K Srikkanth,DNB,6,-,-,-,-,2,,v Australia,Chelmsford,20 Jun 1983,
ODI,SM Gavaskar,DNB,6,-,-,-,-,1,,v England,Manchester,22 Jun 1983,
ODI,SMH Kirmani,DNB,6,-,-,-,-,1,,v England,Manchester,22 Jun 1983,
ODI,Yashpal Sharma,DNB,6,-,-,-,-,1,,v England,Manchester,22 Jun 1983,
ODI,SM Patil,DNB,6,-,-,-,-,1,,v England,Manchester,22 Jun 1983,
ODI,K Srikkanth,DNB,6,-,-,-,-,1,,v England,Manchester,22 Jun 1983,
ODI,SM Gavaskar,DNB,6,-,-,-,-,2,,v West Indies,Lord's,25 Jun 1983,
ODI,SMH Kirmani,DNB,6,-,-,-,-,2,,v West Indies,Lord's,25 Jun 1983,
ODI,Yashpal Sharma,DNB,6,-,-,-,-,2,,v West Indies,Lord's,25 Jun 1983,
ODI,SM Patil,DNB,6,-,-,-,-,2,,v West Indies,Lord's,25 Jun 1983,
ODI,K Srikkanth,DNB,6,-,-,-,-,2,,v West Indies,Lord's,25 Jun 1983,
ODI,SM Gavaskar,DNB,6,-,-,-,-,1,,v Pakistan,Hyderabad (Deccan),10 Sep 1983,
ODI,SMH Kirmani,DNB,6,-,-,-,-,1,,v Pakistan,Hyderabad (Deccan),10 Sep 1983,
ODI,Yashpal Sharma,DNB,6,-,-,-,-,1,,v Pakistan,Hyderabad (Deccan),10 Sep 1983,
ODI,SM Patil,DNB,6,-,-,-,-,1,,v Pakistan,Hyderabad (Deccan),10 Sep 1983,
ODI,KBJ Azad,DNB,6,-,-,-,-,1,,v Pakistan,Hyderabad (Deccan),10 Sep 1983,
ODI,K Srikkanth,DNB,6,-,-,-,-,1,,v Pakistan,Hyderabad (Deccan),10 Sep 1983,
ODI,SM Gavaskar,DNB,6,-,-,-,-,1,,v Pakistan,Jaipur,2 Oct 1983,
ODI,SMH Kirmani,DNB,6,-,-,-,-,1,,v Pakistan,Jaipur,2 Oct 1983,
ODI,Yashpal Sharma,DNB,6,-,-,-,-,1,,v Pakistan,Jaipur,2 Oct 1983,
ODI,SM Patil,DNB,6,-,-,-,-,1,,v Pakistan,Jaipur,2 Oct 1983,
ODI,KBJ Azad,DNB,6,-,-,-,-,1,,v Pakistan,Jaipur,2 Oct 1983,
ODI,K Srikkanth,DNB,6,-,-,-,-,1,,v Pakistan,Jaipur,2 Oct 1983,
ODI,SM Gavaskar,DNB,6,-,-,-,-,2,,v West Indies,Srinagar,13 Oct 1983,
ODI,SMH Kirmani,DNB,6,-,-,-,-,2,,v West Indies,Srinagar,13 Oct 1983,
ODI,DB Vengsarkar,DNB,6,-,-,-,-,2,,v West Indies,Srinagar,13 Oct 1983,
ODI,Yashpal Sharma,DNB,6,-,-,-,-,2,,v West Indies,Srinagar,13 Oct 1983,
ODI,SM Patil,DNB,6,-,-,-,-,2,,v West Indies,Srinagar,13 Oct 1983,
ODI,KBJ Azad,DNB,6,-,-,-,-,2,,v West Indies,Srinagar,13 Oct 1983,
ODI,K Srikkanth,DNB,6,-,-,-,-,2,,v West Indies,Srinagar,13 Oct 1983,
ODI,AD Gaekwad,DNB,6,-,-,-,-,2,,v West Indies,Vadodara,9 Nov 1983,
ODI,SMH Kirmani,DNB,6,-,-,-,-,2,,v West Indies,Vadodara,9 Nov 1983,
ODI,SM Patil,DNB,6,-,-,-,-,2,,v West Indies,Vadodara,9 Nov 1983,
ODI,K Srikkanth,DNB,6,-,-,-,-,2,,v West Indies,Vadodara,9 Nov 1983,
ODI,AO Malhotra,DNB,6,-,-,-,-,2,,v West Indies,Vadodara,9 Nov 1983,
ODI,SM Gavaskar,DNB,6,-,-,-,-,2,,v West Indies,Indore,1 Dec 1983,
ODI,SMH Kirmani,DNB,6,-,-,-,-,2,,v West Indies,Indore,1 Dec 1983,
ODI,K Srikkanth,DNB,6,-,-,-,-,2,,v West Indies,Indore,1 Dec 1983,
ODI,AO Malhotra,DNB,6,-,-,-,-,2,,v West Indies,Indore,1 Dec 1983,
ODI,J Arun Lal,DNB,6,-,-,-,-,2,,v West Indies,Indore,1 Dec 1983,
ODI,SM Gavaskar,DNB,6,-,-,-,-,1,,v West Indies,Jamshedpur,7 Dec 1983,
ODI,SMH Kirmani,DNB,6,-,-,-,-,1,,v West Indies,Jamshedpur,7 Dec 1983,
ODI,K Srikkanth,DNB,6,-,-,-,-,1,,v West Indies,Jamshedpur,7 Dec 1983,
ODI,AO Malhotra,DNB,6,-,-,-,-,1,,v West Indies,Jamshedpur,7 Dec 1983,
ODI,J Arun Lal,DNB,6,-,-,-,-,1,,v West Indies,Jamshedpur,7 Dec 1983,
ODI,SMH Kirmani,DNB,6,-,-,-,-,2,,v West Indies,Guwahati,17 Dec 1983,
ODI,DB Vengsarkar,DNB,6,-,-,-,-,2,,v West Indies,Guwahati,17 Dec 1983,
ODI,K Srikkanth,DNB,6,-,-,-,-,2,,v West Indies,Guwahati,17 Dec 1983,
ODI,AO Malhotra,DNB,6,-,-,-,-,2,,v West Indies,Guwahati,17 Dec 1983,
ODI,GAHM Parkar,DNB,6,-,-,-,-,2,,v West Indies,Guwahati,17 Dec 1983,
ODI,SM Gavaskar,DNB,6,-,-,-,-,1,,v Sri Lanka,Sharjah,8 Apr 1984,
ODI,DB Vengsarkar,DNB,6,-,-,-,-,1,,v Sri Lanka,Sharjah,8 Apr 1984,
ODI,SC Khanna,DNB,6,-,-,-,-,1,,v Sri Lanka,Sharjah,8 Apr 1984,
ODI,SM Patil,DNB,6,-,-,-,-,1,,v Sri Lanka,Sharjah,8 Apr 1984,
ODI,GAHM Parkar,DNB,6,-,-,-,-,1,,v Sri Lanka,Sharjah,8 Apr 1984,
ODI,SM Gavaskar,DNB,6,-,-,-,-,2,,v Pakistan,Sharjah,13 Apr 1984,
ODI,DB Vengsarkar,DNB,6,-,-,-,-,2,,v Pakistan,Sharjah,13 Apr 1984,
ODI,SC Khanna,DNB,6,-,-,-,-,2,,v Pakistan,Sharjah,13 Apr 1984,
ODI,SM Patil,DNB,6,-,-,-,-,2,,v Pakistan,Sharjah,13 Apr 1984,
ODI,KBJ Azad,DNB,6,-,-,-,-,2,,v Pakistan,Sharjah,13 Apr 1984,
ODI,GAHM Parkar,DNB,6,-,-,-,-,2,,v Pakistan,Sharjah,13 Apr 1984,
ODI,SM Gavaskar,DNB,6,-,-,-,-,1,,v Australia,New Delhi,28 Sep 1984,
ODI,DB Vengsarkar,DNB,6,-,-,-,-,1,,v Australia,New Delhi,28 Sep 1984,
ODI,SC Khanna,DNB,6,-,-,-,-,1,,v Australia,New Delhi,28 Sep 1984,
ODI,SM Patil,DNB,6,-,-,-,-,1,,v Australia,New Delhi,28 Sep 1984,
ODI,GAHM Parkar,DNB,6,-,-,-,-,1,,v Australia,New Delhi,28 Sep 1984,
ODI,SM Gavaskar,DNB,6,-,-,-,-,2,,v Australia,Thiruvananthapuram,1 Oct 1984,
ODI,S Madan Lal,DNB,6,-,-,-,-,2,,v Australia,Thiruvananthapuram,1 Oct 1984,
ODI,DB Vengsarkar,DNB,6,-,-,-,-,2,,v Australia,Thiruvananthapuram,1 Oct 1984,
ODI,SC Khanna,DNB,6,-,-,-,-,2,,v Australia,Thiruvananthapuram,1 Oct 1984,
ODI,SM Patil,DNB,6,-,-,-,-,2,,v Australia,Thiruvananthapuram,1 Oct 1984,
ODI,KBJ Azad,DNB,6,-,-,-,-,2,,v Australia,Thiruvananthapuram,1 Oct 1984,
ODI,RJ Shastri,DNB,6,-,-,-,-,2,,v Australia,Thiruvananthapuram,1 Oct 1984,
ODI,GAHM Parkar,DNB,6,-,-,-,-,2,,v Australia,Thiruvananthapuram,1 Oct 1984,
ODI,AK Patel,DNB,6,-,-,-,-,2,,v Australia,Thiruvananthapuram,1 Oct 1984,
ODI,SM Gavaskar,TDNB,6,-,-,-,-,-,,v Australia,Jamshedpur,3 Oct 1984,
ODI,S Madan Lal,TDNB,6,-,-,-,-,-,,v Australia,Jamshedpur,3 Oct 1984,
ODI,DB Vengsarkar,TDNB,6,-,-,-,-,-,,v Australia,Jamshedpur,3 Oct 1984,
ODI,N Kapil Dev,TDNB,6,-,-,-,-,-,,v Australia,Jamshedpur,3 Oct 1984,
ODI,RMH Binny,TDNB,6,-,-,-,-,-,,v Australia,Jamshedpur,3 Oct 1984,
ODI,SC Khanna,TDNB,6,-,-,-,-,-,,v Australia,Jamshedpur,3 Oct 1984,
ODI,KBJ Azad,TDNB,6,-,-,-,-,-,,v Australia,Jamshedpur,3 Oct 1984,
ODI,RJ Shastri,TDNB,6,-,-,-,-,-,,v Australia,Jamshedpur,3 Oct 1984,
ODI,GAHM Parkar,TDNB,6,-,-,-,-,-,,v Australia,Jamshedpur,3 Oct 1984,
ODI,C Sharma,TDNB,6,-,-,-,-,-,,v Australia,Jamshedpur,3 Oct 1984,
ODI,AK Patel,TDNB,6,-,-,-,-,-,,v Australia,Jamshedpur,3 Oct 1984,
ODI,SM Gavaskar,DNB,6,-,-,-,-,2,,v Australia,Ahmedabad,5 Oct 1984,
ODI,SMH Kirmani,DNB,6,-,-,-,-,2,,v Australia,Ahmedabad,5 Oct 1984,
ODI,DB Vengsarkar,DNB,6,-,-,-,-,2,,v Australia,Ahmedabad,5 Oct 1984,
ODI,SM Patil,DNB,6,-,-,-,-,2,,v Australia,Ahmedabad,5 Oct 1984,
ODI,RJ Shastri,DNB,6,-,-,-,-,2,,v Australia,Ahmedabad,5 Oct 1984,
ODI,RMH Binny,DNB,6,-,-,-,-,2,,v Australia,Indore,6 Oct 1984,
ODI,SC Khanna,DNB,6,-,-,-,-,2,,v Australia,Indore,6 Oct 1984,
ODI,GAHM Parkar,DNB,6,-,-,-,-,2,,v Australia,Indore,6 Oct 1984,
ODI,M Amarnath,DNB,6,-,-,-,-,1,,v Pakistan,Quetta,12 Oct 1984,
ODI,SM Gavaskar,DNB,6,-,-,-,-,1,,v Pakistan,Quetta,12 Oct 1984,
ODI,RMH Binny,DNB,6,-,-,-,-,1,,v Pakistan,Quetta,12 Oct 1984,
ODI,SC Khanna,DNB,6,-,-,-,-,1,,v Pakistan,Quetta,12 Oct 1984,
ODI,SM Patil,DNB,6,-,-,-,-,1,,v Pakistan,Quetta,12 Oct 1984,
ODI,M Amarnath,TDNB,6,-,-,-,-,-,,v Pakistan,Sialkot,31 Oct 1984,
ODI,S Madan Lal,TDNB,6,-,-,-,-,-,,v Pakistan,Sialkot,31 Oct 1984,
ODI,AD Gaekwad,TDNB,6,-,-,-,-,-,,v Pakistan,Sialkot,31 Oct 1984,
ODI,SMH Kirmani,TDNB,6,-,-,-,-,-,,v Pakistan,Sialkot,31 Oct 1984,
ODI,DB Vengsarkar,TDNB,6,-,-,-,-,-,,v Pakistan,Sialkot,31 Oct 1984,
ODI,RMH Binny,TDNB,6,-,-,-,-,-,,v Pakistan,Sialkot,31 Oct 1984,
ODI,SM Patil,TDNB,6,-,-,-,-,-,,v Pakistan,Sialkot,31 Oct 1984,
ODI,RJ Shastri,TDNB,6,-,-,-,-,-,,v Pakistan,Sialkot,31 Oct 1984,
ODI,GAHM Parkar,TDNB,6,-,-,-,-,-,,v Pakistan,Sialkot,31 Oct 1984,
ODI,Maninder Singh,TDNB,6,-,-,-,-,-,,v Pakistan,Sialkot,31 Oct 1984,
ODI,BS Sandhu,TDNB,6,-,-,-,-,-,,v Pakistan,Sialkot,31 Oct 1984,
ODI,SM Gavaskar,DNB,6,-,-,-,-,2,,v England,Pune,5 Dec 1984,
ODI,DB Vengsarkar,DNB,6,-,-,-,-,2,,v England,Pune,5 Dec 1984,
ODI,Yashpal Sharma,DNB,6,-,-,-,-,2,,v England,Pune,5 Dec 1984,
ODI,SM Patil,DNB,6,-,-,-,-,2,,v England,Pune,5 Dec 1984,
ODI,K Srikkanth,DNB,6,-,-,-,-,2,,v England,Pune,5 Dec 1984,
ODI,KS More,DNB,6,-,-,-,-,2,,v England,Pune,5 Dec 1984,
ODI,SM Gavaskar,DNB,6,-,-,-,-,2,,v England,Cuttack,27 Dec 1984,
ODI,DB Vengsarkar,DNB,6,-,-,-,-,2,,v England,Cuttack,27 Dec 1984,
ODI,Yashpal Sharma,DNB,6,-,-,-,-,2,,v England,Cuttack,27 Dec 1984,
ODI,K Srikkanth,DNB,6,-,-,-,-,2,,v England,Cuttack,27 Dec 1984,
ODI,KS More,DNB,6,-,-,-,-,2,,v England,Cuttack,27 Dec 1984,
ODI,SM Gavaskar,DNB,6,-,-,-,-,2,,v England,Bengaluru,20 Jan 1985,
ODI,DB Vengsarkar,DNB,6,-,-,-,-,2,,v England,Bengaluru,20 Jan 1985,
ODI,K Srikkanth,DNB,6,-,-,-,-,2,,v England,Bengaluru,20 Jan 1985,
ODI,M Azharuddin,DNB,6,-,-,-,-,2,,v England,Bengaluru,20 Jan 1985,
ODI,S Viswanath,DNB,6,-,-,-,-,2,,v England,Bengaluru,20 Jan 1985,
ODI,SM Gavaskar,DNB,6,-,-,-,-,1,,v England,Nagpur,23 Jan 1985,
ODI,DB Vengsarkar,DNB,6,-,-,-,-,1,,v England,Nagpur,23 Jan 1985,
ODI,K Srikkanth,DNB,6,-,-,-,-,1,,v England,Nagpur,23 Jan 1985,
ODI,M Azharuddin,DNB,6,-,-,-,-,1,,v England,Nagpur,23 Jan 1985,
ODI,LS Rajput,DNB,6,-,-,-,-,1,,v England,Nagpur,23 Jan 1985,
ODI,S Viswanath,DNB,6,-,-,-,-,1,,v England,Nagpur,23 Jan 1985,
ODI,SM Gavaskar,DNB,6,-,-,-,-,1,,v England,Chandigarh,27 Jan 1985,
ODI,Yashpal Sharma,DNB,6,-,-,-,-,1,,v England,Chandigarh,27 Jan 1985,
ODI,K Srikkanth,DNB,6,-,-,-,-,1,,v England,Chandigarh,27 Jan 1985,
ODI,M Azharuddin,DNB,6,-,-,-,-,1,,v England,Chandigarh,27 Jan 1985,
ODI,LS Rajput,DNB,6,-,-,-,-,1,,v England,Chandigarh,27 Jan 1985,
ODI,S Viswanath,DNB,6,-,-,-,-,1,,v England,Chandigarh,27 Jan 1985,
ODI,SM Gavaskar,DNB,6,-,-,-,-,1,,v Pakistan,Melbourne,20 Feb 1985,
ODI,DB Vengsarkar,DNB,6,-,-,-,-,1,,v Pakistan,Melbourne,20 Feb 1985,
ODI,K Srikkanth,DNB,6,-,-,-,-,1,,v Pakistan,Melbourne,20 Feb 1985,
ODI,M Azharuddin,DNB,6,-,-,-,-,1,,v Pakistan,Melbourne,20 Feb 1985,
ODI,S Viswanath,DNB,6,-,-,-,-,1,,v Pakistan,Melbourne,20 Feb 1985,
ODI,M Amarnath,DNB,6,-,-,-,-,2,,v England,Sydney,26 Feb 1985,
ODI,SM Gavaskar,DNB,6,-,-,-,-,2,,v England,Sydney,26 Feb 1985,
ODI,DB Vengsarkar,DNB,6,-,-,-,-,2,,v England,Sydney,26 Feb 1985,
ODI,K Srikkanth,DNB,6,-,-,-,-,2,,v England,Sydney,26 Feb 1985,
ODI,M Azharuddin,DNB,6,-,-,-,-,2,,v England,Sydney,26 Feb 1985,
ODI,S Viswanath,DNB,6,-,-,-,-,2,,v England,Sydney,26 Feb 1985,
ODI,SM Gavaskar,DNB,6,-,-,-,-,1,,v Australia,Melbourne,3 Mar 1985,
ODI,DB Vengsarkar,DNB,6,-,-,-,-,1,,v Australia,Melbourne,3 Mar 1985,
ODI,K Srikkanth,DNB,6,-,-,-,-,1,,v Australia,Melbourne,3 Mar 1985,
ODI,M Azharuddin,DNB,6,-,-,-,-,1,,v Australia,Melbourne,3 Mar 1985,
ODI,S Viswanath,DNB,6,-,-,-,-,1,,v Australia,Melbourne,3 Mar 1985,
ODI,SM Gavaskar,DNB,6,-,-,-,-,1,,v New Zealand,Sydney,5 Mar 1985,
ODI,DB Vengsarkar,DNB,6,-,-,-,-,1,,v New Zealand,Sydney,5 Mar 1985,
ODI,K Srikkanth,DNB,6,-,-,-,-,1,,v New Zealand,Sydney,5 Mar 1985,
ODI,M Azharuddin,DNB,6,-,-,-,-,1,,v New Zealand,Sydney,5 Mar 1985,
ODI,S Viswanath,DNB,6,-,-,-,-,1,,v New Zealand,Sydney,5 Mar 1985,
ODI,SM Gavaskar,DNB,6,-,-,-,-,1,,v Pakistan,Melbourne,10 Mar 1985,
ODI,DB Vengsarkar,DNB,6,-,-,-,-,1,,v Pakistan,Melbourne,10 Mar 1985,
ODI,K Srikkanth,DNB,6,-,-,-,-,1,,v Pakistan,Melbourne,10 Mar 1985,
ODI,M Azharuddin,DNB,6,-,-,-,-,1,,v Pakistan,Melbourne,10 Mar 1985,
ODI,S Viswanath,DNB,6,-,-,-,-,1,,v Pakistan,Melbourne,10 Mar 1985,
ODI,M Amarnath,DNB,6,-,-,-,-,2,,v Pakistan,Sharjah,22 Mar 1985,
ODI,SM Gavaskar,DNB,6,-,-,-,-,2,,v Pakistan,Sharjah,22 Mar 1985,
ODI,DB Vengsarkar,DNB,6,-,-,-,-,2,,v Pakistan,Sharjah,22 Mar 1985,
ODI,K Srikkanth,DNB,6,-,-,-,-,2,,v Pakistan,Sharjah,22 Mar 1985,
ODI,M Azharuddin,DNB,6,-,-,-,-,2,,v Pakistan,Sharjah,22 Mar 1985,
ODI,S Viswanath,DNB,6,-,-,-,-,2,,v Pakistan,Sharjah,22 Mar 1985,
ODI,SM Gavaskar,DNB,6,-,-,-,-,1,,v Australia,Sharjah,29 Mar 1985,
ODI,DB Vengsarkar,DNB,6,-,-,-,-,1,,v Australia,Sharjah,29 Mar 1985,
ODI,K Srikkanth,DNB,6,-,-,-,-,1,,v Australia,Sharjah,29 Mar 1985,
ODI,M Azharuddin,DNB,6,-,-,-,-,1,,v Australia,Sharjah,29 Mar 1985,
ODI,S Viswanath,DNB,6,-,-,-,-,1,,v Australia,Sharjah,29 Mar 1985,
ODI,SM Gavaskar,DNB,6,-,-,-,-,1,,v Sri Lanka,Colombo (SSC),25 Aug 1985,
ODI,DB Vengsarkar,DNB,6,-,-,-,-,1,,v Sri Lanka,Colombo (SSC),25 Aug 1985,
ODI,K Srikkanth,DNB,6,-,-,-,-,1,,v Sri Lanka,Colombo (SSC),25 Aug 1985,
ODI,M Azharuddin,DNB,6,-,-,-,-,1,,v Sri Lanka,Colombo (SSC),25 Aug 1985,
ODI,S Viswanath,DNB,6,-,-,-,-,1,,v Sri Lanka,Colombo (SSC),25 Aug 1985,
ODI,M Amarnath,DNB,6,-,-,-,-,1,,v Sri Lanka,Colombo (PSS),21 Sep 1985,
ODI,SM Gavaskar,DNB,6,-,-,-,-,1,,v Sri Lanka,Colombo (PSS),21 Sep 1985,
ODI,DB Vengsarkar,DNB,6,-,-,-,-,1,,v Sri Lanka,Colombo (PSS),21 Sep 1985,
ODI,K Srikkanth,DNB,6,-,-,-,-,1,,v Sri Lanka,Colombo (PSS),21 Sep 1985,
ODI,M Azharuddin,DNB,6,-,-,-,-,1,,v Sri Lanka,Colombo (PSS),21 Sep 1985,
ODI,S Viswanath,DNB,6,-,-,-,-,1,,v Sri Lanka,Colombo (PSS),21 Sep 1985,
ODI,M Amarnath,DNB,6,-,-,-,-,2,,v Sri Lanka,Colombo (PSS),22 Sep 1985,
ODI,SM Gavaskar,DNB,6,-,-,-,-,2,,v Sri Lanka,Colombo (PSS),22 Sep 1985,
ODI,DB Vengsarkar,DNB,6,-,-,-,-,2,,v Sri Lanka,Colombo (PSS),22 Sep 1985,
ODI,RMH Binny,DNB,6,-,-,-,-,2,,v Sri Lanka,Colombo (PSS),22 Sep 1985,
ODI,RJ Shastri,DNB,6,-,-,-,-,2,,v Sri Lanka,Colombo (PSS),22 Sep 1985,
ODI,K Srikkanth,DNB,6,-,-,-,-,2,,v Sri Lanka,Colombo (PSS),22 Sep 1985,
ODI,M Azharuddin,DNB,6,-,-,-,-,2,,v Sri Lanka,Colombo (PSS),22 Sep 1985,
ODI,G Sharma,DNB,6,-,-,-,-,2,,v Sri Lanka,Colombo (PSS),22 Sep 1985,
ODI,S Viswanath,DNB,6,-,-,-,-,2,,v Sri Lanka,Colombo (PSS),22 Sep 1985,
ODI,SM Gavaskar,DNB,6,-,-,-,-,1,,v Pakistan,Sharjah,17 Nov 1985,
ODI,SMH Kirmani,DNB,6,-,-,-,-,1,,v Pakistan,Sharjah,17 Nov 1985,
ODI,DB Vengsarkar,DNB,6,-,-,-,-,1,,v Pakistan,Sharjah,17 Nov 1985,
ODI,K Srikkanth,DNB,6,-,-,-,-,1,,v Pakistan,Sharjah,17 Nov 1985,
ODI,M Azharuddin,DNB,6,-,-,-,-,1,,v Pakistan,Sharjah,17 Nov 1985,
ODI,M Amarnath,DNB,6,-,-,-,-,2,,v West Indies,Sharjah,22 Nov 1985,
ODI,SM Gavaskar,DNB,6,-,-,-,-,2,,v West Indies,Sharjah,22 Nov 1985,
ODI,SMH Kirmani,DNB,6,-,-,-,-,2,,v West Indies,Sharjah,22 Nov 1985,
ODI,DB Vengsarkar,DNB,6,-,-,-,-,2,,v West Indies,Sharjah,22 Nov 1985,
ODI,K Srikkanth,DNB,6,-,-,-,-,2,,v West Indies,Sharjah,22 Nov 1985,
ODI,M Azharuddin,DNB,6,-,-,-,-,2,,v West Indies,Sharjah,22 Nov 1985,
ODI,SM Gavaskar,DNB,6,-,-,-,-,1,,v New Zealand,Brisbane,11 Jan 1986,
ODI,SMH Kirmani,DNB,6,-,-,-,-,1,,v New Zealand,Brisbane,11 Jan 1986,
ODI,DB Vengsarkar,DNB,6,-,-,-,-,1,,v New Zealand,Brisbane,11 Jan 1986,
ODI,K Srikkanth,DNB,6,-,-,-,-,1,,v New Zealand,Brisbane,11 Jan 1986,
ODI,M Azharuddin,DNB,6,-,-,-,-,1,,v New Zealand,Brisbane,11 Jan 1986,
ODI,SM Gavaskar,DNB,6,-,-,-,-,2,,v Australia,Brisbane,12 Jan 1986,
ODI,SMH Kirmani,DNB,6,-,-,-,-,2,,v Australia,Brisbane,12 Jan 1986,
ODI,DB Vengsarkar,DNB,6,-,-,-,-,2,,v Australia,Brisbane,12 Jan 1986,
ODI,K Srikkanth,DNB,6,-,-,-,-,2,,v Australia,Brisbane,12 Jan 1986,
ODI,M Azharuddin,DNB,6,-,-,-,-,2,,v Australia,Brisbane,12 Jan 1986,
ODI,M Amarnath,DNB,6,-,-,-,-,1,,v Australia,Melbourne,16 Jan 1986,
ODI,SM Gavaskar,DNB,6,-,-,-,-,1,,v Australia,Melbourne,16 Jan 1986,
ODI,K Srikkanth,DNB,6,-,-,-,-,1,,v Australia,Melbourne,16 Jan 1986,
ODI,AO Malhotra,DNB,6,-,-,-,-,1,,v Australia,Melbourne,16 Jan 1986,
ODI,M Azharuddin,DNB,6,-,-,-,-,1,,v Australia,Melbourne,16 Jan 1986,
ODI,KS More,DNB,6,-,-,-,-,1,,v Australia,Melbourne,16 Jan 1986,
ODI,SM Gavaskar,DNB,6,-,-,-,-,2,,v New Zealand,W.A.C.A,18 Jan 1986,
ODI,K Srikkanth,DNB,6,-,-,-,-,2,,v New Zealand,W.A.C.A,18 Jan 1986,
ODI,AO Malhotra,DNB,6,-,-,-,-,2,,v New Zealand,W.A.C.A,18 Jan 1986,
ODI,M Azharuddin,DNB,6,-,-,-,-,2,,v New Zealand,W.A.C.A,18 Jan 1986,
ODI,KS More,DNB,6,-,-,-,-,2,,v New Zealand,W.A.C.A,18 Jan 1986,
ODI,SM Gavaskar,DNB,6,-,-,-,-,1,,v Australia,Sydney,21 Jan 1986,
ODI,K Srikkanth,DNB,6,-,-,-,-,1,,v Australia,Sydney,21 Jan 1986,
ODI,AO Malhotra,DNB,6,-,-,-,-,1,,v Australia,Sydney,21 Jan 1986,
ODI,M Azharuddin,DNB,6,-,-,-,-,1,,v Australia,Sydney,21 Jan 1986,
ODI,KS More,DNB,6,-,-,-,-,1,,v Australia,Sydney,21 Jan 1986,
ODI,DB Vengsarkar,DNB,6,-,-,-,-,2,,v New Zealand,Melbourne,23 Jan 1986,
ODI,K Srikkanth,DNB,6,-,-,-,-,2,,v New Zealand,Melbourne,23 Jan 1986,
ODI,AO Malhotra,DNB,6,-,-,-,-,2,,v New Zealand,Melbourne,23 Jan 1986,
ODI,M Azharuddin,DNB,6,-,-,-,-,2,,v New Zealand,Melbourne,23 Jan 1986,
ODI,KS More,DNB,6,-,-,-,-,2,,v New Zealand,Melbourne,23 Jan 1986,
ODI,DB Vengsarkar,DNB,6,-,-,-,-,1,,v New Zealand,Adelaide,25 Jan 1986,
ODI,K Srikkanth,DNB,6,-,-,-,-,1,,v New Zealand,Adelaide,25 Jan 1986,
ODI,AO Malhotra,DNB,6,-,-,-,-,1,,v New Zealand,Adelaide,25 Jan 1986,
ODI,M Azharuddin,DNB,6,-,-,-,-,1,,v New Zealand,Adelaide,25 Jan 1986,
ODI,KS More,DNB,6,-,-,-,-,1,,v New Zealand,Adelaide,25 Jan 1986,
ODI,M Amarnath,DNB,6,-,-,-,-,1,,v Australia,Adelaide,26 Jan 1986,
ODI,SM Gavaskar,DNB,6,-,-,-,-,1,,v Australia,Adelaide,26 Jan 1986,
ODI,DB Vengsarkar,DNB,6,-,-,-,-,1,,v Australia,Adelaide,26 Jan 1986,
ODI,K Srikkanth,DNB,6,-,-,-,-,1,,v Australia,Adelaide,26 Jan 1986,
ODI,M Azharuddin,DNB,6,-,-,-,-,1,,v Australia,Adelaide,26 Jan 1986,
ODI,KS More,DNB,6,-,-,-,-,1,,v Australia,Adelaide,26 Jan 1986,
ODI,SM Gavaskar,DNB,6,-,-,-,-,1,,v Australia,Melbourne,31 Jan 1986,
ODI,DB Vengsarkar,DNB,6,-,-,-,-,1,,v Australia,Melbourne,31 Jan 1986,
ODI,K Srikkanth,DNB,6,-,-,-,-,1,,v Australia,Melbourne,31 Jan 1986,
ODI,AO Malhotra,DNB,6,-,-,-,-,1,,v Australia,Melbourne,31 Jan 1986,
ODI,KS More,DNB,6,-,-,-,-,1,,v Australia,Melbourne,31 Jan 1986,
ODI,M Amarnath,DNB,6,-,-,-,-,2,,v New Zealand,Launceston,2 Feb 1986,
ODI,SM Gavaskar,DNB,6,-,-,-,-,2,,v New Zealand,Launceston,2 Feb 1986,
ODI,K Srikkanth,DNB,6,-,-,-,-,2,,v New Zealand,Launceston,2 Feb 1986,
ODI,AO Malhotra,DNB,6,-,-,-,-,2,,v New Zealand,Launceston,2 Feb 1986,
ODI,M Azharuddin,DNB,6,-,-,-,-,2,,v New Zealand,Launceston,2 Feb 1986,
ODI,KS More,DNB,6,-,-,-,-,2,,v New Zealand,Launceston,2 Feb 1986,
ODI,SM Gavaskar,DNB,6,-,-,-,-,1,,v Australia,Sydney,5 Feb 1986,
ODI,DB Vengsarkar,DNB,6,-,-,-,-,1,,v Australia,Sydney,5 Feb 1986,
ODI,K Srikkanth,DNB,6,-,-,-,-,1,,v Australia,Sydney,5 Feb 1986,
ODI,AO Malhotra,DNB,6,-,-,-,-,1,,v Australia,Sydney,5 Feb 1986,
ODI,KS More,DNB,6,-,-,-,-,1,,v Australia,Sydney,5 Feb 1986,
ODI,M Amarnath,DNB,6,-,-,-,-,2,,v Australia,Melbourne,9 Feb 1986,
ODI,SM Gavaskar,DNB,6,-,-,-,-,2,,v Australia,Melbourne,9 Feb 1986,
ODI,DB Vengsarkar,DNB,6,-,-,-,-,2,,v Australia,Melbourne,9 Feb 1986,
ODI,K Srikkanth,DNB,6,-,-,-,-,2,,v Australia,Melbourne,9 Feb 1986,
ODI,KS More,DNB,6,-,-,-,-,2,,v Australia,Melbourne,9 Feb 1986,
ODI,SM Gavaskar,DNB,6,-,-,-,-,1,,v New Zealand,Sharjah,10 Apr 1986,
ODI,SM Patil,DNB,6,-,-,-,-,1,,v New Zealand,Sharjah,10 Apr 1986,
ODI,K Srikkanth,DNB,6,-,-,-,-,1,,v New Zealand,Sharjah,10 Apr 1986,
ODI,M Azharuddin,DNB,6,-,-,-,-,1,,v New Zealand,Sharjah,10 Apr 1986,
ODI,CS Pandit,DNB,6,-,-,-,-,1,,v New Zealand,Sharjah,10 Apr 1986,
ODI,SM Gavaskar,DNB,6,-,-,-,-,1,,v Sri Lanka,Sharjah,13 Apr 1986,
ODI,SM Patil,DNB,6,-,-,-,-,1,,v Sri Lanka,Sharjah,13 Apr 1986,
ODI,K Srikkanth,DNB,6,-,-,-,-,1,,v Sri Lanka,Sharjah,13 Apr 1986,
ODI,M Azharuddin,DNB,6,-,-,-,-,1,,v Sri Lanka,Sharjah,13 Apr 1986,
ODI,CS Pandit,DNB,6,-,-,-,-,1,,v Sri Lanka,Sharjah,13 Apr 1986,
ODI,SM Gavaskar,DNB,6,-,-,-,-,2,,v Pakistan,Sharjah,18 Apr 1986,
ODI,DB Vengsarkar,DNB,6,-,-,-,-,2,,v Pakistan,Sharjah,18 Apr 1986,
ODI,KBJ Azad,DNB,6,-,-,-,-,2,,v Pakistan,Sharjah,18 Apr 1986,
ODI,K Srikkanth,DNB,6,-,-,-,-,2,,v Pakistan,Sharjah,18 Apr 1986,
ODI,CS Pandit,DNB,6,-,-,-,-,2,,v Pakistan,Sharjah,18 Apr 1986,
ODI,SM Gavaskar,DNB,6,-,-,-,-,1,,v England,The Oval,24 May 1986,
ODI,DB Vengsarkar,DNB,6,-,-,-,-,1,,v England,The Oval,24 May 1986,
ODI,SM Patil,DNB,6,-,-,-,-,1,,v England,The Oval,24 May 1986,
ODI,K Srikkanth,DNB,6,-,-,-,-,1,,v England,The Oval,24 May 1986,
ODI,M Azharuddin,DNB,6,-,-,-,-,1,,v England,The Oval,24 May 1986,
ODI,CS Pandit,DNB,6,-,-,-,-,1,,v England,The Oval,24 May 1986,
ODI,SM Gavaskar,DNB,6,-,-,-,-,2,,v England,Manchester,26 May 1986,
ODI,DB Vengsarkar,DNB,6,-,-,-,-,2,,v England,Manchester,26 May 1986,
ODI,SM Patil,DNB,6,-,-,-,-,2,,v England,Manchester,26 May 1986,
ODI,K Srikkanth,DNB,6,-,-,-,-,2,,v England,Manchester,26 May 1986,
ODI,CS Pandit,DNB,6,-,-,-,-,2,,v England,Manchester,26 May 1986,
ODI,SM Gavaskar,DNB,6,-,-,-,-,1,,v Australia,Jaipur,7 Sep 1986,
ODI,DB Vengsarkar,DNB,6,-,-,-,-,1,,v Australia,Jaipur,7 Sep 1986,
ODI,K Srikkanth,DNB,6,-,-,-,-,1,,v Australia,Jaipur,7 Sep 1986,
ODI,CS Pandit,DNB,6,-,-,-,-,1,,v Australia,Jaipur,7 Sep 1986,
ODI,R Lamba,DNB,6,-,-,-,-,1,,v Australia,Jaipur,7 Sep 1986,
ODI,SM Gavaskar,DNB,6,-,-,-,-,2,,v Australia,Srinagar,9 Sep 1986,
ODI,DB Vengsarkar,DNB,6,-,-,-,-,2,,v Australia,Srinagar,9 Sep 1986,
ODI,K Srikkanth,DNB,6,-,-,-,-,2,,v Australia,Srinagar,9 Sep 1986,
ODI,M Azharuddin,DNB,6,-,-,-,-,2,,v Australia,Srinagar,9 Sep 1986,
ODI,CS Pandit,DNB,6,-,-,-,-,2,,v Australia,Srinagar,9 Sep 1986,
ODI,R Lamba,DNB,6,-,-,-,-,2,,v Australia,Srinagar,9 Sep 1986,
ODI,DB Vengsarkar,DNB,6,-,-,-,-,1,,v Australia,Hyderabad (Deccan),24 Sep 1986,
ODI,K Srikkanth,DNB,6,-,-,-,-,1,,v Australia,Hyderabad (Deccan),24 Sep 1986,
ODI,M Azharuddin,DNB,6,-,-,-,-,1,,v Australia,Hyderabad (Deccan),24 Sep 1986,
ODI,CS Pandit,DNB,6,-,-,-,-,1,,v Australia,Hyderabad (Deccan),24 Sep 1986,
ODI,R Lamba,DNB,6,-,-,-,-,1,,v Australia,Hyderabad (Deccan),24 Sep 1986,
ODI,SM Gavaskar,DNB,6,-,-,-,-,1,,v Australia,Delhi,2 Oct 1986,
ODI,DB Vengsarkar,DNB,6,-,-,-,-,1,,v Australia,Delhi,2 Oct 1986,
ODI,K Srikkanth,DNB,6,-,-,-,-,1,,v Australia,Delhi,2 Oct 1986,
ODI,M Azharuddin,DNB,6,-,-,-,-,1,,v Australia,Delhi,2 Oct 1986,
ODI,CS Pandit,DNB,6,-,-,-,-,1,,v Australia,Delhi,2 Oct 1986,
ODI,R Lamba,DNB,6,-,-,-,-,1,,v Australia,Delhi,2 Oct 1986,
ODI,SM Gavaskar,DNB,6,-,-,-,-,2,,v Australia,Ahmedabad,5 Oct 1986,
ODI,K Srikkanth,DNB,6,-,-,-,-,2,,v Australia,Ahmedabad,5 Oct 1986,
ODI,M Azharuddin,DNB,6,-,-,-,-,2,,v Australia,Ahmedabad,5 Oct 1986,
ODI,CS Pandit,DNB,6,-,-,-,-,2,,v Australia,Ahmedabad,5 Oct 1986,
ODI,R Lamba,DNB,6,-,-,-,-,2,,v Australia,Ahmedabad,5 Oct 1986,
ODI,DB Vengsarkar,DNB,6,-,-,-,-,2,,v Australia,Rajkot,7 Oct 1986,
ODI,N Kapil Dev,DNB,6,-,-,-,-,2,,v Australia,Rajkot,7 Oct 1986,
ODI,CS Pandit,DNB,6,-,-,-,-,2,,v Australia,Rajkot,7 Oct 1986,
ODI,R Lamba,DNB,6,-,-,-,-,2,,v Australia,Rajkot,7 Oct 1986,
ODI,SM Gavaskar,DNB,6,-,-,-,-,1,,v Sri Lanka,Sharjah,27 Nov 1986,
ODI,K Srikkanth,DNB,6,-,-,-,-,1,,v Sri Lanka,Sharjah,27 Nov 1986,
ODI,M Azharuddin,DNB,6,-,-,-,-,1,,v Sri Lanka,Sharjah,27 Nov 1986,
ODI,CS Pandit,DNB,6,-,-,-,-,1,,v Sri Lanka,Sharjah,27 Nov 1986,
ODI,R Lamba,DNB,6,-,-,-,-,1,,v Sri Lanka,Sharjah,27 Nov 1986,
ODI,SM Gavaskar,DNB,6,-,-,-,-,1,,v West Indies,Sharjah,30 Nov 1986,
ODI,DB Vengsarkar,DNB,6,-,-,-,-,1,,v West Indies,Sharjah,30 Nov 1986,
ODI,K Srikkanth,DNB,6,-,-,-,-,1,,v West Indies,Sharjah,30 Nov 1986,
ODI,CS Pandit,DNB,6,-,-,-,-,1,,v West Indies,Sharjah,30 Nov 1986,
ODI,R Lamba,DNB,6,-,-,-,-,1,,v West Indies,Sharjah,30 Nov 1986,
ODI,SM Gavaskar,DNB,6,-,-,-,-,2,,v Pakistan,Sharjah,5 Dec 1986,
ODI,DB Vengsarkar,DNB,6,-,-,-,-,2,,v Pakistan,Sharjah,5 Dec 1986,
ODI,K Srikkanth,DNB,6,-,-,-,-,2,,v Pakistan,Sharjah,5 Dec 1986,
ODI,M Azharuddin,DNB,6,-,-,-,-,2,,v Pakistan,Sharjah,5 Dec 1986,
ODI,CS Pandit,DNB,6,-,-,-,-,2,,v Pakistan,Sharjah,5 Dec 1986,
ODI,R Lamba,DNB,6,-,-,-,-,2,,v Pakistan,Sharjah,5 Dec 1986,
ODI,SM Gavaskar,DNB,6,-,-,-,-,1,,v Sri Lanka,Kanpur,24 Dec 1986,
ODI,DB Vengsarkar,DNB,6,-,-,-,-,1,,v Sri Lanka,Kanpur,24 Dec 1986,
ODI,K Srikkanth,DNB,6,-,-,-,-,1,,v Sri Lanka,Kanpur,24 Dec 1986,
ODI,CS Pandit,DNB,6,-,-,-,-,1,,v Sri Lanka,Kanpur,24 Dec 1986,
ODI,R Lamba,DNB,6,-,-,-,-,1,,v Sri Lanka,Kanpur,24 Dec 1986,
ODI,SM Gavaskar,DNB,6,-,-,-,-,1,,v Sri Lanka,Guwahati,11 Jan 1987,
ODI,DB Vengsarkar,DNB,6,-,-,-,-,1,,v Sri Lanka,Guwahati,11 Jan 1987,
ODI,K Srikkanth,DNB,6,-,-,-,-,1,,v Sri Lanka,Guwahati,11 Jan 1987,
ODI,M Azharuddin,DNB,6,-,-,-,-,1,,v Sri Lanka,Guwahati,11 Jan 1987,
ODI,CS Pandit,DNB,6,-,-,-,-,1,,v Sri Lanka,Guwahati,11 Jan 1987,
ODI,R Lamba,DNB,6,-,-,-,-,1,,v Sri Lanka,Guwahati,11 Jan 1987,
ODI,SM Gavaskar,DNB,6,-,-,-,-,1,,v Sri Lanka,Delhi,13 Jan 1987,
ODI,DB Vengsarkar,DNB,6,-,-,-,-,1,,v Sri Lanka,Delhi,13 Jan 1987,
ODI,K Srikkanth,DNB,6,-,-,-,-,1,,v Sri Lanka,Delhi,13 Jan 1987,
ODI,CS Pandit,DNB,6,-,-,-,-,1,,v Sri Lanka,Delhi,13 Jan 1987,
ODI,R Lamba,DNB,6,-,-,-,-,1,,v Sri Lanka,Delhi,13 Jan 1987,
ODI,SM Gavaskar,DNB,6,-,-,-,-,2,,v Sri Lanka,Vadodara,15 Jan 1987,
ODI,DB Vengsarkar,DNB,6,-,-,-,-,2,,v Sri Lanka,Vadodara,15 Jan 1987,
ODI,M Azharuddin,DNB,6,-,-,-,-,2,,v Sri Lanka,Vadodara,15 Jan 1987,
ODI,CS Pandit,DNB,6,-,-,-,-,2,,v Sri Lanka,Vadodara,15 Jan 1987,
ODI,R Lamba,DNB,6,-,-,-,-,2,,v Sri Lanka,Vadodara,15 Jan 1987,
ODI,SM Gavaskar,DNB,6,-,-,-,-,2,,v Sri Lanka,Wankhede,17 Jan 1987,
ODI,DB Vengsarkar,DNB,6,-,-,-,-,2,,v Sri Lanka,Wankhede,17 Jan 1987,
ODI,K Srikkanth,DNB,6,-,-,-,-,2,,v Sri Lanka,Wankhede,17 Jan 1987,
ODI,M Azharuddin,DNB,6,-,-,-,-,2,,v Sri Lanka,Wankhede,17 Jan 1987,
ODI,CS Pandit,DNB,6,-,-,-,-,2,,v Sri Lanka,Wankhede,17 Jan 1987,
ODI,R Lamba,DNB,6,-,-,-,-,2,,v Sri Lanka,Wankhede,17 Jan 1987,
ODI,SM Gavaskar,DNB,6,-,-,-,-,2,,v Pakistan,Indore,27 Jan 1987,
ODI,DB Vengsarkar,DNB,6,-,-,-,-,2,,v Pakistan,Indore,27 Jan 1987,
ODI,CS Pandit,DNB,6,-,-,-,-,2,,v Pakistan,Indore,27 Jan 1987,
ODI,R Lamba,DNB,6,-,-,-,-,2,,v Pakistan,Indore,27 Jan 1987,
ODI,DB Vengsarkar,DNB,6,-,-,-,-,2,,v Pakistan,Eden Gardens,18 Feb 1987,
ODI,K Srikkanth,DNB,6,-,-,-,-,2,,v Pakistan,Eden Gardens,18 Feb 1987,
ODI,M Azharuddin,DNB,6,-,-,-,-,2,,v Pakistan,Eden Gardens,18 Feb 1987,
ODI,CS Pandit,DNB,6,-,-,-,-,2,,v Pakistan,Eden Gardens,18 Feb 1987,
ODI,R Lamba,DNB,6,-,-,-,-,2,,v Pakistan,Eden Gardens,18 Feb 1987,
ODI,SM Gavaskar,DNB,6,-,-,-,-,2,,v Pakistan,Hyderabad (Deccan),20 Mar 1987,
ODI,K Srikkanth,DNB,6,-,-,-,-,2,,v Pakistan,Hyderabad (Deccan),20 Mar 1987,
ODI,M Azharuddin,DNB,6,-,-,-,-,2,,v Pakistan,Hyderabad (Deccan),20 Mar 1987,
ODI,S Viswanath,DNB,6,-,-,-,-,2,,v Pakistan,Hyderabad (Deccan),20 Mar 1987,
ODI,R Lamba,DNB,6,-,-,-,-,2,,v Pakistan,Hyderabad (Deccan),20 Mar 1987,
ODI,SM Gavaskar,DNB,6,-,-,-,-,2,,v Pakistan,Pune,22 Mar 1987,
ODI,DB Vengsarkar,DNB,6,-,-,-,-,2,,v Pakistan,Pune,22 Mar 1987,
ODI,M Prabhakar,DNB,6,-,-,-,-,2,,v Pakistan,Pune,22 Mar 1987,
ODI,M Azharuddin,DNB,6,-,-,-,-,2,,v Pakistan,Pune,22 Mar 1987,
ODI,S Viswanath,DNB,6,-,-,-,-,2,,v Pakistan,Pune,22 Mar 1987,
ODI,R Lamba,DNB,6,-,-,-,-,2,,v Pakistan,Pune,22 Mar 1987,
ODI,SM Gavaskar,DNB,6,-,-,-,-,1,,v Pakistan,Nagpur,24 Mar 1987,
ODI,DB Vengsarkar,DNB,6,-,-,-,-,1,,v Pakistan,Nagpur,24 Mar 1987,
ODI,M Azharuddin,DNB,6,-,-,-,-,1,,v Pakistan,Nagpur,24 Mar 1987,
ODI,S Viswanath,DNB,6,-,-,-,-,1,,v Pakistan,Nagpur,24 Mar 1987,
ODI,R Lamba,DNB,6,-,-,-,-,1,,v Pakistan,Nagpur,24 Mar 1987,
ODI,SM Gavaskar,DNB,6,-,-,-,-,2,,v Pakistan,Jamshedpur,26 Mar 1987,
ODI,DB Vengsarkar,DNB,6,-,-,-,-,2,,v Pakistan,Jamshedpur,26 Mar 1987,
ODI,M Azharuddin,DNB,6,-,-,-,-,2,,v Pakistan,Jamshedpur,26 Mar 1987,
ODI,S Viswanath,DNB,6,-,-,-,-,2,,v Pakistan,Jamshedpur,26 Mar 1987,
ODI,R Lamba,DNB,6,-,-,-,-,2,,v Pakistan,Jamshedpur,26 Mar 1987,
ODI,DB Vengsarkar,DNB,6,-,-,-,-,1,,v England,Sharjah,2 Apr 1987,
ODI,K Srikkanth,DNB,6,-,-,-,-,1,,v England,Sharjah,2 Apr 1987,
ODI,M Azharuddin,DNB,6,-,-,-,-,1,,v England,Sharjah,2 Apr 1987,
ODI,S Viswanath,DNB,6,-,-,-,-,1,,v England,Sharjah,2 Apr 1987,
ODI,R Lamba,DNB,6,-,-,-,-,1,,v England,Sharjah,2 Apr 1987,
ODI,SM Gavaskar,DNB,6,-,-,-,-,1,,v Australia,Sharjah,5 Apr 1987,
ODI,DB Vengsarkar,DNB,6,-,-,-,-,1,,v Australia,Sharjah,5 Apr 1987,
ODI,K Srikkanth,DNB,6,-,-,-,-,1,,v Australia,Sharjah,5 Apr 1987,
ODI,M Azharuddin,DNB,6,-,-,-,-,1,,v Australia,Sharjah,5 Apr 1987,
ODI,S Viswanath,DNB,6,-,-,-,-,1,,v Australia,Sharjah,5 Apr 1987,
ODI,SM Gavaskar,DNB,6,-,-,-,-,2,,v Pakistan,Sharjah,10 Apr 1987,
ODI,DB Vengsarkar,DNB,6,-,-,-,-,2,,v Pakistan,Sharjah,10 Apr 1987,
ODI,K Srikkanth,DNB,6,-,-,-,-,2,,v Pakistan,Sharjah,10 Apr 1987,
ODI,S Viswanath,DNB,6,-,-,-,-,2,,v Pakistan,Sharjah,10 Apr 1987,
ODI,SM Gavaskar,DNB,6,-,-,-,-,1,,v Australia,Chennai,9 Oct 1987,
ODI,DB Vengsarkar,DNB,6,-,-,-,-,1,,v Australia,Chennai,9 Oct 1987,
ODI,K Srikkanth,DNB,6,-,-,-,-,1,,v Australia,Chennai,9 Oct 1987,
ODI,NS Sidhu,DNB,6,-,-,-,-,1,,v Australia,Chennai,9 Oct 1987,
ODI,KS More,DNB,6,-,-,-,-,1,,v Australia,Chennai,9 Oct 1987,
ODI,SM Gavaskar,DNB,6,-,-,-,-,2,,v New Zealand,Bengaluru,14 Oct 1987,
ODI,DB Vengsarkar,DNB,6,-,-,-,-,2,,v New Zealand,Bengaluru,14 Oct 1987,
ODI,K Srikkanth,DNB,6,-,-,-,-,2,,v New Zealand,Bengaluru,14 Oct 1987,
ODI,NS Sidhu,DNB,6,-,-,-,-,2,,v New Zealand,Bengaluru,14 Oct 1987,
ODI,KS More,DNB,6,-,-,-,-,2,,v New Zealand,Bengaluru,14 Oct 1987,
ODI,SM Gavaskar,DNB,6,-,-,-,-,1,,v Zimbabwe,Wankhede,17 Oct 1987,
ODI,DB Vengsarkar,DNB,6,-,-,-,-,1,,v Zimbabwe,Wankhede,17 Oct 1987,
ODI,K Srikkanth,DNB,6,-,-,-,-,1,,v Zimbabwe,Wankhede,17 Oct 1987,
ODI,NS Sidhu,DNB,6,-,-,-,-,1,,v Zimbabwe,Wankhede,17 Oct 1987,
ODI,KS More,DNB,6,-,-,-,-,1,,v Zimbabwe,Wankhede,17 Oct 1987,
ODI,SM Gavaskar,DNB,6,-,-,-,-,2,,v Australia,Delhi,22 Oct 1987,
ODI,DB Vengsarkar,DNB,6,-,-,-,-,2,,v Australia,Delhi,22 Oct 1987,
ODI,K Srikkanth,DNB,6,-,-,-,-,2,,v Australia,Delhi,22 Oct 1987,
ODI,NS Sidhu,DNB,6,-,-,-,-,2,,v Australia,Delhi,22 Oct 1987,
ODI,KS More,DNB,6,-,-,-,-,2,,v Australia,Delhi,22 Oct 1987,
ODI,SM Gavaskar,DNB,6,-,-,-,-,1,,v Zimbabwe,Ahmedabad,26 Oct 1987,
ODI,DB Vengsarkar,DNB,6,-,-,-,-,1,,v Zimbabwe,Ahmedabad,26 Oct 1987,
ODI,K Srikkanth,DNB,6,-,-,-,-,1,,v Zimbabwe,Ahmedabad,26 Oct 1987,
ODI,NS Sidhu,DNB,6,-,-,-,-,1,,v Zimbabwe,Ahmedabad,26 Oct 1987,
ODI,KS More,DNB,6,-,-,-,-,1,,v Zimbabwe,Ahmedabad,26 Oct 1987,
ODI,SM Gavaskar,DNB,6,-,-,-,-,1,,v New Zealand,Nagpur,31 Oct 1987,
ODI,DB Vengsarkar,DNB,6,-,-,-,-,1,,v New Zealand,Nagpur,31 Oct 1987,
ODI,K Srikkanth,DNB,6,-,-,-,-,1,,v New Zealand,Nagpur,31 Oct 1987,
ODI,NS Sidhu,DNB,6,-,-,-,-,1,,v New Zealand,Nagpur,31 Oct 1987,
ODI,CS Pandit,DNB,6,-,-,-,-,1,,v New Zealand,Nagpur,31 Oct 1987,
ODI,SM Gavaskar,DNB,6,-,-,-,-,1,,v England,Wankhede,5 Nov 1987,
ODI,K Srikkanth,DNB,6,-,-,-,-,1,,v England,Wankhede,5 Nov 1987,
ODI,NS Sidhu,DNB,6,-,-,-,-,1,,v England,Wankhede,5 Nov 1987,
ODI,KS More,DNB,6,-,-,-,-,1,,v England,Wankhede,5 Nov 1987,
ODI,CS Pandit,DNB,6,-,-,-,-,1,,v England,Wankhede,5 Nov 1987,
ODI,DB Vengsarkar,DNB,6,-,-,-,-,1,,v West Indies,Nagpur,8 Dec 1987,
ODI,K Srikkanth,DNB,6,-,-,-,-,1,,v West Indies,Nagpur,8 Dec 1987,
ODI,J Arun Lal,DNB,6,-,-,-,-,1,,v West Indies,Nagpur,8 Dec 1987,
ODI,KS More,DNB,6,-,-,-,-,1,,v West Indies,Nagpur,8 Dec 1987,
ODI,CS Pandit,DNB,6,-,-,-,-,1,,v West Indies,Nagpur,8 Dec 1987,
ODI,AD Gaekwad,DNB,6,-,-,-,-,1,,v West Indies,Guwahati,23 Dec 1987,
ODI,DB Vengsarkar,DNB,6,-,-,-,-,1,,v West Indies,Guwahati,23 Dec 1987,
ODI,K Srikkanth,DNB,6,-,-,-,-,1,,v West Indies,Guwahati,23 Dec 1987,
ODI,M Azharuddin,DNB,6,-,-,-,-,1,,v West Indies,Guwahati,23 Dec 1987,
ODI,KS More,DNB,6,-,-,-,-,1,,v West Indies,Guwahati,23 Dec 1987,
ODI,K Srikkanth,DNB,6,-,-,-,-,2,,v West Indies,Eden Gardens,2 Jan 1988,
ODI,J Arun Lal,DNB,6,-,-,-,-,2,,v West Indies,Eden Gardens,2 Jan 1988,
ODI,M Azharuddin,DNB,6,-,-,-,-,2,,v West Indies,Eden Gardens,2 Jan 1988,
ODI,KS More,DNB,6,-,-,-,-,2,,v West Indies,Eden Gardens,2 Jan 1988,
ODI,WV Raman,DNB,6,-,-,-,-,2,,v West Indies,Eden Gardens,2 Jan 1988,
ODI,J Arun Lal,DNB,6,-,-,-,-,2,,v West Indies,Rajkot,5 Jan 1988,
ODI,M Azharuddin,DNB,6,-,-,-,-,2,,v West Indies,Rajkot,5 Jan 1988,
ODI,S Viswanath,DNB,6,-,-,-,-,2,,v West Indies,Rajkot,5 Jan 1988,
ODI,SV Manjrekar,DNB,6,-,-,-,-,2,,v West Indies,Rajkot,5 Jan 1988,
ODI,J Arun Lal,DNB,6,-,-,-,-,1,,v West Indies,Ahmedabad,7 Jan 1988,
ODI,S Viswanath,DNB,6,-,-,-,-,1,,v West Indies,Ahmedabad,7 Jan 1988,
ODI,SV Manjrekar,DNB,6,-,-,-,-,1,,v West Indies,Ahmedabad,7 Jan 1988,
ODI,WV Raman,DNB,6,-,-,-,-,1,,v West Indies,Ahmedabad,7 Jan 1988,
ODI,J Arun Lal,DNB,6,-,-,-,-,2,,v West Indies,Faridabad,19 Jan 1988,
ODI,M Azharuddin,DNB,6,-,-,-,-,2,,v West Indies,Faridabad,19 Jan 1988,
ODI,KS More,DNB,6,-,-,-,-,2,,v West Indies,Faridabad,19 Jan 1988,
ODI,WV Raman,DNB,6,-,-,-,-,2,,v West Indies,Faridabad,19 Jan 1988,
ODI,K Srikkanth,DNB,6,-,-,-,-,1,,v West Indies,Gwalior,22 Jan 1988,
ODI,J Arun Lal,DNB,6,-,-,-,-,1,,v West Indies,Gwalior,22 Jan 1988,
ODI,M Azharuddin,DNB,6,-,-,-,-,1,,v West Indies,Gwalior,22 Jan 1988,
ODI,KS More,DNB,6,-,-,-,-,1,,v West Indies,Gwalior,22 Jan 1988,
ODI,M Azharuddin,DNB,6,-,-,-,-,2,,v West Indies,Thiruvananthapuram,25 Jan 1988,
ODI,KS More,DNB,6,-,-,-,-,2,,v West Indies,Thiruvananthapuram,25 Jan 1988,
ODI,R Lamba,DNB,6,-,-,-,-,2,,v West Indies,Thiruvananthapuram,25 Jan 1988,
ODI,SV Manjrekar,DNB,6,-,-,-,-,2,,v West Indies,Thiruvananthapuram,25 Jan 1988,
ODI,K Srikkanth,DNB,6,-,-,-,-,2,,v Sri Lanka,Sharjah,25 Mar 1988,
ODI,NS Sidhu,DNB,6,-,-,-,-,2,,v Sri Lanka,Sharjah,25 Mar 1988,
ODI,M Azharuddin,DNB,6,-,-,-,-,2,,v Sri Lanka,Sharjah,25 Mar 1988,
ODI,KS More,DNB,6,-,-,-,-,2,,v Sri Lanka,Sharjah,25 Mar 1988,
ODI,WV Raman,DNB,6,-,-,-,-,2,,v Sri Lanka,Sharjah,25 Mar 1988,
ODI,M Amarnath,DNB,6,-,-,-,-,2,,v New Zealand,Sharjah,27 Mar 1988,
ODI,K Srikkanth,DNB,6,-,-,-,-,2,,v New Zealand,Sharjah,27 Mar 1988,
ODI,NS Sidhu,DNB,6,-,-,-,-,2,,v New Zealand,Sharjah,27 Mar 1988,
ODI,KS More,DNB,6,-,-,-,-,2,,v New Zealand,Sharjah,27 Mar 1988,
ODI,K Srikkanth,DNB,6,-,-,-,-,2,,v New Zealand,Sharjah,1 Apr 1988,
ODI,NS Sidhu,DNB,6,-,-,-,-,2,,v New Zealand,Sharjah,1 Apr 1988,
ODI,M Azharuddin,DNB,6,-,-,-,-,2,,v New Zealand,Sharjah,1 Apr 1988,
ODI,KS More,DNB,6,-,-,-,-,2,,v New Zealand,Sharjah,1 Apr 1988,
ODI,M Amarnath,DNB,6,-,-,-,-,2,,v West Indies,Sharjah,16 Oct 1988,
ODI,DB Vengsarkar,DNB,6,-,-,-,-,2,,v West Indies,Sharjah,16 Oct 1988,
ODI,NS Sidhu,DNB,6,-,-,-,-,2,,v West Indies,Sharjah,16 Oct 1988,
ODI,M Azharuddin,DNB,6,-,-,-,-,2,,v West Indies,Sharjah,16 Oct 1988,
ODI,KS More,DNB,6,-,-,-,-,2,,v West Indies,Sharjah,16 Oct 1988,
ODI,DB Vengsarkar,DNB,6,-,-,-,-,1,,v Pakistan,Sharjah,19 Oct 1988,
ODI,K Srikkanth,DNB,6,-,-,-,-,1,,v Pakistan,Sharjah,19 Oct 1988,
ODI,NS Sidhu,DNB,6,-,-,-,-,1,,v Pakistan,Sharjah,19 Oct 1988,
ODI,M Azharuddin,DNB,6,-,-,-,-,1,,v Pakistan,Sharjah,19 Oct 1988,
ODI,KS More,DNB,6,-,-,-,-,1,,v Pakistan,Sharjah,19 Oct 1988,
ODI,M Amarnath,DNB,6,-,-,-,-,2,,v West Indies,Sharjah,21 Oct 1988,
ODI,DB Vengsarkar,DNB,6,-,-,-,-,2,,v West Indies,Sharjah,21 Oct 1988,
ODI,M Azharuddin,DNB,6,-,-,-,-,2,,v West Indies,Sharjah,21 Oct 1988,
ODI,KS More,DNB,6,-,-,-,-,2,,v West Indies,Sharjah,21 Oct 1988,
ODI,CS Pandit,DNB,6,-,-,-,-,2,,v West Indies,Sharjah,21 Oct 1988,
ODI,DB Vengsarkar,DNB,6,-,-,-,-,1,,v Bangladesh,Chattogram,27 Oct 1988,
ODI,K Srikkanth,DNB,6,-,-,-,-,1,,v Bangladesh,Chattogram,27 Oct 1988,
ODI,NS Sidhu,DNB,6,-,-,-,-,1,,v Bangladesh,Chattogram,27 Oct 1988,
ODI,M Azharuddin,DNB,6,-,-,-,-,1,,v Bangladesh,Chattogram,27 Oct 1988,
ODI,KS More,DNB,6,-,-,-,-,1,,v Bangladesh,Chattogram,27 Oct 1988,
ODI,DB Vengsarkar,DNB,6,-,-,-,-,1,,v Sri Lanka,Dhaka,29 Oct 1988,
ODI,NS Sidhu,DNB,6,-,-,-,-,1,,v Sri Lanka,Dhaka,29 Oct 1988,
ODI,M Azharuddin,DNB,6,-,-,-,-,1,,v Sri Lanka,Dhaka,29 Oct 1988,
ODI,KS More,DNB,6,-,-,-,-,1,,v Sri Lanka,Dhaka,29 Oct 1988,
ODI,DB Vengsarkar,DNB,6,-,-,-,-,1,,v Pakistan,Dhaka,31 Oct 1988,
ODI,NS Sidhu,DNB,6,-,-,-,-,1,,v Pakistan,Dhaka,31 Oct 1988,
ODI,M Azharuddin,DNB,6,-,-,-,-,1,,v Pakistan,Dhaka,31 Oct 1988,
ODI,CS Pandit,DNB,6,-,-,-,-,1,,v Pakistan,Dhaka,31 Oct 1988,
ODI,DB Vengsarkar,DNB,6,-,-,-,-,1,,v Sri Lanka,Dhaka,4 Nov 1988,
ODI,NS Sidhu,DNB,6,-,-,-,-,1,,v Sri Lanka,Dhaka,4 Nov 1988,
ODI,M Azharuddin,DNB,6,-,-,-,-,1,,v Sri Lanka,Dhaka,4 Nov 1988,
ODI,CS Pandit,DNB,6,-,-,-,-,1,,v Sri Lanka,Dhaka,4 Nov 1988,
ODI,DB Vengsarkar,DNB,6,-,-,-,-,1,,v New Zealand,Visakhapatnam,10 Dec 1988,
ODI,NS Sidhu,DNB,6,-,-,-,-,1,,v New Zealand,Visakhapatnam,10 Dec 1988,
ODI,CS Pandit,DNB,6,-,-,-,-,1,,v New Zealand,Visakhapatnam,10 Dec 1988,
ODI,VB Chandrasekhar,DNB,6,-,-,-,-,1,,v New Zealand,Visakhapatnam,10 Dec 1988,
ODI,DB Vengsarkar,DNB,6,-,-,-,-,1,,v New Zealand,Cuttack,12 Dec 1988,
ODI,NS Sidhu,DNB,6,-,-,-,-,1,,v New Zealand,Cuttack,12 Dec 1988,
ODI,M Azharuddin,DNB,6,-,-,-,-,1,,v New Zealand,Cuttack,12 Dec 1988,
ODI,CS Pandit,DNB,6,-,-,-,-,1,,v New Zealand,Cuttack,12 Dec 1988,
ODI,VB Chandrasekhar,DNB,6,-,-,-,-,1,,v New Zealand,Cuttack,12 Dec 1988,
ODI,DB Vengsarkar,DNB,6,-,-,-,-,2,,v New Zealand,Indore,15 Dec 1988,
ODI,NS Sidhu,DNB,6,-,-,-,-,2,,v New Zealand,Indore,15 Dec 1988,
ODI,M Azharuddin,DNB,6,-,-,-,-,2,,v New Zealand,Indore,15 Dec 1988,
ODI,CS Pandit,DNB,6,-,-,-,-,2,,v New Zealand,Indore,15 Dec 1988,
ODI,VB Chandrasekhar,DNB,6,-,-,-,-,2,,v New Zealand,Indore,15 Dec 1988,
ODI,DB Vengsarkar,DNB,6,-,-,-,-,1,,v New Zealand,Vadodara,17 Dec 1988,
ODI,M Azharuddin,DNB,6,-,-,-,-,1,,v New Zealand,Vadodara,17 Dec 1988,
ODI,CS Pandit,DNB,6,-,-,-,-,1,,v New Zealand,Vadodara,17 Dec 1988,
ODI,SV Manjrekar,DNB,6,-,-,-,-,1,,v New Zealand,Vadodara,17 Dec 1988,
ODI,VB Chandrasekhar,DNB,6,-,-,-,-,1,,v New Zealand,Vadodara,17 Dec 1988,
ODI,DB Vengsarkar,DNB,6,-,-,-,-,1,,v West Indies,Bridgetown,7 Mar 1989,
ODI,K Srikkanth,DNB,6,-,-,-,-,1,,v West Indies,Bridgetown,7 Mar 1989,
ODI,NS Sidhu,DNB,6,-,-,-,-,1,,v West Indies,Bridgetown,7 Mar 1989,
ODI,M Azharuddin,DNB,6,-,-,-,-,1,,v West Indies,Bridgetown,7 Mar 1989,
ODI,KS More,DNB,6,-,-,-,-,1,,v West Indies,Bridgetown,7 Mar 1989,
ODI,DB Vengsarkar,DNB,6,-,-,-,-,2,,v West Indies,Port of Spain,9 Mar 1989,
ODI,NS Sidhu,DNB,6,-,-,-,-,2,,v West Indies,Port of Spain,9 Mar 1989,
ODI,M Azharuddin,DNB,6,-,-,-,-,2,,v West Indies,Port of Spain,9 Mar 1989,
ODI,KS More,DNB,6,-,-,-,-,2,,v West Indies,Port of Spain,9 Mar 1989,
ODI,SK Sharma,DNB,6,-,-,-,-,2,,v West Indies,Port of Spain,9 Mar 1989,
ODI,DB Vengsarkar,DNB,6,-,-,-,-,2,,v West Indies,Port of Spain,11 Mar 1989,
ODI,NS Sidhu,DNB,6,-,-,-,-,2,,v West Indies,Port of Spain,11 Mar 1989,
ODI,M Azharuddin,DNB,6,-,-,-,-,2,,v West Indies,Port of Spain,11 Mar 1989,
ODI,KS More,DNB,6,-,-,-,-,2,,v West Indies,Port of Spain,11 Mar 1989,
ODI,DB Vengsarkar,DNB,6,-,-,-,-,2,,v West Indies,St John's,18 Mar 1989,
ODI,J Arun Lal,DNB,6,-,-,-,-,2,,v West Indies,St John's,18 Mar 1989,
ODI,KS More,DNB,6,-,-,-,-,2,,v West Indies,St John's,18 Mar 1989,
ODI,RR Singh,DNB,6,-,-,-,-,2,,v West Indies,St John's,18 Mar 1989,
ODI,DB Vengsarkar,DNB,6,-,-,-,-,1,,v West Indies,Georgetown,21 Mar 1989,
ODI,J Arun Lal,DNB,6,-,-,-,-,1,,v West Indies,Georgetown,21 Mar 1989,
ODI,NS Sidhu,DNB,6,-,-,-,-,1,,v West Indies,Georgetown,21 Mar 1989,
ODI,KS More,DNB,6,-,-,-,-,1,,v West Indies,Georgetown,21 Mar 1989,
ODI,M Amarnath,DNB,6,-,-,-,-,2,,v West Indies,Sharjah,13 Oct 1989,
ODI,DB Vengsarkar,DNB,6,-,-,-,-,2,,v West Indies,Sharjah,13 Oct 1989,
ODI,NS Sidhu,DNB,6,-,-,-,-,2,,v West Indies,Sharjah,13 Oct 1989,
ODI,M Azharuddin,DNB,6,-,-,-,-,2,,v West Indies,Sharjah,13 Oct 1989,
ODI,KS More,DNB,6,-,-,-,-,2,,v West Indies,Sharjah,13 Oct 1989,
ODI,DB Vengsarkar,DNB,6,-,-,-,-,2,,v Pakistan,Sharjah,15 Oct 1989,
ODI,K Srikkanth,DNB,6,-,-,-,-,2,,v Pakistan,Sharjah,15 Oct 1989,
ODI,NS Sidhu,DNB,6,-,-,-,-,2,,v Pakistan,Sharjah,15 Oct 1989,
ODI,M Azharuddin,DNB,6,-,-,-,-,2,,v Pakistan,Sharjah,15 Oct 1989,
ODI,KS More,DNB,6,-,-,-,-,2,,v Pakistan,Sharjah,15 Oct 1989,
ODI,M Amarnath,DNB,6,-,-,-,-,2,,v West Indies,Sharjah,16 Oct 1989,
ODI,DB Vengsarkar,DNB,6,-,-,-,-,2,,v West Indies,Sharjah,16 Oct 1989,
ODI,M Azharuddin,DNB,6,-,-,-,-,2,,v West Indies,Sharjah,16 Oct 1989,
ODI,KS More,DNB,6,-,-,-,-,2,,v West Indies,Sharjah,16 Oct 1989,
ODI,R Lamba,DNB,6,-,-,-,-,2,,v West Indies,Sharjah,16 Oct 1989,
ODI,DB Vengsarkar,DNB,6,-,-,-,-,1,,v Pakistan,Sharjah,20 Oct 1989,
ODI,K Srikkanth,DNB,6,-,-,-,-,1,,v Pakistan,Sharjah,20 Oct 1989,
ODI,NS Sidhu,DNB,6,-,-,-,-,1,,v Pakistan,Sharjah,20 Oct 1989,
ODI,M Azharuddin,DNB,6,-,-,-,-,1,,v Pakistan,Sharjah,20 Oct 1989,
ODI,KS More,DNB,6,-,-,-,-,1,,v Pakistan,Sharjah,20 Oct 1989,
ODI,NS Sidhu,DNB,6,-,-,-,-,2,,v Sri Lanka,Ahmedabad,22 Oct 1989,
ODI,M Azharuddin,DNB,6,-,-,-,-,2,,v Sri Lanka,Ahmedabad,22 Oct 1989,
ODI,KS More,DNB,6,-,-,-,-,2,,v Sri Lanka,Ahmedabad,22 Oct 1989,
ODI,R Lamba,DNB,6,-,-,-,-,2,,v Sri Lanka,Ahmedabad,22 Oct 1989,
ODI,RJ Shastri,DNB,6,-,-,-,-,1,,v West Indies,Delhi,23 Oct 1989,
ODI,K Srikkanth,DNB,6,-,-,-,-,1,,v West Indies,Delhi,23 Oct 1989,
ODI,NS Sidhu,DNB,6,-,-,-,-,1,,v West Indies,Delhi,23 Oct 1989,
ODI,M Azharuddin,DNB,6,-,-,-,-,1,,v West Indies,Delhi,23 Oct 1989,
ODI,KS More,DNB,6,-,-,-,-,1,,v West Indies,Delhi,23 Oct 1989,
ODI,R Lamba,DNB,6,-,-,-,-,1,,v West Indies,Delhi,23 Oct 1989,
ODI,DB Vengsarkar,DNB,6,-,-,-,-,1,,v England,Kanpur,25 Oct 1989,
ODI,K Srikkanth,DNB,6,-,-,-,-,1,,v England,Kanpur,25 Oct 1989,
ODI,NS Sidhu,DNB,6,-,-,-,-,1,,v England,Kanpur,25 Oct 1989,
ODI,M Azharuddin,DNB,6,-,-,-,-,1,,v England,Kanpur,25 Oct 1989,
ODI,KS More,DNB,6,-,-,-,-,1,,v England,Kanpur,25 Oct 1989,
ODI,R Lamba,DNB,6,-,-,-,-,1,,v England,Kanpur,25 Oct 1989,
ODI,DB Vengsarkar,DNB,6,-,-,-,-,1,,v Australia,Bengaluru,27 Oct 1989,
ODI,K Srikkanth,DNB,6,-,-,-,-,1,,v Australia,Bengaluru,27 Oct 1989,
ODI,M Azharuddin,DNB,6,-,-,-,-,1,,v Australia,Bengaluru,27 Oct 1989,
ODI,KS More,DNB,6,-,-,-,-,1,,v Australia,Bengaluru,27 Oct 1989,
ODI,R Lamba,DNB,6,-,-,-,-,1,,v Australia,Bengaluru,27 Oct 1989,
ODI,DB Vengsarkar,DNB,6,-,-,-,-,1,,v Pakistan,Eden Gardens,28 Oct 1989,
ODI,KS More,DNB,6,-,-,-,-,1,,v Pakistan,Eden Gardens,28 Oct 1989,
ODI,R Lamba,DNB,6,-,-,-,-,1,,v Pakistan,Eden Gardens,28 Oct 1989,
ODI,SV Manjrekar,DNB,6,-,-,-,-,1,,v Pakistan,Eden Gardens,28 Oct 1989,
ODI,M Amarnath,DNB,6,-,-,-,-,2,,v West Indies,Wankhede,30 Oct 1989,
ODI,DB Vengsarkar,DNB,6,-,-,-,-,2,,v West Indies,Wankhede,30 Oct 1989,
ODI,C Sharma,DNB,6,-,-,-,-,2,,v West Indies,Wankhede,30 Oct 1989,
ODI,KS More,DNB,6,-,-,-,-,2,,v West Indies,Wankhede,30 Oct 1989,
ODI,K Srikkanth,DNB,6,-,-,-,-,1,,v Pakistan,Gujranwala,18 Dec 1989,
ODI,NS Sidhu,DNB,6,-,-,-,-,1,,v Pakistan,Gujranwala,18 Dec 1989,
ODI,M Azharuddin,DNB,6,-,-,-,-,1,,v Pakistan,Gujranwala,18 Dec 1989,
ODI,KS More,DNB,6,-,-,-,-,1,,v Pakistan,Gujranwala,18 Dec 1989,
ODI,SR Tendulkar,DNB,6,-,-,-,-,1,,v Pakistan,Gujranwala,18 Dec 1989,
ODI,RJ Shastri,DNB,6,-,-,-,-,1,,v Pakistan,Karachi,20 Dec 1989,
ODI,K Srikkanth,DNB,6,-,-,-,-,1,,v Pakistan,Karachi,20 Dec 1989,
ODI,Maninder Singh,DNB,6,-,-,-,-,1,,v Pakistan,Karachi,20 Dec 1989,
ODI,NS Sidhu,DNB,6,-,-,-,-,1,,v Pakistan,Karachi,20 Dec 1989,
ODI,M Azharuddin,DNB,6,-,-,-,-,1,,v Pakistan,Karachi,20 Dec 1989,
ODI,KS More,DNB,6,-,-,-,-,1,,v Pakistan,Karachi,20 Dec 1989,
ODI,R Lamba,DNB,6,-,-,-,-,1,,v Pakistan,Karachi,20 Dec 1989,
ODI,SV Manjrekar,DNB,6,-,-,-,-,1,,v Pakistan,Karachi,20 Dec 1989,
ODI,K Srikkanth,DNB,6,-,-,-,-,1,,v Pakistan,Lahore,22 Dec 1989,
ODI,NS Sidhu,DNB,6,-,-,-,-,1,,v Pakistan,Lahore,22 Dec 1989,
ODI,M Azharuddin,DNB,6,-,-,-,-,1,,v Pakistan,Lahore,22 Dec 1989,
ODI,KS More,DNB,6,-,-,-,-,1,,v Pakistan,Lahore,22 Dec 1989,
ODI,SV Manjrekar,DNB,6,-,-,-,-,1,,v Pakistan,Lahore,22 Dec 1989,
ODI,DB Vengsarkar,DNB,6,-,-,-,-,1,,v New Zealand,Dunedin,1 Mar 1990,
ODI,M Azharuddin,DNB,6,-,-,-,-,1,,v New Zealand,Dunedin,1 Mar 1990,
ODI,KS More,DNB,6,-,-,-,-,1,,v New Zealand,Dunedin,1 Mar 1990,
ODI,WV Raman,DNB,6,-,-,-,-,1,,v New Zealand,Dunedin,1 Mar 1990,
ODI,VB Chandrasekhar,DNB,6,-,-,-,-,1,,v New Zealand,Dunedin,1 Mar 1990,
ODI,SR Tendulkar,DNB,6,-,-,-,-,1,,v New Zealand,Dunedin,1 Mar 1990,
ODI,DB Vengsarkar,DNB,6,-,-,-,-,1,,v Australia,Christchurch,3 Mar 1990,
ODI,M Azharuddin,DNB,6,-,-,-,-,1,,v Australia,Christchurch,3 Mar 1990,
ODI,KS More,DNB,6,-,-,-,-,1,,v Australia,Christchurch,3 Mar 1990,
ODI,SV Manjrekar,DNB,6,-,-,-,-,1,,v Australia,Christchurch,3 Mar 1990,
ODI,WV Raman,DNB,6,-,-,-,-,1,,v Australia,Christchurch,3 Mar 1990,
ODI,VB Chandrasekhar,DNB,6,-,-,-,-,1,,v Australia,Christchurch,3 Mar 1990,
ODI,DB Vengsarkar,DNB,6,-,-,-,-,2,,v New Zealand,Wellington,6 Mar 1990,
ODI,M Azharuddin,DNB,6,-,-,-,-,2,,v New Zealand,Wellington,6 Mar 1990,
ODI,KS More,DNB,6,-,-,-,-,2,,v New Zealand,Wellington,6 Mar 1990,
ODI,SV Manjrekar,DNB,6,-,-,-,-,2,,v New Zealand,Wellington,6 Mar 1990,
ODI,WV Raman,DNB,6,-,-,-,-,2,,v New Zealand,Wellington,6 Mar 1990,
ODI,SR Tendulkar,DNB,6,-,-,-,-,2,,v New Zealand,Wellington,6 Mar 1990,
ODI,M Azharuddin,DNB,6,-,-,-,-,2,,v Australia,Hamilton,8 Mar 1990,
ODI,KS More,DNB,6,-,-,-,-,2,,v Australia,Hamilton,8 Mar 1990,
ODI,SV Manjrekar,DNB,6,-,-,-,-,2,,v Australia,Hamilton,8 Mar 1990,
ODI,VB Chandrasekhar,DNB,6,-,-,-,-,2,,v Australia,Hamilton,8 Mar 1990,
ODI,Gursharan Singh,DNB,6,-,-,-,-,2,,v Australia,Hamilton,8 Mar 1990,
ODI,K Srikkanth,DNB,6,-,-,-,-,2,,v Sri Lanka,Sharjah,25 Apr 1990,
ODI,NS Sidhu,DNB,6,-,-,-,-,2,,v Sri Lanka,Sharjah,25 Apr 1990,
ODI,M Azharuddin,DNB,6,-,-,-,-,2,,v Sri Lanka,Sharjah,25 Apr 1990,
ODI,KS More,DNB,6,-,-,-,-,2,,v Sri Lanka,Sharjah,25 Apr 1990,
ODI,WV Raman,DNB,6,-,-,-,-,2,,v Sri Lanka,Sharjah,25 Apr 1990,
ODI,SR Tendulkar,DNB,6,-,-,-,-,2,,v Sri Lanka,Sharjah,25 Apr 1990,
ODI,NS Sidhu,DNB,6,-,-,-,-,1,,v Pakistan,Sharjah,27 Apr 1990,
ODI,M Azharuddin,DNB,6,-,-,-,-,1,,v Pakistan,Sharjah,27 Apr 1990,
ODI,KS More,DNB,6,-,-,-,-,1,,v Pakistan,Sharjah,27 Apr 1990,
ODI,SV Manjrekar,DNB,6,-,-,-,-,1,,v Pakistan,Sharjah,27 Apr 1990,
ODI,SR Tendulkar,DNB,6,-,-,-,-,1,,v Pakistan,Sharjah,27 Apr 1990,
ODI,NS Sidhu,DNB,6,-,-,-,-,1,,v England,Leeds,18 Jul 1990,
ODI,M Azharuddin,DNB,6,-,-,-,-,1,,v England,Leeds,18 Jul 1990,
ODI,KS More,DNB,6,-,-,-,-,1,,v England,Leeds,18 Jul 1990,
ODI,SV Manjrekar,DNB,6,-,-,-,-,1,,v England,Leeds,18 Jul 1990,
ODI,WV Raman,DNB,6,-,-,-,-,1,,v England,Leeds,18 Jul 1990,
ODI,SR Tendulkar,DNB,6,-,-,-,-,1,,v England,Leeds,18 Jul 1990,
ODI,DB Vengsarkar,DNB,6,-,-,-,-,1,,v England,Nottingham,20 Jul 1990,
ODI,NS Sidhu,DNB,6,-,-,-,-,1,,v England,Nottingham,20 Jul 1990,
ODI,M Azharuddin,DNB,6,-,-,-,-,1,,v England,Nottingham,20 Jul 1990,
ODI,KS More,DNB,6,-,-,-,-,1,,v England,Nottingham,20 Jul 1990,
ODI,SV Manjrekar,DNB,6,-,-,-,-,1,,v England,Nottingham,20 Jul 1990,
ODI,NS Sidhu,DNB,6,-,-,-,-,2,,v Sri Lanka,Nagpur,1 Dec 1990,
ODI,M Azharuddin,DNB,6,-,-,-,-,2,,v Sri Lanka,Nagpur,1 Dec 1990,
ODI,KS More,DNB,6,-,-,-,-,2,,v Sri Lanka,Nagpur,1 Dec 1990,
ODI,SV Manjrekar,DNB,6,-,-,-,-,2,,v Sri Lanka,Nagpur,1 Dec 1990,
ODI,SR Tendulkar,DNB,6,-,-,-,-,2,,v Sri Lanka,Nagpur,1 Dec 1990,
ODI,RJ Shastri,DNB,6,-,-,-,-,1,,v Sri Lanka,Pune,5 Dec 1990,
ODI,NS Sidhu,DNB,6,-,-,-,-,1,,v Sri Lanka,Pune,5 Dec 1990,
ODI,M Azharuddin,DNB,6,-,-,-,-,1,,v Sri Lanka,Pune,5 Dec 1990,
ODI,KS More,DNB,6,-,-,-,-,1,,v Sri Lanka,Pune,5 Dec 1990,
ODI,SV Manjrekar,DNB,6,-,-,-,-,1,,v Sri Lanka,Pune,5 Dec 1990,
ODI,NS Sidhu,DNB,6,-,-,-,-,2,,v Sri Lanka,Margao,8 Dec 1990,
ODI,M Azharuddin,DNB,6,-,-,-,-,2,,v Sri Lanka,Margao,8 Dec 1990,
ODI,KS More,DNB,6,-,-,-,-,2,,v Sri Lanka,Margao,8 Dec 1990,
ODI,SV Manjrekar,DNB,6,-,-,-,-,2,,v Sri Lanka,Margao,8 Dec 1990,
ODI,SR Tendulkar,DNB,6,-,-,-,-,2,,v Sri Lanka,Margao,8 Dec 1990,
ODI,NS Sidhu,DNB,6,-,-,-,-,1,,v Bangladesh,Chandigarh,25 Dec 1990,
ODI,M Azharuddin,DNB,6,-,-,-,-,1,,v Bangladesh,Chandigarh,25 Dec 1990,
ODI,KS More,DNB,6,-,-,-,-,1,,v Bangladesh,Chandigarh,25 Dec 1990,
ODI,SV Manjrekar,DNB,6,-,-,-,-,1,,v Bangladesh,Chandigarh,25 Dec 1990,
ODI,WV Raman,DNB,6,-,-,-,-,1,,v Bangladesh,Chandigarh,25 Dec 1990,
ODI,RJ Shastri,DNB,6,-,-,-,-,1,,v Sri Lanka,Cuttack,28 Dec 1990,
ODI,NS Sidhu,DNB,6,-,-,-,-,1,,v Sri Lanka,Cuttack,28 Dec 1990,
ODI,M Azharuddin,DNB,6,-,-,-,-,1,,v Sri Lanka,Cuttack,28 Dec 1990,
ODI,KS More,DNB,6,-,-,-,-,1,,v Sri Lanka,Cuttack,28 Dec 1990,
ODI,SV Manjrekar,DNB,6,-,-,-,-,1,,v Sri Lanka,Cuttack,28 Dec 1990,
ODI,SR Tendulkar,DNB,6,-,-,-,-,1,,v Sri Lanka,Cuttack,28 Dec 1990,
ODI,NS Sidhu,DNB,6,-,-,-,-,1,,v Sri Lanka,Eden Gardens,4 Jan 1991,
ODI,M Azharuddin,DNB,6,-,-,-,-,1,,v Sri Lanka,Eden Gardens,4 Jan 1991,
ODI,KS More,DNB,6,-,-,-,-,1,,v Sri Lanka,Eden Gardens,4 Jan 1991,
ODI,SV Manjrekar,DNB,6,-,-,-,-,1,,v Sri Lanka,Eden Gardens,4 Jan 1991,
ODI,SR Tendulkar,DNB,6,-,-,-,-,1,,v Sri Lanka,Eden Gardens,4 Jan 1991,
ODI,NS Sidhu,DNB,6,-,-,-,-,2,,v Pakistan,Sharjah,18 Oct 1991,
ODI,M Azharuddin,DNB,6,-,-,-,-,2,,v Pakistan,Sharjah,18 Oct 1991,
ODI,KS More,DNB,6,-,-,-,-,2,,v Pakistan,Sharjah,18 Oct 1991,
ODI,SV Manjrekar,DNB,6,-,-,-,-,2,,v Pakistan,Sharjah,18 Oct 1991,
ODI,SR Tendulkar,DNB,6,-,-,-,-,2,,v Pakistan,Sharjah,18 Oct 1991,
ODI,VG Kambli,DNB,6,-,-,-,-,2,,v Pakistan,Sharjah,18 Oct 1991,
ODI,NS Sidhu,DNB,6,-,-,-,-,2,,v West Indies,Sharjah,19 Oct 1991,
ODI,M Azharuddin,DNB,6,-,-,-,-,2,,v West Indies,Sharjah,19 Oct 1991,
ODI,KS More,DNB,6,-,-,-,-,2,,v West Indies,Sharjah,19 Oct 1991,
ODI,SV Manjrekar,DNB,6,-,-,-,-,2,,v West Indies,Sharjah,19 Oct 1991,
ODI,SR Tendulkar,DNB,6,-,-,-,-,2,,v West Indies,Sharjah,19 Oct 1991,
ODI,VG Kambli,DNB,6,-,-,-,-,2,,v West Indies,Sharjah,19 Oct 1991,
ODI,NS Sidhu,DNB,6,-,-,-,-,1,,v West Indies,Sharjah,22 Oct 1991,
ODI,M Azharuddin,DNB,6,-,-,-,-,1,,v West Indies,Sharjah,22 Oct 1991,
ODI,KS More,DNB,6,-,-,-,-,1,,v West Indies,Sharjah,22 Oct 1991,
ODI,SV Manjrekar,DNB,6,-,-,-,-,1,,v West Indies,Sharjah,22 Oct 1991,
ODI,WV Raman,DNB,6,-,-,-,-,1,,v West Indies,Sharjah,22 Oct 1991,
ODI,VG Kambli,DNB,6,-,-,-,-,1,,v West Indies,Sharjah,22 Oct 1991,
ODI,RJ Shastri,DNB,6,-,-,-,-,1,,v Pakistan,Sharjah,23 Oct 1991,
ODI,M Azharuddin,DNB,6,-,-,-,-,1,,v Pakistan,Sharjah,23 Oct 1991,
ODI,KS More,DNB,6,-,-,-,-,1,,v Pakistan,Sharjah,23 Oct 1991,
ODI,SV Manjrekar,DNB,6,-,-,-,-,1,,v Pakistan,Sharjah,23 Oct 1991,
ODI,VG Kambli,DNB,6,-,-,-,-,1,,v Pakistan,Sharjah,23 Oct 1991,
ODI,NS Sidhu,DNB,6,-,-,-,-,1,,v Pakistan,Sharjah,25 Oct 1991,
ODI,M Azharuddin,DNB,6,-,-,-,-,1,,v Pakistan,Sharjah,25 Oct 1991,
ODI,KS More,DNB,6,-,-,-,-,1,,v Pakistan,Sharjah,25 Oct 1991,
ODI,SV Manjrekar,DNB,6,-,-,-,-,1,,v Pakistan,Sharjah,25 Oct 1991,
ODI,VG Kambli,DNB,6,-,-,-,-,1,,v Pakistan,Sharjah,25 Oct 1991,
ODI,NS Sidhu,DNB,6,-,-,-,-,1,,v South Africa,Eden Gardens,10 Nov 1991,
ODI,M Azharuddin,DNB,6,-,-,-,-,1,,v South Africa,Eden Gardens,10 Nov 1991,
ODI,KS More,DNB,6,-,-,-,-,1,,v South Africa,Eden Gardens,10 Nov 1991,
ODI,SV Manjrekar,DNB,6,-,-,-,-,1,,v South Africa,Eden Gardens,10 Nov 1991,
ODI,PK Amre,DNB,6,-,-,-,-,1,,v South Africa,Eden Gardens,10 Nov 1991,
ODI,NS Sidhu,DNB,6,-,-,-,-,2,,v South Africa,Gwalior,12 Nov 1991,
ODI,M Azharuddin,DNB,6,-,-,-,-,2,,v South Africa,Gwalior,12 Nov 1991,
ODI,KS More,DNB,6,-,-,-,-,2,,v South Africa,Gwalior,12 Nov 1991,
ODI,SV Manjrekar,DNB,6,-,-,-,-,2,,v South Africa,Gwalior,12 Nov 1991,
ODI,PK Amre,DNB,6,-,-,-,-,2,,v South Africa,Gwalior,12 Nov 1991,
ODI,DB Vengsarkar,DNB,6,-,-,-,-,2,,v South Africa,New Delhi,14 Nov 1991,
ODI,RJ Shastri,DNB,6,-,-,-,-,2,,v South Africa,New Delhi,14 Nov 1991,
ODI,CS Pandit,DNB,6,-,-,-,-,2,,v South Africa,New Delhi,14 Nov 1991,
ODI,SV Manjrekar,DNB,6,-,-,-,-,2,,v South Africa,New Delhi,14 Nov 1991,
ODI,PK Amre,DNB,6,-,-,-,-,2,,v South Africa,New Delhi,14 Nov 1991,
ODI,RJ Shastri,DNB,6,-,-,-,-,2,,v West Indies,W.A.C.A,6 Dec 1991,
ODI,K Srikkanth,DNB,6,-,-,-,-,2,,v West Indies,W.A.C.A,6 Dec 1991,
ODI,M Azharuddin,DNB,6,-,-,-,-,2,,v West Indies,W.A.C.A,6 Dec 1991,
ODI,KS More,DNB,6,-,-,-,-,2,,v West Indies,W.A.C.A,6 Dec 1991,
ODI,SV Manjrekar,DNB,6,-,-,-,-,2,,v West Indies,W.A.C.A,6 Dec 1991,
ODI,PK Amre,DNB,6,-,-,-,-,2,,v West Indies,W.A.C.A,6 Dec 1991,
ODI,K Srikkanth,DNB,6,-,-,-,-,2,,v Australia,W.A.C.A,8 Dec 1991,
ODI,M Azharuddin,DNB,6,-,-,-,-,2,,v Australia,W.A.C.A,8 Dec 1991,
ODI,KS More,DNB,6,-,-,-,-,2,,v Australia,W.A.C.A,8 Dec 1991,
ODI,SV Manjrekar,DNB,6,-,-,-,-,2,,v Australia,W.A.C.A,8 Dec 1991,
ODI,PK Amre,DNB,6,-,-,-,-,2,,v Australia,W.A.C.A,8 Dec 1991,
ODI,M Azharuddin,DNB,6,-,-,-,-,2,,v Australia,Hobart,10 Dec 1991,
ODI,KS More,DNB,6,-,-,-,-,2,,v Australia,Hobart,10 Dec 1991,
ODI,SR Tendulkar,DNB,6,-,-,-,-,2,,v Australia,Hobart,10 Dec 1991,
ODI,PK Amre,DNB,6,-,-,-,-,2,,v Australia,Hobart,10 Dec 1991,
ODI,K Srikkanth,DNB,6,-,-,-,-,2,,v West Indies,Adelaide,14 Dec 1991,
ODI,M Azharuddin,DNB,6,-,-,-,-,2,,v West Indies,Adelaide,14 Dec 1991,
ODI,KS More,DNB,6,-,-,-,-,2,,v West Indies,Adelaide,14 Dec 1991,
ODI,SV Manjrekar,DNB,6,-,-,-,-,2,,v West Indies,Adelaide,14 Dec 1991,
ODI,PK Amre,DNB,6,-,-,-,-,2,,v West Indies,Adelaide,14 Dec 1991,
ODI,M Azharuddin,DNB,6,-,-,-,-,2,,v Australia,Adelaide,15 Dec 1991,
ODI,KS More,DNB,6,-,-,-,-,2,,v Australia,Adelaide,15 Dec 1991,
ODI,SV Manjrekar,DNB,6,-,-,-,-,2,,v Australia,Adelaide,15 Dec 1991,
ODI,PK Amre,DNB,6,-,-,-,-,2,,v Australia,Adelaide,15 Dec 1991,
ODI,M Azharuddin,DNB,6,-,-,-,-,2,,v West Indies,Brisbane,11 Jan 1992,
ODI,KS More,DNB,6,-,-,-,-,2,,v West Indies,Brisbane,11 Jan 1992,
ODI,SV Manjrekar,DNB,6,-,-,-,-,2,,v West Indies,Brisbane,11 Jan 1992,
ODI,SC Ganguly,DNB,6,-,-,-,-,2,,v West Indies,Brisbane,11 Jan 1992,
ODI,K Srikkanth,DNB,6,-,-,-,-,2,,v Australia,Sydney,14 Jan 1992,
ODI,NS Sidhu,DNB,6,-,-,-,-,2,,v Australia,Sydney,14 Jan 1992,
ODI,M Azharuddin,DNB,6,-,-,-,-,2,,v Australia,Sydney,14 Jan 1992,
ODI,CS Pandit,DNB,6,-,-,-,-,2,,v Australia,Sydney,14 Jan 1992,
ODI,K Srikkanth,DNB,6,-,-,-,-,1,,v West Indies,Melbourne,16 Jan 1992,
ODI,M Azharuddin,DNB,6,-,-,-,-,1,,v West Indies,Melbourne,16 Jan 1992,
ODI,CS Pandit,DNB,6,-,-,-,-,1,,v West Indies,Melbourne,16 Jan 1992,
ODI,SV Manjrekar,DNB,6,-,-,-,-,1,,v West Indies,Melbourne,16 Jan 1992,
ODI,PK Amre,DNB,6,-,-,-,-,1,,v West Indies,Melbourne,16 Jan 1992,
ODI,K Srikkanth,DNB,6,-,-,-,-,1,,v Australia,Melbourne,18 Jan 1992,
ODI,M Azharuddin,DNB,6,-,-,-,-,1,,v Australia,Melbourne,18 Jan 1992,
ODI,CS Pandit,DNB,6,-,-,-,-,1,,v Australia,Melbourne,18 Jan 1992,
ODI,SV Manjrekar,DNB,6,-,-,-,-,1,,v Australia,Melbourne,18 Jan 1992,
ODI,PK Amre,DNB,6,-,-,-,-,1,,v Australia,Melbourne,18 Jan 1992,
ODI,K Srikkanth,DNB,6,-,-,-,-,1,,v Australia,Sydney,20 Jan 1992,
ODI,M Azharuddin,DNB,6,-,-,-,-,1,,v Australia,Sydney,20 Jan 1992,
ODI,CS Pandit,DNB,6,-,-,-,-,1,,v Australia,Sydney,20 Jan 1992,
ODI,SV Manjrekar,DNB,6,-,-,-,-,1,,v Australia,Sydney,20 Jan 1992,
ODI,PK Amre,DNB,6,-,-,-,-,1,,v Australia,Sydney,20 Jan 1992,
ODI,K Srikkanth,DNB,6,-,-,-,-,1,,v England,W.A.C.A,22 Feb 1992,
ODI,M Azharuddin,DNB,6,-,-,-,-,1,,v England,W.A.C.A,22 Feb 1992,
ODI,KS More,DNB,6,-,-,-,-,1,,v England,W.A.C.A,22 Feb 1992,
ODI,PK Amre,DNB,6,-,-,-,-,1,,v England,W.A.C.A,22 Feb 1992,
ODI,VG Kambli,DNB,6,-,-,-,-,1,,v England,W.A.C.A,22 Feb 1992,
ODI,N Kapil Dev,TDNB,6,-,-,-,-,-,,v Sri Lanka,Mackay,28 Feb 1992,
ODI,K Srikkanth,TDNB,6,-,-,-,-,-,,v Sri Lanka,Mackay,28 Feb 1992,
ODI,M Prabhakar,TDNB,6,-,-,-,-,-,,v Sri Lanka,Mackay,28 Feb 1992,
ODI,M Azharuddin,TDNB,6,-,-,-,-,-,,v Sri Lanka,Mackay,28 Feb 1992,
ODI,KS More,TDNB,6,-,-,-,-,-,,v Sri Lanka,Mackay,28 Feb 1992,
ODI,SR Tendulkar,TDNB,6,-,-,-,-,-,,v Sri Lanka,Mackay,28 Feb 1992,
ODI,SLV Raju,TDNB,6,-,-,-,-,-,,v Sri Lanka,Mackay,28 Feb 1992,
ODI,J Srinath,TDNB,6,-,-,-,-,-,,v Sri Lanka,Mackay,28 Feb 1992,
ODI,PK Amre,TDNB,6,-,-,-,-,-,,v Sri Lanka,Mackay,28 Feb 1992,
ODI,A Jadeja,TDNB,6,-,-,-,-,-,,v Sri Lanka,Mackay,28 Feb 1992,
ODI,VG Kambli,TDNB,6,-,-,-,-,-,,v Sri Lanka,Mackay,28 Feb 1992,
ODI,RJ Shastri,DNB,6,-,-,-,-,1,,v Australia,Brisbane,1 Mar 1992,
ODI,K Srikkanth,DNB,6,-,-,-,-,1,,v Australia,Brisbane,1 Mar 1992,
ODI,M Azharuddin,DNB,6,-,-,-,-,1,,v Australia,Brisbane,1 Mar 1992,
ODI,KS More,DNB,6,-,-,-,-,1,,v Australia,Brisbane,1 Mar 1992,
ODI,SV Manjrekar,DNB,6,-,-,-,-,1,,v Australia,Brisbane,1 Mar 1992,
ODI,K Srikkanth,DNB,6,-,-,-,-,2,,v Pakistan,Sydney,4 Mar 1992,
ODI,M Azharuddin,DNB,6,-,-,-,-,2,,v Pakistan,Sydney,4 Mar 1992,
ODI,KS More,DNB,6,-,-,-,-,2,,v Pakistan,Sydney,4 Mar 1992,
ODI,SV Manjrekar,DNB,6,-,-,-,-,2,,v Pakistan,Sydney,4 Mar 1992,
ODI,A Jadeja,DNB,6,-,-,-,-,2,,v Pakistan,Sydney,4 Mar 1992,
ODI,VG Kambli,DNB,6,-,-,-,-,2,,v Pakistan,Sydney,4 Mar 1992,
ODI,K Srikkanth,DNB,6,-,-,-,-,2,,v Zimbabwe,Hamilton,7 Mar 1992,
ODI,M Azharuddin,DNB,6,-,-,-,-,2,,v Zimbabwe,Hamilton,7 Mar 1992,
ODI,KS More,DNB,6,-,-,-,-,2,,v Zimbabwe,Hamilton,7 Mar 1992,
ODI,SV Manjrekar,DNB,6,-,-,-,-,2,,v Zimbabwe,Hamilton,7 Mar 1992,
ODI,A Jadeja,DNB,6,-,-,-,-,2,,v Zimbabwe,Hamilton,7 Mar 1992,
ODI,VG Kambli,DNB,6,-,-,-,-,2,,v Zimbabwe,Hamilton,7 Mar 1992,
ODI,M Azharuddin,DNB,6,-,-,-,-,2,,v West Indies,Wellington,10 Mar 1992,
ODI,KS More,DNB,6,-,-,-,-,2,,v West Indies,Wellington,10 Mar 1992,
ODI,SV Manjrekar,DNB,6,-,-,-,-,2,,v West Indies,Wellington,10 Mar 1992,
ODI,PK Amre,DNB,6,-,-,-,-,2,,v West Indies,Wellington,10 Mar 1992,
ODI,M Azharuddin,DNB,6,-,-,-,-,2,,v New Zealand,Dunedin,12 Mar 1992,
ODI,KS More,DNB,6,-,-,-,-,2,,v New Zealand,Dunedin,12 Mar 1992,
ODI,SV Manjrekar,DNB,6,-,-,-,-,2,,v New Zealand,Dunedin,12 Mar 1992,
ODI,A Jadeja,DNB,6,-,-,-,-,2,,v New Zealand,Dunedin,12 Mar 1992,
ODI,K Srikkanth,DNB,6,-,-,-,-,2,,v South Africa,Adelaide,15 Mar 1992,
ODI,M Azharuddin,DNB,6,-,-,-,-,2,,v South Africa,Adelaide,15 Mar 1992,
ODI,KS More,DNB,6,-,-,-,-,2,,v South Africa,Adelaide,15 Mar 1992,
ODI,SV Manjrekar,DNB,6,-,-,-,-,2,,v South Africa,Adelaide,15 Mar 1992,
ODI,PK Amre,DNB,6,-,-,-,-,2,,v South Africa,Adelaide,15 Mar 1992,
ODI,VG Kambli,DNB,6,-,-,-,-,2,,v South Africa,Adelaide,15 Mar 1992,
ODI,M Azharuddin,DNB,6,-,-,-,-,2,,v Zimbabwe,Harare,25 Oct 1992,
ODI,KS More,DNB,6,-,-,-,-,2,,v Zimbabwe,Harare,25 Oct 1992,
ODI,SV Manjrekar,DNB,6,-,-,-,-,2,,v Zimbabwe,Harare,25 Oct 1992,
ODI,PK Amre,DNB,6,-,-,-,-,2,,v Zimbabwe,Harare,25 Oct 1992,
ODI,M Azharuddin,DNB,6,-,-,-,-,2,,v South Africa,Cape Town,7 Dec 1992,
ODI,KS More,DNB,6,-,-,-,-,2,,v South Africa,Cape Town,7 Dec 1992,
ODI,SV Manjrekar,DNB,6,-,-,-,-,2,,v South Africa,Cape Town,7 Dec 1992,
ODI,WV Raman,DNB,6,-,-,-,-,2,,v South Africa,Cape Town,7 Dec 1992,
ODI,PK Amre,DNB,6,-,-,-,-,2,,v South Africa,Cape Town,7 Dec 1992,
ODI,A Jadeja,DNB,6,-,-,-,-,2,,v South Africa,Cape Town,7 Dec 1992,
ODI,M Azharuddin,DNB,6,-,-,-,-,2,,v South Africa,Gqeberha,9 Dec 1992,
ODI,KS More,DNB,6,-,-,-,-,2,,v South Africa,Gqeberha,9 Dec 1992,
ODI,SV Manjrekar,DNB,6,-,-,-,-,2,,v South Africa,Gqeberha,9 Dec 1992,
ODI,WV Raman,DNB,6,-,-,-,-,2,,v South Africa,Gqeberha,9 Dec 1992,
ODI,PK Amre,DNB,6,-,-,-,-,2,,v South Africa,Gqeberha,9 Dec 1992,
ODI,M Azharuddin,DNB,6,-,-,-,-,1,,v South Africa,Centurion,11 Dec 1992,
ODI,KS More,DNB,6,-,-,-,-,1,,v South Africa,Centurion,11 Dec 1992,
ODI,WV Raman,DNB,6,-,-,-,-,1,,v South Africa,Centurion,11 Dec 1992,
ODI,PK Amre,DNB,6,-,-,-,-,1,,v South Africa,Centurion,11 Dec 1992,
ODI,M Azharuddin,DNB,6,-,-,-,-,2,,v South Africa,Johannesburg,13 Dec 1992,
ODI,KS More,DNB,6,-,-,-,-,2,,v South Africa,Johannesburg,13 Dec 1992,
ODI,WV Raman,DNB,6,-,-,-,-,2,,v South Africa,Johannesburg,13 Dec 1992,
ODI,PK Amre,DNB,6,-,-,-,-,2,,v South Africa,Johannesburg,13 Dec 1992,
ODI,A Jadeja,DNB,6,-,-,-,-,2,,v South Africa,Johannesburg,13 Dec 1992,
ODI,M Azharuddin,DNB,6,-,-,-,-,2,,v South Africa,Bloemfontein,15 Dec 1992,
ODI,WV Raman,DNB,6,-,-,-,-,2,,v South Africa,Bloemfontein,15 Dec 1992,
ODI,A Jadeja,DNB,6,-,-,-,-,2,,v South Africa,Bloemfontein,15 Dec 1992,
ODI,V Yadav,DNB,6,-,-,-,-,2,,v South Africa,Bloemfontein,15 Dec 1992,
ODI,M Azharuddin,DNB,6,-,-,-,-,1,,v South Africa,Durban,17 Dec 1992,
ODI,SV Manjrekar,DNB,6,-,-,-,-,1,,v South Africa,Durban,17 Dec 1992,
ODI,SR Tendulkar,DNB,6,-,-,-,-,1,,v South Africa,Durban,17 Dec 1992,
ODI,A Jadeja,DNB,6,-,-,-,-,1,,v South Africa,Durban,17 Dec 1992,
ODI,V Yadav,DNB,6,-,-,-,-,1,,v South Africa,Durban,17 Dec 1992,
ODI,M Azharuddin,DNB,6,-,-,-,-,1,,v South Africa,East London,19 Dec 1992,
ODI,SV Manjrekar,DNB,6,-,-,-,-,1,,v South Africa,East London,19 Dec 1992,
ODI,SR Tendulkar,DNB,6,-,-,-,-,1,,v South Africa,East London,19 Dec 1992,
ODI,PK Amre,DNB,6,-,-,-,-,1,,v South Africa,East London,19 Dec 1992,
ODI,V Yadav,DNB,6,-,-,-,-,1,,v South Africa,East London,19 Dec 1992,
ODI,NS Sidhu,DNB,6,-,-,-,-,2,,v England,Jaipur,18 Jan 1993,
ODI,M Azharuddin,DNB,6,-,-,-,-,2,,v England,Jaipur,18 Jan 1993,
ODI,SR Tendulkar,DNB,6,-,-,-,-,2,,v England,Jaipur,18 Jan 1993,
ODI,PK Amre,DNB,6,-,-,-,-,2,,v England,Jaipur,18 Jan 1993,
ODI,VG Kambli,DNB,6,-,-,-,-,2,,v England,Jaipur,18 Jan 1993,
ODI,V Yadav,DNB,6,-,-,-,-,2,,v England,Jaipur,18 Jan 1993,
ODI,NS Sidhu,DNB,6,-,-,-,-,1,,v England,Chandigarh,21 Jan 1993,
ODI,M Azharuddin,DNB,6,-,-,-,-,1,,v England,Chandigarh,21 Jan 1993,
ODI,PK Amre,DNB,6,-,-,-,-,1,,v England,Chandigarh,21 Jan 1993,
ODI,VG Kambli,DNB,6,-,-,-,-,1,,v England,Chandigarh,21 Jan 1993,
ODI,V Yadav,DNB,6,-,-,-,-,1,,v England,Chandigarh,21 Jan 1993,
ODI,NS Sidhu,DNB,6,-,-,-,-,1,,v England,Bengaluru,26 Feb 1993,
ODI,M Azharuddin,DNB,6,-,-,-,-,1,,v England,Bengaluru,26 Feb 1993,
ODI,KS More,DNB,6,-,-,-,-,1,,v England,Bengaluru,26 Feb 1993,
ODI,SR Tendulkar,DNB,6,-,-,-,-,1,,v England,Bengaluru,26 Feb 1993,
ODI,PK Amre,DNB,6,-,-,-,-,1,,v England,Bengaluru,26 Feb 1993,
ODI,VG Kambli,DNB,6,-,-,-,-,1,,v England,Bengaluru,26 Feb 1993,
ODI,NS Sidhu,DNB,6,-,-,-,-,2,,v England,Jamshedpur,1 Mar 1993,
ODI,M Azharuddin,DNB,6,-,-,-,-,2,,v England,Jamshedpur,1 Mar 1993,
ODI,KS More,DNB,6,-,-,-,-,2,,v England,Jamshedpur,1 Mar 1993,
ODI,SR Tendulkar,DNB,6,-,-,-,-,2,,v England,Jamshedpur,1 Mar 1993,
ODI,PK Amre,DNB,6,-,-,-,-,2,,v England,Jamshedpur,1 Mar 1993,
ODI,VG Kambli,DNB,6,-,-,-,-,2,,v England,Jamshedpur,1 Mar 1993,
ODI,NS Sidhu,DNB,6,-,-,-,-,1,,v England,Gwalior,4 Mar 1993,
ODI,M Azharuddin,DNB,6,-,-,-,-,1,,v England,Gwalior,4 Mar 1993,
ODI,KS More,DNB,6,-,-,-,-,1,,v England,Gwalior,4 Mar 1993,
ODI,SR Tendulkar,DNB,6,-,-,-,-,1,,v England,Gwalior,4 Mar 1993,
ODI,VG Kambli,DNB,6,-,-,-,-,1,,v England,Gwalior,4 Mar 1993,
ODI,NS Sidhu,DNB,6,-,-,-,-,1,,v England,Gwalior,5 Mar 1993,
ODI,M Azharuddin,DNB,6,-,-,-,-,1,,v England,Gwalior,5 Mar 1993,
ODI,KS More,DNB,6,-,-,-,-,1,,v England,Gwalior,5 Mar 1993,
ODI,AK Sharma,DNB,6,-,-,-,-,1,,v England,Gwalior,5 Mar 1993,
ODI,SR Tendulkar,DNB,6,-,-,-,-,1,,v England,Gwalior,5 Mar 1993,
ODI,VG Kambli,DNB,6,-,-,-,-,1,,v England,Gwalior,5 Mar 1993,
ODI,NS Sidhu,DNB,6,-,-,-,-,2,,v Zimbabwe,Faridabad,19 Mar 1993,
ODI,M Azharuddin,DNB,6,-,-,-,-,2,,v Zimbabwe,Faridabad,19 Mar 1993,
ODI,PK Amre,DNB,6,-,-,-,-,2,,v Zimbabwe,Faridabad,19 Mar 1993,
ODI,VG Kambli,DNB,6,-,-,-,-,2,,v Zimbabwe,Faridabad,19 Mar 1993,
ODI,V Yadav,DNB,6,-,-,-,-,2,,v Zimbabwe,Faridabad,19 Mar 1993,
ODI,NS Sidhu,DNB,6,-,-,-,-,1,,v Zimbabwe,Guwahati,22 Mar 1993,
ODI,M Azharuddin,DNB,6,-,-,-,-,1,,v Zimbabwe,Guwahati,22 Mar 1993,
ODI,SR Tendulkar,DNB,6,-,-,-,-,1,,v Zimbabwe,Guwahati,22 Mar 1993,
ODI,PK Amre,DNB,6,-,-,-,-,1,,v Zimbabwe,Guwahati,22 Mar 1993,
ODI,VG Kambli,DNB,6,-,-,-,-,1,,v Zimbabwe,Guwahati,22 Mar 1993,
ODI,V Yadav,DNB,6,-,-,-,-,1,,v Zimbabwe,Guwahati,22 Mar 1993,
ODI,NS Sidhu,DNB,6,-,-,-,-,1,,v Zimbabwe,Pune,25 Mar 1993,
ODI,M Azharuddin,DNB,6,-,-,-,-,1,,v Zimbabwe,Pune,25 Mar 1993,
ODI,WV Raman,DNB,6,-,-,-,-,1,,v Zimbabwe,Pune,25 Mar 1993,
ODI,VG Kambli,DNB,6,-,-,-,-,1,,v Zimbabwe,Pune,25 Mar 1993,
ODI,V Yadav,DNB,6,-,-,-,-,1,,v Zimbabwe,Pune,25 Mar 1993,
ODI,NS Sidhu,DNB,6,-,-,-,-,2,,v Sri Lanka,Colombo (RPS),25 Jul 1993,
ODI,M Azharuddin,DNB,6,-,-,-,-,2,,v Sri Lanka,Colombo (RPS),25 Jul 1993,
ODI,SR Tendulkar,DNB,6,-,-,-,-,2,,v Sri Lanka,Colombo (RPS),25 Jul 1993,
ODI,PK Amre,DNB,6,-,-,-,-,2,,v Sri Lanka,Colombo (RPS),25 Jul 1993,
ODI,VG Kambli,DNB,6,-,-,-,-,2,,v Sri Lanka,Colombo (RPS),25 Jul 1993,
ODI,V Yadav,DNB,6,-,-,-,-,2,,v Sri Lanka,Colombo (RPS),25 Jul 1993,
ODI,NS Sidhu,DNB,6,-,-,-,-,1,,v Sri Lanka,Colombo (RPS),12 Aug 1993,
ODI,M Azharuddin,DNB,6,-,-,-,-,1,,v Sri Lanka,Colombo (RPS),12 Aug 1993,
ODI,PK Amre,DNB,6,-,-,-,-,1,,v Sri Lanka,Colombo (RPS),12 Aug 1993,
ODI,VG Kambli,DNB,6,-,-,-,-,1,,v Sri Lanka,Colombo (RPS),12 Aug 1993,
ODI,V Yadav,DNB,6,-,-,-,-,1,,v Sri Lanka,Colombo (RPS),12 Aug 1993,
ODI,NS Sidhu,DNB,6,-,-,-,-,2,,v Sri Lanka,Moratuwa,14 Aug 1993,
ODI,M Azharuddin,DNB,6,-,-,-,-,2,,v Sri Lanka,Moratuwa,14 Aug 1993,
ODI,VG Kambli,DNB,6,-,-,-,-,2,,v Sri Lanka,Moratuwa,14 Aug 1993,
ODI,V Yadav,DNB,6,-,-,-,-,2,,v Sri Lanka,Moratuwa,14 Aug 1993,
ODI,M Azharuddin,DNB,6,-,-,-,-,1,,v Sri Lanka,Kanpur,7 Nov 1993,
ODI,WV Raman,DNB,6,-,-,-,-,1,,v Sri Lanka,Kanpur,7 Nov 1993,
ODI,VG Kambli,DNB,6,-,-,-,-,1,,v Sri Lanka,Kanpur,7 Nov 1993,
ODI,V Yadav,DNB,6,-,-,-,-,1,,v Sri Lanka,Kanpur,7 Nov 1993,
ODI,M Azharuddin,DNB,6,-,-,-,-,1,,v West Indies,Ahmedabad,16 Nov 1993,
ODI,WV Raman,DNB,6,-,-,-,-,1,,v West Indies,Ahmedabad,16 Nov 1993,
ODI,AK Sharma,DNB,6,-,-,-,-,1,,v West Indies,Ahmedabad,16 Nov 1993,
ODI,VG Kambli,DNB,6,-,-,-,-,1,,v West Indies,Ahmedabad,16 Nov 1993,
ODI,V Yadav,DNB,6,-,-,-,-,1,,v West Indies,Ahmedabad,16 Nov 1993,
ODI,M Azharuddin,DNB,6,-,-,-,-,2,,v Zimbabwe,Indore,18 Nov 1993,
ODI,WV Raman,DNB,6,-,-,-,-,2,,v Zimbabwe,Indore,18 Nov 1993,
ODI,PK Amre,DNB,6,-,-,-,-,2,,v Zimbabwe,Indore,18 Nov 1993,
ODI,VG Kambli,DNB,6,-,-,-,-,2,,v Zimbabwe,Indore,18 Nov 1993,
ODI,V Yadav,DNB,6,-,-,-,-,2,,v Zimbabwe,Indore,18 Nov 1993,
ODI,M Azharuddin,DNB,6,-,-,-,-,2,,v South Africa,Mohali,22 Nov 1993,
ODI,SR Tendulkar,DNB,6,-,-,-,-,2,,v South Africa,Mohali,22 Nov 1993,
ODI,PK Amre,DNB,6,-,-,-,-,2,,v South Africa,Mohali,22 Nov 1993,
ODI,VG Kambli,DNB,6,-,-,-,-,2,,v South Africa,Mohali,22 Nov 1993,
ODI,V Yadav,DNB,6,-,-,-,-,2,,v South Africa,Mohali,22 Nov 1993,
ODI,M Azharuddin,DNB,6,-,-,-,-,2,,v South Africa,Eden Gardens,24 Nov 1993,
ODI,PK Amre,DNB,6,-,-,-,-,2,,v South Africa,Eden Gardens,24 Nov 1993,
ODI,VG Kambli,DNB,6,-,-,-,-,2,,v South Africa,Eden Gardens,24 Nov 1993,
ODI,V Yadav,DNB,6,-,-,-,-,2,,v South Africa,Eden Gardens,24 Nov 1993,
ODI,M Azharuddin,DNB,6,-,-,-,-,2,,v West Indies,Eden Gardens,27 Nov 1993,
ODI,PK Amre,DNB,6,-,-,-,-,2,,v West Indies,Eden Gardens,27 Nov 1993,
ODI,VG Kambli,DNB,6,-,-,-,-,2,,v West Indies,Eden Gardens,27 Nov 1993,
ODI,V Yadav,DNB,6,-,-,-,-,2,,v West Indies,Eden Gardens,27 Nov 1993,
ODI,NS Sidhu,DNB,6,-,-,-,-,2,,v Sri Lanka,Rajkot,15 Feb 1994,
ODI,M Azharuddin,DNB,6,-,-,-,-,2,,v Sri Lanka,Rajkot,15 Feb 1994,
ODI,PK Amre,DNB,6,-,-,-,-,2,,v Sri Lanka,Rajkot,15 Feb 1994,
ODI,VG Kambli,DNB,6,-,-,-,-,2,,v Sri Lanka,Rajkot,15 Feb 1994,
ODI,NR Mongia,DNB,6,-,-,-,-,2,,v Sri Lanka,Rajkot,15 Feb 1994,
ODI,NS Sidhu,DNB,6,-,-,-,-,1,,v Sri Lanka,Hyderabad (Deccan),18 Feb 1994,
ODI,M Azharuddin,DNB,6,-,-,-,-,1,,v Sri Lanka,Hyderabad (Deccan),18 Feb 1994,
ODI,PK Amre,DNB,6,-,-,-,-,1,,v Sri Lanka,Hyderabad (Deccan),18 Feb 1994,
ODI,VG Kambli,DNB,6,-,-,-,-,1,,v Sri Lanka,Hyderabad (Deccan),18 Feb 1994,
ODI,NR Mongia,DNB,6,-,-,-,-,1,,v Sri Lanka,Hyderabad (Deccan),18 Feb 1994,
ODI,NS Sidhu,DNB,6,-,-,-,-,2,,v Sri Lanka,Jalandhar,20 Feb 1994,
ODI,M Azharuddin,DNB,6,-,-,-,-,2,,v Sri Lanka,Jalandhar,20 Feb 1994,
ODI,PK Amre,DNB,6,-,-,-,-,2,,v Sri Lanka,Jalandhar,20 Feb 1994,
ODI,A Jadeja,DNB,6,-,-,-,-,2,,v Sri Lanka,Jalandhar,20 Feb 1994,
ODI,VG Kambli,DNB,6,-,-,-,-,2,,v Sri Lanka,Jalandhar,20 Feb 1994,
ODI,NR Mongia,DNB,6,-,-,-,-,2,,v Sri Lanka,Jalandhar,20 Feb 1994,
ODI,NS Sidhu,DNB,6,-,-,-,-,1,,v New Zealand,Napier,25 Mar 1994,
ODI,M Azharuddin,DNB,6,-,-,-,-,1,,v New Zealand,Napier,25 Mar 1994,
ODI,SV Manjrekar,DNB,6,-,-,-,-,1,,v New Zealand,Napier,25 Mar 1994,
ODI,VG Kambli,DNB,6,-,-,-,-,1,,v New Zealand,Napier,25 Mar 1994,
ODI,NR Mongia,DNB,6,-,-,-,-,1,,v New Zealand,Napier,25 Mar 1994,
ODI,M Azharuddin,DNB,6,-,-,-,-,1,,v New Zealand,Auckland,27 Mar 1994,
ODI,SV Manjrekar,DNB,6,-,-,-,-,1,,v New Zealand,Auckland,27 Mar 1994,
ODI,SR Tendulkar,DNB,6,-,-,-,-,1,,v New Zealand,Auckland,27 Mar 1994,
ODI,VG Kambli,DNB,6,-,-,-,-,1,,v New Zealand,Auckland,27 Mar 1994,
ODI,NR Mongia,DNB,6,-,-,-,-,1,,v New Zealand,Auckland,27 Mar 1994,
ODI,NS Sidhu,DNB,6,-,-,-,-,2,,v New Zealand,Wellington,30 Mar 1994,
ODI,M Azharuddin,DNB,6,-,-,-,-,2,,v New Zealand,Wellington,30 Mar 1994,
ODI,VG Kambli,DNB,6,-,-,-,-,2,,v New Zealand,Wellington,30 Mar 1994,
ODI,NR Mongia,DNB,6,-,-,-,-,2,,v New Zealand,Wellington,30 Mar 1994,
ODI,NS Sidhu,DNB,6,-,-,-,-,2,,v New Zealand,Christchurch,2 Apr 1994,
ODI,M Azharuddin,DNB,6,-,-,-,-,2,,v New Zealand,Christchurch,2 Apr 1994,
ODI,A Jadeja,DNB,6,-,-,-,-,2,,v New Zealand,Christchurch,2 Apr 1994,
ODI,VG Kambli,DNB,6,-,-,-,-,2,,v New Zealand,Christchurch,2 Apr 1994,
ODI,NR Mongia,DNB,6,-,-,-,-,2,,v New Zealand,Christchurch,2 Apr 1994,
ODI,NS Sidhu,DNB,6,-,-,-,-,2,,v U.A.E.,Sharjah,13 Apr 1994,
ODI,M Azharuddin,DNB,6,-,-,-,-,2,,v U.A.E.,Sharjah,13 Apr 1994,
ODI,VG Kambli,DNB,6,-,-,-,-,2,,v U.A.E.,Sharjah,13 Apr 1994,
ODI,NR Mongia,DNB,6,-,-,-,-,2,,v U.A.E.,Sharjah,13 Apr 1994,
ODI,AC Bedade,DNB,6,-,-,-,-,2,,v U.A.E.,Sharjah,13 Apr 1994,
ODI,NS Sidhu,DNB,6,-,-,-,-,2,,v Pakistan,Sharjah,15 Apr 1994,
ODI,M Azharuddin,DNB,6,-,-,-,-,2,,v Pakistan,Sharjah,15 Apr 1994,
ODI,VG Kambli,DNB,6,-,-,-,-,2,,v Pakistan,Sharjah,15 Apr 1994,
ODI,NR Mongia,DNB,6,-,-,-,-,2,,v Pakistan,Sharjah,15 Apr 1994,
ODI,AC Bedade,DNB,6,-,-,-,-,2,,v Pakistan,Sharjah,15 Apr 1994,
ODI,NS Sidhu,DNB,6,-,-,-,-,1,,v Australia,Sharjah,19 Apr 1994,
ODI,M Azharuddin,DNB,6,-,-,-,-,1,,v Australia,Sharjah,19 Apr 1994,
ODI,VG Kambli,DNB,6,-,-,-,-,1,,v Australia,Sharjah,19 Apr 1994,
ODI,NR Mongia,DNB,6,-,-,-,-,1,,v Australia,Sharjah,19 Apr 1994,
ODI,AC Bedade,DNB,6,-,-,-,-,1,,v Australia,Sharjah,19 Apr 1994,
ODI,NS Sidhu,DNB,6,-,-,-,-,1,,v Pakistan,Sharjah,22 Apr 1994,
ODI,M Azharuddin,DNB,6,-,-,-,-,1,,v Pakistan,Sharjah,22 Apr 1994,
ODI,VG Kambli,DNB,6,-,-,-,-,1,,v Pakistan,Sharjah,22 Apr 1994,
ODI,NR Mongia,DNB,6,-,-,-,-,1,,v Pakistan,Sharjah,22 Apr 1994,
ODI,AC Bedade,DNB,6,-,-,-,-,1,,v Pakistan,Sharjah,22 Apr 1994,
ODI,N Kapil Dev,TDNB,6,-,-,-,-,-,,v Sri Lanka,Colombo (RPS),4 Sep 1994,
ODI,NS Sidhu,TDNB,6,-,-,-,-,-,,v Sri Lanka,Colombo (RPS),4 Sep 1994,
ODI,M Prabhakar,TDNB,6,-,-,-,-,-,,v Sri Lanka,Colombo (RPS),4 Sep 1994,
ODI,M Azharuddin,TDNB,6,-,-,-,-,-,,v Sri Lanka,Colombo (RPS),4 Sep 1994,
ODI,SR Tendulkar,TDNB,6,-,-,-,-,-,,v Sri Lanka,Colombo (RPS),4 Sep 1994,
ODI,A Kumble,TDNB,6,-,-,-,-,-,,v Sri Lanka,Colombo (RPS),4 Sep 1994,
ODI,J Srinath,TDNB,6,-,-,-,-,-,,v Sri Lanka,Colombo (RPS),4 Sep 1994,
ODI,RK Chauhan,TDNB,6,-,-,-,-,-,,v Sri Lanka,Colombo (RPS),4 Sep 1994,
ODI,VG Kambli,TDNB,6,-,-,-,-,-,,v Sri Lanka,Colombo (RPS),4 Sep 1994,
ODI,NR Mongia,TDNB,6,-,-,-,-,-,,v Sri Lanka,Colombo (RPS),4 Sep 1994,
ODI,AC Bedade,TDNB,6,-,-,-,-,-,,v Sri Lanka,Colombo (RPS),4 Sep 1994,
ODI,NS Sidhu,DNB,6,-,-,-,-,2,,v Sri Lanka,Colombo (RPS),5 Sep 1994,
ODI,M Azharuddin,DNB,6,-,-,-,-,2,,v Sri Lanka,Colombo (RPS),5 Sep 1994,
ODI,VG Kambli,DNB,6,-,-,-,-,2,,v Sri Lanka,Colombo (RPS),5 Sep 1994,
ODI,NR Mongia,DNB,6,-,-,-,-,2,,v Sri Lanka,Colombo (RPS),5 Sep 1994,
ODI,AC Bedade,DNB,6,-,-,-,-,2,,v Sri Lanka,Colombo (RPS),5 Sep 1994,
ODI,NS Sidhu,DNB,6,-,-,-,-,2,,v Australia,Colombo (RPS),9 Sep 1994,
ODI,M Azharuddin,DNB,6,-,-,-,-,2,,v Australia,Colombo (RPS),9 Sep 1994,
ODI,VG Kambli,DNB,6,-,-,-,-,2,,v Australia,Colombo (RPS),9 Sep 1994,
ODI,NR Mongia,DNB,6,-,-,-,-,2,,v Australia,Colombo (RPS),9 Sep 1994,
ODI,AC Bedade,DNB,6,-,-,-,-,2,,v Australia,Colombo (RPS),9 Sep 1994,
ODI,NS Sidhu,DNB,6,-,-,-,-,1,,v Sri Lanka,Colombo (SSC),17 Sep 1994,
ODI,M Azharuddin,DNB,6,-,-,-,-,1,,v Sri Lanka,Colombo (SSC),17 Sep 1994,
ODI,SR Tendulkar,DNB,6,-,-,-,-,1,,v Sri Lanka,Colombo (SSC),17 Sep 1994,
ODI,VG Kambli,DNB,6,-,-,-,-,1,,v Sri Lanka,Colombo (SSC),17 Sep 1994,
ODI,NR Mongia,DNB,6,-,-,-,-,1,,v Sri Lanka,Colombo (SSC),17 Sep 1994,
ODI,AC Bedade,DNB,6,-,-,-,-,1,,v Sri Lanka,Colombo (SSC),17 Sep 1994,
ODI,NS Sidhu,DNB,6,-,-,-,-,1,,v West Indies,Faridabad,17 Oct 1994,
ODI,M Azharuddin,DNB,6,-,-,-,-,1,,v West Indies,Faridabad,17 Oct 1994,
ODI,VG Kambli,DNB,6,-,-,-,-,1,,v West Indies,Faridabad,17 Oct 1994,
ODI,NR Mongia,DNB,6,-,-,-,-,1,,v West Indies,Faridabad,17 Oct 1994,
ODI,AC Bedade,DNB,6,-,-,-,-,1,,v West Indies,Faridabad,17 Oct 1994,
ODI,NS Sidhu,DNB,6,-,-,-,-,1,,v West Indies,Wankhede,20 Oct 1994,
ODI,M Azharuddin,DNB,6,-,-,-,-,1,,v West Indies,Wankhede,20 Oct 1994,
ODI,SR Tendulkar,DNB,6,-,-,-,-,1,,v West Indies,Wankhede,20 Oct 1994,
ODI,VG Kambli,DNB,6,-,-,-,-,1,,v West Indies,Wankhede,20 Oct 1994,
ODI,NR Mongia,DNB,6,-,-,-,-,1,,v West Indies,Wankhede,20 Oct 1994,
ODI,AC Bedade,DNB,6,-,-,-,-,1,,v West Indies,Wankhede,20 Oct 1994,
ODI,NS Sidhu,DNB,6,-,-,-,-,1,,v West Indies,Chennai,23 Oct 1994,
ODI,M Azharuddin,DNB,6,-,-,-,-,1,,v West Indies,Chennai,23 Oct 1994,
ODI,A Jadeja,DNB,6,-,-,-,-,1,,v West Indies,Chennai,23 Oct 1994,
ODI,VG Kambli,DNB,6,-,-,-,-,1,,v West Indies,Chennai,23 Oct 1994,
ODI,NR Mongia,DNB,6,-,-,-,-,1,,v West Indies,Chennai,23 Oct 1994,
ODI,NS Sidhu,DNB,6,-,-,-,-,1,,v New Zealand,Vadodara,28 Oct 1994,
ODI,M Azharuddin,DNB,6,-,-,-,-,1,,v New Zealand,Vadodara,28 Oct 1994,
ODI,A Jadeja,DNB,6,-,-,-,-,1,,v New Zealand,Vadodara,28 Oct 1994,
ODI,VG Kambli,DNB,6,-,-,-,-,1,,v New Zealand,Vadodara,28 Oct 1994,
ODI,NR Mongia,DNB,6,-,-,-,-,1,,v New Zealand,Vadodara,28 Oct 1994,
ODI,NS Sidhu,DNB,6,-,-,-,-,1,,v West Indies,Kanpur,30 Oct 1994,
ODI,M Azharuddin,DNB,6,-,-,-,-,1,,v West Indies,Kanpur,30 Oct 1994,
ODI,A Jadeja,DNB,6,-,-,-,-,1,,v West Indies,Kanpur,30 Oct 1994,
ODI,VG Kambli,DNB,6,-,-,-,-,1,,v West Indies,Kanpur,30 Oct 1994,
ODI,NR Mongia,DNB,6,-,-,-,-,1,,v West Indies,Kanpur,30 Oct 1994,
ODI,NS Sidhu,DNB,6,-,-,-,-,2,,v New Zealand,Delhi,3 Nov 1994,
ODI,M Azharuddin,DNB,6,-,-,-,-,2,,v New Zealand,Delhi,3 Nov 1994,
ODI,A Jadeja,DNB,6,-,-,-,-,2,,v New Zealand,Delhi,3 Nov 1994,
ODI,V Yadav,DNB,6,-,-,-,-,2,,v New Zealand,Delhi,3 Nov 1994,
ODI,NS Sidhu,DNB,6,-,-,-,-,2,,v West Indies,Eden Gardens,5 Nov 1994,
ODI,M Azharuddin,DNB,6,-,-,-,-,2,,v West Indies,Eden Gardens,5 Nov 1994,
ODI,VG Kambli,DNB,6,-,-,-,-,2,,v West Indies,Eden Gardens,5 Nov 1994,
ODI,V Yadav,DNB,6,-,-,-,-,2,,v West Indies,Eden Gardens,5 Nov 1994,
ODI,AC Bedade,DNB,6,-,-,-,-,2,,v West Indies,Eden Gardens,5 Nov 1994,
ODI,NS Sidhu,DNB,6,-,-,-,-,2,,v West Indies,Visakhapatnam,7 Nov 1994,
ODI,M Azharuddin,DNB,6,-,-,-,-,2,,v West Indies,Visakhapatnam,7 Nov 1994,
ODI,A Jadeja,DNB,6,-,-,-,-,2,,v West Indies,Visakhapatnam,7 Nov 1994,
ODI,VG Kambli,DNB,6,-,-,-,-,2,,v West Indies,Visakhapatnam,7 Nov 1994,
ODI,NR Mongia,DNB,6,-,-,-,-,2,,v West Indies,Visakhapatnam,7 Nov 1994,
ODI,M Azharuddin,DNB,6,-,-,-,-,1,,v West Indies,Cuttack,9 Nov 1994,
ODI,VG Kambli,DNB,6,-,-,-,-,1,,v West Indies,Cuttack,9 Nov 1994,
ODI,NR Mongia,DNB,6,-,-,-,-,1,,v West Indies,Cuttack,9 Nov 1994,
ODI,AC Bedade,DNB,6,-,-,-,-,1,,v West Indies,Cuttack,9 Nov 1994,
ODI,M Azharuddin,DNB,6,-,-,-,-,2,,v West Indies,Jaipur,11 Nov 1994,
ODI,A Jadeja,DNB,6,-,-,-,-,2,,v West Indies,Jaipur,11 Nov 1994,
ODI,VG Kambli,DNB,6,-,-,-,-,2,,v West Indies,Jaipur,11 Nov 1994,
ODI,NR Mongia,DNB,6,-,-,-,-,2,,v West Indies,Jaipur,11 Nov 1994,
ODI,AC Bedade,DNB,6,-,-,-,-,2,,v West Indies,Jaipur,11 Nov 1994,
ODI,NS Sidhu,DNB,6,-,-,-,-,2,,v New Zealand,Napier,16 Feb 1995,
ODI,M Azharuddin,DNB,6,-,-,-,-,2,,v New Zealand,Napier,16 Feb 1995,
ODI,SR Tendulkar,DNB,6,-,-,-,-,2,,v New Zealand,Napier,16 Feb 1995,
ODI,A Jadeja,DNB,6,-,-,-,-,2,,v New Zealand,Napier,16 Feb 1995,
ODI,VG Kambli,DNB,6,-,-,-,-,2,,v New Zealand,Napier,16 Feb 1995,
ODI,NR Mongia,DNB,6,-,-,-,-,2,,v New Zealand,Napier,16 Feb 1995,
ODI,NS Sidhu,DNB,6,-,-,-,-,1,,v South Africa,Hamilton,18 Feb 1995,
ODI,M Azharuddin,DNB,6,-,-,-,-,1,,v South Africa,Hamilton,18 Feb 1995,
ODI,A Jadeja,DNB,6,-,-,-,-,1,,v South Africa,Hamilton,18 Feb 1995,
ODI,VG Kambli,DNB,6,-,-,-,-,1,,v South Africa,Hamilton,18 Feb 1995,
ODI,NR Mongia,DNB,6,-,-,-,-,1,,v South Africa,Hamilton,18 Feb 1995,
ODI,NS Sidhu,DNB,6,-,-,-,-,1,,v Australia,Dunedin,22 Feb 1995,
ODI,M Azharuddin,DNB,6,-,-,-,-,1,,v Australia,Dunedin,22 Feb 1995,
ODI,SV Manjrekar,DNB,6,-,-,-,-,1,,v Australia,Dunedin,22 Feb 1995,
ODI,VG Kambli,DNB,6,-,-,-,-,1,,v Australia,Dunedin,22 Feb 1995,
ODI,NR Mongia,DNB,6,-,-,-,-,1,,v Australia,Dunedin,22 Feb 1995,
ODI,NS Sidhu,DNB,6,-,-,-,-,1,,v Bangladesh,Sharjah,5 Apr 1995,
ODI,M Azharuddin,DNB,6,-,-,-,-,1,,v Bangladesh,Sharjah,5 Apr 1995,
ODI,SV Manjrekar,DNB,6,-,-,-,-,1,,v Bangladesh,Sharjah,5 Apr 1995,
ODI,SR Tendulkar,DNB,6,-,-,-,-,1,,v Bangladesh,Sharjah,5 Apr 1995,
ODI,VG Kambli,DNB,6,-,-,-,-,1,,v Bangladesh,Sharjah,5 Apr 1995,
ODI,NR Mongia,DNB,6,-,-,-,-,1,,v Bangladesh,Sharjah,5 Apr 1995,
ODI,NS Sidhu,DNB,6,-,-,-,-,1,,v Pakistan,Sharjah,7 Apr 1995,
ODI,M Azharuddin,DNB,6,-,-,-,-,1,,v Pakistan,Sharjah,7 Apr 1995,
ODI,SV Manjrekar,DNB,6,-,-,-,-,1,,v Pakistan,Sharjah,7 Apr 1995,
ODI,VG Kambli,DNB,6,-,-,-,-,1,,v Pakistan,Sharjah,7 Apr 1995,
ODI,NR Mongia,DNB,6,-,-,-,-,1,,v Pakistan,Sharjah,7 Apr 1995,
ODI,NS Sidhu,DNB,6,-,-,-,-,1,,v Sri Lanka,Sharjah,9 Apr 1995,
ODI,M Azharuddin,DNB,6,-,-,-,-,1,,v Sri Lanka,Sharjah,9 Apr 1995,
ODI,SV Manjrekar,DNB,6,-,-,-,-,1,,v Sri Lanka,Sharjah,9 Apr 1995,
ODI,SR Tendulkar,DNB,6,-,-,-,-,1,,v Sri Lanka,Sharjah,9 Apr 1995,
ODI,A Jadeja,DNB,6,-,-,-,-,1,,v Sri Lanka,Sharjah,9 Apr 1995,
ODI,NR Mongia,DNB,6,-,-,-,-,1,,v Sri Lanka,Sharjah,9 Apr 1995,
ODI,NS Sidhu,DNB,6,-,-,-,-,1,,v Sri Lanka,Sharjah,14 Apr 1995,
ODI,M Azharuddin,DNB,6,-,-,-,-,1,,v Sri Lanka,Sharjah,14 Apr 1995,
ODI,SV Manjrekar,DNB,6,-,-,-,-,1,,v Sri Lanka,Sharjah,14 Apr 1995,
ODI,A Jadeja,DNB,6,-,-,-,-,1,,v Sri Lanka,Sharjah,14 Apr 1995,
ODI,NR Mongia,DNB,6,-,-,-,-,1,,v Sri Lanka,Sharjah,14 Apr 1995,
ODI,NS Sidhu,DNB,6,-,-,-,-,2,,v New Zealand,Jamshedpur,15 Nov 1995,
ODI,M Azharuddin,DNB,6,-,-,-,-,2,,v New Zealand,Jamshedpur,15 Nov 1995,
ODI,A Jadeja,DNB,6,-,-,-,-,2,,v New Zealand,Jamshedpur,15 Nov 1995,
ODI,VG Kambli,DNB,6,-,-,-,-,2,,v New Zealand,Jamshedpur,15 Nov 1995,
ODI,NR Mongia,DNB,6,-,-,-,-,2,,v New Zealand,Jamshedpur,15 Nov 1995,
ODI,NS Sidhu,DNB,6,-,-,-,-,1,,v New Zealand,Amritsar,18 Nov 1995,
ODI,M Azharuddin,DNB,6,-,-,-,-,1,,v New Zealand,Amritsar,18 Nov 1995,
ODI,SV Manjrekar,DNB,6,-,-,-,-,1,,v New Zealand,Amritsar,18 Nov 1995,
ODI,A Jadeja,DNB,6,-,-,-,-,1,,v New Zealand,Amritsar,18 Nov 1995,
ODI,NR Mongia,DNB,6,-,-,-,-,1,,v New Zealand,Amritsar,18 Nov 1995,
ODI,M Azharuddin,DNB,6,-,-,-,-,1,,v New Zealand,Pune,24 Nov 1995,
ODI,SV Manjrekar,DNB,6,-,-,-,-,1,,v New Zealand,Pune,24 Nov 1995,
ODI,A Jadeja,DNB,6,-,-,-,-,1,,v New Zealand,Pune,24 Nov 1995,
ODI,VG Kambli,DNB,6,-,-,-,-,1,,v New Zealand,Pune,24 Nov 1995,
ODI,NR Mongia,DNB,6,-,-,-,-,1,,v New Zealand,Pune,24 Nov 1995,
ODI,M Azharuddin,DNB,6,-,-,-,-,1,,v New Zealand,Nagpur,26 Nov 1995,
ODI,SV Manjrekar,DNB,6,-,-,-,-,1,,v New Zealand,Nagpur,26 Nov 1995,
ODI,VG Kambli,DNB,6,-,-,-,-,1,,v New Zealand,Nagpur,26 Nov 1995,
ODI,NR Mongia,DNB,6,-,-,-,-,1,,v New Zealand,Nagpur,26 Nov 1995,
ODI,M Azharuddin,DNB,6,-,-,-,-,1,,v New Zealand,Brabourne,29 Nov 1995,
ODI,SV Manjrekar,DNB,6,-,-,-,-,1,,v New Zealand,Brabourne,29 Nov 1995,
ODI,SR Tendulkar,DNB,6,-,-,-,-,1,,v New Zealand,Brabourne,29 Nov 1995,
ODI,A Jadeja,DNB,6,-,-,-,-,1,,v New Zealand,Brabourne,29 Nov 1995,
ODI,VG Kambli,DNB,6,-,-,-,-,1,,v New Zealand,Brabourne,29 Nov 1995,
ODI,NR Mongia,DNB,6,-,-,-,-,1,,v New Zealand,Brabourne,29 Nov 1995,
ODI,NS Sidhu,DNB,6,-,-,-,-,1,,v Kenya,Cuttack,18 Feb 1996,
ODI,M Azharuddin,DNB,6,-,-,-,-,1,,v Kenya,Cuttack,18 Feb 1996,
ODI,A Jadeja,DNB,6,-,-,-,-,1,,v Kenya,Cuttack,18 Feb 1996,
ODI,VG Kambli,DNB,6,-,-,-,-,1,,v Kenya,Cuttack,18 Feb 1996,
ODI,NR Mongia,DNB,6,-,-,-,-,1,,v Kenya,Cuttack,18 Feb 1996,
ODI,NS Sidhu,DNB,6,-,-,-,-,1,,v West Indies,Gwalior,21 Feb 1996,
ODI,M Azharuddin,DNB,6,-,-,-,-,1,,v West Indies,Gwalior,21 Feb 1996,
ODI,SR Tendulkar,DNB,6,-,-,-,-,1,,v West Indies,Gwalior,21 Feb 1996,
ODI,A Jadeja,DNB,6,-,-,-,-,1,,v West Indies,Gwalior,21 Feb 1996,
ODI,VG Kambli,DNB,6,-,-,-,-,1,,v West Indies,Gwalior,21 Feb 1996,
ODI,NR Mongia,DNB,6,-,-,-,-,1,,v West Indies,Gwalior,21 Feb 1996,
ODI,M Azharuddin,DNB,6,-,-,-,-,1,,v Australia,Wankhede,27 Feb 1996,
ODI,SV Manjrekar,DNB,6,-,-,-,-,1,,v Australia,Wankhede,27 Feb 1996,
ODI,SR Tendulkar,DNB,6,-,-,-,-,1,,v Australia,Wankhede,27 Feb 1996,
ODI,A Jadeja,DNB,6,-,-,-,-,1,,v Australia,Wankhede,27 Feb 1996,
ODI,VG Kambli,DNB,6,-,-,-,-,1,,v Australia,Wankhede,27 Feb 1996,
ODI,NR Mongia,DNB,6,-,-,-,-,1,,v Australia,Wankhede,27 Feb 1996,
ODI,M Azharuddin,DNB,6,-,-,-,-,2,,v Sri Lanka,Delhi,2 Mar 1996,
ODI,SV Manjrekar,DNB,6,-,-,-,-,2,,v Sri Lanka,Delhi,2 Mar 1996,
ODI,A Jadeja,DNB,6,-,-,-,-,2,,v Sri Lanka,Delhi,2 Mar 1996,
ODI,VG Kambli,DNB,6,-,-,-,-,2,,v Sri Lanka,Delhi,2 Mar 1996,
ODI,NR Mongia,DNB,6,-,-,-,-,2,,v Sri Lanka,Delhi,2 Mar 1996,
ODI,NS Sidhu,DNB,6,-,-,-,-,2,,v Zimbabwe,Kanpur,6 Mar 1996,
ODI,M Azharuddin,DNB,6,-,-,-,-,2,,v Zimbabwe,Kanpur,6 Mar 1996,
ODI,SV Manjrekar,DNB,6,-,-,-,-,2,,v Zimbabwe,Kanpur,6 Mar 1996,
ODI,VG Kambli,DNB,6,-,-,-,-,2,,v Zimbabwe,Kanpur,6 Mar 1996,
ODI,NR Mongia,DNB,6,-,-,-,-,2,,v Zimbabwe,Kanpur,6 Mar 1996,
ODI,NS Sidhu,DNB,6,-,-,-,-,2,,v Pakistan,Bengaluru,9 Mar 1996,
ODI,M Azharuddin,DNB,6,-,-,-,-,2,,v Pakistan,Bengaluru,9 Mar 1996,
ODI,SV Manjrekar,DNB,6,-,-,-,-,2,,v Pakistan,Bengaluru,9 Mar 1996,
ODI,VG Kambli,DNB,6,-,-,-,-,2,,v Pakistan,Bengaluru,9 Mar 1996,
ODI,NR Mongia,DNB,6,-,-,-,-,2,,v Pakistan,Bengaluru,9 Mar 1996,
ODI,NS Sidhu,DNB,6,-,-,-,-,1,,v Sri Lanka,Eden Gardens,13 Mar 1996,
ODI,M Azharuddin,DNB,6,-,-,-,-,1,,v Sri Lanka,Eden Gardens,13 Mar 1996,
ODI,SV Manjrekar,DNB,6,-,-,-,-,1,,v Sri Lanka,Eden Gardens,13 Mar 1996,
ODI,VG Kambli,DNB,6,-,-,-,-,1,,v Sri Lanka,Eden Gardens,13 Mar 1996,
ODI,NR Mongia,DNB,6,-,-,-,-,1,,v Sri Lanka,Eden Gardens,13 Mar 1996,
ODI,NS Sidhu,DNB,6,-,-,-,-,2,,v Sri Lanka,Singapore,3 Apr 1996,
ODI,M Azharuddin,DNB,6,-,-,-,-,2,,v Sri Lanka,Singapore,3 Apr 1996,
ODI,SV Manjrekar,DNB,6,-,-,-,-,2,,v Sri Lanka,Singapore,3 Apr 1996,
ODI,NR Mongia,DNB,6,-,-,-,-,2,,v Sri Lanka,Singapore,3 Apr 1996,
ODI,R Dravid,DNB,6,-,-,-,-,2,,v Sri Lanka,Singapore,3 Apr 1996,
ODI,NS Sidhu,DNB,6,-,-,-,-,2,,v Pakistan,Singapore,5 Apr 1996,
ODI,M Azharuddin,DNB,6,-,-,-,-,2,,v Pakistan,Singapore,5 Apr 1996,
ODI,SV Manjrekar,DNB,6,-,-,-,-,2,,v Pakistan,Singapore,5 Apr 1996,
ODI,A Jadeja,DNB,6,-,-,-,-,2,,v Pakistan,Singapore,5 Apr 1996,
ODI,NR Mongia,DNB,6,-,-,-,-,2,,v Pakistan,Singapore,5 Apr 1996,
ODI,R Dravid,DNB,6,-,-,-,-,2,,v Pakistan,Singapore,5 Apr 1996,
ODI,NS Sidhu,DNB,6,-,-,-,-,1,,v Pakistan,Sharjah,12 Apr 1996,
ODI,SV Manjrekar,DNB,6,-,-,-,-,1,,v Pakistan,Sharjah,12 Apr 1996,
ODI,A Jadeja,DNB,6,-,-,-,-,1,,v Pakistan,Sharjah,12 Apr 1996,
ODI,NR Mongia,DNB,6,-,-,-,-,1,,v Pakistan,Sharjah,12 Apr 1996,
ODI,R Dravid,DNB,6,-,-,-,-,1,,v Pakistan,Sharjah,12 Apr 1996,
ODI,NS Sidhu,DNB,6,-,-,-,-,1,,v South Africa,Sharjah,14 Apr 1996,
ODI,M Azharuddin,DNB,6,-,-,-,-,1,,v South Africa,Sharjah,14 Apr 1996,
ODI,SV Manjrekar,DNB,6,-,-,-,-,1,,v South Africa,Sharjah,14 Apr 1996,
ODI,NR Mongia,DNB,6,-,-,-,-,1,,v South Africa,Sharjah,14 Apr 1996,
ODI,R Dravid,DNB,6,-,-,-,-,1,,v South Africa,Sharjah,14 Apr 1996,
ODI,NS Sidhu,DNB,6,-,-,-,-,2,,v Pakistan,Sharjah,15 Apr 1996,
ODI,M Azharuddin,DNB,6,-,-,-,-,2,,v Pakistan,Sharjah,15 Apr 1996,
ODI,SV Manjrekar,DNB,6,-,-,-,-,2,,v Pakistan,Sharjah,15 Apr 1996,
ODI,NR Mongia,DNB,6,-,-,-,-,2,,v Pakistan,Sharjah,15 Apr 1996,
ODI,V Rathour,DNB,6,-,-,-,-,2,,v Pakistan,Sharjah,15 Apr 1996,
ODI,M Azharuddin,DNB,6,-,-,-,-,2,,v South Africa,Sharjah,17 Apr 1996,
ODI,SV Manjrekar,DNB,6,-,-,-,-,2,,v South Africa,Sharjah,17 Apr 1996,
ODI,SR Tendulkar,DNB,6,-,-,-,-,2,,v South Africa,Sharjah,17 Apr 1996,
ODI,NR Mongia,DNB,6,-,-,-,-,2,,v South Africa,Sharjah,17 Apr 1996,
ODI,V Rathour,DNB,6,-,-,-,-,2,,v South Africa,Sharjah,17 Apr 1996,
ODI,NS Sidhu,DNB,6,-,-,-,-,1,,v South Africa,Sharjah,19 Apr 1996,
ODI,M Azharuddin,DNB,6,-,-,-,-,1,,v South Africa,Sharjah,19 Apr 1996,
ODI,SV Manjrekar,DNB,6,-,-,-,-,1,,v South Africa,Sharjah,19 Apr 1996,
ODI,NR Mongia,DNB,6,-,-,-,-,1,,v South Africa,Sharjah,19 Apr 1996,
ODI,V Rathour,DNB,6,-,-,-,-,1,,v South Africa,Sharjah,19 Apr 1996,
ODI,NS Sidhu,DNB,6,-,-,-,-,1,,v England,The Oval,23 May 1996,
ODI,M Azharuddin,DNB,6,-,-,-,-,1,,v England,The Oval,23 May 1996,
ODI,SV Manjrekar,DNB,6,-,-,-,-,1,,v England,The Oval,23 May 1996,
ODI,NR Mongia,DNB,6,-,-,-,-,1,,v England,The Oval,23 May 1996,
ODI,V Rathour,DNB,6,-,-,-,-,1,,v England,The Oval,23 May 1996,
ODI,NS Sidhu,DNB,6,-,-,-,-,2,,v England,Leeds,25 May 1996,
ODI,M Azharuddin,DNB,6,-,-,-,-,2,,v England,Leeds,25 May 1996,
ODI,NR Mongia,DNB,6,-,-,-,-,2,,v England,Leeds,25 May 1996,
ODI,V Rathour,DNB,6,-,-,-,-,2,,v England,Leeds,25 May 1996,
ODI,M Azharuddin,DNB,6,-,-,-,-,2,,v England,Manchester,26 May 1996,
ODI,NR Mongia,DNB,6,-,-,-,-,2,,v England,Manchester,26 May 1996,
ODI,R Dravid,DNB,6,-,-,-,-,2,,v England,Manchester,26 May 1996,
ODI,V Rathour,DNB,6,-,-,-,-,2,,v England,Manchester,26 May 1996,
ODI,M Azharuddin,DNB,6,-,-,-,-,2,,v Sri Lanka,Colombo (RPS),28 Aug 1996,
ODI,VG Kambli,DNB,6,-,-,-,-,2,,v Sri Lanka,Colombo (RPS),28 Aug 1996,
ODI,NR Mongia,DNB,6,-,-,-,-,2,,v Sri Lanka,Colombo (RPS),28 Aug 1996,
ODI,R Dravid,DNB,6,-,-,-,-,2,,v Sri Lanka,Colombo (RPS),28 Aug 1996,
ODI,M Azharuddin,DNB,6,-,-,-,-,1,,v Zimbabwe,Colombo (SSC),1 Sep 1996,
ODI,VG Kambli,DNB,6,-,-,-,-,1,,v Zimbabwe,Colombo (SSC),1 Sep 1996,
ODI,NR Mongia,DNB,6,-,-,-,-,1,,v Zimbabwe,Colombo (SSC),1 Sep 1996,
ODI,R Dravid,DNB,6,-,-,-,-,1,,v Zimbabwe,Colombo (SSC),1 Sep 1996,
ODI,M Azharuddin,DNB,6,-,-,-,-,2,,v Australia,Colombo (SSC),6 Sep 1996,
ODI,SC Ganguly,DNB,6,-,-,-,-,2,,v Australia,Colombo (SSC),6 Sep 1996,
ODI,VG Kambli,DNB,6,-,-,-,-,2,,v Australia,Colombo (SSC),6 Sep 1996,
ODI,NR Mongia,DNB,6,-,-,-,-,2,,v Australia,Colombo (SSC),6 Sep 1996,
ODI,R Dravid,DNB,6,-,-,-,-,2,,v Australia,Colombo (SSC),6 Sep 1996,
ODI,M Azharuddin,DNB,6,-,-,-,-,1,,v Pakistan,Toronto,16 Sep 1996,
ODI,SC Ganguly,DNB,6,-,-,-,-,1,,v Pakistan,Toronto,16 Sep 1996,
ODI,VG Kambli,DNB,6,-,-,-,-,1,,v Pakistan,Toronto,16 Sep 1996,
ODI,NR Mongia,DNB,6,-,-,-,-,1,,v Pakistan,Toronto,16 Sep 1996,
ODI,R Dravid,DNB,6,-,-,-,-,1,,v Pakistan,Toronto,16 Sep 1996,
ODI,M Azharuddin,DNB,6,-,-,-,-,2,,v Pakistan,Toronto,17 Sep 1996,
ODI,SC Ganguly,DNB,6,-,-,-,-,2,,v Pakistan,Toronto,17 Sep 1996,
ODI,VG Kambli,DNB,6,-,-,-,-,2,,v Pakistan,Toronto,17 Sep 1996,
ODI,NR Mongia,DNB,6,-,-,-,-,2,,v Pakistan,Toronto,17 Sep 1996,
ODI,R Dravid,DNB,6,-,-,-,-,2,,v Pakistan,Toronto,17 Sep 1996,
ODI,M Azharuddin,DNB,6,-,-,-,-,2,,v Pakistan,Toronto,18 Sep 1996,
ODI,A Jadeja,DNB,6,-,-,-,-,2,,v Pakistan,Toronto,18 Sep 1996,
ODI,VG Kambli,DNB,6,-,-,-,-,2,,v Pakistan,Toronto,18 Sep 1996,
ODI,NR Mongia,DNB,6,-,-,-,-,2,,v Pakistan,Toronto,18 Sep 1996,
ODI,R Dravid,DNB,6,-,-,-,-,2,,v Pakistan,Toronto,18 Sep 1996,
ODI,M Azharuddin,DNB,6,-,-,-,-,1,,v Pakistan,Toronto,21 Sep 1996,
ODI,VG Kambli,DNB,6,-,-,-,-,1,,v Pakistan,Toronto,21 Sep 1996,
ODI,NR Mongia,DNB,6,-,-,-,-,1,,v Pakistan,Toronto,21 Sep 1996,
ODI,R Dravid,DNB,6,-,-,-,-,1,,v Pakistan,Toronto,21 Sep 1996,
ODI,M Azharuddin,DNB,6,-,-,-,-,1,,v Pakistan,Toronto,23 Sep 1996,
ODI,SR Tendulkar,DNB,6,-,-,-,-,1,,v Pakistan,Toronto,23 Sep 1996,
ODI,SC Ganguly,DNB,6,-,-,-,-,1,,v Pakistan,Toronto,23 Sep 1996,
ODI,A Jadeja,DNB,6,-,-,-,-,1,,v Pakistan,Toronto,23 Sep 1996,
ODI,NR Mongia,DNB,6,-,-,-,-,1,,v Pakistan,Toronto,23 Sep 1996,
ODI,R Dravid,DNB,6,-,-,-,-,1,,v Pakistan,Toronto,23 Sep 1996,
ODI,M Azharuddin,DNB,6,-,-,-,-,1,,v South Africa,Hyderabad (Deccan),17 Oct 1996,
ODI,SC Ganguly,DNB,6,-,-,-,-,1,,v South Africa,Hyderabad (Deccan),17 Oct 1996,
ODI,NR Mongia,DNB,6,-,-,-,-,1,,v South Africa,Hyderabad (Deccan),17 Oct 1996,
ODI,R Dravid,DNB,6,-,-,-,-,1,,v South Africa,Hyderabad (Deccan),17 Oct 1996,
ODI,S Somasunder,DNB,6,-,-,-,-,1,,v South Africa,Hyderabad (Deccan),17 Oct 1996,
ODI,M Azharuddin,DNB,6,-,-,-,-,1,,v Australia,Bengaluru,21 Oct 1996,
ODI,A Jadeja,DNB,6,-,-,-,-,1,,v Australia,Bengaluru,21 Oct 1996,
ODI,NR Mongia,DNB,6,-,-,-,-,1,,v Australia,Bengaluru,21 Oct 1996,
ODI,R Dravid,DNB,6,-,-,-,-,1,,v Australia,Bengaluru,21 Oct 1996,
ODI,S Somasunder,DNB,6,-,-,-,-,1,,v Australia,Bengaluru,21 Oct 1996,
ODI,M Azharuddin,DNB,6,-,-,-,-,1,,v South Africa,Jaipur,23 Oct 1996,
ODI,SC Ganguly,DNB,6,-,-,-,-,1,,v South Africa,Jaipur,23 Oct 1996,
ODI,NR Mongia,DNB,6,-,-,-,-,1,,v South Africa,Jaipur,23 Oct 1996,
ODI,R Dravid,DNB,6,-,-,-,-,1,,v South Africa,Jaipur,23 Oct 1996,
ODI,P Dharmani,DNB,6,-,-,-,-,1,,v South Africa,Jaipur,23 Oct 1996,
ODI,NS Sidhu,DNB,6,-,-,-,-,2,,v South Africa,Rajkot,29 Oct 1996,
ODI,M Azharuddin,DNB,6,-,-,-,-,2,,v South Africa,Rajkot,29 Oct 1996,
ODI,A Jadeja,DNB,6,-,-,-,-,2,,v South Africa,Rajkot,29 Oct 1996,
ODI,NR Mongia,DNB,6,-,-,-,-,2,,v South Africa,Rajkot,29 Oct 1996,
ODI,R Dravid,DNB,6,-,-,-,-,2,,v South Africa,Rajkot,29 Oct 1996,
ODI,NS Sidhu,DNB,6,-,-,-,-,2,,v Australia,Mohali,3 Nov 1996,
ODI,M Azharuddin,DNB,6,-,-,-,-,2,,v Australia,Mohali,3 Nov 1996,
ODI,NR Mongia,DNB,6,-,-,-,-,2,,v Australia,Mohali,3 Nov 1996,
ODI,R Dravid,DNB,6,-,-,-,-,2,,v Australia,Mohali,3 Nov 1996,
ODI,M Azharuddin,DNB,6,-,-,-,-,2,,v South Africa,Wankhede,6 Nov 1996,
ODI,SV Manjrekar,DNB,6,-,-,-,-,2,,v South Africa,Wankhede,6 Nov 1996,
ODI,SR Tendulkar,DNB,6,-,-,-,-,2,,v South Africa,Wankhede,6 Nov 1996,
ODI,A Jadeja,DNB,6,-,-,-,-,2,,v South Africa,Wankhede,6 Nov 1996,
ODI,NR Mongia,DNB,6,-,-,-,-,2,,v South Africa,Wankhede,6 Nov 1996,
ODI,R Dravid,DNB,6,-,-,-,-,2,,v South Africa,Wankhede,6 Nov 1996,
ODI,M Azharuddin,DNB,6,-,-,-,-,2,,v South Africa,Wankhede,14 Dec 1996,
ODI,SR Tendulkar,DNB,6,-,-,-,-,2,,v South Africa,Wankhede,14 Dec 1996,
ODI,A Jadeja,DNB,6,-,-,-,-,2,,v South Africa,Wankhede,14 Dec 1996,
ODI,NR Mongia,DNB,6,-,-,-,-,2,,v South Africa,Wankhede,14 Dec 1996,
ODI,R Dravid,DNB,6,-,-,-,-,2,,v South Africa,Wankhede,14 Dec 1996,
ODI,M Azharuddin,DNB,6,-,-,-,-,1,,v South Africa,Bloemfontein,23 Jan 1997,
ODI,SR Tendulkar,DNB,6,-,-,-,-,1,,v South Africa,Bloemfontein,23 Jan 1997,
ODI,SC Ganguly,DNB,6,-,-,-,-,1,,v South Africa,Bloemfontein,23 Jan 1997,
ODI,R Dravid,DNB,6,-,-,-,-,1,,v South Africa,Bloemfontein,23 Jan 1997,
ODI,SS Karim,DNB,6,-,-,-,-,1,,v South Africa,Bloemfontein,23 Jan 1997,
ODI,M Azharuddin,DNB,6,-,-,-,-,1,,v Zimbabwe,Paarl,27 Jan 1997,
ODI,SC Ganguly,DNB,6,-,-,-,-,1,,v Zimbabwe,Paarl,27 Jan 1997,
ODI,A Jadeja,DNB,6,-,-,-,-,1,,v Zimbabwe,Paarl,27 Jan 1997,
ODI,R Dravid,DNB,6,-,-,-,-,1,,v Zimbabwe,Paarl,27 Jan 1997,
ODI,SS Karim,DNB,6,-,-,-,-,1,,v Zimbabwe,Paarl,27 Jan 1997,
ODI,M Azharuddin,DNB,6,-,-,-,-,2,,v South Africa,Gqeberha,2 Feb 1997,
ODI,SR Tendulkar,DNB,6,-,-,-,-,2,,v South Africa,Gqeberha,2 Feb 1997,
ODI,SC Ganguly,DNB,6,-,-,-,-,2,,v South Africa,Gqeberha,2 Feb 1997,
ODI,A Jadeja,DNB,6,-,-,-,-,2,,v South Africa,Gqeberha,2 Feb 1997,
ODI,R Dravid,DNB,6,-,-,-,-,2,,v South Africa,Gqeberha,2 Feb 1997,
ODI,SS Karim,DNB,6,-,-,-,-,2,,v South Africa,Gqeberha,2 Feb 1997,
ODI,M Azharuddin,DNB,6,-,-,-,-,2,,v South Africa,East London,4 Feb 1997,
ODI,SC Ganguly,DNB,6,-,-,-,-,2,,v South Africa,East London,4 Feb 1997,
ODI,R Dravid,DNB,6,-,-,-,-,2,,v South Africa,East London,4 Feb 1997,
ODI,SS Karim,DNB,6,-,-,-,-,2,,v South Africa,East London,4 Feb 1997,
ODI,M Azharuddin,DNB,6,-,-,-,-,2,,v Zimbabwe,Centurion,7 Feb 1997,
ODI,SC Ganguly,DNB,6,-,-,-,-,2,,v Zimbabwe,Centurion,7 Feb 1997,
ODI,A Jadeja,DNB,6,-,-,-,-,2,,v Zimbabwe,Centurion,7 Feb 1997,
ODI,R Dravid,DNB,6,-,-,-,-,2,,v Zimbabwe,Centurion,7 Feb 1997,
ODI,SS Karim,DNB,6,-,-,-,-,2,,v Zimbabwe,Centurion,7 Feb 1997,
ODI,M Azharuddin,DNB,6,-,-,-,-,1,,v Zimbabwe,Benoni,9 Feb 1997,
ODI,A Jadeja,DNB,6,-,-,-,-,1,,v Zimbabwe,Benoni,9 Feb 1997,
ODI,NR Mongia,DNB,6,-,-,-,-,1,,v Zimbabwe,Benoni,9 Feb 1997,
ODI,R Dravid,DNB,6,-,-,-,-,1,,v Zimbabwe,Benoni,9 Feb 1997,
ODI,M Azharuddin,DNB,6,-,-,-,-,2,,v South Africa,Durban,12 Feb 1997,
ODI,SR Tendulkar,DNB,6,-,-,-,-,2,,v South Africa,Durban,12 Feb 1997,
ODI,A Kumble,DNB,6,-,-,-,-,2,,v South Africa,Durban,12 Feb 1997,
ODI,SC Ganguly,DNB,6,-,-,-,-,2,,v South Africa,Durban,12 Feb 1997,
ODI,A Jadeja,DNB,6,-,-,-,-,2,,v South Africa,Durban,12 Feb 1997,
ODI,NR Mongia,DNB,6,-,-,-,-,2,,v South Africa,Durban,12 Feb 1997,
ODI,R Dravid,DNB,6,-,-,-,-,2,,v South Africa,Durban,12 Feb 1997,
ODI,SB Joshi,DNB,6,-,-,-,-,2,,v South Africa,Durban,12 Feb 1997,
ODI,M Azharuddin,DNB,6,-,-,-,-,1,,v South Africa,Durban,13 Feb 1997,
ODI,SC Ganguly,DNB,6,-,-,-,-,1,,v South Africa,Durban,13 Feb 1997,
ODI,A Jadeja,DNB,6,-,-,-,-,1,,v South Africa,Durban,13 Feb 1997,
ODI,R Dravid,DNB,6,-,-,-,-,1,,v South Africa,Durban,13 Feb 1997,
ODI,SS Karim,DNB,6,-,-,-,-,1,,v South Africa,Durban,13 Feb 1997,
ODI,M Azharuddin,DNB,6,-,-,-,-,2,,v Zimbabwe,Bulawayo,15 Feb 1997,
ODI,SR Tendulkar,DNB,6,-,-,-,-,2,,v Zimbabwe,Bulawayo,15 Feb 1997,
ODI,A Jadeja,DNB,6,-,-,-,-,2,,v Zimbabwe,Bulawayo,15 Feb 1997,
ODI,NR Mongia,DNB,6,-,-,-,-,2,,v Zimbabwe,Bulawayo,15 Feb 1997,
ODI,V Rathour,DNB,6,-,-,-,-,2,,v Zimbabwe,Bulawayo,15 Feb 1997,
ODI,NS Sidhu,DNB,6,-,-,-,-,2,,v West Indies,Port of Spain,26 Apr 1997,
ODI,M Azharuddin,DNB,6,-,-,-,-,2,,v West Indies,Port of Spain,26 Apr 1997,
ODI,A Jadeja,DNB,6,-,-,-,-,2,,v West Indies,Port of Spain,26 Apr 1997,
ODI,NR Mongia,DNB,6,-,-,-,-,2,,v West Indies,Port of Spain,26 Apr 1997,
ODI,R Dravid,DNB,6,-,-,-,-,2,,v West Indies,Port of Spain,26 Apr 1997,
ODI,NS Sidhu,DNB,6,-,-,-,-,1,,v West Indies,Port of Spain,27 Apr 1997,
ODI,M Azharuddin,DNB,6,-,-,-,-,1,,v West Indies,Port of Spain,27 Apr 1997,
ODI,A Jadeja,DNB,6,-,-,-,-,1,,v West Indies,Port of Spain,27 Apr 1997,
ODI,R Dravid,DNB,6,-,-,-,-,1,,v West Indies,Port of Spain,27 Apr 1997,
ODI,SS Karim,DNB,6,-,-,-,-,1,,v West Indies,Port of Spain,27 Apr 1997,
ODI,M Azharuddin,DNB,6,-,-,-,-,1,,v West Indies,Kingstown,30 Apr 1997,
ODI,SC Ganguly,DNB,6,-,-,-,-,1,,v West Indies,Kingstown,30 Apr 1997,
ODI,A Jadeja,DNB,6,-,-,-,-,1,,v West Indies,Kingstown,30 Apr 1997,
ODI,R Dravid,DNB,6,-,-,-,-,1,,v West Indies,Kingstown,30 Apr 1997,
ODI,SS Karim,DNB,6,-,-,-,-,1,,v West Indies,Kingstown,30 Apr 1997,
ODI,M Azharuddin,DNB,6,-,-,-,-,2,,v West Indies,Bridgetown,3 May 1997,
ODI,R Dravid,DNB,6,-,-,-,-,2,,v West Indies,Bridgetown,3 May 1997,
ODI,SS Karim,DNB,6,-,-,-,-,2,,v West Indies,Bridgetown,3 May 1997,
ODI,SC Ganguly,DNB,6,-,-,-,-,1,,v New Zealand,Bengaluru,14 May 1997,
ODI,A Jadeja,DNB,6,-,-,-,-,1,,v New Zealand,Bengaluru,14 May 1997,
ODI,VG Kambli,DNB,6,-,-,-,-,1,,v New Zealand,Bengaluru,14 May 1997,
ODI,NR Mongia,DNB,6,-,-,-,-,1,,v New Zealand,Bengaluru,14 May 1997,
ODI,R Dravid,DNB,6,-,-,-,-,1,,v New Zealand,Bengaluru,14 May 1997,
ODI,SC Ganguly,DNB,6,-,-,-,-,2,,v Sri Lanka,Wankhede,17 May 1997,
ODI,A Jadeja,DNB,6,-,-,-,-,2,,v Sri Lanka,Wankhede,17 May 1997,
ODI,VG Kambli,DNB,6,-,-,-,-,2,,v Sri Lanka,Wankhede,17 May 1997,
ODI,NR Mongia,DNB,6,-,-,-,-,2,,v Sri Lanka,Wankhede,17 May 1997,
ODI,R Dravid,DNB,6,-,-,-,-,2,,v Sri Lanka,Wankhede,17 May 1997,
ODI,SC Ganguly,DNB,6,-,-,-,-,1,,v Pakistan,Chennai,21 May 1997,
ODI,A Jadeja,DNB,6,-,-,-,-,1,,v Pakistan,Chennai,21 May 1997,
ODI,VG Kambli,DNB,6,-,-,-,-,1,,v Pakistan,Chennai,21 May 1997,
ODI,NR Mongia,DNB,6,-,-,-,-,1,,v Pakistan,Chennai,21 May 1997,
ODI,R Dravid,DNB,6,-,-,-,-,1,,v Pakistan,Chennai,21 May 1997,
ODI,M Azharuddin,DNB,6,-,-,-,-,2,,v Sri Lanka,Colombo (RPS),18 Jul 1997,
ODI,R Dravid,DNB,6,-,-,-,-,2,,v Sri Lanka,Colombo (RPS),18 Jul 1997,
ODI,SS Karim,DNB,6,-,-,-,-,2,,v Sri Lanka,Colombo (RPS),18 Jul 1997,
ODI,NS Sidhu,DNB,6,-,-,-,-,1,,v Pakistan,Colombo (SSC),20 Jul 1997,
ODI,M Azharuddin,DNB,6,-,-,-,-,1,,v Pakistan,Colombo (SSC),20 Jul 1997,
ODI,SR Tendulkar,DNB,6,-,-,-,-,1,,v Pakistan,Colombo (SSC),20 Jul 1997,
ODI,RR Singh,DNB,6,-,-,-,-,1,,v Pakistan,Colombo (SSC),20 Jul 1997,
ODI,A Kumble,DNB,6,-,-,-,-,1,,v Pakistan,Colombo (SSC),20 Jul 1997,
ODI,SC Ganguly,DNB,6,-,-,-,-,1,,v Pakistan,Colombo (SSC),20 Jul 1997,
ODI,A Jadeja,DNB,6,-,-,-,-,1,,v Pakistan,Colombo (SSC),20 Jul 1997,
ODI,R Dravid,DNB,6,-,-,-,-,1,,v Pakistan,Colombo (SSC),20 Jul 1997,
ODI,SS Karim,DNB,6,-,-,-,-,1,,v Pakistan,Colombo (SSC),20 Jul 1997,
ODI,NS Sidhu,DNB,6,-,-,-,-,1,,v Bangladesh,Colombo (SSC),24 Jul 1997,
ODI,M Azharuddin,DNB,6,-,-,-,-,1,,v Bangladesh,Colombo (SSC),24 Jul 1997,
ODI,A Jadeja,DNB,6,-,-,-,-,1,,v Bangladesh,Colombo (SSC),24 Jul 1997,
ODI,R Dravid,DNB,6,-,-,-,-,1,,v Bangladesh,Colombo (SSC),24 Jul 1997,
ODI,SS Karim,DNB,6,-,-,-,-,1,,v Bangladesh,Colombo (SSC),24 Jul 1997,
ODI,NS Sidhu,DNB,6,-,-,-,-,2,,v Sri Lanka,Colombo (RPS),26 Jul 1997,
ODI,M Azharuddin,DNB,6,-,-,-,-,2,,v Sri Lanka,Colombo (RPS),26 Jul 1997,
ODI,SS Karim,DNB,6,-,-,-,-,2,,v Sri Lanka,Colombo (RPS),26 Jul 1997,
ODI,M Azharuddin,DNB,6,-,-,-,-,1,,v Sri Lanka,Colombo (RPS),17 Aug 1997,
ODI,SC Ganguly,DNB,6,-,-,-,-,1,,v Sri Lanka,Colombo (RPS),17 Aug 1997,
ODI,A Jadeja,DNB,6,-,-,-,-,1,,v Sri Lanka,Colombo (RPS),17 Aug 1997,
ODI,NR Mongia,DNB,6,-,-,-,-,1,,v Sri Lanka,Colombo (RPS),17 Aug 1997,
ODI,R Dravid,DNB,6,-,-,-,-,1,,v Sri Lanka,Colombo (RPS),17 Aug 1997,
ODI,M Azharuddin,DNB,6,-,-,-,-,2,,v Sri Lanka,Colombo (RPS),20 Aug 1997,
ODI,SR Tendulkar,DNB,6,-,-,-,-,2,,v Sri Lanka,Colombo (RPS),20 Aug 1997,
ODI,SC Ganguly,DNB,6,-,-,-,-,2,,v Sri Lanka,Colombo (RPS),20 Aug 1997,
ODI,NR Mongia,DNB,6,-,-,-,-,2,,v Sri Lanka,Colombo (RPS),20 Aug 1997,
ODI,R Dravid,DNB,6,-,-,-,-,2,,v Sri Lanka,Colombo (RPS),20 Aug 1997,
ODI,M Azharuddin,DNB,6,-,-,-,-,2,,v Sri Lanka,Colombo (SSC),23 Aug 1997,
ODI,SR Tendulkar,DNB,6,-,-,-,-,2,,v Sri Lanka,Colombo (SSC),23 Aug 1997,
ODI,SC Ganguly,DNB,6,-,-,-,-,2,,v Sri Lanka,Colombo (SSC),23 Aug 1997,
ODI,A Jadeja,DNB,6,-,-,-,-,2,,v Sri Lanka,Colombo (SSC),23 Aug 1997,
ODI,NR Mongia,DNB,6,-,-,-,-,2,,v Sri Lanka,Colombo (SSC),23 Aug 1997,
ODI,R Dravid,DNB,6,-,-,-,-,2,,v Sri Lanka,Colombo (SSC),23 Aug 1997,
ODI,M Azharuddin,DNB,6,-,-,-,-,1,,v Sri Lanka,Colombo (SSC),24 Aug 1997,
ODI,A Jadeja,DNB,6,-,-,-,-,1,,v Sri Lanka,Colombo (SSC),24 Aug 1997,
ODI,NR Mongia,DNB,6,-,-,-,-,1,,v Sri Lanka,Colombo (SSC),24 Aug 1997,
ODI,R Dravid,DNB,6,-,-,-,-,1,,v Sri Lanka,Colombo (SSC),24 Aug 1997,
ODI,M Azharuddin,DNB,6,-,-,-,-,2,,v Pakistan,Toronto,13 Sep 1997,
ODI,A Jadeja,DNB,6,-,-,-,-,2,,v Pakistan,Toronto,13 Sep 1997,
ODI,R Dravid,DNB,6,-,-,-,-,2,,v Pakistan,Toronto,13 Sep 1997,
ODI,SS Karim,DNB,6,-,-,-,-,2,,v Pakistan,Toronto,13 Sep 1997,
ODI,M Azharuddin,DNB,6,-,-,-,-,1,,v Pakistan,Toronto,14 Sep 1997,
ODI,SR Tendulkar,DNB,6,-,-,-,-,1,,v Pakistan,Toronto,14 Sep 1997,
ODI,A Jadeja,DNB,6,-,-,-,-,1,,v Pakistan,Toronto,14 Sep 1997,
ODI,R Dravid,DNB,6,-,-,-,-,1,,v Pakistan,Toronto,14 Sep 1997,
ODI,SS Karim,DNB,6,-,-,-,-,1,,v Pakistan,Toronto,14 Sep 1997,
ODI,M Azharuddin,DNB,6,-,-,-,-,1,,v Pakistan,Toronto,17 Sep 1997,
ODI,A Jadeja,DNB,6,-,-,-,-,1,,v Pakistan,Toronto,17 Sep 1997,
ODI,R Dravid,DNB,6,-,-,-,-,1,,v Pakistan,Toronto,17 Sep 1997,
ODI,SS Karim,DNB,6,-,-,-,-,1,,v Pakistan,Toronto,17 Sep 1997,
ODI,NM Kulkarni,DNB,6,-,-,-,-,1,,v Pakistan,Toronto,17 Sep 1997,
ODI,M Azharuddin,DNB,6,-,-,-,-,2,,v Pakistan,Toronto,18 Sep 1997,
ODI,SR Tendulkar,DNB,6,-,-,-,-,2,,v Pakistan,Toronto,18 Sep 1997,
ODI,A Jadeja,DNB,6,-,-,-,-,2,,v Pakistan,Toronto,18 Sep 1997,
ODI,R Dravid,DNB,6,-,-,-,-,2,,v Pakistan,Toronto,18 Sep 1997,
ODI,SS Karim,DNB,6,-,-,-,-,2,,v Pakistan,Toronto,18 Sep 1997,
ODI,NM Kulkarni,DNB,6,-,-,-,-,2,,v Pakistan,Toronto,18 Sep 1997,
ODI,M Azharuddin,DNB,6,-,-,-,-,1,,v Pakistan,Toronto,20 Sep 1997,
ODI,SR Tendulkar,DNB,6,-,-,-,-,1,,v Pakistan,Toronto,20 Sep 1997,
ODI,A Jadeja,DNB,6,-,-,-,-,1,,v Pakistan,Toronto,20 Sep 1997,
ODI,VG Kambli,DNB,6,-,-,-,-,1,,v Pakistan,Toronto,20 Sep 1997,
ODI,R Dravid,DNB,6,-,-,-,-,1,,v Pakistan,Toronto,20 Sep 1997,
ODI,SS Karim,DNB,6,-,-,-,-,1,,v Pakistan,Toronto,20 Sep 1997,
ODI,M Azharuddin,DNB,6,-,-,-,-,2,,v Pakistan,Toronto,21 Sep 1997,
ODI,SR Tendulkar,DNB,6,-,-,-,-,2,,v Pakistan,Toronto,21 Sep 1997,
ODI,VG Kambli,DNB,6,-,-,-,-,2,,v Pakistan,Toronto,21 Sep 1997,
ODI,R Dravid,DNB,6,-,-,-,-,2,,v Pakistan,Toronto,21 Sep 1997,
ODI,SS Karim,DNB,6,-,-,-,-,2,,v Pakistan,Toronto,21 Sep 1997,
ODI,M Azharuddin,DNB,6,-,-,-,-,2,,v Pakistan,Hyderabad (Sind),28 Sep 1997,
ODI,R Dravid,DNB,6,-,-,-,-,2,,v Pakistan,Hyderabad (Sind),28 Sep 1997,
ODI,SS Karim,DNB,6,-,-,-,-,2,,v Pakistan,Hyderabad (Sind),28 Sep 1997,
ODI,M Azharuddin,DNB,6,-,-,-,-,1,,v Pakistan,Karachi,30 Sep 1997,
ODI,A Jadeja,DNB,6,-,-,-,-,1,,v Pakistan,Karachi,30 Sep 1997,
ODI,VG Kambli,DNB,6,-,-,-,-,1,,v Pakistan,Karachi,30 Sep 1997,
ODI,SS Karim,DNB,6,-,-,-,-,1,,v Pakistan,Karachi,30 Sep 1997,
ODI,M Azharuddin,DNB,6,-,-,-,-,2,,v Pakistan,Lahore,2 Oct 1997,
ODI,SR Tendulkar,DNB,6,-,-,-,-,2,,v Pakistan,Lahore,2 Oct 1997,
ODI,A Jadeja,DNB,6,-,-,-,-,2,,v Pakistan,Lahore,2 Oct 1997,
ODI,VG Kambli,DNB,6,-,-,-,-,2,,v Pakistan,Lahore,2 Oct 1997,
ODI,SS Karim,DNB,6,-,-,-,-,2,,v Pakistan,Lahore,2 Oct 1997,
ODI,NS Sidhu,DNB,6,-,-,-,-,1,,v England,Sharjah,11 Dec 1997,
ODI,M Azharuddin,DNB,6,-,-,-,-,1,,v England,Sharjah,11 Dec 1997,
ODI,A Jadeja,DNB,6,-,-,-,-,1,,v England,Sharjah,11 Dec 1997,
ODI,SS Karim,DNB,6,-,-,-,-,1,,v England,Sharjah,11 Dec 1997,
ODI,NS Sidhu,DNB,6,-,-,-,-,2,,v Pakistan,Sharjah,14 Dec 1997,
ODI,M Azharuddin,DNB,6,-,-,-,-,2,,v Pakistan,Sharjah,14 Dec 1997,
ODI,SR Tendulkar,DNB,6,-,-,-,-,2,,v Pakistan,Sharjah,14 Dec 1997,
ODI,A Jadeja,DNB,6,-,-,-,-,2,,v Pakistan,Sharjah,14 Dec 1997,
ODI,SS Karim,DNB,6,-,-,-,-,2,,v Pakistan,Sharjah,14 Dec 1997,
ODI,NS Sidhu,DNB,6,-,-,-,-,1,,v West Indies,Sharjah,16 Dec 1997,
ODI,M Azharuddin,DNB,6,-,-,-,-,1,,v West Indies,Sharjah,16 Dec 1997,
ODI,A Jadeja,DNB,6,-,-,-,-,1,,v West Indies,Sharjah,16 Dec 1997,
ODI,R Dravid,DNB,6,-,-,-,-,1,,v West Indies,Sharjah,16 Dec 1997,
ODI,SS Karim,DNB,6,-,-,-,-,1,,v West Indies,Sharjah,16 Dec 1997,
ODI,NS Sidhu,DNB,6,-,-,-,-,1,,v Sri Lanka,Guwahati,22 Dec 1997,
ODI,M Azharuddin,DNB,6,-,-,-,-,1,,v Sri Lanka,Guwahati,22 Dec 1997,
ODI,SR Tendulkar,DNB,6,-,-,-,-,1,,v Sri Lanka,Guwahati,22 Dec 1997,
ODI,A Jadeja,DNB,6,-,-,-,-,1,,v Sri Lanka,Guwahati,22 Dec 1997,
ODI,NR Mongia,DNB,6,-,-,-,-,1,,v Sri Lanka,Guwahati,22 Dec 1997,
ODI,NS Sidhu,DNB,6,-,-,-,-,1,,v Sri Lanka,Indore,25 Dec 1997,
ODI,M Azharuddin,DNB,6,-,-,-,-,1,,v Sri Lanka,Indore,25 Dec 1997,
ODI,SR Tendulkar,DNB,6,-,-,-,-,1,,v Sri Lanka,Indore,25 Dec 1997,
ODI,RR Singh,DNB,6,-,-,-,-,1,,v Sri Lanka,Indore,25 Dec 1997,
ODI,SC Ganguly,DNB,6,-,-,-,-,1,,v Sri Lanka,Indore,25 Dec 1997,
ODI,A Jadeja,DNB,6,-,-,-,-,1,,v Sri Lanka,Indore,25 Dec 1997,
ODI,NR Mongia,DNB,6,-,-,-,-,1,,v Sri Lanka,Indore,25 Dec 1997,
ODI,SV Bahutule,DNB,6,-,-,-,-,1,,v Sri Lanka,Indore,25 Dec 1997,
ODI,HH Kanitkar,DNB,6,-,-,-,-,1,,v Sri Lanka,Indore,25 Dec 1997,
ODI,NS Sidhu,DNB,6,-,-,-,-,2,,v Sri Lanka,Margao,28 Dec 1997,
ODI,M Azharuddin,DNB,6,-,-,-,-,2,,v Sri Lanka,Margao,28 Dec 1997,
ODI,A Jadeja,DNB,6,-,-,-,-,2,,v Sri Lanka,Margao,28 Dec 1997,
ODI,NR Mongia,DNB,6,-,-,-,-,2,,v Sri Lanka,Margao,28 Dec 1997,
ODI,NS Sidhu,DNB,6,-,-,-,-,1,,v Bangladesh,Dhaka,10 Jan 1998,
ODI,M Azharuddin,DNB,6,-,-,-,-,1,,v Bangladesh,Dhaka,10 Jan 1998,
ODI,A Jadeja,DNB,6,-,-,-,-,1,,v Bangladesh,Dhaka,10 Jan 1998,
ODI,NR Mongia,DNB,6,-,-,-,-,1,,v Bangladesh,Dhaka,10 Jan 1998,
ODI,NS Sidhu,DNB,6,-,-,-,-,2,,v Pakistan,Dhaka,11 Jan 1998,
ODI,M Azharuddin,DNB,6,-,-,-,-,2,,v Pakistan,Dhaka,11 Jan 1998,
ODI,A Jadeja,DNB,6,-,-,-,-,2,,v Pakistan,Dhaka,11 Jan 1998,
ODI,NR Mongia,DNB,6,-,-,-,-,2,,v Pakistan,Dhaka,11 Jan 1998,
ODI,NS Sidhu,DNB,6,-,-,-,-,1,,v Pakistan,Dhaka,14 Jan 1998,
ODI,M Azharuddin,DNB,6,-,-,-,-,1,,v Pakistan,Dhaka,14 Jan 1998,
ODI,SC Ganguly,DNB,6,-,-,-,-,1,,v Pakistan,Dhaka,14 Jan 1998,
ODI,A Jadeja,DNB,6,-,-,-,-,1,,v Pakistan,Dhaka,14 Jan 1998,
ODI,NR Mongia,DNB,6,-,-,-,-,1,,v Pakistan,Dhaka,14 Jan 1998,
ODI,NS Sidhu,DNB,6,-,-,-,-,2,,v Pakistan,Dhaka,16 Jan 1998,
ODI,M Azharuddin,DNB,6,-,-,-,-,2,,v Pakistan,Dhaka,16 Jan 1998,
ODI,SC Ganguly,DNB,6,-,-,-,-,2,,v Pakistan,Dhaka,16 Jan 1998,
ODI,A Jadeja,DNB,6,-,-,-,-,2,,v Pakistan,Dhaka,16 Jan 1998,
ODI,NR Mongia,DNB,6,-,-,-,-,2,,v Pakistan,Dhaka,16 Jan 1998,
ODI,NS Sidhu,DNB,6,-,-,-,-,1,,v Pakistan,Dhaka,18 Jan 1998,
ODI,M Azharuddin,DNB,6,-,-,-,-,1,,v Pakistan,Dhaka,18 Jan 1998,
ODI,A Jadeja,DNB,6,-,-,-,-,1,,v Pakistan,Dhaka,18 Jan 1998,
ODI,NR Mongia,DNB,6,-,-,-,-,1,,v Pakistan,Dhaka,18 Jan 1998,
ODI,NS Sidhu,DNB,6,-,-,-,-,2,,v Australia,Kochi,1 Apr 1998,
ODI,M Azharuddin,DNB,6,-,-,-,-,2,,v Australia,Kochi,1 Apr 1998,
ODI,A Jadeja,DNB,6,-,-,-,-,2,,v Australia,Kochi,1 Apr 1998,
ODI,VG Kambli,DNB,6,-,-,-,-,2,,v Australia,Kochi,1 Apr 1998,
ODI,NR Mongia,DNB,6,-,-,-,-,2,,v Australia,Kochi,1 Apr 1998,
ODI,M Azharuddin,DNB,6,-,-,-,-,2,,v Zimbabwe,Vadodara,5 Apr 1998,
ODI,A Jadeja,DNB,6,-,-,-,-,2,,v Zimbabwe,Vadodara,5 Apr 1998,
ODI,VG Kambli,DNB,6,-,-,-,-,2,,v Zimbabwe,Vadodara,5 Apr 1998,
ODI,NR Mongia,DNB,6,-,-,-,-,2,,v Zimbabwe,Vadodara,5 Apr 1998,
ODI,M Azharuddin,DNB,6,-,-,-,-,1,,v Australia,Kanpur,7 Apr 1998,
ODI,SC Ganguly,DNB,6,-,-,-,-,1,,v Australia,Kanpur,7 Apr 1998,
ODI,A Jadeja,DNB,6,-,-,-,-,1,,v Australia,Kanpur,7 Apr 1998,
ODI,VG Kambli,DNB,6,-,-,-,-,1,,v Australia,Kanpur,7 Apr 1998,
ODI,NR Mongia,DNB,6,-,-,-,-,1,,v Australia,Kanpur,7 Apr 1998,
ODI,M Azharuddin,DNB,6,-,-,-,-,2,,v Zimbabwe,Cuttack,9 Apr 1998,
ODI,A Jadeja,DNB,6,-,-,-,-,2,,v Zimbabwe,Cuttack,9 Apr 1998,
ODI,NR Mongia,DNB,6,-,-,-,-,2,,v Zimbabwe,Cuttack,9 Apr 1998,
ODI,VVS Laxman,DNB,6,-,-,-,-,2,,v Zimbabwe,Cuttack,9 Apr 1998,
ODI,NS Sidhu,DNB,6,-,-,-,-,2,,v Australia,Delhi,14 Apr 1998,
ODI,M Azharuddin,DNB,6,-,-,-,-,2,,v Australia,Delhi,14 Apr 1998,
ODI,SC Ganguly,DNB,6,-,-,-,-,2,,v Australia,Delhi,14 Apr 1998,
ODI,A Jadeja,DNB,6,-,-,-,-,2,,v Australia,Delhi,14 Apr 1998,
ODI,NR Mongia,DNB,6,-,-,-,-,2,,v Australia,Delhi,14 Apr 1998,
ODI,NS Sidhu,DNB,6,-,-,-,-,2,,v New Zealand,Sharjah,17 Apr 1998,
ODI,M Azharuddin,DNB,6,-,-,-,-,2,,v New Zealand,Sharjah,17 Apr 1998,
ODI,A Jadeja,DNB,6,-,-,-,-,2,,v New Zealand,Sharjah,17 Apr 1998,
ODI,NR Mongia,DNB,6,-,-,-,-,2,,v New Zealand,Sharjah,17 Apr 1998,
ODI,NS Sidhu,DNB,6,-,-,-,-,1,,v Australia,Sharjah,19 Apr 1998,
ODI,M Azharuddin,DNB,6,-,-,-,-,1,,v Australia,Sharjah,19 Apr 1998,
ODI,SC Ganguly,DNB,6,-,-,-,-,1,,v Australia,Sharjah,19 Apr 1998,
ODI,A Jadeja,DNB,6,-,-,-,-,1,,v Australia,Sharjah,19 Apr 1998,
ODI,NR Mongia,DNB,6,-,-,-,-,1,,v Australia,Sharjah,19 Apr 1998,
ODI,M Azharuddin,DNB,6,-,-,-,-,2,,v New Zealand,Sharjah,20 Apr 1998,
ODI,A Jadeja,DNB,6,-,-,-,-,2,,v New Zealand,Sharjah,20 Apr 1998,
ODI,NR Mongia,DNB,6,-,-,-,-,2,,v New Zealand,Sharjah,20 Apr 1998,
ODI,VVS Laxman,DNB,6,-,-,-,-,2,,v New Zealand,Sharjah,20 Apr 1998,
ODI,M Azharuddin,DNB,6,-,-,-,-,1,,v Australia,Sharjah,22 Apr 1998,
ODI,A Jadeja,DNB,6,-,-,-,-,1,,v Australia,Sharjah,22 Apr 1998,
ODI,NR Mongia,DNB,6,-,-,-,-,1,,v Australia,Sharjah,22 Apr 1998,
ODI,M Azharuddin,DNB,6,-,-,-,-,1,,v Australia,Sharjah,24 Apr 1998,
ODI,SC Ganguly,DNB,6,-,-,-,-,1,,v Australia,Sharjah,24 Apr 1998,
ODI,A Jadeja,DNB,6,-,-,-,-,1,,v Australia,Sharjah,24 Apr 1998,
ODI,NR Mongia,DNB,6,-,-,-,-,1,,v Australia,Sharjah,24 Apr 1998,
ODI,M Azharuddin,DNB,6,-,-,-,-,1,,v Bangladesh,Mohali,14 May 1998,
ODI,A Jadeja,DNB,6,-,-,-,-,1,,v Bangladesh,Mohali,14 May 1998,
ODI,R Dravid,DNB,6,-,-,-,-,1,,v Bangladesh,Mohali,14 May 1998,
ODI,GK Khoda,DNB,6,-,-,-,-,1,,v Bangladesh,Mohali,14 May 1998,
ODI,MSK Prasad,DNB,6,-,-,-,-,1,,v Bangladesh,Mohali,14 May 1998,
ODI,A Jadeja,DNB,6,-,-,-,-,1,,v Kenya,Bengaluru,20 May 1998,
ODI,R Dravid,DNB,6,-,-,-,-,1,,v Kenya,Bengaluru,20 May 1998,
ODI,VVS Laxman,DNB,6,-,-,-,-,1,,v Kenya,Bengaluru,20 May 1998,
ODI,GK Khoda,DNB,6,-,-,-,-,1,,v Kenya,Bengaluru,20 May 1998,
ODI,MSK Prasad,DNB,6,-,-,-,-,1,,v Kenya,Bengaluru,20 May 1998,
ODI,NS Sidhu,DNB,6,-,-,-,-,1,,v Bangladesh,Wankhede,25 May 1998,
ODI,A Jadeja,DNB,6,-,-,-,-,1,,v Bangladesh,Wankhede,25 May 1998,
ODI,R Dravid,DNB,6,-,-,-,-,1,,v Bangladesh,Wankhede,25 May 1998,
ODI,VVS Laxman,DNB,6,-,-,-,-,1,,v Bangladesh,Wankhede,25 May 1998,
ODI,SS Karim,DNB,6,-,-,-,-,1,,v Bangladesh,Wankhede,25 May 1998,
ODI,NS Sidhu,DNB,6,-,-,-,-,1,,v Kenya,Gwalior,28 May 1998,
ODI,M Azharuddin,DNB,6,-,-,-,-,1,,v Kenya,Gwalior,28 May 1998,
ODI,NR Mongia,DNB,6,-,-,-,-,1,,v Kenya,Gwalior,28 May 1998,
ODI,JV Paranjpe,DNB,6,-,-,-,-,1,,v Kenya,Gwalior,28 May 1998,
ODI,M Azharuddin,DNB,6,-,-,-,-,1,,v Kenya,Eden Gardens,31 May 1998,
ODI,A Jadeja,DNB,6,-,-,-,-,1,,v Kenya,Eden Gardens,31 May 1998,
ODI,NR Mongia,DNB,6,-,-,-,-,1,,v Kenya,Eden Gardens,31 May 1998,
ODI,M Azharuddin,DNB,6,-,-,-,-,1,,v Sri Lanka,Colombo (RPS),19 Jun 1998,
ODI,SC Ganguly,DNB,6,-,-,-,-,1,,v Sri Lanka,Colombo (RPS),19 Jun 1998,
ODI,A Jadeja,DNB,6,-,-,-,-,1,,v Sri Lanka,Colombo (RPS),19 Jun 1998,
ODI,NR Mongia,DNB,6,-,-,-,-,1,,v Sri Lanka,Colombo (RPS),19 Jun 1998,
ODI,M Azharuddin,DNB,6,-,-,-,-,1,,v New Zealand,Colombo (RPS),23 Jun 1998,
ODI,SC Ganguly,DNB,6,-,-,-,-,1,,v New Zealand,Colombo (RPS),23 Jun 1998,
ODI,A Jadeja,DNB,6,-,-,-,-,1,,v New Zealand,Colombo (RPS),23 Jun 1998,
ODI,NR Mongia,DNB,6,-,-,-,-,1,,v New Zealand,Colombo (RPS),23 Jun 1998,
ODI,M Azharuddin,DNB,6,-,-,-,-,1,,v Sri Lanka,Colombo (SSC),1 Jul 1998,
ODI,SR Tendulkar,DNB,6,-,-,-,-,1,,v Sri Lanka,Colombo (SSC),1 Jul 1998,
ODI,SC Ganguly,DNB,6,-,-,-,-,1,,v Sri Lanka,Colombo (SSC),1 Jul 1998,
ODI,A Jadeja,DNB,6,-,-,-,-,1,,v Sri Lanka,Colombo (SSC),1 Jul 1998,
ODI,NR Mongia,DNB,6,-,-,-,-,1,,v Sri Lanka,Colombo (SSC),1 Jul 1998,
ODI,HH Kanitkar,DNB,6,-,-,-,-,1,,v Sri Lanka,Colombo (SSC),1 Jul 1998,
ODI,M Azharuddin,DNB,6,-,-,-,-,1,,v New Zealand,Colombo (SSC),3 Jul 1998,
ODI,SR Tendulkar,DNB,6,-,-,-,-,1,,v New Zealand,Colombo (SSC),3 Jul 1998,
ODI,SC Ganguly,DNB,6,-,-,-,-,1,,v New Zealand,Colombo (SSC),3 Jul 1998,
ODI,A Jadeja,DNB,6,-,-,-,-,1,,v New Zealand,Colombo (SSC),3 Jul 1998,
ODI,NR Mongia,DNB,6,-,-,-,-,1,,v New Zealand,Colombo (SSC),3 Jul 1998,
ODI,M Azharuddin,DNB,6,-,-,-,-,2,,v Sri Lanka,Colombo (RPS),7 Jul 1998,
ODI,SC Ganguly,DNB,6,-,-,-,-,2,,v Sri Lanka,Colombo (RPS),7 Jul 1998,
ODI,A Jadeja,DNB,6,-,-,-,-,2,,v Sri Lanka,Colombo (RPS),7 Jul 1998,
ODI,NR Mongia,DNB,6,-,-,-,-,2,,v Sri Lanka,Colombo (RPS),7 Jul 1998,
ODI,NS Sidhu,DNB,6,-,-,-,-,1,,v Pakistan,Toronto,12 Sep 1998,
ODI,M Azharuddin,DNB,6,-,-,-,-,1,,v Pakistan,Toronto,12 Sep 1998,
ODI,NR Mongia,DNB,6,-,-,-,-,1,,v Pakistan,Toronto,12 Sep 1998,
ODI,R Dravid,DNB,6,-,-,-,-,1,,v Pakistan,Toronto,12 Sep 1998,
ODI,JV Paranjpe,DNB,6,-,-,-,-,1,,v Pakistan,Toronto,12 Sep 1998,
ODI,NS Sidhu,DNB,6,-,-,-,-,1,,v Pakistan,Toronto,13 Sep 1998,
ODI,M Azharuddin,DNB,6,-,-,-,-,1,,v Pakistan,Toronto,13 Sep 1998,
ODI,NR Mongia,DNB,6,-,-,-,-,1,,v Pakistan,Toronto,13 Sep 1998,
ODI,R Dravid,DNB,6,-,-,-,-,1,,v Pakistan,Toronto,13 Sep 1998,
ODI,JV Paranjpe,DNB,6,-,-,-,-,1,,v Pakistan,Toronto,13 Sep 1998,
ODI,NS Sidhu,DNB,6,-,-,-,-,1,,v Pakistan,Toronto,16 Sep 1998,
ODI,M Azharuddin,DNB,6,-,-,-,-,1,,v Pakistan,Toronto,16 Sep 1998,
ODI,NR Mongia,DNB,6,-,-,-,-,1,,v Pakistan,Toronto,16 Sep 1998,
ODI,R Dravid,DNB,6,-,-,-,-,1,,v Pakistan,Toronto,16 Sep 1998,
ODI,JV Paranjpe,DNB,6,-,-,-,-,1,,v Pakistan,Toronto,16 Sep 1998,
ODI,NS Sidhu,DNB,6,-,-,-,-,1,,v Pakistan,Toronto,19 Sep 1998,
ODI,M Azharuddin,DNB,6,-,-,-,-,1,,v Pakistan,Toronto,19 Sep 1998,
ODI,A Jadeja,DNB,6,-,-,-,-,1,,v Pakistan,Toronto,19 Sep 1998,
ODI,NR Mongia,DNB,6,-,-,-,-,1,,v Pakistan,Toronto,19 Sep 1998,
ODI,R Dravid,DNB,6,-,-,-,-,1,,v Pakistan,Toronto,19 Sep 1998,
ODI,NS Sidhu,DNB,6,-,-,-,-,2,,v Pakistan,Toronto,20 Sep 1998,
ODI,M Azharuddin,DNB,6,-,-,-,-,2,,v Pakistan,Toronto,20 Sep 1998,
ODI,SR Tendulkar,DNB,6,-,-,-,-,2,,v Pakistan,Toronto,20 Sep 1998,
ODI,NR Mongia,DNB,6,-,-,-,-,2,,v Pakistan,Toronto,20 Sep 1998,
ODI,M Azharuddin,DNB,6,-,-,-,-,1,,v Zimbabwe,Bulawayo,26 Sep 1998,
ODI,SR Tendulkar,DNB,6,-,-,-,-,1,,v Zimbabwe,Bulawayo,26 Sep 1998,
ODI,SC Ganguly,DNB,6,-,-,-,-,1,,v Zimbabwe,Bulawayo,26 Sep 1998,
ODI,A Jadeja,DNB,6,-,-,-,-,1,,v Zimbabwe,Bulawayo,26 Sep 1998,
ODI,NR Mongia,DNB,6,-,-,-,-,1,,v Zimbabwe,Bulawayo,26 Sep 1998,
ODI,R Dravid,DNB,6,-,-,-,-,1,,v Zimbabwe,Bulawayo,26 Sep 1998,
ODI,M Azharuddin,DNB,6,-,-,-,-,1,,v Zimbabwe,Bulawayo,27 Sep 1998,
ODI,SC Ganguly,DNB,6,-,-,-,-,1,,v Zimbabwe,Bulawayo,27 Sep 1998,
ODI,A Jadeja,DNB,6,-,-,-,-,1,,v Zimbabwe,Bulawayo,27 Sep 1998,
ODI,NR Mongia,DNB,6,-,-,-,-,1,,v Zimbabwe,Bulawayo,27 Sep 1998,
ODI,R Dravid,DNB,6,-,-,-,-,1,,v Zimbabwe,Bulawayo,27 Sep 1998,
ODI,M Azharuddin,DNB,6,-,-,-,-,1,,v Zimbabwe,Harare,30 Sep 1998,
ODI,A Jadeja,DNB,6,-,-,-,-,1,,v Zimbabwe,Harare,30 Sep 1998,
ODI,NR Mongia,DNB,6,-,-,-,-,1,,v Zimbabwe,Harare,30 Sep 1998,
ODI,R Dravid,DNB,6,-,-,-,-,1,,v Zimbabwe,Harare,30 Sep 1998,
ODI,M Azharuddin,DNB,6,-,-,-,-,2,,v Australia,Dhaka,28 Oct 1998,
ODI,SC Ganguly,DNB,6,-,-,-,-,2,,v Australia,Dhaka,28 Oct 1998,
ODI,A Jadeja,DNB,6,-,-,-,-,2,,v Australia,Dhaka,28 Oct 1998,
ODI,NR Mongia,DNB,6,-,-,-,-,2,,v Australia,Dhaka,28 Oct 1998,
ODI,R Dravid,DNB,6,-,-,-,-,2,,v Australia,Dhaka,28 Oct 1998,
ODI,M Azharuddin,DNB,6,-,-,-,-,2,,v West Indies,Dhaka,31 Oct 1998,
ODI,RR Singh,DNB,6,-,-,-,-,2,,v West Indies,Dhaka,31 Oct 1998,
ODI,SC Ganguly,DNB,6,-,-,-,-,2,,v West Indies,Dhaka,31 Oct 1998,
ODI,A Jadeja,DNB,6,-,-,-,-,2,,v West Indies,Dhaka,31 Oct 1998,
ODI,NR Mongia,DNB,6,-,-,-,-,2,,v West Indies,Dhaka,31 Oct 1998,
ODI,M Azharuddin,DNB,6,-,-,-,-,1,,v Sri Lanka,Sharjah,6 Nov 1998,
ODI,RR Singh,DNB,6,-,-,-,-,1,,v Sri Lanka,Sharjah,6 Nov 1998,
ODI,SC Ganguly,DNB,6,-,-,-,-,1,,v Sri Lanka,Sharjah,6 Nov 1998,
ODI,A Jadeja,DNB,6,-,-,-,-,1,,v Sri Lanka,Sharjah,6 Nov 1998,
ODI,NR Mongia,DNB,6,-,-,-,-,1,,v Sri Lanka,Sharjah,6 Nov 1998,
ODI,M Azharuddin,DNB,6,-,-,-,-,1,,v Zimbabwe,Sharjah,8 Nov 1998,
ODI,RR Singh,DNB,6,-,-,-,-,1,,v Zimbabwe,Sharjah,8 Nov 1998,
ODI,SC Ganguly,DNB,6,-,-,-,-,1,,v Zimbabwe,Sharjah,8 Nov 1998,
ODI,A Jadeja,DNB,6,-,-,-,-,1,,v Zimbabwe,Sharjah,8 Nov 1998,
ODI,NR Mongia,DNB,6,-,-,-,-,1,,v Zimbabwe,Sharjah,8 Nov 1998,
ODI,M Azharuddin,DNB,6,-,-,-,-,2,,v Sri Lanka,Sharjah,9 Nov 1998,
ODI,SR Tendulkar,DNB,6,-,-,-,-,2,,v Sri Lanka,Sharjah,9 Nov 1998,
ODI,RR Singh,DNB,6,-,-,-,-,2,,v Sri Lanka,Sharjah,9 Nov 1998,
ODI,SC Ganguly,DNB,6,-,-,-,-,2,,v Sri Lanka,Sharjah,9 Nov 1998,
ODI,A Jadeja,DNB,6,-,-,-,-,2,,v Sri Lanka,Sharjah,9 Nov 1998,
ODI,NR Mongia,DNB,6,-,-,-,-,2,,v Sri Lanka,Sharjah,9 Nov 1998,
ODI,SC Ganguly,DNB,6,-,-,-,-,1,,v Zimbabwe,Sharjah,11 Nov 1998,
ODI,A Jadeja,DNB,6,-,-,-,-,1,,v Zimbabwe,Sharjah,11 Nov 1998,
ODI,NR Mongia,DNB,6,-,-,-,-,1,,v Zimbabwe,Sharjah,11 Nov 1998,
ODI,R Dravid,DNB,6,-,-,-,-,1,,v Zimbabwe,Sharjah,11 Nov 1998,
ODI,M Azharuddin,DNB,6,-,-,-,-,1,,v Zimbabwe,Sharjah,13 Nov 1998,
ODI,RR Singh,DNB,6,-,-,-,-,1,,v Zimbabwe,Sharjah,13 Nov 1998,
ODI,SC Ganguly,DNB,6,-,-,-,-,1,,v Zimbabwe,Sharjah,13 Nov 1998,
ODI,A Jadeja,DNB,6,-,-,-,-,1,,v Zimbabwe,Sharjah,13 Nov 1998,
ODI,NR Mongia,DNB,6,-,-,-,-,1,,v Zimbabwe,Sharjah,13 Nov 1998,
ODI,M Azharuddin,DNB,6,-,-,-,-,2,,v New Zealand,Taupo,9 Jan 1999,
ODI,SC Ganguly,DNB,6,-,-,-,-,2,,v New Zealand,Taupo,9 Jan 1999,
ODI,A Jadeja,DNB,6,-,-,-,-,2,,v New Zealand,Taupo,9 Jan 1999,
ODI,NR Mongia,DNB,6,-,-,-,-,2,,v New Zealand,Taupo,9 Jan 1999,
ODI,R Dravid,DNB,6,-,-,-,-,2,,v New Zealand,Taupo,9 Jan 1999,
ODI,M Azharuddin,DNB,6,-,-,-,-,1,,v New Zealand,Napier,12 Jan 1999,
ODI,A Jadeja,DNB,6,-,-,-,-,1,,v New Zealand,Napier,12 Jan 1999,
ODI,NR Mongia,DNB,6,-,-,-,-,1,,v New Zealand,Napier,12 Jan 1999,
ODI,R Dravid,DNB,6,-,-,-,-,1,,v New Zealand,Napier,12 Jan 1999,
ODI,M Azharuddin,DNB,6,-,-,-,-,2,,v New Zealand,Wellington,14 Jan 1999,
ODI,SR Tendulkar,DNB,6,-,-,-,-,2,,v New Zealand,Wellington,14 Jan 1999,
ODI,SC Ganguly,DNB,6,-,-,-,-,2,,v New Zealand,Wellington,14 Jan 1999,
ODI,A Jadeja,DNB,6,-,-,-,-,2,,v New Zealand,Wellington,14 Jan 1999,
ODI,NR Mongia,DNB,6,-,-,-,-,2,,v New Zealand,Wellington,14 Jan 1999,
ODI,R Dravid,DNB,6,-,-,-,-,2,,v New Zealand,Wellington,14 Jan 1999,
ODI,M Azharuddin,DNB,6,-,-,-,-,1,,v New Zealand,Auckland,16 Jan 1999,
ODI,A Jadeja,DNB,6,-,-,-,-,1,,v New Zealand,Auckland,16 Jan 1999,
ODI,NR Mongia,DNB,6,-,-,-,-,1,,v New Zealand,Auckland,16 Jan 1999,
ODI,R Dravid,DNB,6,-,-,-,-,1,,v New Zealand,Auckland,16 Jan 1999,
ODI,M Azharuddin,DNB,6,-,-,-,-,1,,v New Zealand,Christchurch,19 Jan 1999,
ODI,A Jadeja,DNB,6,-,-,-,-,1,,v New Zealand,Christchurch,19 Jan 1999,
ODI,NR Mongia,DNB,6,-,-,-,-,1,,v New Zealand,Christchurch,19 Jan 1999,
ODI,R Dravid,DNB,6,-,-,-,-,1,,v New Zealand,Christchurch,19 Jan 1999,
ODI,M Azharuddin,DNB,6,-,-,-,-,2,,v Sri Lanka,Nagpur,22 Mar 1999,
ODI,A Jadeja,DNB,6,-,-,-,-,2,,v Sri Lanka,Nagpur,22 Mar 1999,
ODI,VG Kambli,DNB,6,-,-,-,-,2,,v Sri Lanka,Nagpur,22 Mar 1999,
ODI,NR Mongia,DNB,6,-,-,-,-,2,,v Sri Lanka,Nagpur,22 Mar 1999,
ODI,R Dravid,DNB,6,-,-,-,-,2,,v Sri Lanka,Nagpur,22 Mar 1999,
ODI,M Azharuddin,DNB,6,-,-,-,-,1,,v Pakistan,Jaipur,24 Mar 1999,
ODI,SC Ganguly,DNB,6,-,-,-,-,1,,v Pakistan,Jaipur,24 Mar 1999,
ODI,A Jadeja,DNB,6,-,-,-,-,1,,v Pakistan,Jaipur,24 Mar 1999,
ODI,VG Kambli,DNB,6,-,-,-,-,1,,v Pakistan,Jaipur,24 Mar 1999,
ODI,NR Mongia,DNB,6,-,-,-,-,1,,v Pakistan,Jaipur,24 Mar 1999,
ODI,A Jadeja,DNB,6,-,-,-,-,2,,v Sri Lanka,Pune,30 Mar 1999,
ODI,NR Mongia,DNB,6,-,-,-,-,2,,v Sri Lanka,Pune,30 Mar 1999,
ODI,R Dravid,DNB,6,-,-,-,-,2,,v Sri Lanka,Pune,30 Mar 1999,
ODI,AR Khurasiya,DNB,6,-,-,-,-,2,,v Sri Lanka,Pune,30 Mar 1999,
ODI,S Ramesh,DNB,6,-,-,-,-,2,,v Sri Lanka,Pune,30 Mar 1999,
ODI,A Jadeja,DNB,6,-,-,-,-,2,,v Pakistan,Mohali,1 Apr 1999,
ODI,R Dravid,DNB,6,-,-,-,-,2,,v Pakistan,Mohali,1 Apr 1999,
ODI,SS Karim,DNB,6,-,-,-,-,2,,v Pakistan,Mohali,1 Apr 1999,
ODI,AR Khurasiya,DNB,6,-,-,-,-,2,,v Pakistan,Mohali,1 Apr 1999,
ODI,A Jadeja,DNB,6,-,-,-,-,1,,v Pakistan,Bengaluru,4 Apr 1999,
ODI,NR Mongia,DNB,6,-,-,-,-,1,,v Pakistan,Bengaluru,4 Apr 1999,
ODI,R Dravid,DNB,6,-,-,-,-,1,,v Pakistan,Bengaluru,4 Apr 1999,
ODI,AR Khurasiya,DNB,6,-,-,-,-,1,,v Pakistan,Bengaluru,4 Apr 1999,
ODI,S Ramesh,DNB,6,-,-,-,-,1,,v Pakistan,Bengaluru,4 Apr 1999,
ODI,M Azharuddin,DNB,6,-,-,-,-,1,,v Pakistan,Sharjah,8 Apr 1999,
ODI,A Jadeja,DNB,6,-,-,-,-,1,,v Pakistan,Sharjah,8 Apr 1999,
ODI,NR Mongia,DNB,6,-,-,-,-,1,,v Pakistan,Sharjah,8 Apr 1999,
ODI,R Dravid,DNB,6,-,-,-,-,1,,v Pakistan,Sharjah,8 Apr 1999,
ODI,S Ramesh,DNB,6,-,-,-,-,1,,v Pakistan,Sharjah,8 Apr 1999,
ODI,M Azharuddin,DNB,6,-,-,-,-,2,,v England,Sharjah,9 Apr 1999,
ODI,NR Mongia,DNB,6,-,-,-,-,2,,v England,Sharjah,9 Apr 1999,
ODI,R Dravid,DNB,6,-,-,-,-,2,,v England,Sharjah,9 Apr 1999,
ODI,S Ramesh,DNB,6,-,-,-,-,2,,v England,Sharjah,9 Apr 1999,
ODI,VG Kambli,DNB,6,-,-,-,-,2,,v England,Sharjah,11 Apr 1999,
ODI,NR Mongia,DNB,6,-,-,-,-,2,,v England,Sharjah,11 Apr 1999,
ODI,R Dravid,DNB,6,-,-,-,-,2,,v England,Sharjah,11 Apr 1999,
ODI,S Ramesh,DNB,6,-,-,-,-,2,,v England,Sharjah,11 Apr 1999,
ODI,VG Kambli,DNB,6,-,-,-,-,1,,v Pakistan,Sharjah,13 Apr 1999,
ODI,NR Mongia,DNB,6,-,-,-,-,1,,v Pakistan,Sharjah,13 Apr 1999,
ODI,R Dravid,DNB,6,-,-,-,-,1,,v Pakistan,Sharjah,13 Apr 1999,
ODI,AR Khurasiya,DNB,6,-,-,-,-,1,,v Pakistan,Sharjah,13 Apr 1999,
ODI,S Ramesh,DNB,6,-,-,-,-,1,,v Pakistan,Sharjah,13 Apr 1999,
ODI,M Azharuddin,DNB,6,-,-,-,-,2,,v Pakistan,Sharjah,16 Apr 1999,
ODI,RR Singh,DNB,6,-,-,-,-,2,,v Pakistan,Sharjah,16 Apr 1999,
ODI,SC Ganguly,DNB,6,-,-,-,-,2,,v Pakistan,Sharjah,16 Apr 1999,
ODI,A Jadeja,DNB,6,-,-,-,-,2,,v Pakistan,Sharjah,16 Apr 1999,
ODI,NR Mongia,DNB,6,-,-,-,-,2,,v Pakistan,Sharjah,16 Apr 1999,
ODI,R Dravid,DNB,6,-,-,-,-,2,,v Pakistan,Sharjah,16 Apr 1999,
ODI,S Ramesh,DNB,6,-,-,-,-,2,,v Pakistan,Sharjah,16 Apr 1999,
ODI,M Azharuddin,DNB,6,-,-,-,-,2,,v South Africa,Hove,15 May 1999,
ODI,A Jadeja,DNB,6,-,-,-,-,2,,v South Africa,Hove,15 May 1999,
ODI,NR Mongia,DNB,6,-,-,-,-,2,,v South Africa,Hove,15 May 1999,
ODI,R Dravid,DNB,6,-,-,-,-,2,,v South Africa,Hove,15 May 1999,
ODI,M Azharuddin,DNB,6,-,-,-,-,1,,v Zimbabwe,Leicester,19 May 1999,
ODI,NR Mongia,DNB,6,-,-,-,-,1,,v Zimbabwe,Leicester,19 May 1999,
ODI,R Dravid,DNB,6,-,-,-,-,1,,v Zimbabwe,Leicester,19 May 1999,
ODI,S Ramesh,DNB,6,-,-,-,-,1,,v Zimbabwe,Leicester,19 May 1999,
ODI,M Azharuddin,DNB,6,-,-,-,-,2,,v Kenya,Bristol,23 May 1999,
ODI,A Jadeja,DNB,6,-,-,-,-,2,,v Kenya,Bristol,23 May 1999,
ODI,NR Mongia,DNB,6,-,-,-,-,2,,v Kenya,Bristol,23 May 1999,
ODI,R Dravid,DNB,6,-,-,-,-,2,,v Kenya,Bristol,23 May 1999,
ODI,S Ramesh,DNB,6,-,-,-,-,2,,v Kenya,Bristol,23 May 1999,
ODI,M Azharuddin,DNB,6,-,-,-,-,2,,v Sri Lanka,Taunton,26 May 1999,
ODI,SR Tendulkar,DNB,6,-,-,-,-,2,,v Sri Lanka,Taunton,26 May 1999,
ODI,A Jadeja,DNB,6,-,-,-,-,2,,v Sri Lanka,Taunton,26 May 1999,
ODI,R Dravid,DNB,6,-,-,-,-,2,,v Sri Lanka,Taunton,26 May 1999,
ODI,S Ramesh,DNB,6,-,-,-,-,2,,v Sri Lanka,Taunton,26 May 1999,
ODI,M Azharuddin,DNB,6,-,-,-,-,2,,v England,Birmingham,29 May 1999,
ODI,SR Tendulkar,DNB,6,-,-,-,-,2,,v England,Birmingham,29 May 1999,
ODI,A Jadeja,DNB,6,-,-,-,-,2,,v England,Birmingham,29 May 1999,
ODI,NR Mongia,DNB,6,-,-,-,-,2,,v England,Birmingham,29 May 1999,
ODI,R Dravid,DNB,6,-,-,-,-,2,,v England,Birmingham,29 May 1999,
ODI,S Ramesh,DNB,6,-,-,-,-,2,,v England,Birmingham,29 May 1999,
ODI,M Azharuddin,DNB,6,-,-,-,-,1,,v Australia,The Oval,4 Jun 1999,
ODI,A Jadeja,DNB,6,-,-,-,-,1,,v Australia,The Oval,4 Jun 1999,
ODI,NR Mongia,DNB,6,-,-,-,-,1,,v Australia,The Oval,4 Jun 1999,
ODI,R Dravid,DNB,6,-,-,-,-,1,,v Australia,The Oval,4 Jun 1999,
ODI,M Azharuddin,DNB,6,-,-,-,-,2,,v Pakistan,Manchester,8 Jun 1999,
ODI,SR Tendulkar,DNB,6,-,-,-,-,2,,v Pakistan,Manchester,8 Jun 1999,
ODI,A Jadeja,DNB,6,-,-,-,-,2,,v Pakistan,Manchester,8 Jun 1999,
ODI,NR Mongia,DNB,6,-,-,-,-,2,,v Pakistan,Manchester,8 Jun 1999,
ODI,R Dravid,DNB,6,-,-,-,-,2,,v Pakistan,Manchester,8 Jun 1999,
ODI,S Ramesh,DNB,6,-,-,-,-,2,,v Pakistan,Manchester,8 Jun 1999,
ODI,M Azharuddin,DNB,6,-,-,-,-,2,,v New Zealand,Nottingham,12 Jun 1999,
ODI,A Jadeja,DNB,6,-,-,-,-,2,,v New Zealand,Nottingham,12 Jun 1999,
ODI,NR Mongia,DNB,6,-,-,-,-,2,,v New Zealand,Nottingham,12 Jun 1999,
ODI,R Dravid,DNB,6,-,-,-,-,2,,v New Zealand,Nottingham,12 Jun 1999,
ODI,SR Tendulkar,DNB,6,-,-,-,-,2,,v Australia,Galle,23 Aug 1999,
ODI,A Jadeja,DNB,6,-,-,-,-,2,,v Australia,Galle,23 Aug 1999,
ODI,R Dravid,DNB,6,-,-,-,-,2,,v Australia,Galle,23 Aug 1999,
ODI,MSK Prasad,DNB,6,-,-,-,-,2,,v Australia,Galle,23 Aug 1999,
ODI,AR Khurasiya,DNB,6,-,-,-,-,2,,v Australia,Galle,23 Aug 1999,
ODI,SR Tendulkar,DNB,6,-,-,-,-,2,,v Sri Lanka,Colombo (RPS),25 Aug 1999,
ODI,A Jadeja,DNB,6,-,-,-,-,2,,v Sri Lanka,Colombo (RPS),25 Aug 1999,
ODI,R Dravid,DNB,6,-,-,-,-,2,,v Sri Lanka,Colombo (RPS),25 Aug 1999,
ODI,MSK Prasad,DNB,6,-,-,-,-,2,,v Sri Lanka,Colombo (RPS),25 Aug 1999,
ODI,AR Khurasiya,DNB,6,-,-,-,-,2,,v Sri Lanka,Colombo (RPS),25 Aug 1999,
ODI,A Jadeja,DNB,6,-,-,-,-,1,,v Australia,Colombo (SSC),28 Aug 1999,
ODI,VG Kambli,DNB,6,-,-,-,-,1,,v Australia,Colombo (SSC),28 Aug 1999,
ODI,R Dravid,DNB,6,-,-,-,-,1,,v Australia,Colombo (SSC),28 Aug 1999,
ODI,AR Khurasiya,DNB,6,-,-,-,-,1,,v Australia,Colombo (SSC),28 Aug 1999,
ODI,S Ramesh,DNB,6,-,-,-,-,1,,v Australia,Colombo (SSC),28 Aug 1999,
ODI,SR Tendulkar,DNB,6,-,-,-,-,2,,v Sri Lanka,Colombo (SSC),29 Aug 1999,
ODI,A Jadeja,DNB,6,-,-,-,-,2,,v Sri Lanka,Colombo (SSC),29 Aug 1999,
ODI,R Dravid,DNB,6,-,-,-,-,2,,v Sri Lanka,Colombo (SSC),29 Aug 1999,
ODI,AR Khurasiya,DNB,6,-,-,-,-,2,,v Sri Lanka,Colombo (SSC),29 Aug 1999,
ODI,S Ramesh,DNB,6,-,-,-,-,2,,v Sri Lanka,Colombo (SSC),29 Aug 1999,
ODI,SR Tendulkar,DNB,6,-,-,-,-,2,,v Zimbabwe,Singapore,4 Sep 1999,
ODI,SC Ganguly,DNB,6,-,-,-,-,2,,v Zimbabwe,Singapore,4 Sep 1999,
ODI,A Jadeja,DNB,6,-,-,-,-,2,,v Zimbabwe,Singapore,4 Sep 1999,
ODI,R Dravid,DNB,6,-,-,-,-,2,,v Zimbabwe,Singapore,4 Sep 1999,
ODI,AR Khurasiya,DNB,6,-,-,-,-,2,,v Zimbabwe,Singapore,4 Sep 1999,
ODI,VG Kambli,DNB,6,-,-,-,-,1,,v West Indies,Singapore,5 Sep 1999,
ODI,R Dravid,DNB,6,-,-,-,-,1,,v West Indies,Singapore,5 Sep 1999,
ODI,MSK Prasad,DNB,6,-,-,-,-,1,,v West Indies,Singapore,5 Sep 1999,
ODI,AR Khurasiya,DNB,6,-,-,-,-,1,,v West Indies,Singapore,5 Sep 1999,
ODI,SR Tendulkar,TDNB,6,-,-,-,-,-,,v West Indies,Singapore,7 Sep 1999,
ODI,RR Singh,TDNB,6,-,-,-,-,-,,v West Indies,Singapore,7 Sep 1999,
ODI,A Kumble,TDNB,6,-,-,-,-,-,,v West Indies,Singapore,7 Sep 1999,
ODI,SC Ganguly,TDNB,6,-,-,-,-,-,,v West Indies,Singapore,7 Sep 1999,
ODI,VG Kambli,TDNB,6,-,-,-,-,-,,v West Indies,Singapore,7 Sep 1999,
ODI,BKV Prasad,TDNB,6,-,-,-,-,-,,v West Indies,Singapore,7 Sep 1999,
ODI,R Dravid,TDNB,6,-,-,-,-,-,,v West Indies,Singapore,7 Sep 1999,
ODI,SB Joshi,TDNB,6,-,-,-,-,-,,v West Indies,Singapore,7 Sep 1999,
ODI,DS Mohanty,TDNB,6,-,-,-,-,-,,v West Indies,Singapore,7 Sep 1999,
ODI,N Chopra,TDNB,6,-,-,-,-,-,,v West Indies,Singapore,7 Sep 1999,
ODI,S Ramesh,TDNB,6,-,-,-,-,-,,v West Indies,Singapore,7 Sep 1999,
ODI,SR Tendulkar,DNB,6,-,-,-,-,2,,v West Indies,Singapore,8 Sep 1999,
ODI,RR Singh,DNB,6,-,-,-,-,2,,v West Indies,Singapore,8 Sep 1999,
ODI,VG Kambli,DNB,6,-,-,-,-,2,,v West Indies,Singapore,8 Sep 1999,
ODI,R Dravid,DNB,6,-,-,-,-,2,,v West Indies,Singapore,8 Sep 1999,
ODI,S Ramesh,DNB,6,-,-,-,-,2,,v West Indies,Singapore,8 Sep 1999,
ODI,SC Ganguly,DNB,6,-,-,-,-,1,,v West Indies,Toronto,11 Sep 1999,
ODI,R Dravid,DNB,6,-,-,-,-,1,,v West Indies,Toronto,11 Sep 1999,
ODI,HH Kanitkar,DNB,6,-,-,-,-,1,,v West Indies,Toronto,11 Sep 1999,
ODI,MSK Prasad,DNB,6,-,-,-,-,1,,v West Indies,Toronto,11 Sep 1999,
ODI,JJ Martin,DNB,6,-,-,-,-,1,,v West Indies,Toronto,11 Sep 1999,
ODI,S Ramesh,DNB,6,-,-,-,-,1,,v West Indies,Toronto,11 Sep 1999,
ODI,R Dravid,DNB,6,-,-,-,-,1,,v West Indies,Toronto,12 Sep 1999,
ODI,MSK Prasad,DNB,6,-,-,-,-,1,,v West Indies,Toronto,12 Sep 1999,
ODI,JJ Martin,DNB,6,-,-,-,-,1,,v West Indies,Toronto,12 Sep 1999,
ODI,S Ramesh,DNB,6,-,-,-,-,1,,v West Indies,Toronto,12 Sep 1999,
ODI,VG Kambli,DNB,6,-,-,-,-,2,,v West Indies,Toronto,14 Sep 1999,
ODI,R Dravid,DNB,6,-,-,-,-,2,,v West Indies,Toronto,14 Sep 1999,
ODI,MSK Prasad,DNB,6,-,-,-,-,2,,v West Indies,Toronto,14 Sep 1999,
ODI,JJ Martin,DNB,6,-,-,-,-,2,,v West Indies,Toronto,14 Sep 1999,
ODI,S Ramesh,DNB,6,-,-,-,-,2,,v West Indies,Toronto,14 Sep 1999,
ODI,RR Singh,DNB,6,-,-,-,-,1,,v South Africa,Nairobi (Gym),26 Sep 1999,
ODI,SC Ganguly,DNB,6,-,-,-,-,1,,v South Africa,Nairobi (Gym),26 Sep 1999,
ODI,A Jadeja,DNB,6,-,-,-,-,1,,v South Africa,Nairobi (Gym),26 Sep 1999,
ODI,MSK Prasad,DNB,6,-,-,-,-,1,,v South Africa,Nairobi (Gym),26 Sep 1999,
ODI,SC Ganguly,DNB,6,-,-,-,-,2,,v Kenya,Nairobi (Gym),29 Sep 1999,
ODI,A Jadeja,DNB,6,-,-,-,-,2,,v Kenya,Nairobi (Gym),29 Sep 1999,
ODI,R Dravid,DNB,6,-,-,-,-,2,,v Kenya,Nairobi (Gym),29 Sep 1999,
ODI,MSK Prasad,DNB,6,-,-,-,-,2,,v Kenya,Nairobi (Gym),29 Sep 1999,
ODI,S Ramesh,DNB,6,-,-,-,-,2,,v Kenya,Nairobi (Gym),29 Sep 1999,
ODI,RR Singh,DNB,6,-,-,-,-,2,,v Zimbabwe,Nairobi (Gym),1 Oct 1999,
ODI,SC Ganguly,DNB,6,-,-,-,-,2,,v Zimbabwe,Nairobi (Gym),1 Oct 1999,
ODI,A Jadeja,DNB,6,-,-,-,-,2,,v Zimbabwe,Nairobi (Gym),1 Oct 1999,
ODI,R Dravid,DNB,6,-,-,-,-,2,,v Zimbabwe,Nairobi (Gym),1 Oct 1999,
ODI,MSK Prasad,DNB,6,-,-,-,-,2,,v Zimbabwe,Nairobi (Gym),1 Oct 1999,
ODI,A Jadeja,DNB,6,-,-,-,-,1,,v South Africa,Nairobi (Gym),3 Oct 1999,
ODI,R Dravid,DNB,6,-,-,-,-,1,,v South Africa,Nairobi (Gym),3 Oct 1999,
ODI,MSK Prasad,DNB,6,-,-,-,-,1,,v South Africa,Nairobi (Gym),3 Oct 1999,
ODI,S Ramesh,DNB,6,-,-,-,-,1,,v South Africa,Nairobi (Gym),3 Oct 1999,
ODI,SC Ganguly,DNB,6,-,-,-,-,1,,v New Zealand,Rajkot,5 Nov 1999,
ODI,A Jadeja,DNB,6,-,-,-,-,1,,v New Zealand,Rajkot,5 Nov 1999,
ODI,R Dravid,DNB,6,-,-,-,-,1,,v New Zealand,Rajkot,5 Nov 1999,
ODI,MSK Prasad,DNB,6,-,-,-,-,1,,v New Zealand,Rajkot,5 Nov 1999,
ODI,SR Tendulkar,DNB,6,-,-,-,-,2,,v New Zealand,Hyderabad (Deccan),8 Nov 1999,
ODI,RR Singh,DNB,6,-,-,-,-,2,,v New Zealand,Hyderabad (Deccan),8 Nov 1999,
ODI,A Jadeja,DNB,6,-,-,-,-,2,,v New Zealand,Hyderabad (Deccan),8 Nov 1999,
ODI,R Dravid,DNB,6,-,-,-,-,2,,v New Zealand,Hyderabad (Deccan),8 Nov 1999,
ODI,MSK Prasad,DNB,6,-,-,-,-,2,,v New Zealand,Hyderabad (Deccan),8 Nov 1999,
ODI,SR Tendulkar,DNB,6,-,-,-,-,2,,v New Zealand,Gwalior,11 Nov 1999,
ODI,A Jadeja,DNB,6,-,-,-,-,2,,v New Zealand,Gwalior,11 Nov 1999,
ODI,R Dravid,DNB,6,-,-,-,-,2,,v New Zealand,Gwalior,11 Nov 1999,
ODI,MSK Prasad,DNB,6,-,-,-,-,2,,v New Zealand,Gwalior,11 Nov 1999,
ODI,SR Tendulkar,DNB,6,-,-,-,-,1,,v New Zealand,Guwahati,14 Nov 1999,
ODI,A Jadeja,DNB,6,-,-,-,-,1,,v New Zealand,Guwahati,14 Nov 1999,
ODI,R Dravid,DNB,6,-,-,-,-,1,,v New Zealand,Guwahati,14 Nov 1999,
ODI,MSK Prasad,DNB,6,-,-,-,-,1,,v New Zealand,Guwahati,14 Nov 1999,
ODI,SR Tendulkar,DNB,6,-,-,-,-,1,,v New Zealand,Delhi,17 Nov 1999,
ODI,R Dravid,DNB,6,-,-,-,-,1,,v New Zealand,Delhi,17 Nov 1999,
ODI,MSK Prasad,DNB,6,-,-,-,-,1,,v New Zealand,Delhi,17 Nov 1999,
ODI,DJ Gandhi,DNB,6,-,-,-,-,1,,v New Zealand,Delhi,17 Nov 1999,
ODI,R Vijay Bharadwaj,DNB,6,-,-,-,-,1,,v New Zealand,Delhi,17 Nov 1999,
ODI,SR Tendulkar,DNB,6,-,-,-,-,2,,v Pakistan,Brisbane,10 Jan 2000,
ODI,R Dravid,DNB,6,-,-,-,-,2,,v Pakistan,Brisbane,10 Jan 2000,
ODI,VVS Laxman,DNB,6,-,-,-,-,2,,v Pakistan,Brisbane,10 Jan 2000,
ODI,HH Kanitkar,DNB,6,-,-,-,-,2,,v Pakistan,Brisbane,10 Jan 2000,
ODI,SS Dighe,DNB,6,-,-,-,-,2,,v Pakistan,Brisbane,10 Jan 2000,
ODI,R Dravid,DNB,6,-,-,-,-,1,,v Australia,Melbourne,12 Jan 2000,
ODI,VVS Laxman,DNB,6,-,-,-,-,1,,v Australia,Melbourne,12 Jan 2000,
ODI,JJ Martin,DNB,6,-,-,-,-,1,,v Australia,Melbourne,12 Jan 2000,
ODI,SS Dighe,DNB,6,-,-,-,-,1,,v Australia,Melbourne,12 Jan 2000,
ODI,SR Tendulkar,DNB,6,-,-,-,-,2,,v Australia,Sydney,14 Jan 2000,
ODI,R Dravid,DNB,6,-,-,-,-,2,,v Australia,Sydney,14 Jan 2000,
ODI,VVS Laxman,DNB,6,-,-,-,-,2,,v Australia,Sydney,14 Jan 2000,
ODI,N Chopra,DNB,6,-,-,-,-,2,,v Australia,Sydney,14 Jan 2000,
ODI,DJ Gandhi,DNB,6,-,-,-,-,2,,v Australia,Sydney,14 Jan 2000,
ODI,SS Dighe,DNB,6,-,-,-,-,2,,v Australia,Sydney,14 Jan 2000,
ODI,R Dravid,DNB,6,-,-,-,-,1,,v Pakistan,Hobart,21 Jan 2000,
ODI,VVS Laxman,DNB,6,-,-,-,-,1,,v Pakistan,Hobart,21 Jan 2000,
ODI,JJ Martin,DNB,6,-,-,-,-,1,,v Pakistan,Hobart,21 Jan 2000,
ODI,SS Dighe,DNB,6,-,-,-,-,1,,v Pakistan,Hobart,21 Jan 2000,
ODI,SR Tendulkar,DNB,6,-,-,-,-,2,,v Pakistan,Adelaide,25 Jan 2000,
ODI,SC Ganguly,DNB,6,-,-,-,-,2,,v Pakistan,Adelaide,25 Jan 2000,
ODI,R Dravid,DNB,6,-,-,-,-,2,,v Pakistan,Adelaide,25 Jan 2000,
ODI,HH Kanitkar,DNB,6,-,-,-,-,2,,v Pakistan,Adelaide,25 Jan 2000,
ODI,JJ Martin,DNB,6,-,-,-,-,2,,v Pakistan,Adelaide,25 Jan 2000,
ODI,SS Dighe,DNB,6,-,-,-,-,2,,v Pakistan,Adelaide,25 Jan 2000,
ODI,R Dravid,DNB,6,-,-,-,-,1,,v Australia,Adelaide,26 Jan 2000,
ODI,JJ Martin,DNB,6,-,-,-,-,1,,v Australia,Adelaide,26 Jan 2000,
ODI,SS Dighe,DNB,6,-,-,-,-,1,,v Australia,Adelaide,26 Jan 2000,
ODI,SR Tendulkar,DNB,6,-,-,-,-,1,,v Pakistan,W.A.C.A,28 Jan 2000,
ODI,R Dravid,DNB,6,-,-,-,-,1,,v Pakistan,W.A.C.A,28 Jan 2000,
ODI,VVS Laxman,DNB,6,-,-,-,-,1,,v Pakistan,W.A.C.A,28 Jan 2000,
ODI,JJ Martin,DNB,6,-,-,-,-,1,,v Pakistan,W.A.C.A,28 Jan 2000,
ODI,SS Dighe,DNB,6,-,-,-,-,1,,v Pakistan,W.A.C.A,28 Jan 2000,
ODI,SR Tendulkar,DNB,6,-,-,-,-,2,,v Australia,W.A.C.A,30 Jan 2000,
ODI,R Dravid,DNB,6,-,-,-,-,2,,v Australia,W.A.C.A,30 Jan 2000,
ODI,VVS Laxman,DNB,6,-,-,-,-,2,,v Australia,W.A.C.A,30 Jan 2000,
ODI,HH Kanitkar,DNB,6,-,-,-,-,2,,v Australia,W.A.C.A,30 Jan 2000,
ODI,DJ Gandhi,DNB,6,-,-,-,-,2,,v Australia,W.A.C.A,30 Jan 2000,
ODI,SS Dighe,DNB,6,-,-,-,-,2,,v Australia,W.A.C.A,30 Jan 2000,
ODI,M Azharuddin,DNB,6,-,-,-,-,1,,v South Africa,Kochi,9 Mar 2000,
ODI,SC Ganguly,DNB,6,-,-,-,-,1,,v South Africa,Kochi,9 Mar 2000,
ODI,A Jadeja,DNB,6,-,-,-,-,1,,v South Africa,Kochi,9 Mar 2000,
ODI,SS Dighe,DNB,6,-,-,-,-,1,,v South Africa,Kochi,9 Mar 2000,
ODI,M Azharuddin,DNB,6,-,-,-,-,1,,v South Africa,Jamshedpur,12 Mar 2000,
ODI,RR Singh,DNB,6,-,-,-,-,1,,v South Africa,Jamshedpur,12 Mar 2000,
ODI,SC Ganguly,DNB,6,-,-,-,-,1,,v South Africa,Jamshedpur,12 Mar 2000,
ODI,A Jadeja,DNB,6,-,-,-,-,1,,v South Africa,Jamshedpur,12 Mar 2000,
ODI,SS Dighe,DNB,6,-,-,-,-,1,,v South Africa,Jamshedpur,12 Mar 2000,
ODI,M Azharuddin,DNB,6,-,-,-,-,2,,v South Africa,Faridabad,15 Mar 2000,
ODI,RR Singh,DNB,6,-,-,-,-,2,,v South Africa,Faridabad,15 Mar 2000,
ODI,A Jadeja,DNB,6,-,-,-,-,2,,v South Africa,Faridabad,15 Mar 2000,
ODI,SS Dighe,DNB,6,-,-,-,-,2,,v South Africa,Faridabad,15 Mar 2000,
ODI,M Azharuddin,DNB,6,-,-,-,-,1,,v South Africa,Vadodara,17 Mar 2000,
ODI,SC Ganguly,DNB,6,-,-,-,-,1,,v South Africa,Vadodara,17 Mar 2000,
ODI,A Jadeja,DNB,6,-,-,-,-,1,,v South Africa,Vadodara,17 Mar 2000,
ODI,R Dravid,DNB,6,-,-,-,-,1,,v South Africa,Vadodara,17 Mar 2000,
ODI,SS Karim,DNB,6,-,-,-,-,1,,v South Africa,Vadodara,17 Mar 2000,
ODI,A Jadeja,DNB,6,-,-,-,-,1,,v South Africa,Nagpur,19 Mar 2000,
ODI,R Dravid,DNB,6,-,-,-,-,1,,v South Africa,Nagpur,19 Mar 2000,
ODI,SS Karim,DNB,6,-,-,-,-,1,,v South Africa,Nagpur,19 Mar 2000,
ODI,M Azharuddin,DNB,6,-,-,-,-,2,,v South Africa,Sharjah,22 Mar 2000,
ODI,SC Ganguly,DNB,6,-,-,-,-,2,,v South Africa,Sharjah,22 Mar 2000,
ODI,R Dravid,DNB,6,-,-,-,-,2,,v South Africa,Sharjah,22 Mar 2000,
ODI,SS Karim,DNB,6,-,-,-,-,2,,v South Africa,Sharjah,22 Mar 2000,
ODI,M Azharuddin,DNB,6,-,-,-,-,1,,v Pakistan,Sharjah,23 Mar 2000,
ODI,SC Ganguly,DNB,6,-,-,-,-,1,,v Pakistan,Sharjah,23 Mar 2000,
ODI,A Jadeja,DNB,6,-,-,-,-,1,,v Pakistan,Sharjah,23 Mar 2000,
ODI,R Dravid,DNB,6,-,-,-,-,1,,v Pakistan,Sharjah,23 Mar 2000,
ODI,SS Karim,DNB,6,-,-,-,-,1,,v Pakistan,Sharjah,23 Mar 2000,
ODI,M Azharuddin,DNB,6,-,-,-,-,1,,v Pakistan,Sharjah,26 Mar 2000,
ODI,A Jadeja,DNB,6,-,-,-,-,1,,v Pakistan,Sharjah,26 Mar 2000,
ODI,R Dravid,DNB,6,-,-,-,-,1,,v Pakistan,Sharjah,26 Mar 2000,
ODI,SS Karim,DNB,6,-,-,-,-,1,,v Pakistan,Sharjah,26 Mar 2000,
ODI,M Azharuddin,DNB,6,-,-,-,-,2,,v South Africa,Sharjah,27 Mar 2000,
ODI,SC Ganguly,DNB,6,-,-,-,-,2,,v South Africa,Sharjah,27 Mar 2000,
ODI,A Jadeja,DNB,6,-,-,-,-,2,,v South Africa,Sharjah,27 Mar 2000,
ODI,R Dravid,DNB,6,-,-,-,-,2,,v South Africa,Sharjah,27 Mar 2000,
ODI,SS Karim,DNB,6,-,-,-,-,2,,v South Africa,Sharjah,27 Mar 2000,
ODI,M Azharuddin,DNB,6,-,-,-,-,1,,v Bangladesh,Dhaka,30 May 2000,
ODI,R Dravid,DNB,6,-,-,-,-,1,,v Bangladesh,Dhaka,30 May 2000,
ODI,SS Karim,DNB,6,-,-,-,-,1,,v Bangladesh,Dhaka,30 May 2000,
ODI,M Azharuddin,DNB,6,-,-,-,-,1,,v Sri Lanka,Dhaka,1 Jun 2000,
ODI,SC Ganguly,DNB,6,-,-,-,-,1,,v Sri Lanka,Dhaka,1 Jun 2000,
ODI,A Jadeja,DNB,6,-,-,-,-,1,,v Sri Lanka,Dhaka,1 Jun 2000,
ODI,R Dravid,DNB,6,-,-,-,-,1,,v Sri Lanka,Dhaka,1 Jun 2000,
ODI,M Azharuddin,DNB,6,-,-,-,-,1,,v Pakistan,Dhaka,3 Jun 2000,
ODI,RR Singh,DNB,6,-,-,-,-,1,,v Pakistan,Dhaka,3 Jun 2000,
ODI,SC Ganguly,DNB,6,-,-,-,-,1,,v Pakistan,Dhaka,3 Jun 2000,
ODI,A Jadeja,DNB,6,-,-,-,-,1,,v Pakistan,Dhaka,3 Jun 2000,
ODI,NR Mongia,DNB,6,-,-,-,-,1,,v Pakistan,Dhaka,3 Jun 2000,
ODI,R Dravid,DNB,6,-,-,-,-,1,,v Pakistan,Dhaka,3 Jun 2000,
ODI,RR Singh,DNB,6,-,-,-,-,1,,v Kenya,Nairobi (Gym),3 Oct 2000,
ODI,SC Ganguly,DNB,6,-,-,-,-,1,,v Kenya,Nairobi (Gym),3 Oct 2000,
ODI,VG Kambli,DNB,6,-,-,-,-,1,,v Kenya,Nairobi (Gym),3 Oct 2000,
ODI,R Dravid,DNB,6,-,-,-,-,1,,v Kenya,Nairobi (Gym),3 Oct 2000,
ODI,V Dahiya,DNB,6,-,-,-,-,1,,v Kenya,Nairobi (Gym),3 Oct 2000,
ODI,SC Ganguly,DNB,6,-,-,-,-,2,,v Australia,Nairobi (Gym),7 Oct 2000,
ODI,VG Kambli,DNB,6,-,-,-,-,2,,v Australia,Nairobi (Gym),7 Oct 2000,
ODI,R Dravid,DNB,6,-,-,-,-,2,,v Australia,Nairobi (Gym),7 Oct 2000,
ODI,V Dahiya,DNB,6,-,-,-,-,2,,v Australia,Nairobi (Gym),7 Oct 2000,
ODI,Yuvraj Singh,DNB,6,-,-,-,-,2,,v Australia,Nairobi (Gym),7 Oct 2000,
ODI,VG Kambli,DNB,6,-,-,-,-,2,,v South Africa,Nairobi (Gym),13 Oct 2000,
ODI,R Dravid,DNB,6,-,-,-,-,2,,v South Africa,Nairobi (Gym),13 Oct 2000,
ODI,V Dahiya,DNB,6,-,-,-,-,2,,v South Africa,Nairobi (Gym),13 Oct 2000,
ODI,RR Singh,DNB,6,-,-,-,-,2,,v New Zealand,Nairobi (Gym),15 Oct 2000,
ODI,SC Ganguly,DNB,6,-,-,-,-,2,,v New Zealand,Nairobi (Gym),15 Oct 2000,
ODI,VG Kambli,DNB,6,-,-,-,-,2,,v New Zealand,Nairobi (Gym),15 Oct 2000,
ODI,R Dravid,DNB,6,-,-,-,-,2,,v New Zealand,Nairobi (Gym),15 Oct 2000,
ODI,V Dahiya,DNB,6,-,-,-,-,2,,v New Zealand,Nairobi (Gym),15 Oct 2000,
ODI,VG Kambli,DNB,6,-,-,-,-,2,,v Sri Lanka,Sharjah,20 Oct 2000,
ODI,R Dravid,DNB,6,-,-,-,-,2,,v Sri Lanka,Sharjah,20 Oct 2000,
ODI,V Dahiya,DNB,6,-,-,-,-,2,,v Sri Lanka,Sharjah,20 Oct 2000,
ODI,Yuvraj Singh,DNB,6,-,-,-,-,2,,v Sri Lanka,Sharjah,20 Oct 2000,
ODI,SC Ganguly,DNB,6,-,-,-,-,2,,v Zimbabwe,Sharjah,22 Oct 2000,
ODI,VG Kambli,DNB,6,-,-,-,-,2,,v Zimbabwe,Sharjah,22 Oct 2000,
ODI,R Dravid,DNB,6,-,-,-,-,2,,v Zimbabwe,Sharjah,22 Oct 2000,
ODI,V Dahiya,DNB,6,-,-,-,-,2,,v Zimbabwe,Sharjah,22 Oct 2000,
ODI,SC Ganguly,DNB,6,-,-,-,-,1,,v Zimbabwe,Sharjah,26 Oct 2000,
ODI,VG Kambli,DNB,6,-,-,-,-,1,,v Zimbabwe,Sharjah,26 Oct 2000,
ODI,V Dahiya,DNB,6,-,-,-,-,1,,v Zimbabwe,Sharjah,26 Oct 2000,
ODI,Yuvraj Singh,DNB,6,-,-,-,-,1,,v Zimbabwe,Sharjah,26 Oct 2000,
ODI,VG Kambli,DNB,6,-,-,-,-,1,,v Sri Lanka,Sharjah,27 Oct 2000,
ODI,HK Badani,DNB,6,-,-,-,-,1,,v Sri Lanka,Sharjah,27 Oct 2000,
ODI,V Dahiya,DNB,6,-,-,-,-,1,,v Sri Lanka,Sharjah,27 Oct 2000,
ODI,VG Kambli,DNB,6,-,-,-,-,1,,v Sri Lanka,Sharjah,29 Oct 2000,
ODI,HK Badani,DNB,6,-,-,-,-,1,,v Sri Lanka,Sharjah,29 Oct 2000,
ODI,V Dahiya,DNB,6,-,-,-,-,1,,v Sri Lanka,Sharjah,29 Oct 2000,
ODI,SC Ganguly,DNB,6,-,-,-,-,1,,v Zimbabwe,Cuttack,2 Dec 2000,
ODI,R Dravid,DNB,6,-,-,-,-,1,,v Zimbabwe,Cuttack,2 Dec 2000,
ODI,HK Badani,DNB,6,-,-,-,-,1,,v Zimbabwe,Cuttack,2 Dec 2000,
ODI,V Dahiya,DNB,6,-,-,-,-,1,,v Zimbabwe,Cuttack,2 Dec 2000,
ODI,Yuvraj Singh,DNB,6,-,-,-,-,1,,v Zimbabwe,Cuttack,2 Dec 2000,
ODI,SC Ganguly,DNB,6,-,-,-,-,2,,v Zimbabwe,Ahmedabad,5 Dec 2000,
ODI,R Dravid,DNB,6,-,-,-,-,2,,v Zimbabwe,Ahmedabad,5 Dec 2000,
ODI,V Dahiya,DNB,6,-,-,-,-,2,,v Zimbabwe,Ahmedabad,5 Dec 2000,
ODI,R Dravid,DNB,6,-,-,-,-,2,,v Zimbabwe,Jodhpur,8 Dec 2000,
ODI,HK Badani,DNB,6,-,-,-,-,2,,v Zimbabwe,Jodhpur,8 Dec 2000,
ODI,V Dahiya,DNB,6,-,-,-,-,2,,v Zimbabwe,Jodhpur,8 Dec 2000,
ODI,Yuvraj Singh,DNB,6,-,-,-,-,2,,v Zimbabwe,Jodhpur,8 Dec 2000,
ODI,SR Tendulkar,DNB,6,-,-,-,-,1,,v Zimbabwe,Kanpur,11 Dec 2000,
ODI,R Dravid,DNB,6,-,-,-,-,1,,v Zimbabwe,Kanpur,11 Dec 2000,
ODI,HK Badani,DNB,6,-,-,-,-,1,,v Zimbabwe,Kanpur,11 Dec 2000,
ODI,V Dahiya,DNB,6,-,-,-,-,1,,v Zimbabwe,Kanpur,11 Dec 2000,
ODI,V Sehwag,DNB,6,-,-,-,-,1,,v Zimbabwe,Kanpur,11 Dec 2000,
ODI,SR Tendulkar,DNB,6,-,-,-,-,2,,v Zimbabwe,Rajkot,14 Dec 2000,
ODI,R Dravid,DNB,6,-,-,-,-,2,,v Zimbabwe,Rajkot,14 Dec 2000,
ODI,HK Badani,DNB,6,-,-,-,-,2,,v Zimbabwe,Rajkot,14 Dec 2000,
ODI,V Dahiya,DNB,6,-,-,-,-,2,,v Zimbabwe,Rajkot,14 Dec 2000,
ODI,Yuvraj Singh,DNB,6,-,-,-,-,2,,v Zimbabwe,Rajkot,14 Dec 2000,
ODI,SR Tendulkar,DNB,6,-,-,-,-,2,,v Australia,Bengaluru,25 Mar 2001,
ODI,R Dravid,DNB,6,-,-,-,-,2,,v Australia,Bengaluru,25 Mar 2001,
ODI,VVS Laxman,DNB,6,-,-,-,-,2,,v Australia,Bengaluru,25 Mar 2001,
ODI,HK Badani,DNB,6,-,-,-,-,2,,v Australia,Bengaluru,25 Mar 2001,
ODI,V Dahiya,DNB,6,-,-,-,-,2,,v Australia,Bengaluru,25 Mar 2001,
ODI,R Dravid,DNB,6,-,-,-,-,2,,v Australia,Pune,28 Mar 2001,
ODI,VVS Laxman,DNB,6,-,-,-,-,2,,v Australia,Pune,28 Mar 2001,
ODI,HK Badani,DNB,6,-,-,-,-,2,,v Australia,Pune,28 Mar 2001,
ODI,V Dahiya,DNB,6,-,-,-,-,2,,v Australia,Pune,28 Mar 2001,
ODI,D Mongia,DNB,6,-,-,-,-,2,,v Australia,Pune,28 Mar 2001,
ODI,SR Tendulkar,DNB,6,-,-,-,-,2,,v Australia,Indore,31 Mar 2001,
ODI,R Dravid,DNB,6,-,-,-,-,2,,v Australia,Indore,31 Mar 2001,
ODI,VVS Laxman,DNB,6,-,-,-,-,2,,v Australia,Indore,31 Mar 2001,
ODI,HK Badani,DNB,6,-,-,-,-,2,,v Australia,Indore,31 Mar 2001,
ODI,V Dahiya,DNB,6,-,-,-,-,2,,v Australia,Indore,31 Mar 2001,
ODI,D Mongia,DNB,6,-,-,-,-,2,,v Australia,Indore,31 Mar 2001,
ODI,R Dravid,DNB,6,-,-,-,-,1,,v Australia,Visakhapatnam,3 Apr 2001,
ODI,VVS Laxman,DNB,6,-,-,-,-,1,,v Australia,Visakhapatnam,3 Apr 2001,
ODI,HK Badani,DNB,6,-,-,-,-,1,,v Australia,Visakhapatnam,3 Apr 2001,
ODI,V Dahiya,DNB,6,-,-,-,-,1,,v Australia,Visakhapatnam,3 Apr 2001,
ODI,SC Ganguly,DNB,6,-,-,-,-,2,,v Australia,Margao,6 Apr 2001,
ODI,R Dravid,DNB,6,-,-,-,-,2,,v Australia,Margao,6 Apr 2001,
ODI,VVS Laxman,DNB,6,-,-,-,-,2,,v Australia,Margao,6 Apr 2001,
ODI,HK Badani,DNB,6,-,-,-,-,2,,v Australia,Margao,6 Apr 2001,
ODI,V Dahiya,DNB,6,-,-,-,-,2,,v Australia,Margao,6 Apr 2001,
ODI,SR Tendulkar,DNB,6,-,-,-,-,1,,v Zimbabwe,Harare,24 Jun 2001,
ODI,R Dravid,DNB,6,-,-,-,-,1,,v Zimbabwe,Harare,24 Jun 2001,
ODI,VVS Laxman,DNB,6,-,-,-,-,1,,v Zimbabwe,Harare,24 Jun 2001,
ODI,HK Badani,DNB,6,-,-,-,-,1,,v Zimbabwe,Harare,24 Jun 2001,
ODI,SS Dighe,DNB,6,-,-,-,-,1,,v Zimbabwe,Harare,24 Jun 2001,
ODI,V Sehwag,DNB,6,-,-,-,-,1,,v Zimbabwe,Harare,24 Jun 2001,
ODI,SR Tendulkar,DNB,6,-,-,-,-,1,,v Zimbabwe,Bulawayo,27 Jun 2001,
ODI,R Dravid,DNB,6,-,-,-,-,1,,v Zimbabwe,Bulawayo,27 Jun 2001,
ODI,HK Badani,DNB,6,-,-,-,-,1,,v Zimbabwe,Bulawayo,27 Jun 2001,
ODI,SS Dighe,DNB,6,-,-,-,-,1,,v Zimbabwe,Bulawayo,27 Jun 2001,
ODI,D Mongia,DNB,6,-,-,-,-,1,,v Zimbabwe,Bulawayo,27 Jun 2001,
ODI,SC Ganguly,DNB,6,-,-,-,-,1,,v West Indies,Bulawayo,30 Jun 2001,
ODI,R Dravid,DNB,6,-,-,-,-,1,,v West Indies,Bulawayo,30 Jun 2001,
ODI,HK Badani,DNB,6,-,-,-,-,1,,v West Indies,Bulawayo,30 Jun 2001,
ODI,SS Dighe,DNB,6,-,-,-,-,1,,v West Indies,Bulawayo,30 Jun 2001,
ODI,D Mongia,DNB,6,-,-,-,-,1,,v West Indies,Bulawayo,30 Jun 2001,
ODI,SC Ganguly,DNB,6,-,-,-,-,1,,v West Indies,Harare,4 Jul 2001,
ODI,R Dravid,DNB,6,-,-,-,-,1,,v West Indies,Harare,4 Jul 2001,
ODI,HK Badani,DNB,6,-,-,-,-,1,,v West Indies,Harare,4 Jul 2001,
ODI,SS Dighe,DNB,6,-,-,-,-,1,,v West Indies,Harare,4 Jul 2001,
ODI,SR Tendulkar,DNB,6,-,-,-,-,1,,v West Indies,Harare,7 Jul 2001,
ODI,R Dravid,DNB,6,-,-,-,-,1,,v West Indies,Harare,7 Jul 2001,
ODI,VVS Laxman,DNB,6,-,-,-,-,1,,v West Indies,Harare,7 Jul 2001,
ODI,SS Dighe,DNB,6,-,-,-,-,1,,v West Indies,Harare,7 Jul 2001,
ODI,SC Ganguly,DNB,6,-,-,-,-,1,,v New Zealand,Colombo (RPS),20 Jul 2001,
ODI,R Dravid,DNB,6,-,-,-,-,1,,v New Zealand,Colombo (RPS),20 Jul 2001,
ODI,VVS Laxman,DNB,6,-,-,-,-,1,,v New Zealand,Colombo (RPS),20 Jul 2001,
ODI,SS Dighe,DNB,6,-,-,-,-,1,,v New Zealand,Colombo (RPS),20 Jul 2001,
ODI,SC Ganguly,DNB,6,-,-,-,-,1,,v Sri Lanka,Colombo (RPS),22 Jul 2001,
ODI,R Dravid,DNB,6,-,-,-,-,1,,v Sri Lanka,Colombo (RPS),22 Jul 2001,
ODI,VVS Laxman,DNB,6,-,-,-,-,1,,v Sri Lanka,Colombo (RPS),22 Jul 2001,
ODI,AR Khurasiya,DNB,6,-,-,-,-,1,,v Sri Lanka,Colombo (RPS),22 Jul 2001,
ODI,SS Dighe,DNB,6,-,-,-,-,1,,v Sri Lanka,Colombo (RPS),22 Jul 2001,
ODI,R Dravid,DNB,6,-,-,-,-,1,,v New Zealand,Colombo (RPS),26 Jul 2001,
ODI,VVS Laxman,DNB,6,-,-,-,-,1,,v New Zealand,Colombo (RPS),26 Jul 2001,
ODI,RS Sodhi,DNB,6,-,-,-,-,1,,v New Zealand,Colombo (RPS),26 Jul 2001,
ODI,HK Badani,DNB,6,-,-,-,-,1,,v New Zealand,Colombo (RPS),26 Jul 2001,
ODI,SS Dighe,DNB,6,-,-,-,-,1,,v New Zealand,Colombo (RPS),26 Jul 2001,
ODI,R Dravid,DNB,6,-,-,-,-,1,,v Sri Lanka,Colombo (RPS),28 Jul 2001,
ODI,VVS Laxman,DNB,6,-,-,-,-,1,,v Sri Lanka,Colombo (RPS),28 Jul 2001,
ODI,AR Khurasiya,DNB,6,-,-,-,-,1,,v Sri Lanka,Colombo (RPS),28 Jul 2001,
ODI,SS Dighe,DNB,6,-,-,-,-,1,,v Sri Lanka,Colombo (RPS),28 Jul 2001,
ODI,R Dravid,DNB,6,-,-,-,-,2,,v Sri Lanka,Colombo (SSC),1 Aug 2001,
ODI,VVS Laxman,DNB,6,-,-,-,-,2,,v Sri Lanka,Colombo (SSC),1 Aug 2001,
ODI,HK Badani,DNB,6,-,-,-,-,2,,v Sri Lanka,Colombo (SSC),1 Aug 2001,
ODI,SS Dighe,DNB,6,-,-,-,-,2,,v Sri Lanka,Colombo (SSC),1 Aug 2001,
ODI,Yuvraj Singh,DNB,6,-,-,-,-,2,,v Sri Lanka,Colombo (SSC),1 Aug 2001,
ODI,R Dravid,DNB,6,-,-,-,-,1,,v New Zealand,Colombo (SSC),2 Aug 2001,
ODI,VVS Laxman,DNB,6,-,-,-,-,1,,v New Zealand,Colombo (SSC),2 Aug 2001,
ODI,HK Badani,DNB,6,-,-,-,-,1,,v New Zealand,Colombo (SSC),2 Aug 2001,
ODI,SS Dighe,DNB,6,-,-,-,-,1,,v New Zealand,Colombo (SSC),2 Aug 2001,
ODI,R Dravid,DNB,6,-,-,-,-,1,,v Sri Lanka,Colombo (RPS),5 Aug 2001,
ODI,VVS Laxman,DNB,6,-,-,-,-,1,,v Sri Lanka,Colombo (RPS),5 Aug 2001,
ODI,RS Sodhi,DNB,6,-,-,-,-,1,,v Sri Lanka,Colombo (RPS),5 Aug 2001,
ODI,HK Badani,DNB,6,-,-,-,-,1,,v Sri Lanka,Colombo (RPS),5 Aug 2001,
ODI,SS Dighe,DNB,6,-,-,-,-,1,,v Sri Lanka,Colombo (RPS),5 Aug 2001,
ODI,R Dravid,DNB,6,-,-,-,-,2,,v South Africa,Johannesburg,5 Oct 2001,
ODI,SS Das,DNB,6,-,-,-,-,2,,v South Africa,Johannesburg,5 Oct 2001,
ODI,Yuvraj Singh,DNB,6,-,-,-,-,2,,v South Africa,Johannesburg,5 Oct 2001,
ODI,V Sehwag,DNB,6,-,-,-,-,2,,v South Africa,Johannesburg,5 Oct 2001,
ODI,D Dasgupta,DNB,6,-,-,-,-,2,,v South Africa,Johannesburg,5 Oct 2001,
ODI,SC Ganguly,DNB,6,-,-,-,-,2,,v South Africa,Centurion,10 Oct 2001,
ODI,R Dravid,DNB,6,-,-,-,-,2,,v South Africa,Centurion,10 Oct 2001,
ODI,SS Das,DNB,6,-,-,-,-,2,,v South Africa,Centurion,10 Oct 2001,
ODI,Yuvraj Singh,DNB,6,-,-,-,-,2,,v South Africa,Centurion,10 Oct 2001,
ODI,D Dasgupta,DNB,6,-,-,-,-,2,,v South Africa,Centurion,10 Oct 2001,
ODI,SR Tendulkar,DNB,6,-,-,-,-,1,,v Kenya,Bloemfontein,12 Oct 2001,
ODI,R Dravid,DNB,6,-,-,-,-,1,,v Kenya,Bloemfontein,12 Oct 2001,
ODI,JJ Martin,DNB,6,-,-,-,-,1,,v Kenya,Bloemfontein,12 Oct 2001,
ODI,Yuvraj Singh,DNB,6,-,-,-,-,1,,v Kenya,Bloemfontein,12 Oct 2001,
ODI,V Sehwag,DNB,6,-,-,-,-,1,,v Kenya,Bloemfontein,12 Oct 2001,
ODI,D Dasgupta,DNB,6,-,-,-,-,1,,v Kenya,Bloemfontein,12 Oct 2001,
ODI,SR Tendulkar,DNB,6,-,-,-,-,1,,v Kenya,Gqeberha,17 Oct 2001,
ODI,R Dravid,DNB,6,-,-,-,-,1,,v Kenya,Gqeberha,17 Oct 2001,
ODI,JJ Martin,DNB,6,-,-,-,-,1,,v Kenya,Gqeberha,17 Oct 2001,
ODI,D Dasgupta,DNB,6,-,-,-,-,1,,v Kenya,Gqeberha,17 Oct 2001,
ODI,SR Tendulkar,DNB,6,-,-,-,-,1,,v South Africa,East London,19 Oct 2001,
ODI,SC Ganguly,DNB,6,-,-,-,-,1,,v South Africa,East London,19 Oct 2001,
ODI,R Dravid,DNB,6,-,-,-,-,1,,v South Africa,East London,19 Oct 2001,
ODI,SS Das,DNB,6,-,-,-,-,1,,v South Africa,East London,19 Oct 2001,
ODI,D Dasgupta,DNB,6,-,-,-,-,1,,v South Africa,East London,19 Oct 2001,
ODI,SR Tendulkar,DNB,6,-,-,-,-,2,,v Kenya,Paarl,24 Oct 2001,
ODI,SC Ganguly,DNB,6,-,-,-,-,2,,v Kenya,Paarl,24 Oct 2001,
ODI,R Dravid,DNB,6,-,-,-,-,2,,v Kenya,Paarl,24 Oct 2001,
ODI,VVS Laxman,DNB,6,-,-,-,-,2,,v Kenya,Paarl,24 Oct 2001,
ODI,SC Ganguly,DNB,6,-,-,-,-,2,,v South Africa,Durban,26 Oct 2001,
ODI,R Dravid,DNB,6,-,-,-,-,2,,v South Africa,Durban,26 Oct 2001,
ODI,VVS Laxman,DNB,6,-,-,-,-,2,,v South Africa,Durban,26 Oct 2001,
ODI,RS Sodhi,DNB,6,-,-,-,-,2,,v South Africa,Durban,26 Oct 2001,
ODI,Yuvraj Singh,DNB,6,-,-,-,-,2,,v South Africa,Durban,26 Oct 2001,
ODI,V Sehwag,DNB,6,-,-,-,-,2,,v South Africa,Durban,26 Oct 2001,
ODI,VVS Laxman,DNB,6,-,-,-,-,2,,v England,Eden Gardens,19 Jan 2002,
ODI,HK Badani,DNB,6,-,-,-,-,2,,v England,Eden Gardens,19 Jan 2002,
ODI,D Mongia,DNB,6,-,-,-,-,2,,v England,Eden Gardens,19 Jan 2002,
ODI,V Sehwag,DNB,6,-,-,-,-,2,,v England,Eden Gardens,19 Jan 2002,
ODI,A Ratra,DNB,6,-,-,-,-,2,,v England,Eden Gardens,19 Jan 2002,
ODI,VVS Laxman,DNB,6,-,-,-,-,1,,v England,Cuttack,22 Jan 2002,
ODI,HK Badani,DNB,6,-,-,-,-,1,,v England,Cuttack,22 Jan 2002,
ODI,D Mongia,DNB,6,-,-,-,-,1,,v England,Cuttack,22 Jan 2002,
ODI,A Ratra,DNB,6,-,-,-,-,1,,v England,Cuttack,22 Jan 2002,
ODI,VVS Laxman,DNB,6,-,-,-,-,1,,v England,Chennai,25 Jan 2002,
ODI,D Mongia,DNB,6,-,-,-,-,1,,v England,Chennai,25 Jan 2002,
ODI,V Sehwag,DNB,6,-,-,-,-,1,,v England,Chennai,25 Jan 2002,
ODI,A Ratra,DNB,6,-,-,-,-,1,,v England,Chennai,25 Jan 2002,
ODI,HK Badani,DNB,6,-,-,-,-,1,,v England,Kanpur,28 Jan 2002,
ODI,M Kaif,DNB,6,-,-,-,-,1,,v England,Kanpur,28 Jan 2002,
ODI,D Mongia,DNB,6,-,-,-,-,1,,v England,Kanpur,28 Jan 2002,
ODI,A Ratra,DNB,6,-,-,-,-,1,,v England,Kanpur,28 Jan 2002,
ODI,HK Badani,DNB,6,-,-,-,-,1,,v England,Delhi,31 Jan 2002,
ODI,M Kaif,DNB,6,-,-,-,-,1,,v England,Delhi,31 Jan 2002,
ODI,D Mongia,DNB,6,-,-,-,-,1,,v England,Delhi,31 Jan 2002,
ODI,A Ratra,DNB,6,-,-,-,-,1,,v England,Delhi,31 Jan 2002,
ODI,M Kaif,DNB,6,-,-,-,-,1,,v England,Wankhede,3 Feb 2002,
ODI,D Mongia,DNB,6,-,-,-,-,1,,v England,Wankhede,3 Feb 2002,
ODI,V Sehwag,DNB,6,-,-,-,-,1,,v England,Wankhede,3 Feb 2002,
ODI,A Ratra,DNB,6,-,-,-,-,1,,v England,Wankhede,3 Feb 2002,
ODI,R Dravid,DNB,6,-,-,-,-,2,,v Zimbabwe,Faridabad,7 Mar 2002,
ODI,VVS Laxman,DNB,6,-,-,-,-,2,,v Zimbabwe,Faridabad,7 Mar 2002,
ODI,M Kaif,DNB,6,-,-,-,-,2,,v Zimbabwe,Faridabad,7 Mar 2002,
ODI,D Mongia,DNB,6,-,-,-,-,2,,v Zimbabwe,Faridabad,7 Mar 2002,
ODI,A Ratra,DNB,6,-,-,-,-,2,,v Zimbabwe,Faridabad,7 Mar 2002,
ODI,SC Ganguly,DNB,6,-,-,-,-,2,,v Zimbabwe,Mohali,10 Mar 2002,
ODI,R Dravid,DNB,6,-,-,-,-,2,,v Zimbabwe,Mohali,10 Mar 2002,
ODI,VVS Laxman,DNB,6,-,-,-,-,2,,v Zimbabwe,Mohali,10 Mar 2002,
ODI,M Kaif,DNB,6,-,-,-,-,2,,v Zimbabwe,Mohali,10 Mar 2002,
ODI,A Ratra,DNB,6,-,-,-,-,2,,v Zimbabwe,Mohali,10 Mar 2002,
ODI,SC Ganguly,DNB,6,-,-,-,-,2,,v Zimbabwe,Kochi,13 Mar 2002,
ODI,R Dravid,DNB,6,-,-,-,-,2,,v Zimbabwe,Kochi,13 Mar 2002,
ODI,VVS Laxman,DNB,6,-,-,-,-,2,,v Zimbabwe,Kochi,13 Mar 2002,
ODI,M Kaif,DNB,6,-,-,-,-,2,,v Zimbabwe,Kochi,13 Mar 2002,
ODI,A Ratra,DNB,6,-,-,-,-,2,,v Zimbabwe,Kochi,13 Mar 2002,
ODI,R Dravid,DNB,6,-,-,-,-,1,,v Zimbabwe,Hyderabad (Deccan),16 Mar 2002,
ODI,VVS Laxman,DNB,6,-,-,-,-,1,,v Zimbabwe,Hyderabad (Deccan),16 Mar 2002,
ODI,M Kaif,DNB,6,-,-,-,-,1,,v Zimbabwe,Hyderabad (Deccan),16 Mar 2002,
ODI,Yuvraj Singh,DNB,6,-,-,-,-,1,,v Zimbabwe,Hyderabad (Deccan),16 Mar 2002,
ODI,A Ratra,DNB,6,-,-,-,-,1,,v Zimbabwe,Hyderabad (Deccan),16 Mar 2002,
ODI,R Dravid,DNB,6,-,-,-,-,2,,v Zimbabwe,Guwahati,19 Mar 2002,
ODI,VVS Laxman,DNB,6,-,-,-,-,2,,v Zimbabwe,Guwahati,19 Mar 2002,
ODI,M Kaif,DNB,6,-,-,-,-,2,,v Zimbabwe,Guwahati,19 Mar 2002,
ODI,D Mongia,DNB,6,-,-,-,-,2,,v Zimbabwe,Guwahati,19 Mar 2002,
ODI,A Ratra,DNB,6,-,-,-,-,2,,v Zimbabwe,Guwahati,19 Mar 2002,
ODI,SR Tendulkar,DNB,6,-,-,-,-,1,,v West Indies,Bridgetown,29 May 2002,
ODI,R Dravid,DNB,6,-,-,-,-,1,,v West Indies,Bridgetown,29 May 2002,
ODI,M Kaif,DNB,6,-,-,-,-,1,,v West Indies,Bridgetown,29 May 2002,
ODI,Yuvraj Singh,DNB,6,-,-,-,-,1,,v West Indies,Bridgetown,29 May 2002,
ODI,SC Ganguly,DNB,6,-,-,-,-,2,,v West Indies,Port of Spain,1 Jun 2002,
ODI,R Dravid,DNB,6,-,-,-,-,2,,v West Indies,Port of Spain,1 Jun 2002,
ODI,VVS Laxman,DNB,6,-,-,-,-,2,,v West Indies,Port of Spain,1 Jun 2002,
ODI,M Kaif,DNB,6,-,-,-,-,2,,v West Indies,Port of Spain,1 Jun 2002,
ODI,Yuvraj Singh,DNB,6,-,-,-,-,2,,v West Indies,Port of Spain,1 Jun 2002,
ODI,D Mongia,DNB,6,-,-,-,-,2,,v West Indies,Port of Spain,1 Jun 2002,
ODI,SC Ganguly,DNB,6,-,-,-,-,2,,v West Indies,Port of Spain,2 Jun 2002,
ODI,R Dravid,DNB,6,-,-,-,-,2,,v West Indies,Port of Spain,2 Jun 2002,
ODI,M Kaif,DNB,6,-,-,-,-,2,,v West Indies,Port of Spain,2 Jun 2002,
ODI,Yuvraj Singh,DNB,6,-,-,-,-,2,,v West Indies,Port of Spain,2 Jun 2002,
ODI,D Mongia,DNB,6,-,-,-,-,2,,v West Indies,Port of Spain,2 Jun 2002,
ODI,SR Tendulkar,DNB,6,-,-,-,-,1,,v England,Lord's,29 Jun 2002,
ODI,R Dravid,DNB,6,-,-,-,-,1,,v England,Lord's,29 Jun 2002,
ODI,M Kaif,DNB,6,-,-,-,-,1,,v England,Lord's,29 Jun 2002,
ODI,D Mongia,DNB,6,-,-,-,-,1,,v England,Lord's,29 Jun 2002,
ODI,V Sehwag,DNB,6,-,-,-,-,1,,v England,Lord's,29 Jun 2002,
ODI,SR Tendulkar,DNB,6,-,-,-,-,1,,v Sri Lanka,The Oval,30 Jun 2002,
ODI,R Dravid,DNB,6,-,-,-,-,1,,v Sri Lanka,The Oval,30 Jun 2002,
ODI,M Kaif,DNB,6,-,-,-,-,1,,v Sri Lanka,The Oval,30 Jun 2002,
ODI,Yuvraj Singh,DNB,6,-,-,-,-,1,,v Sri Lanka,The Oval,30 Jun 2002,
ODI,D Mongia,DNB,6,-,-,-,-,1,,v Sri Lanka,The Oval,30 Jun 2002,
ODI,SR Tendulkar,DNB,6,-,-,-,-,2,,v England,Chester-le-Street,4 Jul 2002,
ODI,A Kumble,DNB,6,-,-,-,-,2,,v England,Chester-le-Street,4 Jul 2002,
ODI,SC Ganguly,DNB,6,-,-,-,-,2,,v England,Chester-le-Street,4 Jul 2002,
ODI,R Dravid,DNB,6,-,-,-,-,2,,v England,Chester-le-Street,4 Jul 2002,
ODI,M Kaif,DNB,6,-,-,-,-,2,,v England,Chester-le-Street,4 Jul 2002,
ODI,Yuvraj Singh,DNB,6,-,-,-,-,2,,v England,Chester-le-Street,4 Jul 2002,
ODI,D Mongia,DNB,6,-,-,-,-,2,,v England,Chester-le-Street,4 Jul 2002,
ODI,V Sehwag,DNB,6,-,-,-,-,2,,v England,Chester-le-Street,4 Jul 2002,
ODI,R Dravid,DNB,6,-,-,-,-,1,,v Sri Lanka,Birmingham,6 Jul 2002,
ODI,M Kaif,DNB,6,-,-,-,-,1,,v Sri Lanka,Birmingham,6 Jul 2002,
ODI,Yuvraj Singh,DNB,6,-,-,-,-,1,,v Sri Lanka,Birmingham,6 Jul 2002,
ODI,D Mongia,DNB,6,-,-,-,-,1,,v Sri Lanka,Birmingham,6 Jul 2002,
ODI,V Sehwag,DNB,6,-,-,-,-,1,,v Sri Lanka,Birmingham,6 Jul 2002,
ODI,VVS Laxman,DNB,6,-,-,-,-,1,,v England,The Oval,9 Jul 2002,
ODI,M Kaif,DNB,6,-,-,-,-,1,,v England,The Oval,9 Jul 2002,
ODI,A Ratra,DNB,6,-,-,-,-,1,,v England,The Oval,9 Jul 2002,
ODI,SR Tendulkar,DNB,6,-,-,-,-,2,,v Sri Lanka,Bristol,11 Jul 2002,
ODI,R Dravid,DNB,6,-,-,-,-,2,,v Sri Lanka,Bristol,11 Jul 2002,
ODI,M Kaif,DNB,6,-,-,-,-,2,,v Sri Lanka,Bristol,11 Jul 2002,
ODI,SR Tendulkar,DNB,6,-,-,-,-,1,,v England,Lord's,13 Jul 2002,
ODI,R Dravid,DNB,6,-,-,-,-,1,,v England,Lord's,13 Jul 2002,
ODI,M Kaif,DNB,6,-,-,-,-,1,,v England,Lord's,13 Jul 2002,
ODI,D Mongia,DNB,6,-,-,-,-,1,,v England,Lord's,13 Jul 2002,
ODI,R Dravid,DNB,6,-,-,-,-,2,,v Zimbabwe,Colombo (RPS),14 Sep 2002,
ODI,M Kaif,DNB,6,-,-,-,-,2,,v Zimbabwe,Colombo (RPS),14 Sep 2002,
ODI,D Mongia,DNB,6,-,-,-,-,2,,v Zimbabwe,Colombo (RPS),14 Sep 2002,
ODI,V Sehwag,DNB,6,-,-,-,-,2,,v Zimbabwe,Colombo (RPS),14 Sep 2002,
ODI,R Dravid,DNB,6,-,-,-,-,1,,v England,Colombo (RPS),22 Sep 2002,
ODI,VVS Laxman,DNB,6,-,-,-,-,1,,v England,Colombo (RPS),22 Sep 2002,
ODI,M Kaif,DNB,6,-,-,-,-,1,,v England,Colombo (RPS),22 Sep 2002,
ODI,R Dravid,DNB,6,-,-,-,-,2,,v South Africa,Colombo (RPS),25 Sep 2002,
ODI,VVS Laxman,DNB,6,-,-,-,-,2,,v South Africa,Colombo (RPS),25 Sep 2002,
ODI,M Kaif,DNB,6,-,-,-,-,2,,v South Africa,Colombo (RPS),25 Sep 2002,
ODI,SC Ganguly,DNB,6,-,-,-,-,1,,v Sri Lanka,Colombo (RPS),29 Sep 2002,
ODI,R Dravid,DNB,6,-,-,-,-,1,,v Sri Lanka,Colombo (RPS),29 Sep 2002,
ODI,M Kaif,DNB,6,-,-,-,-,1,,v Sri Lanka,Colombo (RPS),29 Sep 2002,
ODI,Yuvraj Singh,DNB,6,-,-,-,-,1,,v Sri Lanka,Colombo (RPS),29 Sep 2002,
ODI,D Mongia,DNB,6,-,-,-,-,1,,v Sri Lanka,Colombo (RPS),29 Sep 2002,
ODI,SC Ganguly,DNB,6,-,-,-,-,1,,v Sri Lanka,Colombo (RPS),30 Sep 2002,
ODI,R Dravid,DNB,6,-,-,-,-,1,,v Sri Lanka,Colombo (RPS),30 Sep 2002,
ODI,M Kaif,DNB,6,-,-,-,-,1,,v Sri Lanka,Colombo (RPS),30 Sep 2002,
ODI,Yuvraj Singh,DNB,6,-,-,-,-,1,,v Sri Lanka,Colombo (RPS),30 Sep 2002,
ODI,D Mongia,DNB,6,-,-,-,-,1,,v Sri Lanka,Colombo (RPS),30 Sep 2002,
ODI,SC Ganguly,DNB,6,-,-,-,-,2,,v West Indies,Jamshedpur,6 Nov 2002,
ODI,R Dravid,DNB,6,-,-,-,-,2,,v West Indies,Jamshedpur,6 Nov 2002,
ODI,VVS Laxman,DNB,6,-,-,-,-,2,,v West Indies,Jamshedpur,6 Nov 2002,
ODI,M Kaif,DNB,6,-,-,-,-,2,,v West Indies,Jamshedpur,6 Nov 2002,
ODI,SC Ganguly,DNB,6,-,-,-,-,2,,v West Indies,Nagpur,9 Nov 2002,
ODI,R Dravid,DNB,6,-,-,-,-,2,,v West Indies,Nagpur,9 Nov 2002,
ODI,VVS Laxman,DNB,6,-,-,-,-,2,,v West Indies,Nagpur,9 Nov 2002,
ODI,M Kaif,DNB,6,-,-,-,-,2,,v West Indies,Nagpur,9 Nov 2002,
ODI,Yuvraj Singh,DNB,6,-,-,-,-,2,,v West Indies,Nagpur,9 Nov 2002,
ODI,R Dravid,DNB,6,-,-,-,-,1,,v West Indies,Rajkot,12 Nov 2002,
ODI,VVS Laxman,DNB,6,-,-,-,-,1,,v West Indies,Rajkot,12 Nov 2002,
ODI,M Kaif,DNB,6,-,-,-,-,1,,v West Indies,Rajkot,12 Nov 2002,
ODI,Yuvraj Singh,DNB,6,-,-,-,-,1,,v West Indies,Rajkot,12 Nov 2002,
ODI,R Dravid,DNB,6,-,-,-,-,1,,v West Indies,Ahmedabad,15 Nov 2002,
ODI,VVS Laxman,DNB,6,-,-,-,-,1,,v West Indies,Ahmedabad,15 Nov 2002,
ODI,M Kaif,DNB,6,-,-,-,-,1,,v West Indies,Ahmedabad,15 Nov 2002,
ODI,R Dravid,DNB,6,-,-,-,-,2,,v West Indies,Vadodara,18 Nov 2002,
ODI,M Kaif,DNB,6,-,-,-,-,2,,v West Indies,Vadodara,18 Nov 2002,
ODI,R Dravid,DNB,6,-,-,-,-,1,,v West Indies,Jodhpur,21 Nov 2002,
ODI,VVS Laxman,DNB,6,-,-,-,-,1,,v West Indies,Jodhpur,21 Nov 2002,
ODI,RS Sodhi,DNB,6,-,-,-,-,1,,v West Indies,Jodhpur,21 Nov 2002,
ODI,M Kaif,DNB,6,-,-,-,-,1,,v West Indies,Jodhpur,21 Nov 2002,
ODI,Yuvraj Singh,DNB,6,-,-,-,-,1,,v West Indies,Jodhpur,21 Nov 2002,
ODI,R Dravid,DNB,6,-,-,-,-,1,,v West Indies,Vijayawada,24 Nov 2002,
ODI,VVS Laxman,DNB,6,-,-,-,-,1,,v West Indies,Vijayawada,24 Nov 2002,
ODI,M Kaif,DNB,6,-,-,-,-,1,,v West Indies,Vijayawada,24 Nov 2002,
ODI,Yuvraj Singh,DNB,6,-,-,-,-,1,,v West Indies,Vijayawada,24 Nov 2002,
ODI,D Mongia,DNB,6,-,-,-,-,1,,v West Indies,Vijayawada,24 Nov 2002,
ODI,R Dravid,DNB,6,-,-,-,-,2,,v New Zealand,Auckland,26 Dec 2002,
ODI,VVS Laxman,DNB,6,-,-,-,-,2,,v New Zealand,Auckland,26 Dec 2002,
ODI,SS Das,DNB,6,-,-,-,-,2,,v New Zealand,Auckland,26 Dec 2002,
ODI,M Kaif,DNB,6,-,-,-,-,2,,v New Zealand,Auckland,26 Dec 2002,
ODI,Yuvraj Singh,DNB,6,-,-,-,-,2,,v New Zealand,Auckland,26 Dec 2002,
ODI,V Sehwag,DNB,6,-,-,-,-,2,,v New Zealand,Auckland,26 Dec 2002,
ODI,R Dravid,DNB,6,-,-,-,-,1,,v New Zealand,Napier,29 Dec 2002,
ODI,VVS Laxman,DNB,6,-,-,-,-,1,,v New Zealand,Napier,29 Dec 2002,
ODI,M Kaif,DNB,6,-,-,-,-,1,,v New Zealand,Napier,29 Dec 2002,
ODI,Yuvraj Singh,DNB,6,-,-,-,-,1,,v New Zealand,Napier,29 Dec 2002,
ODI,V Sehwag,DNB,6,-,-,-,-,1,,v New Zealand,Napier,29 Dec 2002,
ODI,SC Ganguly,DNB,6,-,-,-,-,2,,v New Zealand,Christchurch,1 Jan 2003,
ODI,R Dravid,DNB,6,-,-,-,-,2,,v New Zealand,Christchurch,1 Jan 2003,
ODI,VVS Laxman,DNB,6,-,-,-,-,2,,v New Zealand,Christchurch,1 Jan 2003,
ODI,Harbhajan Singh,DNB,6,-,-,-,-,2,,v New Zealand,Christchurch,1 Jan 2003,
ODI,M Kaif,DNB,6,-,-,-,-,2,,v New Zealand,Christchurch,1 Jan 2003,
ODI,Yuvraj Singh,DNB,6,-,-,-,-,2,,v New Zealand,Christchurch,1 Jan 2003,
ODI,V Sehwag,DNB,6,-,-,-,-,2,,v New Zealand,Christchurch,1 Jan 2003,
ODI,SC Ganguly,DNB,6,-,-,-,-,2,,v New Zealand,Queenstown,4 Jan 2003,
ODI,R Dravid,DNB,6,-,-,-,-,2,,v New Zealand,Queenstown,4 Jan 2003,
ODI,M Kaif,DNB,6,-,-,-,-,2,,v New Zealand,Queenstown,4 Jan 2003,
ODI,Yuvraj Singh,DNB,6,-,-,-,-,2,,v New Zealand,Queenstown,4 Jan 2003,
ODI,D Mongia,DNB,6,-,-,-,-,2,,v New Zealand,Queenstown,4 Jan 2003,
ODI,V Sehwag,DNB,6,-,-,-,-,2,,v New Zealand,Queenstown,4 Jan 2003,
ODI,PA Patel,DNB,6,-,-,-,-,2,,v New Zealand,Queenstown,4 Jan 2003,
ODI,SR Tendulkar,DNB,6,-,-,-,-,1,,v New Zealand,Wellington,8 Jan 2003,
ODI,R Dravid,DNB,6,-,-,-,-,1,,v New Zealand,Wellington,8 Jan 2003,
ODI,M Kaif,DNB,6,-,-,-,-,1,,v New Zealand,Wellington,8 Jan 2003,
ODI,Yuvraj Singh,DNB,6,-,-,-,-,1,,v New Zealand,Wellington,8 Jan 2003,
ODI,D Mongia,DNB,6,-,-,-,-,1,,v New Zealand,Wellington,8 Jan 2003,
ODI,V Sehwag,DNB,6,-,-,-,-,1,,v New Zealand,Wellington,8 Jan 2003,
ODI,SR Tendulkar,DNB,6,-,-,-,-,1,,v New Zealand,Auckland,11 Jan 2003,
ODI,R Dravid,DNB,6,-,-,-,-,1,,v New Zealand,Auckland,11 Jan 2003,
ODI,M Kaif,DNB,6,-,-,-,-,1,,v New Zealand,Auckland,11 Jan 2003,
ODI,Yuvraj Singh,DNB,6,-,-,-,-,1,,v New Zealand,Auckland,11 Jan 2003,
ODI,V Sehwag,DNB,6,-,-,-,-,1,,v New Zealand,Auckland,11 Jan 2003,
ODI,SR Tendulkar,DNB,6,-,-,-,-,2,,v New Zealand,Hamilton,14 Jan 2003,
ODI,R Dravid,DNB,6,-,-,-,-,2,,v New Zealand,Hamilton,14 Jan 2003,
ODI,M Kaif,DNB,6,-,-,-,-,2,,v New Zealand,Hamilton,14 Jan 2003,
ODI,Yuvraj Singh,DNB,6,-,-,-,-,2,,v New Zealand,Hamilton,14 Jan 2003,
ODI,D Mongia,DNB,6,-,-,-,-,2,,v New Zealand,Hamilton,14 Jan 2003,
ODI,V Sehwag,DNB,6,-,-,-,-,2,,v New Zealand,Hamilton,14 Jan 2003,
ODI,R Dravid,DNB,6,-,-,-,-,2,,v Netherlands,Paarl,12 Feb 2003,
ODI,M Kaif,DNB,6,-,-,-,-,2,,v Netherlands,Paarl,12 Feb 2003,
ODI,Yuvraj Singh,DNB,6,-,-,-,-,2,,v Netherlands,Paarl,12 Feb 2003,
ODI,D Mongia,DNB,6,-,-,-,-,2,,v Netherlands,Paarl,12 Feb 2003,
ODI,SR Tendulkar,DNB,6,-,-,-,-,2,,v Australia,Centurion,15 Feb 2003,
ODI,SC Ganguly,DNB,6,-,-,-,-,2,,v Australia,Centurion,15 Feb 2003,
ODI,R Dravid,DNB,6,-,-,-,-,2,,v Australia,Centurion,15 Feb 2003,
ODI,M Kaif,DNB,6,-,-,-,-,2,,v Australia,Centurion,15 Feb 2003,
ODI,Yuvraj Singh,DNB,6,-,-,-,-,2,,v Australia,Centurion,15 Feb 2003,
ODI,D Mongia,DNB,6,-,-,-,-,2,,v Australia,Centurion,15 Feb 2003,
ODI,V Sehwag,DNB,6,-,-,-,-,2,,v Australia,Centurion,15 Feb 2003,
ODI,SR Tendulkar,DNB,6,-,-,-,-,2,,v Zimbabwe,Harare,19 Feb 2003,
ODI,R Dravid,DNB,6,-,-,-,-,2,,v Zimbabwe,Harare,19 Feb 2003,
ODI,M Kaif,DNB,6,-,-,-,-,2,,v Zimbabwe,Harare,19 Feb 2003,
ODI,Yuvraj Singh,DNB,6,-,-,-,-,2,,v Zimbabwe,Harare,19 Feb 2003,
ODI,SR Tendulkar,DNB,6,-,-,-,-,2,,v Namibia,Pietermaritzburg,23 Feb 2003,
ODI,SC Ganguly,DNB,6,-,-,-,-,2,,v Namibia,Pietermaritzburg,23 Feb 2003,
ODI,R Dravid,DNB,6,-,-,-,-,2,,v Namibia,Pietermaritzburg,23 Feb 2003,
ODI,M Kaif,DNB,6,-,-,-,-,2,,v Namibia,Pietermaritzburg,23 Feb 2003,
ODI,SR Tendulkar,DNB,6,-,-,-,-,2,,v England,Durban,26 Feb 2003,
ODI,R Dravid,DNB,6,-,-,-,-,2,,v England,Durban,26 Feb 2003,
ODI,M Kaif,DNB,6,-,-,-,-,2,,v England,Durban,26 Feb 2003,
ODI,Yuvraj Singh,DNB,6,-,-,-,-,2,,v England,Durban,26 Feb 2003,
ODI,D Mongia,DNB,6,-,-,-,-,2,,v England,Durban,26 Feb 2003,
ODI,V Sehwag,DNB,6,-,-,-,-,2,,v England,Durban,26 Feb 2003,
ODI,SR Tendulkar,DNB,6,-,-,-,-,1,,v Pakistan,Centurion,1 Mar 2003,
ODI,R Dravid,DNB,6,-,-,-,-,1,,v Pakistan,Centurion,1 Mar 2003,
ODI,M Kaif,DNB,6,-,-,-,-,1,,v Pakistan,Centurion,1 Mar 2003,
ODI,Yuvraj Singh,DNB,6,-,-,-,-,1,,v Pakistan,Centurion,1 Mar 2003,
ODI,SR Tendulkar,DNB,6,-,-,-,-,1,,v Kenya,Cape Town,7 Mar 2003,
ODI,SC Ganguly,DNB,6,-,-,-,-,1,,v Kenya,Cape Town,7 Mar 2003,
ODI,R Dravid,DNB,6,-,-,-,-,1,,v Kenya,Cape Town,7 Mar 2003,
ODI,M Kaif,DNB,6,-,-,-,-,1,,v Kenya,Cape Town,7 Mar 2003,
ODI,V Sehwag,DNB,6,-,-,-,-,1,,v Kenya,Cape Town,7 Mar 2003,
ODI,SR Tendulkar,DNB,6,-,-,-,-,2,,v Sri Lanka,Johannesburg,10 Mar 2003,
ODI,SC Ganguly,DNB,6,-,-,-,-,2,,v Sri Lanka,Johannesburg,10 Mar 2003,
ODI,R Dravid,DNB,6,-,-,-,-,2,,v Sri Lanka,Johannesburg,10 Mar 2003,
ODI,Harbhajan Singh,DNB,6,-,-,-,-,2,,v Sri Lanka,Johannesburg,10 Mar 2003,
ODI,M Kaif,DNB,6,-,-,-,-,2,,v Sri Lanka,Johannesburg,10 Mar 2003,
ODI,Yuvraj Singh,DNB,6,-,-,-,-,2,,v Sri Lanka,Johannesburg,10 Mar 2003,
ODI,D Mongia,DNB,6,-,-,-,-,2,,v Sri Lanka,Johannesburg,10 Mar 2003,
ODI,V Sehwag,DNB,6,-,-,-,-,2,,v Sri Lanka,Johannesburg,10 Mar 2003,
ODI,R Dravid,DNB,6,-,-,-,-,1,,v New Zealand,Centurion,14 Mar 2003,
ODI,M Kaif,DNB,6,-,-,-,-,1,,v New Zealand,Centurion,14 Mar 2003,
ODI,Yuvraj Singh,DNB,6,-,-,-,-,1,,v New Zealand,Centurion,14 Mar 2003,
ODI,SC Ganguly,DNB,6,-,-,-,-,2,,v Kenya,Durban,20 Mar 2003,
ODI,R Dravid,DNB,6,-,-,-,-,2,,v Kenya,Durban,20 Mar 2003,
ODI,M Kaif,DNB,6,-,-,-,-,2,,v Kenya,Durban,20 Mar 2003,
ODI,D Mongia,DNB,6,-,-,-,-,2,,v Kenya,Durban,20 Mar 2003,
ODI,SC Ganguly,DNB,6,-,-,-,-,1,,v Australia,Johannesburg,23 Mar 2003,
ODI,R Dravid,DNB,6,-,-,-,-,1,,v Australia,Johannesburg,23 Mar 2003,
ODI,M Kaif,DNB,6,-,-,-,-,1,,v Australia,Johannesburg,23 Mar 2003,
ODI,SC Ganguly,DNB,6,-,-,-,-,2,,v Bangladesh,Dhaka,11 Apr 2003,
ODI,M Kaif,DNB,6,-,-,-,-,2,,v Bangladesh,Dhaka,11 Apr 2003,
ODI,Yuvraj Singh,DNB,6,-,-,-,-,2,,v Bangladesh,Dhaka,11 Apr 2003,
ODI,D Mongia,DNB,6,-,-,-,-,2,,v Bangladesh,Dhaka,11 Apr 2003,
ODI,G Gambhir,DNB,6,-,-,-,-,2,,v Bangladesh,Dhaka,11 Apr 2003,
ODI,V Sehwag,DNB,6,-,-,-,-,2,,v Bangladesh,Dhaka,11 Apr 2003,
ODI,PA Patel,DNB,6,-,-,-,-,2,,v Bangladesh,Dhaka,11 Apr 2003,
ODI,M Kaif,DNB,6,-,-,-,-,2,,v South Africa,Dhaka,13 Apr 2003,
ODI,Yuvraj Singh,DNB,6,-,-,-,-,2,,v South Africa,Dhaka,13 Apr 2003,
ODI,D Mongia,DNB,6,-,-,-,-,2,,v South Africa,Dhaka,13 Apr 2003,
ODI,G Gambhir,DNB,6,-,-,-,-,2,,v South Africa,Dhaka,13 Apr 2003,
ODI,PA Patel,DNB,6,-,-,-,-,2,,v South Africa,Dhaka,13 Apr 2003,
ODI,M Kaif,DNB,6,-,-,-,-,1,,v Bangladesh,Dhaka,16 Apr 2003,
ODI,D Mongia,DNB,6,-,-,-,-,1,,v Bangladesh,Dhaka,16 Apr 2003,
ODI,G Gambhir,DNB,6,-,-,-,-,1,,v Bangladesh,Dhaka,16 Apr 2003,
ODI,AV Kale,DNB,6,-,-,-,-,1,,v Bangladesh,Dhaka,16 Apr 2003,
ODI,PA Patel,DNB,6,-,-,-,-,1,,v Bangladesh,Dhaka,16 Apr 2003,
ODI,M Kaif,DNB,6,-,-,-,-,2,,v South Africa,Dhaka,18 Apr 2003,
ODI,G Gambhir,DNB,6,-,-,-,-,2,,v South Africa,Dhaka,18 Apr 2003,
ODI,SB Bangar,DNB,6,-,-,-,-,2,,v South Africa,Dhaka,18 Apr 2003,
ODI,PA Patel,DNB,6,-,-,-,-,2,,v South Africa,Dhaka,18 Apr 2003,
ODI,SC Ganguly,TDNB,6,-,-,-,-,-,,v South Africa,Dhaka,21 Apr 2003,
ODI,AB Agarkar,TDNB,6,-,-,-,-,-,,v South Africa,Dhaka,21 Apr 2003,
ODI,Harbhajan Singh,TDNB,6,-,-,-,-,-,,v South Africa,Dhaka,21 Apr 2003,
ODI,M Kaif,TDNB,6,-,-,-,-,-,,v South Africa,Dhaka,21 Apr 2003,
ODI,Z Khan,TDNB,6,-,-,-,-,-,,v South Africa,Dhaka,21 Apr 2003,
ODI,Yuvraj Singh,TDNB,6,-,-,-,-,-,,v South Africa,Dhaka,21 Apr 2003,
ODI,D Mongia,TDNB,6,-,-,-,-,-,,v South Africa,Dhaka,21 Apr 2003,
ODI,G Gambhir,TDNB,6,-,-,-,-,-,,v South Africa,Dhaka,21 Apr 2003,
ODI,V Sehwag,TDNB,6,-,-,-,-,-,,v South Africa,Dhaka,21 Apr 2003,
ODI,PA Patel,TDNB,6,-,-,-,-,-,,v South Africa,Dhaka,21 Apr 2003,
ODI,A Mishra,TDNB,6,-,-,-,-,-,,v South Africa,Dhaka,21 Apr 2003,
ODI,SR Tendulkar,TDNB,6,-,-,-,-,-,,v New Zealand,Chennai,23 Oct 2003,
ODI,A Kumble,TDNB,6,-,-,-,-,-,,v New Zealand,Chennai,23 Oct 2003,
ODI,R Dravid,TDNB,6,-,-,-,-,-,,v New Zealand,Chennai,23 Oct 2003,
ODI,VVS Laxman,TDNB,6,-,-,-,-,-,,v New Zealand,Chennai,23 Oct 2003,
ODI,AB Agarkar,TDNB,6,-,-,-,-,-,,v New Zealand,Chennai,23 Oct 2003,
ODI,Harbhajan Singh,TDNB,6,-,-,-,-,-,,v New Zealand,Chennai,23 Oct 2003,
ODI,M Kaif,TDNB,6,-,-,-,-,-,,v New Zealand,Chennai,23 Oct 2003,
ODI,Z Khan,TDNB,6,-,-,-,-,-,,v New Zealand,Chennai,23 Oct 2003,
ODI,Yuvraj Singh,TDNB,6,-,-,-,-,-,,v New Zealand,Chennai,23 Oct 2003,
ODI,V Sehwag,TDNB,6,-,-,-,-,-,,v New Zealand,Chennai,23 Oct 2003,
ODI,PA Patel,TDNB,6,-,-,-,-,-,,v New Zealand,Chennai,23 Oct 2003,
ODI,R Dravid,DNB,6,-,-,-,-,2,,v Australia,Gwalior,26 Oct 2003,
ODI,VVS Laxman,DNB,6,-,-,-,-,2,,v Australia,Gwalior,26 Oct 2003,
ODI,M Kaif,DNB,6,-,-,-,-,2,,v Australia,Gwalior,26 Oct 2003,
ODI,PA Patel,DNB,6,-,-,-,-,2,,v Australia,Gwalior,26 Oct 2003,
ODI,R Dravid,DNB,6,-,-,-,-,1,,v Australia,Wankhede,1 Nov 2003,
ODI,VVS Laxman,DNB,6,-,-,-,-,1,,v Australia,Wankhede,1 Nov 2003,
ODI,M Kaif,DNB,6,-,-,-,-,1,,v Australia,Wankhede,1 Nov 2003,
ODI,PA Patel,DNB,6,-,-,-,-,1,,v Australia,Wankhede,1 Nov 2003,
ODI,R Dravid,DNB,6,-,-,-,-,2,,v New Zealand,Cuttack,6 Nov 2003,
ODI,VVS Laxman,DNB,6,-,-,-,-,2,,v New Zealand,Cuttack,6 Nov 2003,
ODI,M Kaif,DNB,6,-,-,-,-,2,,v New Zealand,Cuttack,6 Nov 2003,
ODI,SR Tendulkar,DNB,6,-,-,-,-,1,,v Australia,Bengaluru,12 Nov 2003,
ODI,R Dravid,DNB,6,-,-,-,-,1,,v Australia,Bengaluru,12 Nov 2003,
ODI,VVS Laxman,DNB,6,-,-,-,-,1,,v Australia,Bengaluru,12 Nov 2003,
ODI,M Kaif,DNB,6,-,-,-,-,1,,v Australia,Bengaluru,12 Nov 2003,
ODI,SC Ganguly,DNB,6,-,-,-,-,2,,v New Zealand,Hyderabad (Deccan),15 Nov 2003,
ODI,R Dravid,DNB,6,-,-,-,-,2,,v New Zealand,Hyderabad (Deccan),15 Nov 2003,
ODI,VVS Laxman,DNB,6,-,-,-,-,2,,v New Zealand,Hyderabad (Deccan),15 Nov 2003,
ODI,M Kaif,DNB,6,-,-,-,-,2,,v New Zealand,Hyderabad (Deccan),15 Nov 2003,
ODI,V Sehwag,DNB,6,-,-,-,-,2,,v New Zealand,Hyderabad (Deccan),15 Nov 2003,
ODI,SR Tendulkar,DNB,6,-,-,-,-,1,,v Australia,Eden Gardens,18 Nov 2003,
ODI,R Dravid,DNB,6,-,-,-,-,1,,v Australia,Eden Gardens,18 Nov 2003,
ODI,VVS Laxman,DNB,6,-,-,-,-,1,,v Australia,Eden Gardens,18 Nov 2003,
ODI,Yuvraj Singh,DNB,6,-,-,-,-,1,,v Australia,Eden Gardens,18 Nov 2003,
ODI,SR Tendulkar,DNB,6,-,-,-,-,1,,v Australia,Melbourne,9 Jan 2004,
ODI,R Dravid,DNB,6,-,-,-,-,1,,v Australia,Melbourne,9 Jan 2004,
ODI,VVS Laxman,DNB,6,-,-,-,-,1,,v Australia,Melbourne,9 Jan 2004,
ODI,Yuvraj Singh,DNB,6,-,-,-,-,1,,v Australia,Melbourne,9 Jan 2004,
ODI,SR Tendulkar,DNB,6,-,-,-,-,1,,v Zimbabwe,Hobart,14 Jan 2004,
ODI,SC Ganguly,DNB,6,-,-,-,-,1,,v Zimbabwe,Hobart,14 Jan 2004,
ODI,R Dravid,DNB,6,-,-,-,-,1,,v Zimbabwe,Hobart,14 Jan 2004,
ODI,VVS Laxman,DNB,6,-,-,-,-,1,,v Zimbabwe,Hobart,14 Jan 2004,
ODI,Yuvraj Singh,DNB,6,-,-,-,-,1,,v Zimbabwe,Hobart,14 Jan 2004,
ODI,SR Tendulkar,DNB,6,-,-,-,-,2,,v Australia,Brisbane,18 Jan 2004,
ODI,R Dravid,DNB,6,-,-,-,-,2,,v Australia,Brisbane,18 Jan 2004,
ODI,VVS Laxman,DNB,6,-,-,-,-,2,,v Australia,Brisbane,18 Jan 2004,
ODI,HK Badani,DNB,6,-,-,-,-,2,,v Australia,Brisbane,18 Jan 2004,
ODI,Yuvraj Singh,DNB,6,-,-,-,-,2,,v Australia,Brisbane,18 Jan 2004,
ODI,R Dravid,DNB,6,-,-,-,-,2,,v Zimbabwe,Brisbane,20 Jan 2004,
ODI,VVS Laxman,DNB,6,-,-,-,-,2,,v Zimbabwe,Brisbane,20 Jan 2004,
ODI,RS Gavaskar,DNB,6,-,-,-,-,2,,v Zimbabwe,Brisbane,20 Jan 2004,
ODI,HK Badani,DNB,6,-,-,-,-,2,,v Zimbabwe,Brisbane,20 Jan 2004,
ODI,Yuvraj Singh,DNB,6,-,-,-,-,2,,v Zimbabwe,Brisbane,20 Jan 2004,
ODI,PA Patel,DNB,6,-,-,-,-,2,,v Zimbabwe,Brisbane,20 Jan 2004,
ODI,R Dravid,DNB,6,-,-,-,-,2,,v Australia,Sydney,22 Jan 2004,
ODI,VVS Laxman,DNB,6,-,-,-,-,2,,v Australia,Sydney,22 Jan 2004,
ODI,RS Gavaskar,DNB,6,-,-,-,-,2,,v Australia,Sydney,22 Jan 2004,
ODI,HK Badani,DNB,6,-,-,-,-,2,,v Australia,Sydney,22 Jan 2004,
ODI,Yuvraj Singh,DNB,6,-,-,-,-,2,,v Australia,Sydney,22 Jan 2004,
ODI,PA Patel,DNB,6,-,-,-,-,2,,v Australia,Sydney,22 Jan 2004,
ODI,R Dravid,DNB,6,-,-,-,-,2,,v Zimbabwe,Adelaide,24 Jan 2004,
ODI,VVS Laxman,DNB,6,-,-,-,-,2,,v Zimbabwe,Adelaide,24 Jan 2004,
ODI,RS Gavaskar,DNB,6,-,-,-,-,2,,v Zimbabwe,Adelaide,24 Jan 2004,
ODI,HK Badani,DNB,6,-,-,-,-,2,,v Zimbabwe,Adelaide,24 Jan 2004,
ODI,PA Patel,DNB,6,-,-,-,-,2,,v Zimbabwe,Adelaide,24 Jan 2004,
ODI,SR Tendulkar,DNB,6,-,-,-,-,2,,v Australia,W.A.C.A,1 Feb 2004,
ODI,SC Ganguly,DNB,6,-,-,-,-,2,,v Australia,W.A.C.A,1 Feb 2004,
ODI,R Dravid,DNB,6,-,-,-,-,2,,v Australia,W.A.C.A,1 Feb 2004,
ODI,VVS Laxman,DNB,6,-,-,-,-,2,,v Australia,W.A.C.A,1 Feb 2004,
ODI,RS Gavaskar,DNB,6,-,-,-,-,2,,v Australia,W.A.C.A,1 Feb 2004,
ODI,Yuvraj Singh,DNB,6,-,-,-,-,2,,v Australia,W.A.C.A,1 Feb 2004,
ODI,V Sehwag,DNB,6,-,-,-,-,2,,v Australia,W.A.C.A,1 Feb 2004,
ODI,SR Tendulkar,DNB,6,-,-,-,-,1,,v Zimbabwe,W.A.C.A,3 Feb 2004,
ODI,R Dravid,DNB,6,-,-,-,-,1,,v Zimbabwe,W.A.C.A,3 Feb 2004,
ODI,VVS Laxman,DNB,6,-,-,-,-,1,,v Zimbabwe,W.A.C.A,3 Feb 2004,
ODI,RS Gavaskar,DNB,6,-,-,-,-,1,,v Zimbabwe,W.A.C.A,3 Feb 2004,
ODI,HK Badani,DNB,6,-,-,-,-,1,,v Zimbabwe,W.A.C.A,3 Feb 2004,
ODI,Yuvraj Singh,DNB,6,-,-,-,-,1,,v Zimbabwe,W.A.C.A,3 Feb 2004,
ODI,V Sehwag,DNB,6,-,-,-,-,1,,v Zimbabwe,W.A.C.A,3 Feb 2004,
ODI,SR Tendulkar,DNB,6,-,-,-,-,2,,v Australia,Melbourne,6 Feb 2004,
ODI,R Dravid,DNB,6,-,-,-,-,2,,v Australia,Melbourne,6 Feb 2004,
ODI,VVS Laxman,DNB,6,-,-,-,-,2,,v Australia,Melbourne,6 Feb 2004,
ODI,HK Badani,DNB,6,-,-,-,-,2,,v Australia,Melbourne,6 Feb 2004,
ODI,Yuvraj Singh,DNB,6,-,-,-,-,2,,v Australia,Melbourne,6 Feb 2004,
ODI,R Dravid,DNB,6,-,-,-,-,1,,v Australia,Sydney,8 Feb 2004,
ODI,VVS Laxman,DNB,6,-,-,-,-,1,,v Australia,Sydney,8 Feb 2004,
ODI,HK Badani,DNB,6,-,-,-,-,1,,v Australia,Sydney,8 Feb 2004,
ODI,Yuvraj Singh,DNB,6,-,-,-,-,1,,v Australia,Sydney,8 Feb 2004,
ODI,R Dravid,DNB,6,-,-,-,-,2,,v Pakistan,Karachi,13 Mar 2004,
ODI,HK Badani,DNB,6,-,-,-,-,2,,v Pakistan,Karachi,13 Mar 2004,
ODI,M Kaif,DNB,6,-,-,-,-,2,,v Pakistan,Karachi,13 Mar 2004,
ODI,Yuvraj Singh,DNB,6,-,-,-,-,2,,v Pakistan,Karachi,13 Mar 2004,
ODI,SC Ganguly,DNB,6,-,-,-,-,1,,v Pakistan,Rawalpindi,16 Mar 2004,
ODI,R Dravid,DNB,6,-,-,-,-,1,,v Pakistan,Rawalpindi,16 Mar 2004,
ODI,VVS Laxman,DNB,6,-,-,-,-,1,,v Pakistan,Rawalpindi,16 Mar 2004,
ODI,M Kaif,DNB,6,-,-,-,-,1,,v Pakistan,Rawalpindi,16 Mar 2004,
ODI,R Dravid,DNB,6,-,-,-,-,2,,v Pakistan,Peshawar,19 Mar 2004,
ODI,VVS Laxman,DNB,6,-,-,-,-,2,,v Pakistan,Peshawar,19 Mar 2004,
ODI,M Kaif,DNB,6,-,-,-,-,2,,v Pakistan,Peshawar,19 Mar 2004,
ODI,V Sehwag,DNB,6,-,-,-,-,2,,v Pakistan,Peshawar,19 Mar 2004,
ODI,SC Ganguly,DNB,6,-,-,-,-,1,,v Pakistan,Lahore,21 Mar 2004,
ODI,R Dravid,DNB,6,-,-,-,-,1,,v Pakistan,Lahore,21 Mar 2004,
ODI,VVS Laxman,DNB,6,-,-,-,-,1,,v Pakistan,Lahore,21 Mar 2004,
ODI,M Kaif,DNB,6,-,-,-,-,1,,v Pakistan,Lahore,21 Mar 2004,
ODI,V Sehwag,DNB,6,-,-,-,-,1,,v Pakistan,Lahore,21 Mar 2004,
ODI,SC Ganguly,DNB,6,-,-,-,-,2,,v Pakistan,Lahore,24 Mar 2004,
ODI,R Dravid,DNB,6,-,-,-,-,2,,v Pakistan,Lahore,24 Mar 2004,
ODI,VVS Laxman,DNB,6,-,-,-,-,2,,v Pakistan,Lahore,24 Mar 2004,
ODI,M Kaif,DNB,6,-,-,-,-,2,,v Pakistan,Lahore,24 Mar 2004,
ODI,Yuvraj Singh,DNB,6,-,-,-,-,2,,v Pakistan,Lahore,24 Mar 2004,
ODI,SC Ganguly,DNB,6,-,-,-,-,2,,v U.A.E.,Dambulla,16 Jul 2004,
ODI,R Dravid,DNB,6,-,-,-,-,2,,v U.A.E.,Dambulla,16 Jul 2004,
ODI,VVS Laxman,DNB,6,-,-,-,-,2,,v U.A.E.,Dambulla,16 Jul 2004,
ODI,M Kaif,DNB,6,-,-,-,-,2,,v U.A.E.,Dambulla,16 Jul 2004,
ODI,Yuvraj Singh,DNB,6,-,-,-,-,2,,v U.A.E.,Dambulla,16 Jul 2004,
ODI,V Sehwag,DNB,6,-,-,-,-,2,,v U.A.E.,Dambulla,16 Jul 2004,
ODI,SR Tendulkar,DNB,6,-,-,-,-,1,,v Sri Lanka,Dambulla,18 Jul 2004,
ODI,R Dravid,DNB,6,-,-,-,-,1,,v Sri Lanka,Dambulla,18 Jul 2004,
ODI,M Kaif,DNB,6,-,-,-,-,1,,v Sri Lanka,Dambulla,18 Jul 2004,
ODI,PA Patel,DNB,6,-,-,-,-,1,,v Sri Lanka,Dambulla,18 Jul 2004,
ODI,SC Ganguly,DNB,6,-,-,-,-,1,,v Bangladesh,Colombo (SSC),21 Jul 2004,
ODI,R Dravid,DNB,6,-,-,-,-,1,,v Bangladesh,Colombo (SSC),21 Jul 2004,
ODI,VVS Laxman,DNB,6,-,-,-,-,1,,v Bangladesh,Colombo (SSC),21 Jul 2004,
ODI,M Kaif,DNB,6,-,-,-,-,1,,v Bangladesh,Colombo (SSC),21 Jul 2004,
ODI,Yuvraj Singh,DNB,6,-,-,-,-,1,,v Bangladesh,Colombo (SSC),21 Jul 2004,
ODI,SC Ganguly,DNB,6,-,-,-,-,1,,v Pakistan,Colombo (RPS),25 Jul 2004,
ODI,R Dravid,DNB,6,-,-,-,-,1,,v Pakistan,Colombo (RPS),25 Jul 2004,
ODI,M Kaif,DNB,6,-,-,-,-,1,,v Pakistan,Colombo (RPS),25 Jul 2004,
ODI,Yuvraj Singh,DNB,6,-,-,-,-,1,,v Pakistan,Colombo (RPS),25 Jul 2004,
ODI,V Sehwag,DNB,6,-,-,-,-,1,,v Pakistan,Colombo (RPS),25 Jul 2004,
ODI,SC Ganguly,DNB,6,-,-,-,-,2,,v Sri Lanka,Colombo (RPS),27 Jul 2004,
ODI,R Dravid,DNB,6,-,-,-,-,2,,v Sri Lanka,Colombo (RPS),27 Jul 2004,
ODI,M Kaif,DNB,6,-,-,-,-,2,,v Sri Lanka,Colombo (RPS),27 Jul 2004,
ODI,Yuvraj Singh,DNB,6,-,-,-,-,2,,v Sri Lanka,Colombo (RPS),27 Jul 2004,
ODI,PA Patel,DNB,6,-,-,-,-,2,,v Sri Lanka,Colombo (RPS),27 Jul 2004,
ODI,SC Ganguly,DNB,6,-,-,-,-,1,,v Sri Lanka,Colombo (RPS),1 Aug 2004,
ODI,R Dravid,DNB,6,-,-,-,-,1,,v Sri Lanka,Colombo (RPS),1 Aug 2004,
ODI,VVS Laxman,DNB,6,-,-,-,-,1,,v Sri Lanka,Colombo (RPS),1 Aug 2004,
ODI,M Kaif,DNB,6,-,-,-,-,1,,v Sri Lanka,Colombo (RPS),1 Aug 2004,
ODI,Yuvraj Singh,DNB,6,-,-,-,-,1,,v Sri Lanka,Colombo (RPS),1 Aug 2004,
ODI,R Dravid,DNB,6,-,-,-,-,1,,v Pakistan,Amstelveen,21 Aug 2004,
ODI,VVS Laxman,DNB,6,-,-,-,-,1,,v Pakistan,Amstelveen,21 Aug 2004,
ODI,RS Gavaskar,DNB,6,-,-,-,-,1,,v Pakistan,Amstelveen,21 Aug 2004,
ODI,M Kaif,DNB,6,-,-,-,-,1,,v Pakistan,Amstelveen,21 Aug 2004,
ODI,Yuvraj Singh,DNB,6,-,-,-,-,1,,v Pakistan,Amstelveen,21 Aug 2004,
ODI,V Sehwag,DNB,6,-,-,-,-,1,,v Pakistan,Amstelveen,21 Aug 2004,
ODI,SC Ganguly,DNB,6,-,-,-,-,1,,v Australia,Amstelveen,23 Aug 2004,
ODI,R Dravid,DNB,6,-,-,-,-,1,,v Australia,Amstelveen,23 Aug 2004,
ODI,VVS Laxman,DNB,6,-,-,-,-,1,,v Australia,Amstelveen,23 Aug 2004,
ODI,RS Gavaskar,DNB,6,-,-,-,-,1,,v Australia,Amstelveen,23 Aug 2004,
ODI,M Kaif,DNB,6,-,-,-,-,1,,v Australia,Amstelveen,23 Aug 2004,
ODI,Yuvraj Singh,DNB,6,-,-,-,-,1,,v Australia,Amstelveen,23 Aug 2004,
ODI,SC Ganguly,DNB,6,-,-,-,-,2,,v England,Nottingham,1 Sep 2004,
ODI,R Dravid,DNB,6,-,-,-,-,2,,v England,Nottingham,1 Sep 2004,
ODI,VVS Laxman,DNB,6,-,-,-,-,2,,v England,Nottingham,1 Sep 2004,
ODI,RS Gavaskar,DNB,6,-,-,-,-,2,,v England,Nottingham,1 Sep 2004,
ODI,M Kaif,DNB,6,-,-,-,-,2,,v England,Nottingham,1 Sep 2004,
ODI,Yuvraj Singh,DNB,6,-,-,-,-,2,,v England,Nottingham,1 Sep 2004,
ODI,V Sehwag,DNB,6,-,-,-,-,2,,v England,Nottingham,1 Sep 2004,
ODI,SC Ganguly,DNB,6,-,-,-,-,1,,v England,The Oval,3 Sep 2004,
ODI,R Dravid,DNB,6,-,-,-,-,1,,v England,The Oval,3 Sep 2004,
ODI,VVS Laxman,DNB,6,-,-,-,-,1,,v England,The Oval,3 Sep 2004,
ODI,M Kaif,DNB,6,-,-,-,-,1,,v England,The Oval,3 Sep 2004,
ODI,SC Ganguly,DNB,6,-,-,-,-,2,,v England,Lord's,5 Sep 2004,
ODI,R Dravid,DNB,6,-,-,-,-,2,,v England,Lord's,5 Sep 2004,
ODI,VVS Laxman,DNB,6,-,-,-,-,2,,v England,Lord's,5 Sep 2004,
ODI,M Kaif,DNB,6,-,-,-,-,2,,v England,Lord's,5 Sep 2004,
ODI,KD Karthik,DNB,6,-,-,-,-,2,,v England,Lord's,5 Sep 2004,
ODI,R Dravid,DNB,6,-,-,-,-,2,,v Kenya,Southampton,11 Sep 2004,
ODI,VVS Laxman,DNB,6,-,-,-,-,2,,v Kenya,Southampton,11 Sep 2004,
ODI,M Kaif,DNB,6,-,-,-,-,2,,v Kenya,Southampton,11 Sep 2004,
ODI,KD Karthik,DNB,6,-,-,-,-,2,,v Kenya,Southampton,11 Sep 2004,
ODI,R Dravid,DNB,6,-,-,-,-,2,,v Pakistan,Birmingham,19 Sep 2004,
ODI,VVS Laxman,DNB,6,-,-,-,-,2,,v Pakistan,Birmingham,19 Sep 2004,
ODI,RS Gavaskar,DNB,6,-,-,-,-,2,,v Pakistan,Birmingham,19 Sep 2004,
ODI,M Kaif,DNB,6,-,-,-,-,2,,v Pakistan,Birmingham,19 Sep 2004,
ODI,R Dravid,DNB,6,-,-,-,-,2,,v Pakistan,Eden Gardens,13 Nov 2004,
ODI,VVS Laxman,DNB,6,-,-,-,-,2,,v Pakistan,Eden Gardens,13 Nov 2004,
ODI,M Kaif,DNB,6,-,-,-,-,2,,v Pakistan,Eden Gardens,13 Nov 2004,
ODI,SR Tendulkar,DNB,6,-,-,-,-,2,,v Bangladesh,Chattogram,23 Dec 2004,
ODI,R Dravid,DNB,6,-,-,-,-,2,,v Bangladesh,Chattogram,23 Dec 2004,
ODI,MS Dhoni,DNB,6,-,-,-,-,2,,v Bangladesh,Chattogram,23 Dec 2004,
ODI,M Kaif,DNB,6,-,-,-,-,2,,v Bangladesh,Chattogram,23 Dec 2004,
ODI,Yuvraj Singh,DNB,6,-,-,-,-,2,,v Bangladesh,Chattogram,23 Dec 2004,
ODI,SC Ganguly,DNB,6,-,-,-,-,1,,v Bangladesh,Dhaka,26 Dec 2004,
ODI,MS Dhoni,DNB,6,-,-,-,-,1,,v Bangladesh,Dhaka,26 Dec 2004,
ODI,M Kaif,DNB,6,-,-,-,-,1,,v Bangladesh,Dhaka,26 Dec 2004,
ODI,Yuvraj Singh,DNB,6,-,-,-,-,1,,v Bangladesh,Dhaka,26 Dec 2004,
ODI,V Sehwag,DNB,6,-,-,-,-,1,,v Bangladesh,Dhaka,26 Dec 2004,
ODI,R Dravid,DNB,6,-,-,-,-,2,,v Bangladesh,Dhaka,27 Dec 2004,
ODI,MS Dhoni,DNB,6,-,-,-,-,2,,v Bangladesh,Dhaka,27 Dec 2004,
ODI,M Kaif,DNB,6,-,-,-,-,2,,v Bangladesh,Dhaka,27 Dec 2004,
ODI,SC Ganguly,DNB,6,-,-,-,-,2,,v Pakistan,Kochi,2 Apr 2005,
ODI,R Dravid,DNB,6,-,-,-,-,2,,v Pakistan,Kochi,2 Apr 2005,
ODI,MS Dhoni,DNB,6,-,-,-,-,2,,v Pakistan,Kochi,2 Apr 2005,
ODI,M Kaif,DNB,6,-,-,-,-,2,,v Pakistan,Kochi,2 Apr 2005,
ODI,V Sehwag,DNB,6,-,-,-,-,2,,v Pakistan,Kochi,2 Apr 2005,
ODI,SC Ganguly,DNB,6,-,-,-,-,2,,v Pakistan,Visakhapatnam,5 Apr 2005,
ODI,R Dravid,DNB,6,-,-,-,-,2,,v Pakistan,Visakhapatnam,5 Apr 2005,
ODI,MS Dhoni,DNB,6,-,-,-,-,2,,v Pakistan,Visakhapatnam,5 Apr 2005,
ODI,M Kaif,DNB,6,-,-,-,-,2,,v Pakistan,Visakhapatnam,5 Apr 2005,
ODI,V Sehwag,DNB,6,-,-,-,-,2,,v Pakistan,Visakhapatnam,5 Apr 2005,
ODI,SC Ganguly,DNB,6,-,-,-,-,1,,v Pakistan,Jamshedpur,9 Apr 2005,
ODI,R Dravid,DNB,6,-,-,-,-,1,,v Pakistan,Jamshedpur,9 Apr 2005,
ODI,MS Dhoni,DNB,6,-,-,-,-,1,,v Pakistan,Jamshedpur,9 Apr 2005,
ODI,M Kaif,DNB,6,-,-,-,-,1,,v Pakistan,Jamshedpur,9 Apr 2005,
ODI,SC Ganguly,DNB,6,-,-,-,-,2,,v Pakistan,Ahmedabad,12 Apr 2005,
ODI,R Dravid,DNB,6,-,-,-,-,2,,v Pakistan,Ahmedabad,12 Apr 2005,
ODI,MS Dhoni,DNB,6,-,-,-,-,2,,v Pakistan,Ahmedabad,12 Apr 2005,
ODI,M Kaif,DNB,6,-,-,-,-,2,,v Pakistan,Ahmedabad,12 Apr 2005,
ODI,R Dravid,DNB,6,-,-,-,-,2,,v Pakistan,Kanpur,15 Apr 2005,
ODI,MS Dhoni,DNB,6,-,-,-,-,2,,v Pakistan,Kanpur,15 Apr 2005,
ODI,M Kaif,DNB,6,-,-,-,-,2,,v Pakistan,Kanpur,15 Apr 2005,
ODI,Yuvraj Singh,DNB,6,-,-,-,-,2,,v Pakistan,Kanpur,15 Apr 2005,
ODI,R Dravid,DNB,6,-,-,-,-,1,,v Pakistan,Delhi,17 Apr 2005,
ODI,MS Dhoni,DNB,6,-,-,-,-,1,,v Pakistan,Delhi,17 Apr 2005,
ODI,M Kaif,DNB,6,-,-,-,-,1,,v Pakistan,Delhi,17 Apr 2005,
ODI,Yuvraj Singh,DNB,6,-,-,-,-,1,,v Pakistan,Delhi,17 Apr 2005,
ODI,V Sehwag,DNB,6,-,-,-,-,1,,v Pakistan,Delhi,17 Apr 2005,
ODI,R Dravid,DNB,6,-,-,-,-,2,,v Sri Lanka,Dambulla,30 Jul 2005,
ODI,MS Dhoni,DNB,6,-,-,-,-,2,,v Sri Lanka,Dambulla,30 Jul 2005,
ODI,M Kaif,DNB,6,-,-,-,-,2,,v Sri Lanka,Dambulla,30 Jul 2005,
ODI,Yuvraj Singh,DNB,6,-,-,-,-,2,,v Sri Lanka,Dambulla,30 Jul 2005,
ODI,Y Venugopal Rao,DNB,6,-,-,-,-,2,,v Sri Lanka,Dambulla,30 Jul 2005,
ODI,R Dravid,DNB,6,-,-,-,-,1,,v West Indies,Dambulla,31 Jul 2005,
ODI,MS Dhoni,DNB,6,-,-,-,-,1,,v West Indies,Dambulla,31 Jul 2005,
ODI,M Kaif,DNB,6,-,-,-,-,1,,v West Indies,Dambulla,31 Jul 2005,
ODI,Yuvraj Singh,DNB,6,-,-,-,-,1,,v West Indies,Dambulla,31 Jul 2005,
ODI,Y Venugopal Rao,DNB,6,-,-,-,-,1,,v West Indies,Dambulla,31 Jul 2005,
ODI,R Dravid,DNB,6,-,-,-,-,2,,v Sri Lanka,Dambulla,3 Aug 2005,
ODI,VVS Laxman,DNB,6,-,-,-,-,2,,v Sri Lanka,Dambulla,3 Aug 2005,
ODI,MS Dhoni,DNB,6,-,-,-,-,2,,v Sri Lanka,Dambulla,3 Aug 2005,
ODI,M Kaif,DNB,6,-,-,-,-,2,,v Sri Lanka,Dambulla,3 Aug 2005,
ODI,SK Raina,DNB,6,-,-,-,-,2,,v Sri Lanka,Dambulla,3 Aug 2005,
ODI,SC Ganguly,DNB,6,-,-,-,-,2,,v West Indies,Colombo (RPS),7 Aug 2005,
ODI,R Dravid,DNB,6,-,-,-,-,2,,v West Indies,Colombo (RPS),7 Aug 2005,
ODI,VVS Laxman,DNB,6,-,-,-,-,2,,v West Indies,Colombo (RPS),7 Aug 2005,
ODI,MS Dhoni,DNB,6,-,-,-,-,2,,v West Indies,Colombo (RPS),7 Aug 2005,
ODI,M Kaif,DNB,6,-,-,-,-,2,,v West Indies,Colombo (RPS),7 Aug 2005,
ODI,SC Ganguly,DNB,6,-,-,-,-,1,,v Sri Lanka,Colombo (RPS),9 Aug 2005,
ODI,R Dravid,DNB,6,-,-,-,-,1,,v Sri Lanka,Colombo (RPS),9 Aug 2005,
ODI,MS Dhoni,DNB,6,-,-,-,-,1,,v Sri Lanka,Colombo (RPS),9 Aug 2005,
ODI,M Kaif,DNB,6,-,-,-,-,1,,v Sri Lanka,Colombo (RPS),9 Aug 2005,
ODI,Yuvraj Singh,DNB,6,-,-,-,-,1,,v Sri Lanka,Colombo (RPS),9 Aug 2005,
ODI,SC Ganguly,DNB,6,-,-,-,-,1,,v New Zealand,Bulawayo,26 Aug 2005,
ODI,R Dravid,DNB,6,-,-,-,-,1,,v New Zealand,Bulawayo,26 Aug 2005,
ODI,MS Dhoni,DNB,6,-,-,-,-,1,,v New Zealand,Bulawayo,26 Aug 2005,
ODI,M Kaif,DNB,6,-,-,-,-,1,,v New Zealand,Bulawayo,26 Aug 2005,
ODI,Yuvraj Singh,DNB,6,-,-,-,-,1,,v New Zealand,Bulawayo,26 Aug 2005,
ODI,Y Venugopal Rao,sub,6,-,-,-,-,1,,v New Zealand,Bulawayo,26 Aug 2005,
ODI,SC Ganguly,DNB,6,-,-,-,-,2,,v Zimbabwe,Harare,29 Aug 2005,
ODI,R Dravid,DNB,6,-,-,-,-,2,,v Zimbabwe,Harare,29 Aug 2005,
ODI,Jai P Yadav,DNB,6,-,-,-,-,2,,v Zimbabwe,Harare,29 Aug 2005,
ODI,MS Dhoni,DNB,6,-,-,-,-,2,,v Zimbabwe,Harare,29 Aug 2005,
ODI,M Kaif,DNB,6,-,-,-,-,2,,v Zimbabwe,Harare,29 Aug 2005,
ODI,Yuvraj Singh,DNB,6,-,-,-,-,2,,v Zimbabwe,Harare,29 Aug 2005,
ODI,Y Venugopal Rao,DNB,6,-,-,-,-,2,,v Zimbabwe,Harare,29 Aug 2005,
ODI,R Dravid,DNB,6,-,-,-,-,1,,v New Zealand,Harare,2 Sep 2005,
ODI,MS Dhoni,DNB,6,-,-,-,-,1,,v New Zealand,Harare,2 Sep 2005,
ODI,M Kaif,DNB,6,-,-,-,-,1,,v New Zealand,Harare,2 Sep 2005,
ODI,Yuvraj Singh,DNB,6,-,-,-,-,1,,v New Zealand,Harare,2 Sep 2005,
ODI,V Sehwag,DNB,6,-,-,-,-,1,,v New Zealand,Harare,2 Sep 2005,
ODI,R Dravid,DNB,6,-,-,-,-,1,,v Zimbabwe,Harare,4 Sep 2005,
ODI,MS Dhoni,DNB,6,-,-,-,-,1,,v Zimbabwe,Harare,4 Sep 2005,
ODI,M Kaif,DNB,6,-,-,-,-,1,,v Zimbabwe,Harare,4 Sep 2005,
ODI,Yuvraj Singh,DNB,6,-,-,-,-,1,,v Zimbabwe,Harare,4 Sep 2005,
ODI,V Sehwag,DNB,6,-,-,-,-,1,,v Zimbabwe,Harare,4 Sep 2005,
ODI,Y Venugopal Rao,sub,6,-,-,-,-,1,,v Zimbabwe,Harare,4 Sep 2005,
ODI,SC Ganguly,DNB,6,-,-,-,-,2,,v New Zealand,Harare,6 Sep 2005,
ODI,R Dravid,DNB,6,-,-,-,-,2,,v New Zealand,Harare,6 Sep 2005,
ODI,MS Dhoni,DNB,6,-,-,-,-,2,,v New Zealand,Harare,6 Sep 2005,
ODI,M Kaif,DNB,6,-,-,-,-,2,,v New Zealand,Harare,6 Sep 2005,
ODI,Y Venugopal Rao,DNB,6,-,-,-,-,2,,v New Zealand,Harare,6 Sep 2005,
ODI,SR Tendulkar,DNB,6,-,-,-,-,2,,v Sri Lanka,Nagpur,25 Oct 2005,
ODI,R Dravid,DNB,6,-,-,-,-,2,,v Sri Lanka,Nagpur,25 Oct 2005,
ODI,Jai P Yadav,DNB,6,-,-,-,-,2,,v Sri Lanka,Nagpur,25 Oct 2005,
ODI,MS Dhoni,DNB,6,-,-,-,-,2,,v Sri Lanka,Nagpur,25 Oct 2005,
ODI,Yuvraj Singh,DNB,6,-,-,-,-,2,,v Sri Lanka,Nagpur,25 Oct 2005,
ODI,Y Venugopal Rao,DNB,6,-,-,-,-,2,,v Sri Lanka,Nagpur,25 Oct 2005,
ODI,SR Tendulkar,DNB,6,-,-,-,-,1,,v Sri Lanka,Mohali,28 Oct 2005,
ODI,R Dravid,DNB,6,-,-,-,-,1,,v Sri Lanka,Mohali,28 Oct 2005,
ODI,MS Dhoni,DNB,6,-,-,-,-,1,,v Sri Lanka,Mohali,28 Oct 2005,
ODI,Yuvraj Singh,DNB,6,-,-,-,-,1,,v Sri Lanka,Mohali,28 Oct 2005,
ODI,V Sehwag,DNB,6,-,-,-,-,1,,v Sri Lanka,Mohali,28 Oct 2005,
ODI,Y Venugopal Rao,DNB,6,-,-,-,-,1,,v Sri Lanka,Mohali,28 Oct 2005,
ODI,R Dravid,DNB,6,-,-,-,-,1,,v Sri Lanka,Jaipur,31 Oct 2005,
ODI,MS Dhoni,DNB,6,-,-,-,-,1,,v Sri Lanka,Jaipur,31 Oct 2005,
ODI,Yuvraj Singh,DNB,6,-,-,-,-,1,,v Sri Lanka,Jaipur,31 Oct 2005,
ODI,Y Venugopal Rao,DNB,6,-,-,-,-,1,,v Sri Lanka,Jaipur,31 Oct 2005,
ODI,SK Raina,sub,6,-,-,-,-,1,,v Sri Lanka,Jaipur,31 Oct 2005,
ODI,SR Tendulkar,DNB,6,-,-,-,-,1,,v Sri Lanka,Pune,3 Nov 2005,
ODI,R Dravid,DNB,6,-,-,-,-,1,,v Sri Lanka,Pune,3 Nov 2005,
ODI,MS Dhoni,DNB,6,-,-,-,-,1,,v Sri Lanka,Pune,3 Nov 2005,
ODI,Y Venugopal Rao,DNB,6,-,-,-,-,1,,v Sri Lanka,Pune,3 Nov 2005,
ODI,SK Raina,sub,6,-,-,-,-,1,,v Sri Lanka,Pune,3 Nov 2005,
ODI,R Dravid,DNB,6,-,-,-,-,2,,v Sri Lanka,Ahmedabad,6 Nov 2005,
ODI,MS Dhoni,DNB,6,-,-,-,-,2,,v Sri Lanka,Ahmedabad,6 Nov 2005,
ODI,Yuvraj Singh,DNB,6,-,-,-,-,2,,v Sri Lanka,Ahmedabad,6 Nov 2005,
ODI,G Gambhir,DNB,6,-,-,-,-,2,,v Sri Lanka,Ahmedabad,6 Nov 2005,
ODI,Y Venugopal Rao,DNB,6,-,-,-,-,2,,v Sri Lanka,Ahmedabad,6 Nov 2005,
ODI,SK Raina,DNB,6,-,-,-,-,2,,v Sri Lanka,Ahmedabad,6 Nov 2005,
ODI,SR Tendulkar,DNB,6,-,-,-,-,1,,v Sri Lanka,Rajkot,9 Nov 2005,
ODI,MS Dhoni,DNB,6,-,-,-,-,1,,v Sri Lanka,Rajkot,9 Nov 2005,
ODI,M Kaif,DNB,6,-,-,-,-,1,,v Sri Lanka,Rajkot,9 Nov 2005,
ODI,Yuvraj Singh,DNB,6,-,-,-,-,1,,v Sri Lanka,Rajkot,9 Nov 2005,
ODI,G Gambhir,DNB,6,-,-,-,-,1,,v Sri Lanka,Rajkot,9 Nov 2005,
ODI,V Sehwag,DNB,6,-,-,-,-,1,,v Sri Lanka,Rajkot,9 Nov 2005,
ODI,SK Raina,DNB,6,-,-,-,-,1,,v Sri Lanka,Rajkot,9 Nov 2005,
ODI,SR Tendulkar,DNB,6,-,-,-,-,1,,v Sri Lanka,Vadodara,12 Nov 2005,
ODI,R Dravid,DNB,6,-,-,-,-,1,,v Sri Lanka,Vadodara,12 Nov 2005,
ODI,MS Dhoni,DNB,6,-,-,-,-,1,,v Sri Lanka,Vadodara,12 Nov 2005,
ODI,M Kaif,DNB,6,-,-,-,-,1,,v Sri Lanka,Vadodara,12 Nov 2005,
ODI,Yuvraj Singh,DNB,6,-,-,-,-,1,,v Sri Lanka,Vadodara,12 Nov 2005,
ODI,SK Raina,DNB,6,-,-,-,-,1,,v Sri Lanka,Vadodara,12 Nov 2005,
ODI,R Dravid,DNB,6,-,-,-,-,2,,v South Africa,Hyderabad,16 Nov 2005,
ODI,M Kartik,sub,6,-,-,-,-,2,,v South Africa,Hyderabad,16 Nov 2005,
ODI,MS Dhoni,DNB,6,-,-,-,-,2,,v South Africa,Hyderabad,16 Nov 2005,
ODI,M Kaif,DNB,6,-,-,-,-,2,,v South Africa,Hyderabad,16 Nov 2005,
ODI,G Gambhir,DNB,6,-,-,-,-,2,,v South Africa,Hyderabad,16 Nov 2005,
ODI,SR Tendulkar,DNB,6,-,-,-,-,1,,v South Africa,Bengaluru,19 Nov 2005,
ODI,R Dravid,DNB,6,-,-,-,-,1,,v South Africa,Bengaluru,19 Nov 2005,
ODI,MS Dhoni,DNB,6,-,-,-,-,1,,v South Africa,Bengaluru,19 Nov 2005,
ODI,M Kaif,DNB,6,-,-,-,-,1,,v South Africa,Bengaluru,19 Nov 2005,
ODI,G Gambhir,sub,6,-,-,-,-,1,,v South Africa,Bengaluru,19 Nov 2005,
ODI,SR Tendulkar,DNB,6,-,-,-,-,2,,v South Africa,Eden Gardens,25 Nov 2005,
ODI,R Dravid,DNB,6,-,-,-,-,2,,v South Africa,Eden Gardens,25 Nov 2005,
ODI,MS Dhoni,DNB,6,-,-,-,-,2,,v South Africa,Eden Gardens,25 Nov 2005,
ODI,M Kaif,DNB,6,-,-,-,-,2,,v South Africa,Eden Gardens,25 Nov 2005,
ODI,Yuvraj Singh,DNB,6,-,-,-,-,2,,v South Africa,Eden Gardens,25 Nov 2005,
ODI,G Gambhir,DNB,6,-,-,-,-,2,,v South Africa,Eden Gardens,25 Nov 2005,
ODI,SR Tendulkar,DNB,6,-,-,-,-,1,,v South Africa,Wankhede,28 Nov 2005,
ODI,R Dravid,DNB,6,-,-,-,-,1,,v South Africa,Wankhede,28 Nov 2005,
ODI,MS Dhoni,DNB,6,-,-,-,-,1,,v South Africa,Wankhede,28 Nov 2005,
ODI,M Kaif,DNB,6,-,-,-,-,1,,v South Africa,Wankhede,28 Nov 2005,
ODI,G Gambhir,sub,6,-,-,-,-,1,,v South Africa,Wankhede,28 Nov 2005,
ODI,SR Tendulkar,DNB,6,-,-,-,-,2,,v Pakistan,Peshawar,6 Feb 2006,
ODI,R Dravid,DNB,6,-,-,-,-,2,,v Pakistan,Peshawar,6 Feb 2006,
ODI,MS Dhoni,DNB,6,-,-,-,-,2,,v Pakistan,Peshawar,6 Feb 2006,
ODI,M Kaif,DNB,6,-,-,-,-,2,,v Pakistan,Peshawar,6 Feb 2006,
ODI,Yuvraj Singh,DNB,6,-,-,-,-,2,,v Pakistan,Peshawar,6 Feb 2006,
ODI,SK Raina,DNB,6,-,-,-,-,2,,v Pakistan,Peshawar,6 Feb 2006,
ODI,R Dravid,DNB,6,-,-,-,-,1,,v Pakistan,Rawalpindi,11 Feb 2006,
ODI,MS Dhoni,DNB,6,-,-,-,-,1,,v Pakistan,Rawalpindi,11 Feb 2006,
ODI,M Kaif,DNB,6,-,-,-,-,1,,v Pakistan,Rawalpindi,11 Feb 2006,
ODI,Yuvraj Singh,DNB,6,-,-,-,-,1,,v Pakistan,Rawalpindi,11 Feb 2006,
ODI,RR Powar,sub,6,-,-,-,-,1,,v Pakistan,Rawalpindi,11 Feb 2006,
ODI,SK Raina,DNB,6,-,-,-,-,1,,v Pakistan,Rawalpindi,11 Feb 2006,
ODI,R Dravid,DNB,6,-,-,-,-,1,,v Pakistan,Lahore,13 Feb 2006,
ODI,MS Dhoni,DNB,6,-,-,-,-,1,,v Pakistan,Lahore,13 Feb 2006,
ODI,M Kaif,DNB,6,-,-,-,-,1,,v Pakistan,Lahore,13 Feb 2006,
ODI,Yuvraj Singh,DNB,6,-,-,-,-,1,,v Pakistan,Lahore,13 Feb 2006,
ODI,G Gambhir,DNB,6,-,-,-,-,1,,v Pakistan,Lahore,13 Feb 2006,
ODI,SK Raina,DNB,6,-,-,-,-,1,,v Pakistan,Lahore,13 Feb 2006,
ODI,R Dravid,DNB,6,-,-,-,-,1,,v Pakistan,Multan,16 Feb 2006,
ODI,MS Dhoni,DNB,6,-,-,-,-,1,,v Pakistan,Multan,16 Feb 2006,
ODI,M Kaif,DNB,6,-,-,-,-,1,,v Pakistan,Multan,16 Feb 2006,
ODI,Yuvraj Singh,DNB,6,-,-,-,-,1,,v Pakistan,Multan,16 Feb 2006,
ODI,G Gambhir,DNB,6,-,-,-,-,1,,v Pakistan,Multan,16 Feb 2006,
ODI,SK Raina,DNB,6,-,-,-,-,1,,v Pakistan,Multan,16 Feb 2006,
ODI,R Dravid,DNB,6,-,-,-,-,1,,v Pakistan,Karachi,19 Feb 2006,
ODI,MS Dhoni,DNB,6,-,-,-,-,1,,v Pakistan,Karachi,19 Feb 2006,
ODI,M Kaif,DNB,6,-,-,-,-,1,,v Pakistan,Karachi,19 Feb 2006,
ODI,Yuvraj Singh,DNB,6,-,-,-,-,1,,v Pakistan,Karachi,19 Feb 2006,
ODI,G Gambhir,DNB,6,-,-,-,-,1,,v Pakistan,Karachi,19 Feb 2006,
ODI,SK Raina,DNB,6,-,-,-,-,1,,v Pakistan,Karachi,19 Feb 2006,
ODI,R Dravid,DNB,6,-,-,-,-,2,,v England,Delhi,28 Mar 2006,
ODI,MS Dhoni,DNB,6,-,-,-,-,2,,v England,Delhi,28 Mar 2006,
ODI,M Kaif,DNB,6,-,-,-,-,2,,v England,Delhi,28 Mar 2006,
ODI,G Gambhir,DNB,6,-,-,-,-,2,,v England,Delhi,28 Mar 2006,
ODI,SK Raina,DNB,6,-,-,-,-,2,,v England,Delhi,28 Mar 2006,
ODI,R Dravid,DNB,6,-,-,-,-,1,,v England,Faridabad,31 Mar 2006,
ODI,MS Dhoni,DNB,6,-,-,-,-,1,,v England,Faridabad,31 Mar 2006,
ODI,M Kaif,DNB,6,-,-,-,-,1,,v England,Faridabad,31 Mar 2006,
ODI,SK Raina,DNB,6,-,-,-,-,1,,v England,Faridabad,31 Mar 2006,
ODI,R Dravid,DNB,6,-,-,-,-,2,,v England,Margao,3 Apr 2006,
ODI,MS Dhoni,DNB,6,-,-,-,-,2,,v England,Margao,3 Apr 2006,
ODI,M Kaif,DNB,6,-,-,-,-,2,,v England,Margao,3 Apr 2006,
ODI,V Sehwag,DNB,6,-,-,-,-,2,,v England,Margao,3 Apr 2006,
ODI,SK Raina,DNB,6,-,-,-,-,2,,v England,Margao,3 Apr 2006,
ODI,R Dravid,DNB,6,-,-,-,-,1,,v England,Kochi,6 Apr 2006,
ODI,MS Dhoni,DNB,6,-,-,-,-,1,,v England,Kochi,6 Apr 2006,
ODI,M Kaif,DNB,6,-,-,-,-,1,,v England,Kochi,6 Apr 2006,
ODI,SK Raina,DNB,6,-,-,-,-,1,,v England,Kochi,6 Apr 2006,
ODI,MS Dhoni,DNB,6,-,-,-,-,2,,v England,Jamshedpur,12 Apr 2006,
ODI,M Kaif,DNB,6,-,-,-,-,2,,v England,Jamshedpur,12 Apr 2006,
ODI,V Sehwag,DNB,6,-,-,-,-,2,,v England,Jamshedpur,12 Apr 2006,
ODI,Y Venugopal Rao,DNB,6,-,-,-,-,2,,v England,Jamshedpur,12 Apr 2006,
ODI,SK Raina,DNB,6,-,-,-,-,2,,v England,Jamshedpur,12 Apr 2006,
ODI,R Dravid,DNB,6,-,-,-,-,1,,v England,Indore,15 Apr 2006,
ODI,Y Venugopal Rao,DNB,6,-,-,-,-,1,,v England,Indore,15 Apr 2006,
ODI,RV Uthappa,DNB,6,-,-,-,-,1,,v England,Indore,15 Apr 2006,
ODI,KD Karthik,DNB,6,-,-,-,-,1,,v England,Indore,15 Apr 2006,
ODI,SK Raina,DNB,6,-,-,-,-,1,,v England,Indore,15 Apr 2006,
ODI,R Dravid,DNB,6,-,-,-,-,2,,v Pakistan,Abu Dhabi,18 Apr 2006,
ODI,MS Dhoni,DNB,6,-,-,-,-,2,,v Pakistan,Abu Dhabi,18 Apr 2006,
ODI,Yuvraj Singh,DNB,6,-,-,-,-,2,,v Pakistan,Abu Dhabi,18 Apr 2006,
ODI,Y Venugopal Rao,DNB,6,-,-,-,-,2,,v Pakistan,Abu Dhabi,18 Apr 2006,
ODI,RV Uthappa,DNB,6,-,-,-,-,2,,v Pakistan,Abu Dhabi,18 Apr 2006,
ODI,SK Raina,DNB,6,-,-,-,-,2,,v Pakistan,Abu Dhabi,18 Apr 2006,
ODI,R Dravid,DNB,6,-,-,-,-,2,,v Pakistan,Abu Dhabi,19 Apr 2006,
ODI,MS Dhoni,DNB,6,-,-,-,-,2,,v Pakistan,Abu Dhabi,19 Apr 2006,
ODI,Yuvraj Singh,DNB,6,-,-,-,-,2,,v Pakistan,Abu Dhabi,19 Apr 2006,
ODI,V Sehwag,DNB,6,-,-,-,-,2,,v Pakistan,Abu Dhabi,19 Apr 2006,
ODI,Y Venugopal Rao,DNB,6,-,-,-,-,2,,v Pakistan,Abu Dhabi,19 Apr 2006,
ODI,SK Raina,DNB,6,-,-,-,-,2,,v Pakistan,Abu Dhabi,19 Apr 2006,
ODI,R Dravid,DNB,6,-,-,-,-,1,,v West Indies,Kingston,18 May 2006,
ODI,MS Dhoni,DNB,6,-,-,-,-,1,,v West Indies,Kingston,18 May 2006,
ODI,M Kaif,DNB,6,-,-,-,-,1,,v West Indies,Kingston,18 May 2006,
ODI,Yuvraj Singh,DNB,6,-,-,-,-,1,,v West Indies,Kingston,18 May 2006,
ODI,SK Raina,DNB,6,-,-,-,-,1,,v West Indies,Kingston,18 May 2006,
ODI,R Dravid,DNB,6,-,-,-,-,1,,v West Indies,Kingston,20 May 2006,
ODI,MS Dhoni,DNB,6,-,-,-,-,1,,v West Indies,Kingston,20 May 2006,
ODI,M Kaif,DNB,6,-,-,-,-,1,,v West Indies,Kingston,20 May 2006,
ODI,V Sehwag,DNB,6,-,-,-,-,1,,v West Indies,Kingston,20 May 2006,
ODI,SK Raina,DNB,6,-,-,-,-,1,,v West Indies,Kingston,20 May 2006,
ODI,R Dravid,DNB,6,-,-,-,-,2,,v West Indies,Basseterre,23 May 2006,
ODI,MS Dhoni,DNB,6,-,-,-,-,2,,v West Indies,Basseterre,23 May 2006,
ODI,M Kaif,DNB,6,-,-,-,-,2,,v West Indies,Basseterre,23 May 2006,
ODI,Y Venugopal Rao,DNB,6,-,-,-,-,2,,v West Indies,Basseterre,23 May 2006,
ODI,SK Raina,DNB,6,-,-,-,-,2,,v West Indies,Basseterre,23 May 2006,
ODI,R Dravid,DNB,6,-,-,-,-,2,,v West Indies,Port of Spain,26 May 2006,
ODI,MS Dhoni,DNB,6,-,-,-,-,2,,v West Indies,Port of Spain,26 May 2006,
ODI,M Kaif,DNB,6,-,-,-,-,2,,v West Indies,Port of Spain,26 May 2006,
ODI,V Sehwag,DNB,6,-,-,-,-,2,,v West Indies,Port of Spain,26 May 2006,
ODI,R Dravid,DNB,6,-,-,-,-,1,,v West Indies,Port of Spain,28 May 2006,
ODI,MS Dhoni,DNB,6,-,-,-,-,1,,v West Indies,Port of Spain,28 May 2006,
ODI,M Kaif,DNB,6,-,-,-,-,1,,v West Indies,Port of Spain,28 May 2006,
ODI,Yuvraj Singh,DNB,6,-,-,-,-,1,,v West Indies,Port of Spain,28 May 2006,
ODI,RV Uthappa,DNB,6,-,-,-,-,1,,v West Indies,Port of Spain,28 May 2006,
ODI,SK Raina,DNB,6,-,-,-,-,1,,v West Indies,Port of Spain,28 May 2006,
ODI,SR Tendulkar,TDNB,6,-,-,-,-,-,,v Sri Lanka,Colombo (SSC),18 Aug 2006,
ODI,R Dravid,TDNB,6,-,-,-,-,-,,v Sri Lanka,Colombo (SSC),18 Aug 2006,
ODI,AB Agarkar,TDNB,6,-,-,-,-,-,,v Sri Lanka,Colombo (SSC),18 Aug 2006,
ODI,Harbhajan Singh,TDNB,6,-,-,-,-,-,,v Sri Lanka,Colombo (SSC),18 Aug 2006,
ODI,MS Dhoni,TDNB,6,-,-,-,-,-,,v Sri Lanka,Colombo (SSC),18 Aug 2006,
ODI,M Kaif,TDNB,6,-,-,-,-,-,,v Sri Lanka,Colombo (SSC),18 Aug 2006,
ODI,Yuvraj Singh,TDNB,6,-,-,-,-,-,,v Sri Lanka,Colombo (SSC),18 Aug 2006,
ODI,V Sehwag,TDNB,6,-,-,-,-,-,,v Sri Lanka,Colombo (SSC),18 Aug 2006,
ODI,RR Powar,TDNB,6,-,-,-,-,-,,v Sri Lanka,Colombo (SSC),18 Aug 2006,
ODI,IK Pathan,TDNB,6,-,-,-,-,-,,v Sri Lanka,Colombo (SSC),18 Aug 2006,
ODI,MM Patel,TDNB,6,-,-,-,-,-,,v Sri Lanka,Colombo (SSC),18 Aug 2006,
ODI,SR Tendulkar,DNB,6,-,-,-,-,2,,v West Indies,Kuala Lumpur,14 Sep 2006,
ODI,R Dravid,DNB,6,-,-,-,-,2,,v West Indies,Kuala Lumpur,14 Sep 2006,
ODI,MS Dhoni,DNB,6,-,-,-,-,2,,v West Indies,Kuala Lumpur,14 Sep 2006,
ODI,M Kaif,DNB,6,-,-,-,-,2,,v West Indies,Kuala Lumpur,14 Sep 2006,
ODI,V Sehwag,DNB,6,-,-,-,-,2,,v West Indies,Kuala Lumpur,14 Sep 2006,
ODI,SK Raina,DNB,6,-,-,-,-,2,,v West Indies,Kuala Lumpur,14 Sep 2006,
ODI,SR Tendulkar,DNB,6,-,-,-,-,1,,v Australia,Kuala Lumpur,16 Sep 2006,
ODI,R Dravid,DNB,6,-,-,-,-,1,,v Australia,Kuala Lumpur,16 Sep 2006,
ODI,MS Dhoni,DNB,6,-,-,-,-,1,,v Australia,Kuala Lumpur,16 Sep 2006,
ODI,Yuvraj Singh,DNB,6,-,-,-,-,1,,v Australia,Kuala Lumpur,16 Sep 2006,
ODI,SK Raina,DNB,6,-,-,-,-,1,,v Australia,Kuala Lumpur,16 Sep 2006,
ODI,SR Tendulkar,DNB,6,-,-,-,-,2,,v West Indies,Kuala Lumpur,20 Sep 2006,
ODI,R Dravid,DNB,6,-,-,-,-,2,,v West Indies,Kuala Lumpur,20 Sep 2006,
ODI,MS Dhoni,DNB,6,-,-,-,-,2,,v West Indies,Kuala Lumpur,20 Sep 2006,
ODI,Yuvraj Singh,DNB,6,-,-,-,-,2,,v West Indies,Kuala Lumpur,20 Sep 2006,
ODI,V Sehwag,DNB,6,-,-,-,-,2,,v West Indies,Kuala Lumpur,20 Sep 2006,
ODI,SK Raina,DNB,6,-,-,-,-,2,,v West Indies,Kuala Lumpur,20 Sep 2006,
ODI,SR Tendulkar,DNB,6,-,-,-,-,1,,v Australia,Kuala Lumpur,22 Sep 2006,
ODI,R Dravid,DNB,6,-,-,-,-,1,,v Australia,Kuala Lumpur,22 Sep 2006,
ODI,MS Dhoni,DNB,6,-,-,-,-,1,,v Australia,Kuala Lumpur,22 Sep 2006,
ODI,M Kaif,DNB,6,-,-,-,-,1,,v Australia,Kuala Lumpur,22 Sep 2006,
ODI,SK Raina,DNB,6,-,-,-,-,1,,v Australia,Kuala Lumpur,22 Sep 2006,
ODI,SR Tendulkar,DNB,6,-,-,-,-,1,,v England,Jaipur,15 Oct 2006,
ODI,R Dravid,DNB,6,-,-,-,-,1,,v England,Jaipur,15 Oct 2006,
ODI,MS Dhoni,DNB,6,-,-,-,-,1,,v England,Jaipur,15 Oct 2006,
ODI,Yuvraj Singh,DNB,6,-,-,-,-,1,,v England,Jaipur,15 Oct 2006,
ODI,V Sehwag,DNB,6,-,-,-,-,1,,v England,Jaipur,15 Oct 2006,
ODI,SK Raina,DNB,6,-,-,-,-,1,,v England,Jaipur,15 Oct 2006,
ODI,SR Tendulkar,DNB,6,-,-,-,-,2,,v West Indies,Ahmedabad,26 Oct 2006,
ODI,R Dravid,DNB,6,-,-,-,-,2,,v West Indies,Ahmedabad,26 Oct 2006,
ODI,MS Dhoni,DNB,6,-,-,-,-,2,,v West Indies,Ahmedabad,26 Oct 2006,
ODI,SK Raina,DNB,6,-,-,-,-,2,,v West Indies,Ahmedabad,26 Oct 2006,
ODI,SR Tendulkar,DNB,6,-,-,-,-,2,,v Australia,Mohali,29 Oct 2006,
ODI,R Dravid,DNB,6,-,-,-,-,2,,v Australia,Mohali,29 Oct 2006,
ODI,MS Dhoni,DNB,6,-,-,-,-,2,,v Australia,Mohali,29 Oct 2006,
ODI,M Kaif,DNB,6,-,-,-,-,2,,v Australia,Mohali,29 Oct 2006,
ODI,SK Raina,DNB,6,-,-,-,-,2,,v Australia,Mohali,29 Oct 2006,
ODI,R Dravid,DNB,6,-,-,-,-,1,,v South Africa,Durban,22 Nov 2006,
ODI,W Jaffer,DNB,6,-,-,-,-,1,,v South Africa,Durban,22 Nov 2006,
ODI,MS Dhoni,DNB,6,-,-,-,-,1,,v South Africa,Durban,22 Nov 2006,
ODI,M Kaif,DNB,6,-,-,-,-,1,,v South Africa,Durban,22 Nov 2006,
ODI,SK Raina,DNB,6,-,-,-,-,1,,v South Africa,Durban,22 Nov 2006,
ODI,R Dravid,DNB,6,-,-,-,-,1,,v South Africa,Cape Town,26 Nov 2006,
ODI,MS Dhoni,DNB,6,-,-,-,-,1,,v South Africa,Cape Town,26 Nov 2006,
ODI,M Kaif,DNB,6,-,-,-,-,1,,v South Africa,Cape Town,26 Nov 2006,
ODI,V Sehwag,DNB,6,-,-,-,-,1,,v South Africa,Cape Town,26 Nov 2006,
ODI,KD Karthik,DNB,6,-,-,-,-,1,,v South Africa,Cape Town,26 Nov 2006,
ODI,W Jaffer,DNB,6,-,-,-,-,1,,v South Africa,Gqeberha,29 Nov 2006,
ODI,MS Dhoni,DNB,6,-,-,-,-,1,,v South Africa,Gqeberha,29 Nov 2006,
ODI,M Kaif,DNB,6,-,-,-,-,1,,v South Africa,Gqeberha,29 Nov 2006,
ODI,KD Karthik,DNB,6,-,-,-,-,1,,v South Africa,Gqeberha,29 Nov 2006,
ODI,SR Tendulkar,DNB,6,-,-,-,-,2,,v South Africa,Centurion,3 Dec 2006,
ODI,VVS Laxman,DNB,6,-,-,-,-,2,,v South Africa,Centurion,3 Dec 2006,
ODI,MS Dhoni,DNB,6,-,-,-,-,2,,v South Africa,Centurion,3 Dec 2006,
ODI,D Mongia,DNB,6,-,-,-,-,2,,v South Africa,Centurion,3 Dec 2006,
ODI,V Sehwag,DNB,6,-,-,-,-,2,,v South Africa,Centurion,3 Dec 2006,
ODI,KD Karthik,DNB,6,-,-,-,-,2,,v South Africa,Centurion,3 Dec 2006,
ODI,SC Ganguly,DNB,6,-,-,-,-,2,,v West Indies,Nagpur,21 Jan 2007,
ODI,R Dravid,DNB,6,-,-,-,-,2,,v West Indies,Nagpur,21 Jan 2007,
ODI,MS Dhoni,DNB,6,-,-,-,-,2,,v West Indies,Nagpur,21 Jan 2007,
ODI,G Gambhir,DNB,6,-,-,-,-,2,,v West Indies,Nagpur,21 Jan 2007,
ODI,KD Karthik,DNB,6,-,-,-,-,2,,v West Indies,Nagpur,21 Jan 2007,
ODI,SK Raina,DNB,6,-,-,-,-,2,,v West Indies,Nagpur,21 Jan 2007,
ODI,SC Ganguly,DNB,6,-,-,-,-,2,,v West Indies,Cuttack,24 Jan 2007,
ODI,R Dravid,DNB,6,-,-,-,-,2,,v West Indies,Cuttack,24 Jan 2007,
ODI,MS Dhoni,DNB,6,-,-,-,-,2,,v West Indies,Cuttack,24 Jan 2007,
ODI,G Gambhir,DNB,6,-,-,-,-,2,,v West Indies,Cuttack,24 Jan 2007,
ODI,KD Karthik,DNB,6,-,-,-,-,2,,v West Indies,Cuttack,24 Jan 2007,
ODI,R Dravid,DNB,6,-,-,-,-,2,,v West Indies,Chennai,27 Jan 2007,
ODI,Yuvraj Singh,DNB,6,-,-,-,-,2,,v West Indies,Chennai,27 Jan 2007,
ODI,G Gambhir,DNB,6,-,-,-,-,2,,v West Indies,Chennai,27 Jan 2007,
ODI,RV Uthappa,DNB,6,-,-,-,-,2,,v West Indies,Chennai,27 Jan 2007,
ODI,KD Karthik,DNB,6,-,-,-,-,2,,v West Indies,Chennai,27 Jan 2007,
ODI,SK Raina,DNB,6,-,-,-,-,2,,v West Indies,Chennai,27 Jan 2007,
ODI,SR Tendulkar,DNB,6,-,-,-,-,2,,v West Indies,Vadodara,31 Jan 2007,
ODI,SC Ganguly,DNB,6,-,-,-,-,2,,v West Indies,Vadodara,31 Jan 2007,
ODI,R Dravid,DNB,6,-,-,-,-,2,,v West Indies,Vadodara,31 Jan 2007,
ODI,MS Dhoni,DNB,6,-,-,-,-,2,,v West Indies,Vadodara,31 Jan 2007,
ODI,RV Uthappa,DNB,6,-,-,-,-,2,,v West Indies,Vadodara,31 Jan 2007,
ODI,SR Tendulkar,DNB,6,-,-,-,-,1,,v Sri Lanka,Eden Gardens,8 Feb 2007,
ODI,SC Ganguly,DNB,6,-,-,-,-,1,,v Sri Lanka,Eden Gardens,8 Feb 2007,
ODI,R Dravid,DNB,6,-,-,-,-,1,,v Sri Lanka,Eden Gardens,8 Feb 2007,
ODI,MS Dhoni,DNB,6,-,-,-,-,1,,v Sri Lanka,Eden Gardens,8 Feb 2007,
ODI,V Sehwag,DNB,6,-,-,-,-,1,,v Sri Lanka,Eden Gardens,8 Feb 2007,
ODI,RV Uthappa,DNB,6,-,-,-,-,1,,v Sri Lanka,Eden Gardens,8 Feb 2007,
ODI,KD Karthik,DNB,6,-,-,-,-,1,,v Sri Lanka,Eden Gardens,8 Feb 2007,
ODI,R Dravid,DNB,6,-,-,-,-,1,,v Sri Lanka,Rajkot,11 Feb 2007,
ODI,MS Dhoni,DNB,6,-,-,-,-,1,,v Sri Lanka,Rajkot,11 Feb 2007,
ODI,V Sehwag,DNB,6,-,-,-,-,1,,v Sri Lanka,Rajkot,11 Feb 2007,
ODI,RV Uthappa,DNB,6,-,-,-,-,1,,v Sri Lanka,Rajkot,11 Feb 2007,
ODI,KD Karthik,DNB,6,-,-,-,-,1,,v Sri Lanka,Rajkot,11 Feb 2007,
ODI,SC Ganguly,DNB,6,-,-,-,-,1,,v Sri Lanka,Margao,14 Feb 2007,
ODI,R Dravid,DNB,6,-,-,-,-,1,,v Sri Lanka,Margao,14 Feb 2007,
ODI,MS Dhoni,DNB,6,-,-,-,-,1,,v Sri Lanka,Margao,14 Feb 2007,
ODI,Yuvraj Singh,DNB,6,-,-,-,-,1,,v Sri Lanka,Margao,14 Feb 2007,
ODI,KD Karthik,DNB,6,-,-,-,-,1,,v Sri Lanka,Margao,14 Feb 2007,
ODI,R Dravid,DNB,6,-,-,-,-,1,,v Sri Lanka,Visakhapatnam,17 Feb 2007,
ODI,MS Dhoni,DNB,6,-,-,-,-,1,,v Sri Lanka,Visakhapatnam,17 Feb 2007,
ODI,Yuvraj Singh,DNB,6,-,-,-,-,1,,v Sri Lanka,Visakhapatnam,17 Feb 2007,
ODI,RV Uthappa,DNB,6,-,-,-,-,1,,v Sri Lanka,Visakhapatnam,17 Feb 2007,
ODI,KD Karthik,DNB,6,-,-,-,-,1,,v Sri Lanka,Visakhapatnam,17 Feb 2007,
ODI,SC Ganguly,DNB,6,-,-,-,-,2,,v Bangladesh,Port of Spain,17 Mar 2007,
ODI,R Dravid,DNB,6,-,-,-,-,2,,v Bangladesh,Port of Spain,17 Mar 2007,
ODI,MS Dhoni,DNB,6,-,-,-,-,2,,v Bangladesh,Port of Spain,17 Mar 2007,
ODI,RV Uthappa,DNB,6,-,-,-,-,2,,v Bangladesh,Port of Spain,17 Mar 2007,
ODI,SC Ganguly,DNB,6,-,-,-,-,2,,v Bermuda,Port of Spain,19 Mar 2007,
ODI,R Dravid,DNB,6,-,-,-,-,2,,v Bermuda,Port of Spain,19 Mar 2007,
ODI,MS Dhoni,DNB,6,-,-,-,-,2,,v Bermuda,Port of Spain,19 Mar 2007,
ODI,Yuvraj Singh,DNB,6,-,-,-,-,2,,v Bermuda,Port of Spain,19 Mar 2007,
ODI,RV Uthappa,DNB,6,-,-,-,-,2,,v Bermuda,Port of Spain,19 Mar 2007,
ODI,R Dravid,DNB,6,-,-,-,-,1,,v Sri Lanka,Port of Spain,23 Mar 2007,
ODI,MS Dhoni,DNB,6,-,-,-,-,1,,v Sri Lanka,Port of Spain,23 Mar 2007,
ODI,Yuvraj Singh,DNB,6,-,-,-,-,1,,v Sri Lanka,Port of Spain,23 Mar 2007,
ODI,V Sehwag,DNB,6,-,-,-,-,1,,v Sri Lanka,Port of Spain,23 Mar 2007,
ODI,RV Uthappa,DNB,6,-,-,-,-,1,,v Sri Lanka,Port of Spain,23 Mar 2007,
ODI,R Dravid,DNB,6,-,-,-,-,1,,v Bangladesh,Mirpur,10 May 2007,
ODI,MS Dhoni,DNB,6,-,-,-,-,1,,v Bangladesh,Mirpur,10 May 2007,
ODI,Yuvraj Singh,DNB,6,-,-,-,-,1,,v Bangladesh,Mirpur,10 May 2007,
ODI,G Gambhir,DNB,6,-,-,-,-,1,,v Bangladesh,Mirpur,10 May 2007,
ODI,KD Karthik,DNB,6,-,-,-,-,1,,v Bangladesh,Mirpur,10 May 2007,
ODI,R Dravid,DNB,6,-,-,-,-,2,,v Bangladesh,Mirpur,12 May 2007,
ODI,MS Dhoni,DNB,6,-,-,-,-,2,,v Bangladesh,Mirpur,12 May 2007,
ODI,G Gambhir,DNB,6,-,-,-,-,2,,v Bangladesh,Mirpur,12 May 2007,
ODI,V Sehwag,DNB,6,-,-,-,-,2,,v Bangladesh,Mirpur,12 May 2007,
ODI,KD Karthik,DNB,6,-,-,-,-,2,,v Bangladesh,Mirpur,12 May 2007,
ODI,R Dravid,DNB,6,-,-,-,-,1,,v Ireland,Belfast,23 Jun 2007,
ODI,Yuvraj Singh,DNB,6,-,-,-,-,1,,v Ireland,Belfast,23 Jun 2007,
ODI,G Gambhir,DNB,6,-,-,-,-,1,,v Ireland,Belfast,23 Jun 2007,
ODI,KD Karthik,DNB,6,-,-,-,-,1,,v Ireland,Belfast,23 Jun 2007,
ODI,RG Sharma,DNB,6,-,-,-,-,1,,v Ireland,Belfast,23 Jun 2007,
ODI,SR Tendulkar,DNB,6,-,-,-,-,2,,v South Africa,Belfast,26 Jun 2007,
ODI,R Dravid,DNB,6,-,-,-,-,2,,v South Africa,Belfast,26 Jun 2007,
ODI,G Gambhir,DNB,6,-,-,-,-,2,,v South Africa,Belfast,26 Jun 2007,
ODI,KD Karthik,DNB,6,-,-,-,-,2,,v South Africa,Belfast,26 Jun 2007,
ODI,SC Ganguly,DNB,6,-,-,-,-,1,,v South Africa,Belfast,29 Jun 2007,
ODI,R Dravid,DNB,6,-,-,-,-,1,,v South Africa,Belfast,29 Jun 2007,
ODI,MS Dhoni,DNB,6,-,-,-,-,1,,v South Africa,Belfast,29 Jun 2007,
ODI,KD Karthik,DNB,6,-,-,-,-,1,,v South Africa,Belfast,29 Jun 2007,
ODI,R Dravid,DNB,6,-,-,-,-,1,,v South Africa,Belfast,1 Jul 2007,
ODI,MS Dhoni,DNB,6,-,-,-,-,1,,v South Africa,Belfast,1 Jul 2007,
ODI,G Gambhir,DNB,6,-,-,-,-,1,,v South Africa,Belfast,1 Jul 2007,
ODI,KD Karthik,DNB,6,-,-,-,-,1,,v South Africa,Belfast,1 Jul 2007,
ODI,R Dravid,DNB,6,-,-,-,-,1,,v Scotland,Glasgow,16 Aug 2007,
ODI,MS Dhoni,DNB,6,-,-,-,-,1,,v Scotland,Glasgow,16 Aug 2007,
ODI,Yuvraj Singh,DNB,6,-,-,-,-,1,,v Scotland,Glasgow,16 Aug 2007,
ODI,G Gambhir,DNB,6,-,-,-,-,1,,v Scotland,Glasgow,16 Aug 2007,
ODI,RV Uthappa,DNB,6,-,-,-,-,1,,v Scotland,Glasgow,16 Aug 2007,
ODI,KD Karthik,DNB,6,-,-,-,-,1,,v Scotland,Glasgow,16 Aug 2007,
ODI,R Dravid,DNB,6,-,-,-,-,1,,v England,Southampton,21 Aug 2007,
ODI,MS Dhoni,DNB,6,-,-,-,-,1,,v England,Southampton,21 Aug 2007,
ODI,G Gambhir,DNB,6,-,-,-,-,1,,v England,Southampton,21 Aug 2007,
ODI,KD Karthik,DNB,6,-,-,-,-,1,,v England,Southampton,21 Aug 2007,
ODI,SR Tendulkar,DNB,6,-,-,-,-,2,,v England,Bristol,24 Aug 2007,
ODI,R Dravid,DNB,6,-,-,-,-,2,,v England,Bristol,24 Aug 2007,
ODI,MS Dhoni,DNB,6,-,-,-,-,2,,v England,Bristol,24 Aug 2007,
ODI,Yuvraj Singh,DNB,6,-,-,-,-,2,,v England,Bristol,24 Aug 2007,
ODI,KD Karthik,DNB,6,-,-,-,-,2,,v England,Bristol,24 Aug 2007,
ODI,SR Tendulkar,DNB,6,-,-,-,-,1,,v England,Birmingham,27 Aug 2007,
ODI,SC Ganguly,DNB,6,-,-,-,-,1,,v England,Birmingham,27 Aug 2007,
ODI,R Dravid,DNB,6,-,-,-,-,1,,v England,Birmingham,27 Aug 2007,
ODI,MS Dhoni,DNB,6,-,-,-,-,1,,v England,Birmingham,27 Aug 2007,
ODI,KD Karthik,DNB,6,-,-,-,-,1,,v England,Birmingham,27 Aug 2007,
ODI,SC Ganguly,DNB,6,-,-,-,-,2,,v England,Manchester,30 Aug 2007,
ODI,R Dravid,DNB,6,-,-,-,-,2,,v England,Manchester,30 Aug 2007,
ODI,MS Dhoni,DNB,6,-,-,-,-,2,,v England,Manchester,30 Aug 2007,
ODI,KD Karthik,DNB,6,-,-,-,-,2,,v England,Manchester,30 Aug 2007,
ODI,R Dravid,DNB,6,-,-,-,-,2,,v England,Leeds,2 Sep 2007,
ODI,MS Dhoni,DNB,6,-,-,-,-,2,,v England,Leeds,2 Sep 2007,
ODI,Yuvraj Singh,DNB,6,-,-,-,-,2,,v England,Leeds,2 Sep 2007,
ODI,G Gambhir,DNB,6,-,-,-,-,2,,v England,Leeds,2 Sep 2007,
ODI,KD Karthik,DNB,6,-,-,-,-,2,,v England,Leeds,2 Sep 2007,
ODI,R Dravid,DNB,6,-,-,-,-,1,,v England,The Oval,5 Sep 2007,
ODI,MS Dhoni,DNB,6,-,-,-,-,1,,v England,The Oval,5 Sep 2007,
ODI,G Gambhir,DNB,6,-,-,-,-,1,,v England,The Oval,5 Sep 2007,
ODI,RV Uthappa,DNB,6,-,-,-,-,1,,v England,The Oval,5 Sep 2007,
ODI,SR Tendulkar,DNB,6,-,-,-,-,2,,v England,Lord's,8 Sep 2007,
ODI,R Dravid,DNB,6,-,-,-,-,2,,v England,Lord's,8 Sep 2007,
ODI,MS Dhoni,DNB,6,-,-,-,-,2,,v England,Lord's,8 Sep 2007,
ODI,G Gambhir,DNB,6,-,-,-,-,2,,v England,Lord's,8 Sep 2007,
ODI,RV Uthappa,DNB,6,-,-,-,-,2,,v England,Lord's,8 Sep 2007,
ODI,SR Tendulkar,DNB,6,-,-,-,-,1,,v Australia,Bengaluru,29 Sep 2007,
ODI,SC Ganguly,DNB,6,-,-,-,-,1,,v Australia,Bengaluru,29 Sep 2007,
ODI,R Dravid,DNB,6,-,-,-,-,1,,v Australia,Bengaluru,29 Sep 2007,
ODI,MS Dhoni,DNB,6,-,-,-,-,1,,v Australia,Bengaluru,29 Sep 2007,
ODI,G Gambhir,DNB,6,-,-,-,-,1,,v Australia,Bengaluru,29 Sep 2007,
ODI,R Dravid,DNB,6,-,-,-,-,1,,v Australia,Kochi,2 Oct 2007,
ODI,MS Dhoni,DNB,6,-,-,-,-,1,,v Australia,Kochi,2 Oct 2007,
ODI,G Gambhir,DNB,6,-,-,-,-,1,,v Australia,Kochi,2 Oct 2007,
ODI,RV Uthappa,DNB,6,-,-,-,-,1,,v Australia,Kochi,2 Oct 2007,
ODI,R Dravid,DNB,6,-,-,-,-,1,,v Australia,Hyderabad,5 Oct 2007,
ODI,MS Dhoni,DNB,6,-,-,-,-,1,,v Australia,Hyderabad,5 Oct 2007,
ODI,G Gambhir,DNB,6,-,-,-,-,1,,v Australia,Hyderabad,5 Oct 2007,
ODI,RV Uthappa,DNB,6,-,-,-,-,1,,v Australia,Hyderabad,5 Oct 2007,
ODI,RG Sharma,DNB,6,-,-,-,-,1,,v Australia,Hyderabad,5 Oct 2007,
ODI,SR Tendulkar,DNB,6,-,-,-,-,2,,v Australia,Chandigarh,8 Oct 2007,
ODI,R Dravid,DNB,6,-,-,-,-,2,,v Australia,Chandigarh,8 Oct 2007,
ODI,MS Dhoni,DNB,6,-,-,-,-,2,,v Australia,Chandigarh,8 Oct 2007,
ODI,Yuvraj Singh,DNB,6,-,-,-,-,2,,v Australia,Chandigarh,8 Oct 2007,
ODI,RV Uthappa,DNB,6,-,-,-,-,2,,v Australia,Chandigarh,8 Oct 2007,
ODI,SC Ganguly,DNB,6,-,-,-,-,2,,v Australia,Vadodara,11 Oct 2007,
ODI,R Dravid,DNB,6,-,-,-,-,2,,v Australia,Vadodara,11 Oct 2007,
ODI,MS Dhoni,DNB,6,-,-,-,-,2,,v Australia,Vadodara,11 Oct 2007,
ODI,Yuvraj Singh,DNB,6,-,-,-,-,2,,v Australia,Vadodara,11 Oct 2007,
ODI,RV Uthappa,DNB,6,-,-,-,-,2,,v Australia,Vadodara,11 Oct 2007,
ODI,SC Ganguly,DNB,6,-,-,-,-,1,,v Australia,Nagpur,14 Oct 2007,
ODI,R Dravid,DNB,6,-,-,-,-,1,,v Australia,Nagpur,14 Oct 2007,
ODI,MS Dhoni,DNB,6,-,-,-,-,1,,v Australia,Nagpur,14 Oct 2007,
ODI,RV Uthappa,DNB,6,-,-,-,-,1,,v Australia,Nagpur,14 Oct 2007,
ODI,SR Tendulkar,DNB,6,-,-,-,-,1,,v Australia,Wankhede,17 Oct 2007,
ODI,MS Dhoni,DNB,6,-,-,-,-,1,,v Australia,Wankhede,17 Oct 2007,
ODI,Yuvraj Singh,DNB,6,-,-,-,-,1,,v Australia,Wankhede,17 Oct 2007,
ODI,RV Uthappa,DNB,6,-,-,-,-,1,,v Australia,Wankhede,17 Oct 2007,
ODI,KD Karthik,DNB,6,-,-,-,-,1,,v Australia,Wankhede,17 Oct 2007,
ODI,SC Ganguly,DNB,6,-,-,-,-,1,,v Pakistan,Guwahati,5 Nov 2007,
ODI,MS Dhoni,DNB,6,-,-,-,-,1,,v Pakistan,Guwahati,5 Nov 2007,
ODI,Yuvraj Singh,DNB,6,-,-,-,-,1,,v Pakistan,Guwahati,5 Nov 2007,
ODI,G Gambhir,DNB,6,-,-,-,-,1,,v Pakistan,Guwahati,5 Nov 2007,
ODI,RV Uthappa,DNB,6,-,-,-,-,1,,v Pakistan,Guwahati,5 Nov 2007,
ODI,MS Dhoni,DNB,6,-,-,-,-,2,,v Pakistan,Mohali,8 Nov 2007,
ODI,Yuvraj Singh,DNB,6,-,-,-,-,2,,v Pakistan,Mohali,8 Nov 2007,
ODI,G Gambhir,DNB,6,-,-,-,-,2,,v Pakistan,Mohali,8 Nov 2007,
ODI,V Sehwag,DNB,6,-,-,-,-,2,,v Pakistan,Mohali,8 Nov 2007,
ODI,RV Uthappa,DNB,6,-,-,-,-,2,,v Pakistan,Mohali,8 Nov 2007,
ODI,SC Ganguly,DNB,6,-,-,-,-,2,,v Pakistan,Kanpur,11 Nov 2007,
ODI,MS Dhoni,DNB,6,-,-,-,-,2,,v Pakistan,Kanpur,11 Nov 2007,
ODI,G Gambhir,DNB,6,-,-,-,-,2,,v Pakistan,Kanpur,11 Nov 2007,
ODI,RV Uthappa,DNB,6,-,-,-,-,2,,v Pakistan,Kanpur,11 Nov 2007,
ODI,SR Tendulkar,DNB,6,-,-,-,-,1,,v Pakistan,Gwalior,15 Nov 2007,
ODI,MS Dhoni,DNB,6,-,-,-,-,1,,v Pakistan,Gwalior,15 Nov 2007,
ODI,G Gambhir,DNB,6,-,-,-,-,1,,v Pakistan,Gwalior,15 Nov 2007,
ODI,RV Uthappa,DNB,6,-,-,-,-,1,,v Pakistan,Gwalior,15 Nov 2007,
ODI,SR Tendulkar,DNB,6,-,-,-,-,1,,v Pakistan,Jaipur,18 Nov 2007,
ODI,MS Dhoni,DNB,6,-,-,-,-,1,,v Pakistan,Jaipur,18 Nov 2007,
ODI,G Gambhir,DNB,6,-,-,-,-,1,,v Pakistan,Jaipur,18 Nov 2007,
ODI,RV Uthappa,DNB,6,-,-,-,-,1,,v Pakistan,Jaipur,18 Nov 2007,
ODI,RG Sharma,DNB,6,-,-,-,-,1,,v Pakistan,Jaipur,18 Nov 2007,
ODI,SR Tendulkar,DNB,6,-,-,-,-,2,,v Australia,Brisbane,3 Feb 2008,
ODI,Harbhajan Singh,DNB,6,-,-,-,-,2,,v Australia,Brisbane,3 Feb 2008,
ODI,MS Dhoni,DNB,6,-,-,-,-,2,,v Australia,Brisbane,3 Feb 2008,
ODI,G Gambhir,DNB,6,-,-,-,-,2,,v Australia,Brisbane,3 Feb 2008,
ODI,V Sehwag,DNB,6,-,-,-,-,2,,v Australia,Brisbane,3 Feb 2008,
ODI,RV Uthappa,DNB,6,-,-,-,-,2,,v Australia,Brisbane,3 Feb 2008,
ODI,MK Tiwary,DNB,6,-,-,-,-,2,,v Australia,Brisbane,3 Feb 2008,
ODI,RG Sharma,DNB,6,-,-,-,-,2,,v Australia,Brisbane,3 Feb 2008,
ODI,SR Tendulkar,TDNB,6,-,-,-,-,-,,v Sri Lanka,Brisbane,5 Feb 2008,
ODI,Harbhajan Singh,TDNB,6,-,-,-,-,-,,v Sri Lanka,Brisbane,5 Feb 2008,
ODI,MS Dhoni,TDNB,6,-,-,-,-,-,,v Sri Lanka,Brisbane,5 Feb 2008,
ODI,Yuvraj Singh,TDNB,6,-,-,-,-,-,,v Sri Lanka,Brisbane,5 Feb 2008,
ODI,G Gambhir,TDNB,6,-,-,-,-,-,,v Sri Lanka,Brisbane,5 Feb 2008,
ODI,V Sehwag,TDNB,6,-,-,-,-,-,,v Sri Lanka,Brisbane,5 Feb 2008,
ODI,RV Uthappa,TDNB,6,-,-,-,-,-,,v Sri Lanka,Brisbane,5 Feb 2008,
ODI,IK Pathan,TDNB,6,-,-,-,-,-,,v Sri Lanka,Brisbane,5 Feb 2008,
ODI,S Sreesanth,TDNB,6,-,-,-,-,-,,v Sri Lanka,Brisbane,5 Feb 2008,
ODI,RG Sharma,TDNB,6,-,-,-,-,-,,v Sri Lanka,Brisbane,5 Feb 2008,
ODI,I Sharma,TDNB,6,-,-,-,-,-,,v Sri Lanka,Brisbane,5 Feb 2008,
ODI,MS Dhoni,DNB,6,-,-,-,-,1,,v Australia,Melbourne,10 Feb 2008,
ODI,G Gambhir,DNB,6,-,-,-,-,1,,v Australia,Melbourne,10 Feb 2008,
ODI,RV Uthappa,DNB,6,-,-,-,-,1,,v Australia,Melbourne,10 Feb 2008,
ODI,RG Sharma,DNB,6,-,-,-,-,1,,v Australia,Melbourne,10 Feb 2008,
ODI,MS Dhoni,DNB,6,-,-,-,-,2,,v Sri Lanka,Canberra,12 Feb 2008,
ODI,Yuvraj Singh,DNB,6,-,-,-,-,2,,v Sri Lanka,Canberra,12 Feb 2008,
ODI,G Gambhir,DNB,6,-,-,-,-,2,,v Sri Lanka,Canberra,12 Feb 2008,
ODI,RV Uthappa,DNB,6,-,-,-,-,2,,v Sri Lanka,Canberra,12 Feb 2008,
ODI,RG Sharma,DNB,6,-,-,-,-,2,,v Sri Lanka,Canberra,12 Feb 2008,
ODI,SR Tendulkar,DNB,6,-,-,-,-,1,,v Australia,Adelaide,17 Feb 2008,
ODI,MS Dhoni,DNB,6,-,-,-,-,1,,v Australia,Adelaide,17 Feb 2008,
ODI,G Gambhir,DNB,6,-,-,-,-,1,,v Australia,Adelaide,17 Feb 2008,
ODI,RV Uthappa,DNB,6,-,-,-,-,1,,v Australia,Adelaide,17 Feb 2008,
ODI,RG Sharma,DNB,6,-,-,-,-,1,,v Australia,Adelaide,17 Feb 2008,
ODI,SR Tendulkar,DNB,6,-,-,-,-,1,,v Sri Lanka,Adelaide,19 Feb 2008,
ODI,MS Dhoni,DNB,6,-,-,-,-,1,,v Sri Lanka,Adelaide,19 Feb 2008,
ODI,G Gambhir,DNB,6,-,-,-,-,1,,v Sri Lanka,Adelaide,19 Feb 2008,
ODI,RV Uthappa,DNB,6,-,-,-,-,1,,v Sri Lanka,Adelaide,19 Feb 2008,
ODI,RG Sharma,DNB,6,-,-,-,-,1,,v Sri Lanka,Adelaide,19 Feb 2008,
ODI,SR Tendulkar,DNB,6,-,-,-,-,1,,v Australia,Sydney,24 Feb 2008,
ODI,MS Dhoni,DNB,6,-,-,-,-,1,,v Australia,Sydney,24 Feb 2008,
ODI,G Gambhir,DNB,6,-,-,-,-,1,,v Australia,Sydney,24 Feb 2008,
ODI,RV Uthappa,DNB,6,-,-,-,-,1,,v Australia,Sydney,24 Feb 2008,
ODI,RG Sharma,DNB,6,-,-,-,-,1,,v Australia,Sydney,24 Feb 2008,
ODI,SR Tendulkar,DNB,6,-,-,-,-,1,,v Sri Lanka,Hobart,26 Feb 2008,
ODI,MS Dhoni,DNB,6,-,-,-,-,1,,v Sri Lanka,Hobart,26 Feb 2008,
ODI,G Gambhir,DNB,6,-,-,-,-,1,,v Sri Lanka,Hobart,26 Feb 2008,
ODI,RV Uthappa,DNB,6,-,-,-,-,1,,v Sri Lanka,Hobart,26 Feb 2008,
ODI,RG Sharma,DNB,6,-,-,-,-,1,,v Sri Lanka,Hobart,26 Feb 2008,
ODI,SR Tendulkar,DNB,6,-,-,-,-,1,,v Australia,Sydney,2 Mar 2008,
ODI,MS Dhoni,DNB,6,-,-,-,-,1,,v Australia,Sydney,2 Mar 2008,
ODI,G Gambhir,DNB,6,-,-,-,-,1,,v Australia,Sydney,2 Mar 2008,
ODI,RV Uthappa,DNB,6,-,-,-,-,1,,v Australia,Sydney,2 Mar 2008,
ODI,SR Tendulkar,DNB,6,-,-,-,-,2,,v Australia,Brisbane,4 Mar 2008,
ODI,MS Dhoni,DNB,6,-,-,-,-,2,,v Australia,Brisbane,4 Mar 2008,
ODI,G Gambhir,DNB,6,-,-,-,-,2,,v Australia,Brisbane,4 Mar 2008,
ODI,RV Uthappa,DNB,6,-,-,-,-,2,,v Australia,Brisbane,4 Mar 2008,
ODI,RG Sharma,DNB,6,-,-,-,-,2,,v Australia,Brisbane,4 Mar 2008,
ODI,MS Dhoni,DNB,6,-,-,-,-,2,,v Pakistan,Mirpur,10 Jun 2008,
ODI,G Gambhir,DNB,6,-,-,-,-,2,,v Pakistan,Mirpur,10 Jun 2008,
ODI,V Sehwag,DNB,6,-,-,-,-,2,,v Pakistan,Mirpur,10 Jun 2008,
ODI,SK Raina,DNB,6,-,-,-,-,2,,v Pakistan,Mirpur,10 Jun 2008,
ODI,RG Sharma,DNB,6,-,-,-,-,2,,v Pakistan,Mirpur,10 Jun 2008,
ODI,MS Dhoni,DNB,6,-,-,-,-,1,,v Bangladesh,Mirpur,12 Jun 2008,
ODI,G Gambhir,DNB,6,-,-,-,-,1,,v Bangladesh,Mirpur,12 Jun 2008,
ODI,SK Raina,DNB,6,-,-,-,-,1,,v Bangladesh,Mirpur,12 Jun 2008,
ODI,RG Sharma,DNB,6,-,-,-,-,1,,v Bangladesh,Mirpur,12 Jun 2008,
ODI,MS Dhoni,DNB,6,-,-,-,-,1,,v Pakistan,Mirpur,14 Jun 2008,
ODI,G Gambhir,DNB,6,-,-,-,-,1,,v Pakistan,Mirpur,14 Jun 2008,
ODI,RG Sharma,DNB,6,-,-,-,-,1,,v Pakistan,Mirpur,14 Jun 2008,
ODI,MS Dhoni,DNB,6,-,-,-,-,2,,v Hong Kong,Karachi,25 Jun 2008,
ODI,G Gambhir,DNB,6,-,-,-,-,2,,v Hong Kong,Karachi,25 Jun 2008,
ODI,RV Uthappa,DNB,6,-,-,-,-,2,,v Hong Kong,Karachi,25 Jun 2008,
ODI,SK Raina,DNB,6,-,-,-,-,2,,v Hong Kong,Karachi,25 Jun 2008,
ODI,RG Sharma,DNB,6,-,-,-,-,2,,v Hong Kong,Karachi,25 Jun 2008,
ODI,MS Dhoni,DNB,6,-,-,-,-,1,,v Pakistan,Karachi,26 Jun 2008,
ODI,G Gambhir,DNB,6,-,-,-,-,1,,v Pakistan,Karachi,26 Jun 2008,
ODI,V Sehwag,DNB,6,-,-,-,-,1,,v Pakistan,Karachi,26 Jun 2008,
ODI,SK Raina,DNB,6,-,-,-,-,1,,v Pakistan,Karachi,26 Jun 2008,
ODI,RG Sharma,DNB,6,-,-,-,-,1,,v Pakistan,Karachi,26 Jun 2008,
ODI,MS Dhoni,DNB,6,-,-,-,-,1,,v Bangladesh,Karachi,28 Jun 2008,
ODI,G Gambhir,DNB,6,-,-,-,-,1,,v Bangladesh,Karachi,28 Jun 2008,
ODI,RV Uthappa,DNB,6,-,-,-,-,1,,v Bangladesh,Karachi,28 Jun 2008,
ODI,SK Raina,DNB,6,-,-,-,-,1,,v Bangladesh,Karachi,28 Jun 2008,
ODI,RG Sharma,DNB,6,-,-,-,-,1,,v Bangladesh,Karachi,28 Jun 2008,
ODI,MS Dhoni,DNB,6,-,-,-,-,2,,v Pakistan,Karachi,2 Jul 2008,
ODI,Yuvraj Singh,DNB,6,-,-,-,-,2,,v Pakistan,Karachi,2 Jul 2008,
ODI,G Gambhir,DNB,6,-,-,-,-,2,,v Pakistan,Karachi,2 Jul 2008,
ODI,SK Raina,DNB,6,-,-,-,-,2,,v Pakistan,Karachi,2 Jul 2008,
ODI,RG Sharma,DNB,6,-,-,-,-,2,,v Pakistan,Karachi,2 Jul 2008,
ODI,MS Dhoni,DNB,6,-,-,-,-,1,,v Sri Lanka,Karachi,3 Jul 2008,
ODI,Yuvraj Singh,DNB,6,-,-,-,-,1,,v Sri Lanka,Karachi,3 Jul 2008,
ODI,G Gambhir,DNB,6,-,-,-,-,1,,v Sri Lanka,Karachi,3 Jul 2008,
ODI,SK Raina,DNB,6,-,-,-,-,1,,v Sri Lanka,Karachi,3 Jul 2008,
ODI,MS Dhoni,DNB,6,-,-,-,-,1,,v Sri Lanka,Karachi,6 Jul 2008,
ODI,Yuvraj Singh,DNB,6,-,-,-,-,1,,v Sri Lanka,Karachi,6 Jul 2008,
ODI,G Gambhir,DNB,6,-,-,-,-,1,,v Sri Lanka,Karachi,6 Jul 2008,
ODI,RV Uthappa,DNB,6,-,-,-,-,1,,v Sri Lanka,Karachi,6 Jul 2008,
ODI,SK Raina,DNB,6,-,-,-,-,1,,v Sri Lanka,Karachi,6 Jul 2008,
ODI,MS Dhoni,DNB,6,-,-,-,-,2,,v Sri Lanka,Dambulla,18 Aug 2008,
ODI,Yuvraj Singh,DNB,6,-,-,-,-,2,,v Sri Lanka,Dambulla,18 Aug 2008,
ODI,G Gambhir,DNB,6,-,-,-,-,2,,v Sri Lanka,Dambulla,18 Aug 2008,
ODI,V Kohli,DNB,6,-,-,-,-,2,,v Sri Lanka,Dambulla,18 Aug 2008,
ODI,MS Dhoni,DNB,6,-,-,-,-,1,,v Sri Lanka,Dambulla,20 Aug 2008,
ODI,S Badrinath,DNB,6,-,-,-,-,1,,v Sri Lanka,Dambulla,20 Aug 2008,
ODI,SK Raina,DNB,6,-,-,-,-,1,,v Sri Lanka,Dambulla,20 Aug 2008,
ODI,RG Sharma,DNB,6,-,-,-,-,1,,v Sri Lanka,Dambulla,20 Aug 2008,
ODI,V Kohli,DNB,6,-,-,-,-,1,,v Sri Lanka,Dambulla,20 Aug 2008,
ODI,MS Dhoni,DNB,6,-,-,-,-,2,,v Sri Lanka,Colombo (RPS),24 Aug 2008,
ODI,G Gambhir,DNB,6,-,-,-,-,2,,v Sri Lanka,Colombo (RPS),24 Aug 2008,
ODI,S Badrinath,DNB,6,-,-,-,-,2,,v Sri Lanka,Colombo (RPS),24 Aug 2008,
ODI,SK Raina,DNB,6,-,-,-,-,2,,v Sri Lanka,Colombo (RPS),24 Aug 2008,
ODI,V Kohli,DNB,6,-,-,-,-,2,,v Sri Lanka,Colombo (RPS),24 Aug 2008,
ODI,MS Dhoni,DNB,6,-,-,-,-,2,,v Sri Lanka,Colombo (RPS),27 Aug 2008,
ODI,G Gambhir,DNB,6,-,-,-,-,2,,v Sri Lanka,Colombo (RPS),27 Aug 2008,
ODI,S Badrinath,DNB,6,-,-,-,-,2,,v Sri Lanka,Colombo (RPS),27 Aug 2008,
ODI,SK Raina,DNB,6,-,-,-,-,2,,v Sri Lanka,Colombo (RPS),27 Aug 2008,
ODI,V Kohli,DNB,6,-,-,-,-,2,,v Sri Lanka,Colombo (RPS),27 Aug 2008,
ODI,MS Dhoni,DNB,6,-,-,-,-,1,,v Sri Lanka,Colombo (RPS),29 Aug 2008,
ODI,G Gambhir,DNB,6,-,-,-,-,1,,v Sri Lanka,Colombo (RPS),29 Aug 2008,
ODI,SK Raina,DNB,6,-,-,-,-,1,,v Sri Lanka,Colombo (RPS),29 Aug 2008,
ODI,V Kohli,DNB,6,-,-,-,-,1,,v Sri Lanka,Colombo (RPS),29 Aug 2008,
ODI,MS Dhoni,DNB,6,-,-,-,-,2,,v England,Rajkot,14 Nov 2008,
ODI,Yuvraj Singh,DNB,6,-,-,-,-,2,,v England,Rajkot,14 Nov 2008,
ODI,G Gambhir,DNB,6,-,-,-,-,2,,v England,Rajkot,14 Nov 2008,
ODI,SK Raina,DNB,6,-,-,-,-,2,,v England,Rajkot,14 Nov 2008,
ODI,RG Sharma,DNB,6,-,-,-,-,2,,v England,Rajkot,14 Nov 2008,
ODI,MS Dhoni,DNB,6,-,-,-,-,2,,v England,Indore,17 Nov 2008,
ODI,G Gambhir,DNB,6,-,-,-,-,2,,v England,Indore,17 Nov 2008,
ODI,SK Raina,DNB,6,-,-,-,-,2,,v England,Indore,17 Nov 2008,
ODI,RG Sharma,DNB,6,-,-,-,-,2,,v England,Indore,17 Nov 2008,
ODI,MS Dhoni,DNB,6,-,-,-,-,1,,v England,Kanpur,20 Nov 2008,
ODI,G Gambhir,DNB,6,-,-,-,-,1,,v England,Kanpur,20 Nov 2008,
ODI,SK Raina,DNB,6,-,-,-,-,1,,v England,Kanpur,20 Nov 2008,
ODI,RG Sharma,DNB,6,-,-,-,-,1,,v England,Kanpur,20 Nov 2008,
ODI,SR Tendulkar,DNB,6,-,-,-,-,2,,v England,Bengaluru,23 Nov 2008,
ODI,MS Dhoni,DNB,6,-,-,-,-,2,,v England,Bengaluru,23 Nov 2008,
ODI,G Gambhir,DNB,6,-,-,-,-,2,,v England,Bengaluru,23 Nov 2008,
ODI,V Sehwag,DNB,6,-,-,-,-,2,,v England,Bengaluru,23 Nov 2008,
ODI,SK Raina,DNB,6,-,-,-,-,2,,v England,Bengaluru,23 Nov 2008,
ODI,SR Tendulkar,DNB,6,-,-,-,-,1,,v England,Cuttack,26 Nov 2008,
ODI,MS Dhoni,DNB,6,-,-,-,-,1,,v England,Cuttack,26 Nov 2008,
ODI,V Sehwag,DNB,6,-,-,-,-,1,,v England,Cuttack,26 Nov 2008,
ODI,YK Pathan,DNB,6,-,-,-,-,1,,v England,Cuttack,26 Nov 2008,
ODI,SK Raina,DNB,6,-,-,-,-,1,,v England,Cuttack,26 Nov 2008,
ODI,RG Sharma,DNB,6,-,-,-,-,1,,v England,Cuttack,26 Nov 2008,
ODI,SR Tendulkar,DNB,6,-,-,-,-,1,,v Sri Lanka,Dambulla,28 Jan 2009,
ODI,MS Dhoni,DNB,6,-,-,-,-,1,,v Sri Lanka,Dambulla,28 Jan 2009,
ODI,Yuvraj Singh,DNB,6,-,-,-,-,1,,v Sri Lanka,Dambulla,28 Jan 2009,
ODI,G Gambhir,DNB,6,-,-,-,-,1,,v Sri Lanka,Dambulla,28 Jan 2009,
ODI,SR Tendulkar,DNB,6,-,-,-,-,2,,v Sri Lanka,Colombo (RPS),31 Jan 2009,
ODI,MS Dhoni,DNB,6,-,-,-,-,2,,v Sri Lanka,Colombo (RPS),31 Jan 2009,
ODI,Yuvraj Singh,DNB,6,-,-,-,-,2,,v Sri Lanka,Colombo (RPS),31 Jan 2009,
ODI,G Gambhir,DNB,6,-,-,-,-,2,,v Sri Lanka,Colombo (RPS),31 Jan 2009,
ODI,MS Dhoni,DNB,6,-,-,-,-,2,,v Sri Lanka,Colombo (RPS),3 Feb 2009,
ODI,G Gambhir,DNB,6,-,-,-,-,2,,v Sri Lanka,Colombo (RPS),3 Feb 2009,
ODI,YK Pathan,DNB,6,-,-,-,-,2,,v Sri Lanka,Colombo (RPS),3 Feb 2009,
ODI,SK Raina,DNB,6,-,-,-,-,2,,v Sri Lanka,Colombo (RPS),3 Feb 2009,
ODI,MS Dhoni,DNB,6,-,-,-,-,2,,v Sri Lanka,Colombo (RPS),5 Feb 2009,
ODI,G Gambhir,DNB,6,-,-,-,-,2,,v Sri Lanka,Colombo (RPS),5 Feb 2009,
ODI,SK Raina,DNB,6,-,-,-,-,2,,v Sri Lanka,Colombo (RPS),5 Feb 2009,
ODI,RG Sharma,DNB,6,-,-,-,-,2,,v Sri Lanka,Colombo (RPS),5 Feb 2009,
ODI,MS Dhoni,DNB,6,-,-,-,-,1,,v Sri Lanka,Colombo (RPS),8 Feb 2009,
ODI,G Gambhir,DNB,6,-,-,-,-,1,,v Sri Lanka,Colombo (RPS),8 Feb 2009,
ODI,SR Tendulkar,DNB,6,-,-,-,-,2,,v New Zealand,Napier,3 Mar 2009,
ODI,MS Dhoni,DNB,6,-,-,-,-,2,,v New Zealand,Napier,3 Mar 2009,
ODI,G Gambhir,DNB,6,-,-,-,-,2,,v New Zealand,Napier,3 Mar 2009,
ODI,V Sehwag,DNB,6,-,-,-,-,2,,v New Zealand,Napier,3 Mar 2009,
ODI,SK Raina,DNB,6,-,-,-,-,2,,v New Zealand,Napier,3 Mar 2009,
ODI,SR Tendulkar,TDNB,6,-,-,-,-,-,,v New Zealand,Wellington,6 Mar 2009,
ODI,Harbhajan Singh,TDNB,6,-,-,-,-,-,,v New Zealand,Wellington,6 Mar 2009,
ODI,MS Dhoni,TDNB,6,-,-,-,-,-,,v New Zealand,Wellington,6 Mar 2009,
ODI,Z Khan,TDNB,6,-,-,-,-,-,,v New Zealand,Wellington,6 Mar 2009,
ODI,Yuvraj Singh,TDNB,6,-,-,-,-,-,,v New Zealand,Wellington,6 Mar 2009,
ODI,G Gambhir,TDNB,6,-,-,-,-,-,,v New Zealand,Wellington,6 Mar 2009,
ODI,V Sehwag,TDNB,6,-,-,-,-,-,,v New Zealand,Wellington,6 Mar 2009,
ODI,YK Pathan,TDNB,6,-,-,-,-,-,,v New Zealand,Wellington,6 Mar 2009,
ODI,SK Raina,TDNB,6,-,-,-,-,-,,v New Zealand,Wellington,6 Mar 2009,
ODI,MM Patel,TDNB,6,-,-,-,-,-,,v New Zealand,Wellington,6 Mar 2009,
ODI,P Kumar,TDNB,6,-,-,-,-,-,,v New Zealand,Wellington,6 Mar 2009,
ODI,SR Tendulkar,DNB,6,-,-,-,-,2,,v New Zealand,Christchurch,8 Mar 2009,
ODI,MS Dhoni,DNB,6,-,-,-,-,2,,v New Zealand,Christchurch,8 Mar 2009,
ODI,G Gambhir,DNB,6,-,-,-,-,2,,v New Zealand,Christchurch,8 Mar 2009,
ODI,V Sehwag,DNB,6,-,-,-,-,2,,v New Zealand,Christchurch,8 Mar 2009,
ODI,SK Raina,DNB,6,-,-,-,-,2,,v New Zealand,Christchurch,8 Mar 2009,
ODI,MS Dhoni,DNB,6,-,-,-,-,1,,v New Zealand,Hamilton,11 Mar 2009,
ODI,G Gambhir,DNB,6,-,-,-,-,1,,v New Zealand,Hamilton,11 Mar 2009,
ODI,V Sehwag,DNB,6,-,-,-,-,1,,v New Zealand,Hamilton,11 Mar 2009,
ODI,SK Raina,DNB,6,-,-,-,-,1,,v New Zealand,Hamilton,11 Mar 2009,
ODI,RG Sharma,DNB,6,-,-,-,-,1,,v New Zealand,Hamilton,11 Mar 2009,
ODI,MS Dhoni,DNB,6,-,-,-,-,2,,v New Zealand,Auckland,14 Mar 2009,
ODI,Yuvraj Singh,DNB,6,-,-,-,-,2,,v New Zealand,Auckland,14 Mar 2009,
ODI,G Gambhir,DNB,6,-,-,-,-,2,,v New Zealand,Auckland,14 Mar 2009,
ODI,V Sehwag,DNB,6,-,-,-,-,2,,v New Zealand,Auckland,14 Mar 2009,
ODI,YK Pathan,DNB,6,-,-,-,-,2,,v New Zealand,Auckland,14 Mar 2009,
ODI,SK Raina,DNB,6,-,-,-,-,2,,v New Zealand,Auckland,14 Mar 2009,
ODI,RG Sharma,DNB,6,-,-,-,-,2,,v New Zealand,Auckland,14 Mar 2009,
ODI,MS Dhoni,DNB,6,-,-,-,-,2,,v West Indies,Kingston,26 Jun 2009,
ODI,G Gambhir,DNB,6,-,-,-,-,2,,v West Indies,Kingston,26 Jun 2009,
ODI,KD Karthik,DNB,6,-,-,-,-,2,,v West Indies,Kingston,26 Jun 2009,
ODI,RG Sharma,DNB,6,-,-,-,-,2,,v West Indies,Kingston,26 Jun 2009,
ODI,MS Dhoni,DNB,6,-,-,-,-,2,,v West Indies,Kingston,28 Jun 2009,
ODI,Yuvraj Singh,DNB,6,-,-,-,-,2,,v West Indies,Kingston,28 Jun 2009,
ODI,G Gambhir,DNB,6,-,-,-,-,2,,v West Indies,Kingston,28 Jun 2009,
ODI,KD Karthik,DNB,6,-,-,-,-,2,,v West Indies,Kingston,28 Jun 2009,
ODI,MS Dhoni,DNB,6,-,-,-,-,1,,v West Indies,Gros Islet,3 Jul 2009,
ODI,G Gambhir,DNB,6,-,-,-,-,1,,v West Indies,Gros Islet,3 Jul 2009,
ODI,KD Karthik,DNB,6,-,-,-,-,1,,v West Indies,Gros Islet,3 Jul 2009,
ODI,AM Nayar,DNB,6,-,-,-,-,1,,v West Indies,Gros Islet,3 Jul 2009,
ODI,Harbhajan Singh,DNB,6,-,-,-,-,1,,v West Indies,Gros Islet,5 Jul 2009,
ODI,MS Dhoni,DNB,6,-,-,-,-,1,,v West Indies,Gros Islet,5 Jul 2009,
