Format,Player,Runs,Mins,BF,4s,6s,SR,Inns,Unnamed: 8,Opposition,Ground,Start Date,Unnamed: 12
T20,Abhishek Sharma,135,93,54,7,13,250.0,1,,v England,Wankhede,2 Feb 2025,
T20,Shubman Gill,126*,99,63,12,7,200.0,1,,v New Zealand,Ahmedabad,1 Feb 2023,
T20,RD Gaikwad,123*,97,57,13,7,215.78,1,,v Australia,Guwahati,28 Nov 2023,
T20,V Kohli,122*,90,61,12,6,200.0,1,,v Afghanistan,Dubai (DICS),8 Sep 2022,
T20,RG Sharma,121*,103,69,11,8,175.36,1,,v Afghanistan,Bengaluru,17 Jan 2024,
T20,NT Tilak Varma,120*,69,47,9,10,255.31,1,,v South Africa,Johannesburg,15 Nov 2024,
T20,RG Sharma,118,61,43,12,10,274.41,1,,v Sri Lanka,Indore,22 Dec 2017,
T20,SA Yadav,117,88,55,14,6,212.72,2,,v England,Nottingham,10 Jul 2022,
T20,SA Yadav,112*,67,51,7,9,219.6,1,,v Sri Lanka,Rajkot,7 Jan 2023,
T20,RG Sharma,111*,95,61,8,7,181.96,1,,v West Indies,Lucknow,6 Nov 2018,
T20,SA Yadav,111*,72,51,11,7,217.64,1,,v New Zealand,Mount Maunganui,20 Nov 2022,
T20,SV Samson,111,74,47,11,8,236.17,1,,v Bangladesh,Hyderabad,12 Oct 2024,
T20,KL Rahul,110*,84,51,12,5,215.68,2,,v West Indies,Lauderhill,27 Aug 2016,
T20,SV Samson,109*,104,56,6,9,194.64,1,,v South Africa,Johannesburg,15 Nov 2024,
T20,NT Tilak Varma,107*,97,56,8,7,191.07,1,,v South Africa,Centurion,13 Nov 2024,
T20,SV Samson,107,75,50,7,10,214.0,1,,v South Africa,Durban,8 Nov 2024,
T20,RG Sharma,106,79,66,12,5,160.6,1,,v South Africa,Dharamsala,2 Oct 2015,
T20,DJ Hooda,104,78,57,9,6,182.45,1,,v Ireland,Dublin (Malahide),28 Jun 2022,
T20,Ishan Kishan,103,67,43,6,10,239.53,1,,v New Zealand,Thiruvananthapuram,31 Jan 2026,
T20,KL Rahul,101*,-,54,10,5,187.03,2,,v England,Manchester,3 Jul 2018,
T20,SK Raina,101,85,60,9,5,168.33,1,,v South Africa,Gros Islet,2 May 2010,
T20,RG Sharma,100*,-,56,11,5,178.57,2,,v England,Bristol,8 Jul 2018,
T20,YBK Jaiswal,100,-,49,8,7,204.08,1,,v Nepal,Hangzhou,3 Oct 2023,
T20,SA Yadav,100,82,56,7,8,178.57,1,,v South Africa,Johannesburg,14 Dec 2023,
T20,Abhishek Sharma,100,61,47,7,8,212.76,1,,v Zimbabwe,Harare,7 Jul 2024,
T20,SV Samson,97*,108,50,12,4,194.0,2,,v West Indies,Eden Gardens,1 Mar 2026,
T20,RG Sharma,97,87,61,8,5,159.01,1,,v Ireland,Dublin (Malahide),27 Jun 2018,
T20,V Kohli,94*,-,50,6,6,188.0,2,,v West Indies,Hyderabad,6 Dec 2019,
T20,YBK Jaiswal,93*,66,53,13,2,175.47,2,,v Zimbabwe,Harare,13 Jul 2024,
T20,S Dhawan,92,-,62,10,2,148.38,2,,v West Indies,Chennai,11 Nov 2018,
T20,RG Sharma,92,59,41,7,8,224.39,1,,v Australia,Gros Islet,24 Jun 2024,
T20,KL Rahul,91,-,56,9,4,162.5,1,,v West Indies,Wankhede,11 Dec 2019,
T20,V Kohli,90*,71,55,9,2,163.63,1,,v Australia,Adelaide,26 Jan 2016,
T20,S Dhawan,90,-,49,6,6,183.67,1,,v Sri Lanka,Colombo (RPS),6 Mar 2018,
T20,V Kohli,89*,63,47,11,1,189.36,1,,v West Indies,Wankhede,31 Mar 2016,
T20,KL Rahul,89,94,49,5,8,181.63,1,,v Sri Lanka,Indore,22 Dec 2017,
T20,RG Sharma,89,-,61,5,5,145.9,1,,v Bangladesh,Colombo (RPS),14 Mar 2018,
T20,Ishan Kishan,89,82,56,10,3,158.92,1,,v Sri Lanka,Lucknow,24 Feb 2022,
T20,SV Samson,89,63,42,8,7,211.9,1,,v England,Wankhede,5 Mar 2026,
T20,SV Samson,89,74,46,5,8,193.47,1,,v New Zealand,Ahmedabad,8 Mar 2026,
T20,RG Sharma,85,-,43,6,6,197.67,2,,v Bangladesh,Rajkot,7 Nov 2019,
T20,V Kohli,85,-,61,4,3,139.34,2,,v Australia,Sydney,8 Dec 2020,
T20,YBK Jaiswal,84*,85,51,11,3,164.7,2,,v West Indies,Lauderhill,12 Aug 2023,
T20,SA Yadav,84*,77,49,10,4,171.42,1,,v U.S.A.,Wankhede,7 Feb 2026,
T20,Abhishek Sharma,84,59,35,5,8,240.0,1,,v New Zealand,Nagpur,21 Jan 2026,
T20,RG Sharma,83,90,55,7,3,150.9,1,,v Bangladesh,Mirpur,24 Feb 2016,
T20,SA Yadav,83,54,44,10,4,188.63,2,,v West Indies,Providence,8 Aug 2023,
T20,V Kohli,82*,78,51,9,2,160.78,2,,v Australia,Mohali,27 Mar 2016,
T20,V Kohli,82*,98,53,6,4,154.71,2,,v Pakistan,Melbourne,23 Oct 2022,
T20,SA Yadav,82*,74,37,9,4,221.62,2,,v New Zealand,Raipur,23 Jan 2026,
T20,V Kohli,82,-,54,7,1,151.85,2,,v Sri Lanka,Colombo (RPS),6 Sep 2017,
T20,V Kohli,80*,103,52,7,2,153.84,1,,v England,Ahmedabad,20 Mar 2021,
T20,RG Sharma,80,85,55,6,4,145.45,1,,v New Zealand,Delhi,1 Nov 2017,
T20,S Dhawan,80,68,52,10,2,153.84,1,,v New Zealand,Delhi,1 Nov 2017,
T20,SA Yadav,80,76,42,9,4,190.47,2,,v Australia,Visakhapatnam,23 Nov 2023,
T20,RG Sharma,79*,65,46,4,6,171.73,2,,v Australia,Bridgetown,7 May 2010,
T20,MK Pandey,79*,66,48,6,3,164.58,1,,v South Africa,Centurion,21 Feb 2018,
T20,Abhishek Sharma,79,58,34,5,8,232.35,2,,v England,Eden Gardens,22 Jan 2025,
T20,V Kohli,78*,61,61,8,2,127.86,2,,v Pakistan,Colombo (RPS),30 Sep 2012,
T20,Yuvraj Singh,77*,57,35,8,5,220.0,2,,v Australia,Rajkot,10 Oct 2013,
T20,V Kohli,77*,80,46,8,4,167.39,1,,v England,Ahmedabad,16 Mar 2021,
T20,RD Gaikwad,77*,88,47,11,1,163.82,1,,v Zimbabwe,Harare,7 Jul 2024,
T20,V Kohli,77,75,58,5,4,132.75,1,,v Sri Lanka,Mirpur,6 Apr 2014,
T20,SV Samson,77,76,42,9,4,183.33,1,,v Ireland,Dublin (Malahide),28 Jun 2022,
T20,Shubman Gill,77,75,47,3,5,163.82,2,,v West Indies,Lauderhill,12 Aug 2023,
T20,Ishan Kishan,77,41,40,10,3,192.5,1,,v Pakistan,Colombo (RPS),15 Feb 2026,
T20,S Dhawan,76,-,42,10,2,180.95,2,,v Australia,Brisbane,21 Nov 2018,
T20,Ishan Kishan,76,59,48,11,3,158.33,1,,v South Africa,Delhi,9 Jun 2022,
T20,SA Yadav,76,77,44,8,4,172.72,2,,v West Indies,Basseterre,2 Aug 2022,
T20,V Kohli,76,87,59,6,2,128.81,1,,v South Africa,Bridgetown,29 Jun 2024,
T20,Ishan Kishan,76,43,32,11,4,237.5,2,,v New Zealand,Raipur,23 Jan 2026,
T20,G Gambhir,75,76,54,8,2,138.88,1,,v Pakistan,Johannesburg,24 Sep 2007,
T20,SA Yadav,75,66,35,8,5,214.28,1,,v Bangladesh,Hyderabad,12 Oct 2024,
T20,Abhishek Sharma,75,51,37,6,5,202.7,1,,v Bangladesh,Dubai (DICS),24 Sep 2025,
T20,SS Iyer,74*,88,44,6,4,168.18,2,,v Sri Lanka,Dharamsala,26 Feb 2022,
T20,S Dhawan,74,65,45,5,5,164.44,1,,v Ireland,Dublin (Malahide),27 Jun 2018,
T20,RG Sharma,74,78,47,8,3,157.44,1,,v Afghanistan,Abu Dhabi,3 Nov 2021,
T20,K Nitish Kumar Reddy,74,49,34,4,7,217.64,1,,v Bangladesh,Delhi,9 Oct 2024,
T20,Abhishek Sharma,74,64,39,6,5,189.74,2,,v Pakistan,Dubai (DICS),21 Sep 2025,
T20,V Kohli,73*,85,49,5,3,148.97,2,,v England,Ahmedabad,14 Mar 2021,
T20,SS Iyer,73*,78,45,9,1,162.22,2,,v Sri Lanka,Dharamsala,27 Feb 2022,
T20,NT Tilak Varma,73,73,42,10,1,173.8,1,,v South Africa,Ahmedabad,19 Dec 2025,
T20,SK Raina,72*,59,44,6,2,163.63,2,,v Zimbabwe,Harare,13 Jun 2010,
T20,V Kohli,72*,67,44,5,2,163.63,2,,v South Africa,Mirpur,4 Apr 2014,
T20,V Kohli,72*,63,38,2,6,189.47,1,,v Australia,Bengaluru,27 Feb 2019,
T20,V Kohli,72*,66,52,4,3,138.46,2,,v South Africa,Mohali,18 Sep 2019,
T20,NT Tilak Varma,72*,93,55,4,5,130.9,2,,v England,Chennai,25 Jan 2025,
T20,Yuvraj Singh,72,59,36,4,7,200.0,1,,v Pakistan,Ahmedabad,28 Dec 2012,
T20,S Dhawan,72,69,39,10,2,184.61,1,,v South Africa,Johannesburg,18 Feb 2018,
T20,RG Sharma,72,70,41,5,4,175.6,1,,v Sri Lanka,Dubai (DICS),6 Sep 2022,
T20,HH Pandya,71*,47,30,7,5,236.66,1,,v Australia,Mohali,20 Sep 2022,
T20,KL Rahul,71,75,47,6,2,151.06,1,,v England,Nagpur,29 Jan 2017,
T20,RG Sharma,71,-,34,6,5,208.82,1,,v West Indies,Wankhede,11 Dec 2019,
T20,V Kohli,70*,-,29,4,7,241.37,1,,v West Indies,Wankhede,11 Dec 2019,
T20,Yuvraj Singh,70,38,30,5,5,233.33,1,,v Australia,Durban,22 Sep 2007,
T20,V Kohli,70,67,41,10,1,170.73,2,,v New Zealand,Chennai,11 Sep 2012,
T20,KL Rahul,70,-,36,3,6,194.44,1,,v Ireland,Dublin (Malahide),29 Jun 2018,
T20,RK Singh,69*,77,39,2,6,176.92,1,,v Afghanistan,Bengaluru,17 Jan 2024,
T20,NT Tilak Varma,69*,97,53,3,4,130.18,2,,v Pakistan,Dubai (DICS),28 Sep 2025,
T20,SK Raina,69,-,45,5,3,153.33,1,,v Ireland,Dublin (Malahide),29 Jun 2018,
T20,KL Rahul,69,88,48,6,2,143.75,1,,v Afghanistan,Abu Dhabi,3 Nov 2021,
T20,SA Yadav,69,45,36,5,5,191.66,2,,v Australia,Hyderabad,25 Sep 2022,
T20,SA Yadav,68*,39,26,6,6,261.53,1,,v Hong Kong,Dubai (DICS),31 Aug 2022,
T20,RK Singh,68*,63,39,9,2,174.35,1,,v South Africa,Gqeberha,12 Dec 2023,
T20,Abhishek Sharma,68*,51,20,7,5,340.0,2,,v New Zealand,Guwahati,25 Jan 2026,
T20,V Sehwag,68,59,52,4,3,130.76,1,,v England,Durban,19 Sep 2007,
T20,V Kohli,68,65,48,11,1,141.66,1,,v Sri Lanka,Pallekele,7 Aug 2012,
T20,SA Yadav,68,68,40,6,3,170.0,1,,v South Africa,Perth,30 Oct 2022,
T20,YBK Jaiswal,68,56,34,5,6,200.0,2,,v Afghanistan,Indore,14 Jan 2024,
T20,Abhishek Sharma,68,102,37,8,2,183.78,1,,v Australia,Melbourne,31 Oct 2025,
T20,Yuvraj Singh,67,55,43,6,2,155.81,1,,v West Indies,Lord's,12 Jun 2009,
T20,RG Sharma,67,-,51,6,3,131.37,1,,v West Indies,Lauderhill,4 Aug 2019,
T20,SS Iyer,67,75,48,8,1,139.58,1,,v England,Ahmedabad,12 Mar 2021,
T20,V Kohli,66,54,41,9,1,160.97,2,,v England,Birmingham,7 Sep 2014,
T20,Shubman Gill,66,74,49,7,3,134.69,1,,v Zimbabwe,Harare,10 Jul 2024,
T20,S Dube,66,58,31,4,6,212.9,1,,v Netherlands,Ahmedabad,18 Feb 2026,
T20,RR Pant,65*,-,42,4,4,154.76,2,,v West Indies,Providence,6 Aug 2019,
T20,V Kohli,65,59,42,8,1,154.76,2,,v New Zealand,Rajkot,4 Nov 2017,
T20,RG Sharma,65,50,40,6,3,162.5,1,,v New Zealand,Hamilton,29 Jan 2020,
T20,KL Rahul,65,80,49,6,2,132.65,2,,v New Zealand,Ranchi,19 Nov 2021,
T20,SA Yadav,65,57,31,1,7,209.67,1,,v West Indies,Eden Gardens,20 Feb 2022,
T20,AR Patel,65,57,31,3,6,209.67,2,,v Sri Lanka,Pune,5 Jan 2023,
T20,S Dube,65,34,23,3,7,282.6,2,,v New Zealand,Visakhapatnam,28 Jan 2026,
T20,V Kohli,64*,84,44,8,1,145.45,1,,v Bangladesh,Adelaide,2 Nov 2022,
T20,V Sehwag,64,56,36,7,3,177.77,2,,v Sri Lanka,Mohali,12 Dec 2009,
T20,RG Sharma,64,42,34,4,5,188.23,1,,v England,Ahmedabad,20 Mar 2021,
T20,RG Sharma,64,77,44,7,2,145.45,1,,v West Indies,Tarouba,29 Jul 2022,
T20,SS Iyer,64,64,40,8,2,160.0,1,,v West Indies,Lauderhill,7 Aug 2022,
T20,S Dube,63*,44,32,5,4,196.87,2,,v Afghanistan,Indore,14 Jan 2024,
T20,G Gambhir,63,74,52,6,1,121.15,2,,v Australia,Brabourne,20 Oct 2007,
T20,SK Raina,63,61,47,7,1,134.04,1,,v Sri Lanka,Gros Islet,11 May 2010,
T20,SK Raina,63,57,45,2,5,140.0,1,,v England,Bengaluru,1 Feb 2017,
T20,V Kohli,63,89,48,3,4,131.25,2,,v Australia,Hyderabad,25 Sep 2022,
T20,HH Pandya,63,47,33,4,5,190.9,1,,v England,Adelaide,10 Nov 2022,
T20,HH Pandya,63,38,25,5,5,252.0,1,,v South Africa,Ahmedabad,19 Dec 2025,
T20,SA Yadav,63,42,30,4,6,210.0,1,,v New Zealand,Thiruvananthapuram,31 Jan 2026,
T20,RG Sharma,62*,83,55,5,2,112.72,2,,v West Indies,Mirpur,23 Mar 2014,
T20,V Kohli,62*,79,44,3,2,140.9,1,,v Netherlands,Sydney,27 Oct 2022,
T20,RG Sharma,62,54,28,4,4,221.42,2,,v West Indies,Lauderhill,27 Aug 2016,
T20,SS Iyer,62,-,33,3,5,187.87,1,,v Bangladesh,Nagpur,10 Nov 2019,
T20,KL Rahul,62,-,40,5,4,155.0,2,,v West Indies,Hyderabad,6 Dec 2019,
T20,SA Yadav,62,56,40,6,3,155.0,2,,v New Zealand,Jaipur,17 Nov 2021,
T20,KL Rahul,62,54,41,6,2,151.21,1,,v Afghanistan,Dubai (DICS),8 Sep 2022,
T20,NT Tilak Varma,62,76,34,2,5,182.35,2,,v South Africa,New Chandigarh,11 Dec 2025,
T20,SK Raina,61*,74,43,2,5,141.86,1,,v New Zealand,Christchurch,25 Feb 2009,
T20,V Kohli,61*,-,41,4,2,148.78,2,,v Australia,Sydney,25 Nov 2018,
T20,SA Yadav,61*,44,25,6,4,244.0,1,,v Zimbabwe,Melbourne,6 Nov 2022,
T20,AM Rahane,61,49,39,8,0,156.41,1,,v England,Manchester,31 Aug 2011,
T20,KL Rahul,61,68,48,7,1,127.08,1,,v Sri Lanka,Cuttack,20 Dec 2017,
T20,SA Yadav,61,39,22,5,5,277.27,1,,v South Africa,Guwahati,2 Oct 2022,
T20,SA Yadav,61,85,45,4,3,135.55,1,,v West Indies,Lauderhill,13 Aug 2023,
T20,Abhishek Sharma,61,53,31,8,2,196.77,1,,v Sri Lanka,Dubai (DICS),26 Sep 2025,
T20,Ishan Kishan,61,39,24,6,5,254.16,1,,v Namibia,Delhi,12 Feb 2026,
T20,Yuvraj Singh,60*,45,25,3,5,240.0,2,,v Sri Lanka,Mohali,12 Dec 2009,
T20,RG Sharma,60*,-,41,3,3,146.34,1,,v New Zealand,Mount Maunganui,2 Feb 2020,
T20,S Dube,60*,61,40,5,2,150.0,2,,v Afghanistan,Mohali,11 Jan 2024,
T20,Yuvraj Singh,60,61,43,5,4,139.53,1,,v Australia,Mirpur,30 Mar 2014,
T20,RG Sharma,60,69,47,5,2,127.65,1,,v Australia,Melbourne,29 Jan 2016,
T20,S Dhawan,60,63,44,9,1,136.36,2,,v Bangladesh,Mirpur,6 Mar 2016,
T20,V Kohli,60,77,44,4,1,136.36,1,,v Pakistan,Dubai (DICS),4 Sep 2022,
T20,YBK Jaiswal,60,65,41,6,3,146.34,1,,v South Africa,Johannesburg,14 Dec 2023,
T20,V Kohli,59*,44,33,7,1,178.78,1,,v Australia,Melbourne,29 Jan 2016,
T20,V Kohli,59*,74,44,1,3,134.09,1,,v Hong Kong,Dubai (DICS),31 Aug 2022,
T20,HH Pandya,59*,41,28,6,4,210.71,1,,v South Africa,Cuttack,9 Dec 2025,
T20,V Kohli,59,-,45,6,0,131.11,2,,v West Indies,Providence,6 Aug 2019,
T20,SS Iyer,58*,-,29,5,3,200.0,2,,v New Zealand,Auckland,24 Jan 2020,
T20,Shubman Gill,58*,66,39,6,2,148.71,2,,v Zimbabwe,Harare,13 Jul 2024,
T20,G Gambhir,58,62,41,7,1,141.46,1,,v England,Durban,19 Sep 2007,
T20,Yuvraj Singh,58,14,16,3,7,362.5,1,,v England,Durban,19 Sep 2007,
T20,KM Jadhav,58,70,42,7,1,138.09,1,,v Zimbabwe,Harare,22 Jun 2016,
T20,RR Pant,58,-,38,5,3,152.63,2,,v West Indies,Chennai,11 Nov 2018,
T20,RD Gaikwad,58,68,43,6,1,134.88,1,,v Ireland,Dublin (Malahide),20 Aug 2023,
T20,Ishan Kishan,58,56,39,2,5,148.71,2,,v Australia,Visakhapatnam,23 Nov 2023,
T20,RD Gaikwad,58,100,43,3,2,134.88,1,,v Australia,Thiruvananthapuram,26 Nov 2023,
T20,SV Samson,58,61,45,1,4,128.88,1,,v Zimbabwe,Harare,14 Jul 2024,
T20,SA Yadav,58,42,26,8,2,223.07,1,,v Sri Lanka,Pallekele,27 Jul 2024,
T20,V Kohli,57*,66,50,3,1,114.0,2,,v Bangladesh,Mirpur,28 Mar 2014,
T20,KL Rahul,57*,80,50,3,2,114.0,2,,v New Zealand,Auckland,26 Jan 2020,
T20,SS Iyer,57*,38,28,5,2,203.57,1,,v Sri Lanka,Lucknow,24 Feb 2022,
T20,SA Yadav,57*,30,26,6,3,219.23,2,,v New Zealand,Guwahati,25 Jan 2026,
T20,SA Yadav,57,57,31,6,3,183.87,1,,v England,Ahmedabad,18 Mar 2021,
T20,V Kohli,57,94,49,5,1,116.32,1,,v Pakistan,Dubai (DICS),24 Oct 2021,
T20,RD Gaikwad,57,44,35,7,2,162.85,1,,v South Africa,Visakhapatnam,14 Jun 2022,
T20,KL Rahul,57,60,28,5,4,203.57,1,,v South Africa,Guwahati,2 Oct 2022,
T20,RG Sharma,57,57,39,6,2,146.15,1,,v England,Providence,27 Jun 2024,
T20,G Gambhir,56*,91,60,4,0,93.33,2,,v Australia,Melbourne,3 Feb 2012,
T20,V Kohli,56*,85,47,7,0,119.14,2,,v Sri Lanka,Mirpur,1 Mar 2016,
T20,RG Sharma,56,60,44,5,1,127.27,2,,v Bangladesh,Mirpur,28 Mar 2014,
T20,MS Dhoni,56,56,36,5,2,155.55,1,,v England,Bengaluru,1 Feb 2017,
T20,RG Sharma,56,-,42,4,3,133.33,2,,v Bangladesh,Colombo (RPS),18 Mar 2018,
T20,KL Rahul,56,-,27,4,3,207.4,2,,v New Zealand,Auckland,24 Jan 2020,
T20,Ishan Kishan,56,48,32,5,4,175.0,2,,v England,Ahmedabad,14 Mar 2021,
T20,RG Sharma,56,46,37,7,2,151.35,2,,v Namibia,Dubai (DICS),8 Nov 2021,
T20,RG Sharma,56,60,31,5,3,180.64,1,,v New Zealand,Eden Gardens,21 Nov 2021,
T20,SA Yadav,56,55,36,5,3,155.55,1,,v South Africa,Gqeberha,12 Dec 2023,
T20,SV Samson,56,79,45,3,3,124.44,1,,v Oman,Abu Dhabi,19 Sep 2025,
T20,RG Sharma,55*,48,33,5,1,166.66,1,,v England,Colombo (RPS),23 Sep 2012,
T20,V Kohli,55*,66,37,7,1,148.64,2,,v Pakistan,Eden Gardens,19 Mar 2016,
T20,NT Tilak Varma,55*,-,26,2,6,211.53,2,,v Bangladesh,Hangzhou,6 Oct 2023,
T20,G Gambhir,55,-,26,11,0,211.53,2,,v Sri Lanka,Nagpur,9 Dec 2009,
T20,S Dhawan,55,-,43,5,2,127.9,2,,v Bangladesh,Colombo (RPS),8 Mar 2018,
T20,RG Sharma,55,90,36,1,5,152.77,2,,v New Zealand,Ranchi,19 Nov 2021,
T20,KD Karthik,55,34,27,9,2,203.7,1,,v South Africa,Rajkot,17 Jun 2022,
T20,KL Rahul,55,58,35,4,3,157.14,1,,v Australia,Mohali,20 Sep 2022,
T20,Abhishek Sharma,55,65,30,4,4,183.33,1,,v Zimbabwe,Chennai,26 Feb 2026,
T20,KL Rahul,54*,72,36,4,2,150.0,2,,v Namibia,Dubai (DICS),8 Nov 2021,
T20,V Kohli,54,51,41,5,1,131.7,2,,v West Indies,Mirpur,23 Mar 2014,
T20,S Dube,54,-,30,3,4,180.0,1,,v West Indies,Thiruvananthapuram,8 Dec 2019,
T20,KL Rahul,54,-,36,5,1,150.0,1,,v Sri Lanka,Pune,10 Jan 2020,
T20,Ishan Kishan,54,64,35,5,2,154.28,1,,v South Africa,Visakhapatnam,14 Jun 2022,
T20,Ishan Kishan,54,39,25,4,4,216.0,1,,v New Zealand,Ahmedabad,8 Mar 2026,
T20,RG Sharma,53,38,34,5,2,155.88,1,,v South Africa,Durban,9 Jan 2011,
T20,RG Sharma,53,53,39,4,3,135.89,1,,v Netherlands,Sydney,27 Oct 2022,
T20,YBK Jaiswal,53,30,25,9,2,212.0,1,,v Australia,Thiruvananthapuram,26 Nov 2023,
T20,SS Iyer,53,69,37,5,2,143.24,1,,v Australia,Bengaluru,3 Dec 2023,
T20,SA Yadav,53,51,28,5,3,189.28,1,,v Afghanistan,Bridgetown,20 Jun 2024,
T20,RK Singh,53,51,29,5,3,182.75,1,,v Bangladesh,Delhi,9 Oct 2024,
T20,S Dube,53,63,34,7,2,155.88,1,,v England,Pune,31 Jan 2025,
T20,HH Pandya,53,35,30,4,4,176.66,1,,v England,Pune,31 Jan 2025,
T20,RG Sharma,52*,61,45,4,1,115.55,2,,v Ireland,Nottingham,10 Jun 2009,
T20,Mandeep Singh,52*,56,40,6,1,130.0,2,,v Zimbabwe,Harare,20 Jun 2016,
T20,MS Dhoni,52*,43,28,4,3,185.71,1,,v South Africa,Centurion,21 Feb 2018,
T20,RR Pant,52*,48,28,7,1,185.71,1,,v West Indies,Eden Gardens,18 Feb 2022,
T20,RG Sharma,52*,48,37,4,3,140.54,2,,v Ireland,New York,5 Jun 2024,
T20,RG Sharma,52,57,38,5,1,136.84,2,,v Australia,Sydney,31 Jan 2016,
T20,KL Rahul,52,-,35,7,0,148.57,1,,v Bangladesh,Nagpur,10 Nov 2019,
T20,S Dhawan,52,-,36,7,1,144.44,1,,v Sri Lanka,Pune,10 Jan 2020,
T20,S Dhawan,52,-,36,4,2,144.44,2,,v Australia,Sydney,6 Dec 2020,
T20,V Kohli,52,57,41,7,1,126.82,1,,v West Indies,Eden Gardens,18 Feb 2022,
T20,Ishan Kishan,52,45,32,3,4,162.5,1,,v Australia,Thiruvananthapuram,26 Nov 2023,
T20,HH Pandya,52,39,28,4,4,185.71,1,,v Namibia,Delhi,12 Feb 2026,
T20,Abhishek Sharma,52,39,21,6,3,247.61,1,,v New Zealand,Ahmedabad,8 Mar 2026,
T20,MK Pandey,51*,-,36,4,1,141.66,2,,v Sri Lanka,Colombo (RPS),6 Sep 2017,
T20,KL Rahul,51*,83,56,2,4,91.07,2,,v South Africa,Thiruvananthapuram,28 Sep 2022,
T20,SA Yadav,51*,38,25,7,1,204.0,1,,v Netherlands,Sydney,27 Oct 2022,
T20,G Gambhir,51,45,33,5,2,154.54,2,,v New Zealand,Johannesburg,16 Sep 2007,
T20,S Dhawan,51,-,25,7,2,204.0,1,,v Sri Lanka,Ranchi,12 Feb 2016,
T20,KL Rahul,51,-,40,5,1,127.5,1,,v Australia,Canberra,4 Dec 2020,
T20,HH Pandya,51,49,33,6,1,154.54,1,,v England,Southampton,7 Jul 2022,
T20,KL Rahul,51,59,35,3,3,145.71,1,,v Zimbabwe,Melbourne,6 Nov 2022,
T20,SA Yadav,51,73,36,3,3,141.66,2,,v Sri Lanka,Pune,5 Jan 2023,
T20,NT Tilak Varma,51,56,41,5,1,124.39,1,,v West Indies,Providence,6 Aug 2023,
T20,RG Sharma,50*,52,40,7,2,125.0,1,,v South Africa,Durban,20 Sep 2007,
T20,MK Pandey,50*,53,36,3,0,138.88,1,,v New Zealand,Wellington,31 Jan 2020,
T20,SA Yadav,50*,52,33,5,3,151.51,2,,v South Africa,Thiruvananthapuram,28 Sep 2022,
T20,SA Yadav,50*,80,49,2,2,102.04,2,,v U.S.A.,New York,12 Jun 2024,
T20,HH Pandya,50*,38,27,4,3,185.18,1,,v Bangladesh,North Sound,22 Jun 2024,
T20,HH Pandya,50*,39,23,2,4,217.39,1,,v Zimbabwe,Chennai,26 Feb 2026,
T20,RV Uthappa,50,52,39,4,2,128.2,1,,v Pakistan,Durban,14 Sep 2007,
T20,Yuvraj Singh,50,33,34,3,4,147.05,1,,v New Zealand,Wellington,27 Feb 2009,
T20,G Gambhir,50,70,46,4,0,108.69,1,,v Bangladesh,Nottingham,6 Jun 2009,
T20,V Kohli,50,60,39,4,2,128.2,1,,v Afghanistan,Colombo (RPS),19 Sep 2012,
T20,V Kohli,50,49,36,2,1,138.88,2,,v Australia,Sydney,31 Jan 2016,
T20,RG Sharma,50,40,29,3,4,172.41,2,,v New Zealand,Auckland,8 Feb 2019,
T20,KL Rahul,50,56,36,6,1,138.88,1,,v Australia,Visakhapatnam,24 Feb 2019,
T20,SA Yadav,50,-,34,5,2,147.05,1,,v Sri Lanka,Colombo (RPS),25 Jul 2021,
T20,KL Rahul,50,34,19,6,3,263.15,2,,v Scotland,Dubai (DICS),5 Nov 2021,
T20,KL Rahul,50,49,32,3,4,156.25,1,,v Bangladesh,Adelaide,2 Nov 2022,
T20,V Kohli,50,75,40,4,1,125.0,1,,v England,Adelaide,10 Nov 2022,
T20,Washington Sundar,50,42,28,5,3,178.57,2,,v New Zealand,Ranchi,27 Jan 2023,
T20,Abhishek Sharma,50,43,25,3,5,200.0,1,,v South Africa,Centurion,13 Nov 2024,
T20,G Gambhir,49*,36,28,7,1,175.0,2,,v South Africa,Johannesburg,30 Mar 2012,
T20,SK Raina,49*,38,25,6,1,196.0,2,,v Australia,Sydney,31 Jan 2016,
T20,V Kohli,49*,56,28,7,1,175.0,1,,v South Africa,Guwahati,2 Oct 2022,
T20,NT Tilak Varma,49*,65,37,4,1,132.43,2,,v West Indies,Providence,8 Aug 2023,
T20,NT Tilak Varma,49*,68,34,4,1,144.11,1,,v Sri Lanka,Dubai (DICS),26 Sep 2025,
T20,Washington Sundar,49*,35,23,3,4,213.04,2,,v Australia,Hobart,2 Nov 2025,
T20,V Kohli,49,71,51,7,0,96.07,2,,v Pakistan,Mirpur,27 Feb 2016,
T20,MS Dhoni,49,44,37,2,3,132.43,2,,v New Zealand,Rajkot,4 Nov 2017,
T20,RD Gaikwad,49,39,28,4,3,175.0,1,,v Zimbabwe,Harare,10 Jul 2024,
T20,RR Pant,49,68,33,6,1,148.48,1,,v Sri Lanka,Pallekele,27 Jul 2024,
T20,MS Dhoni,48*,55,43,1,3,111.62,2,,v Australia,Sydney,1 Feb 2012,
T20,RK Singh,48*,32,22,2,5,218.18,1,,v Zimbabwe,Harare,7 Jul 2024,
T20,M Vijay,48,59,46,2,3,104.34,2,,v Afghanistan,Gros Islet,1 May 2010,
T20,MK Pandey,48,-,35,1,3,137.14,2,,v Zimbabwe,Harare,18 Jun 2016,
T20,KD Karthik,48,-,29,5,3,165.51,1,,v West Indies,Kingston,9 Jul 2017,
T20,RG Sharma,48,63,36,5,2,133.33,2,,v New Zealand,Jaipur,17 Nov 2021,
T20,KL Rahul,47*,56,40,2,2,117.5,2,,v Zimbabwe,Harare,20 Jun 2016,
T20,DJ Hooda,47*,49,29,6,2,162.06,2,,v Ireland,Dublin (Malahide),26 Jun 2022,
T20,SA Yadav,47*,60,37,5,1,127.02,2,,v Pakistan,Dubai (DICS),14 Sep 2025,
T20,S Dhawan,47,69,40,3,0,117.5,1,,v South Africa,Cape Town,24 Feb 2018,
T20,SK Raina,47,-,30,5,2,156.66,1,,v Bangladesh,Colombo (RPS),14 Mar 2018,
T20,V Kohli,47,-,38,1,2,123.68,1,,v England,Cardiff,6 Jul 2018,
T20,KL Rahul,47,36,26,3,4,180.76,1,,v Australia,Bengaluru,27 Feb 2019,
T20,SA Yadav,47,44,34,6,2,138.23,2,,v New Zealand,Ranchi,27 Jan 2023,
T20,SA Yadav,47,40,36,4,2,130.55,1,,v England,Providence,27 Jun 2024,
T20,AR Patel,47,38,31,1,4,151.61,1,,v South Africa,Bridgetown,29 Jun 2024,
T20,HH Pandya,47,27,18,4,4,261.11,1,,v Bangladesh,Hyderabad,12 Oct 2024,
T20,Shubman Gill,47,50,28,8,0,167.85,2,,v Pakistan,Dubai (DICS),21 Sep 2025,
T20,S Dhawan,46*,-,46,5,1,100.0,2,,v Sri Lanka,Visakhapatnam,14 Feb 2016,
T20,RA Jadeja,46*,47,29,5,0,158.62,1,,v England,Birmingham,9 Jul 2022,
T20,RG Sharma,46*,-,20,4,4,230.0,2,,v Australia,Nagpur,23 Sep 2022,
T20,MS Dhoni,46,55,28,3,2,164.28,2,,v Sri Lanka,Mohali,12 Dec 2009,
T20,M Vijay,46,62,39,2,3,117.94,2,,v Zimbabwe,Harare,13 Jun 2010,
T20,S Dhawan,46,-,36,4,1,127.77,1,,v Sri Lanka,Colombo (RPS),25 Jul 2021,
T20,HH Pandya,46,58,31,3,3,148.38,1,,v South Africa,Rajkot,17 Jun 2022,
T20,SA Yadav,46,43,25,2,4,184.0,1,,v Australia,Mohali,20 Sep 2022,
T20,KD Karthik,46,27,21,4,4,219.04,2,,v South Africa,Indore,4 Oct 2022,
T20,Shubman Gill,46,69,36,2,3,127.77,1,,v Sri Lanka,Rajkot,7 Jan 2023,
T20,RK Singh,46,50,29,4,2,158.62,1,,v Australia,Raipur,1 Dec 2023,
T20,Shubman Gill,46,72,39,4,1,117.94,1,,v Australia,Carrara,6 Nov 2025,
T20,RA Jadeja,45*,25,18,7,1,250.0,2,,v Sri Lanka,Dharamsala,26 Feb 2022,
T20,MS Dhoni,45,39,33,4,1,136.36,1,,v South Africa,Durban,20 Sep 2007,
T20,G Gambhir,45,70,38,5,0,118.42,1,,v England,Colombo (RPS),23 Sep 2012,
T20,SK Raina,45,45,34,5,0,132.35,1,,v South Africa,Colombo (RPS),2 Oct 2012,
T20,KL Rahul,45,-,32,6,0,140.62,2,,v Sri Lanka,Indore,7 Jan 2020,
T20,V Kohli,45,-,32,3,1,140.62,2,,v New Zealand,Auckland,24 Jan 2020,
T20,KL Rahul,45,-,33,4,2,136.36,1,,v New Zealand,Mount Maunganui,2 Feb 2020,
T20,RA Jadeja,44*,-,23,5,1,191.3,1,,v Australia,Canberra,4 Dec 2020,
T20,RK Singh,44*,34,20,4,3,220.0,1,,v New Zealand,Nagpur,21 Jan 2026,
T20,NT Tilak Varma,44*,26,16,3,4,275.0,1,,v Zimbabwe,Chennai,26 Feb 2026,
T20,SS Iyer,44,49,33,1,3,133.33,2,,v New Zealand,Auckland,26 Jan 2020,
T20,RG Sharma,44,58,32,2,1,137.5,1,,v Sri Lanka,Lucknow,24 Feb 2022,
T20,RR Pant,44,52,31,6,0,141.93,1,,v West Indies,Lauderhill,6 Aug 2022,
T20,RA Tripathi,44,32,22,4,3,200.0,1,,v New Zealand,Ahmedabad,1 Feb 2023,
T20,S Badrinath,43,47,37,5,0,116.21,1,,v West Indies,Port of Spain,4 Jun 2011,
T20,G Gambhir,43,56,41,2,1,104.87,1,,v Pakistan,Bengaluru,25 Dec 2012,
T20,V Kohli,43,58,27,1,3,159.25,1,,v South Africa,Dharamsala,2 Oct 2015,
T20,RG Sharma,43,-,36,2,1,119.44,1,,v Sri Lanka,Ranchi,12 Feb 2016,
T20,RG Sharma,43,29,31,3,3,138.7,1,,v West Indies,Wankhede,31 Mar 2016,
T20,MS Dhoni,43,53,25,2,2,172.0,2,,v West Indies,Lauderhill,27 Aug 2016,
T20,SK Raina,43,33,27,5,1,159.25,1,,v South Africa,Cape Town,24 Feb 2018,
T20,V Kohli,43,-,29,2,2,148.27,2,,v England,Bristol,8 Jul 2018,
T20,S Dhawan,43,67,41,3,0,104.87,1,,v West Indies,Lucknow,6 Nov 2018,
T20,V Shankar,43,35,28,5,2,153.57,2,,v New Zealand,Hamilton,10 Feb 2019,
T20,RG Sharma,43,50,37,7,1,116.21,1,,v South Africa,Guwahati,2 Oct 2022,
T20,S Dube,43,42,25,1,4,172.0,1,,v England,Wankhede,5 Mar 2026,
T20,MK Pandey,42*,-,31,3,1,135.48,2,,v Sri Lanka,Colombo (RPS),12 Mar 2018,
T20,HH Pandya,42*,-,22,3,2,190.9,2,,v Australia,Sydney,6 Dec 2020,
T20,AM Rahane,42,43,31,5,1,135.48,1,,v Pakistan,Bengaluru,25 Dec 2012,
T20,RV Uthappa,42,-,25,9,0,168.0,2,,v Zimbabwe,Harare,19 Jul 2015,
T20,S Dhawan,42,46,32,3,2,131.25,1,,v Australia,Melbourne,29 Jan 2016,
T20,RR Pant,42,65,31,6,0,135.48,1,,v Pakistan,New York,9 Jun 2024,
T20,HH Pandya,42,25,17,1,4,247.05,1,,v New Zealand,Thiruvananthapuram,31 Jan 2026,
T20,S Dube,42,54,37,1,3,113.51,2,,v South Africa,Ahmedabad,22 Feb 2026,
T20,V Kohli,41*,62,28,5,0,146.42,2,,v Bangladesh,Mirpur,6 Mar 2016,
T20,KD Karthik,41*,31,19,4,2,215.78,1,,v West Indies,Tarouba,29 Jul 2022,
T20,DJ Hooda,41*,41,23,1,4,178.26,1,,v Sri Lanka,Wankhede,3 Jan 2023,
T20,Yuvraj Singh,41,12,18,3,4,227.77,1,,v Bangladesh,Nottingham,6 Jun 2009,
T20,G Gambhir,41,52,32,3,0,128.12,1,,v Sri Lanka,Gros Islet,11 May 2010,
T20,SK Raina,41,29,23,2,3,178.26,1,,v South Africa,Durban,9 Jan 2011,
T20,SK Raina,41,63,34,3,1,120.58,1,,v Australia,Adelaide,26 Jan 2016,
T20,S Dhawan,41,-,22,6,2,186.36,2,,v Australia,Sydney,25 Nov 2018,
T20,S Dhawan,41,-,42,3,1,97.61,1,,v Bangladesh,Delhi,3 Nov 2019,
T20,RR Pant,40*,48,28,4,1,142.85,2,,v New Zealand,Auckland,8 Feb 2019,
T20,RD Gaikwad,40*,-,26,4,3,153.84,2,,v Bangladesh,Hangzhou,6 Oct 2023,
T20,V Sehwag,40,24,17,6,2,235.29,2,,v New Zealand,Johannesburg,16 Sep 2007,
T20,V Kohli,40,33,32,6,0,125.0,1,,v England,Colombo (RPS),23 Sep 2012,
T20,AM Rahane,40,68,35,2,0,114.28,1,,v West Indies,Wankhede,31 Mar 2016,
T20,MS Dhoni,40,39,23,3,3,173.91,1,,v Australia,Bengaluru,27 Feb 2019,
T20,S Dhawan,40,56,31,4,1,129.03,2,,v South Africa,Mohali,18 Sep 2019,
T20,V Kohli,40,-,24,2,2,166.66,2,,v Australia,Sydney,6 Dec 2020,
T20,S Dhawan,40,53,42,5,0,95.23,1,,v Sri Lanka,Colombo (RPS),28 Jul 2021,
T20,RG Sharma,40,37,19,4,3,210.52,2,,v West Indies,Eden Gardens,16 Feb 2022,
T20,SS Iyer,40,64,35,2,2,114.28,1,,v South Africa,Cuttack,12 Jun 2022,
T20,HH Pandya,40,61,37,1,2,108.1,2,,v Pakistan,Melbourne,23 Oct 2022,
T20,SV Samson,40,34,26,5,1,153.84,1,,v Ireland,Dublin (Malahide),20 Aug 2023,
T20,YBK Jaiswal,40,30,21,5,2,190.47,1,,v Sri Lanka,Pallekele,27 Jul 2024,
T20,HH Pandya,40,59,35,1,2,114.28,2,,v England,Rajkot,28 Jan 2025,
T20,RV Uthappa,39*,57,35,2,0,111.42,1,,v Zimbabwe,Harare,17 Jul 2015,
T20,MS Dhoni,39*,40,22,4,1,177.27,1,,v Sri Lanka,Cuttack,20 Dec 2017,
T20,KD Karthik,39*,-,25,5,0,156.0,2,,v Sri Lanka,Colombo (RPS),12 Mar 2018,
T20,HH Pandya,39*,37,17,4,2,229.41,1,,v England,Ahmedabad,20 Mar 2021,
T20,HH Pandya,39*,20,16,5,2,243.75,2,,v Bangladesh,Gwalior,6 Oct 2024,
T20,HH Pandya,39*,53,45,4,1,86.66,1,,v South Africa,Gqeberha,10 Nov 2024,
T20,SA Yadav,39*,34,24,3,2,162.5,1,,v Australia,Canberra,29 Oct 2025,
T20,SK Raina,39,47,29,4,2,134.48,1,,v England,Eden Gardens,29 Oct 2011,
T20,RG Sharma,39,26,28,7,1,139.28,2,,v U.A.E.,Mirpur,3 Mar 2016,
T20,V Kohli,39,-,22,7,1,177.27,1,,v West Indies,Kingston,9 Jul 2017,
T20,MS Dhoni,39,47,31,5,1,125.8,2,,v New Zealand,Wellington,6 Feb 2019,
T20,KL Rahul,39,49,26,3,2,150.0,1,,v New Zealand,Wellington,31 Jan 2020,
T20,RR Pant,39,36,30,2,2,130.0,1,,v Pakistan,Dubai (DICS),24 Oct 2021,
T20,SV Samson,39,42,25,2,3,156.0,2,,v Sri Lanka,Dharamsala,26 Feb 2022,
T20,SA Yadav,39,37,19,4,2,205.26,1,,v England,Southampton,7 Jul 2022,
T20,NT Tilak Varma,39,31,22,2,3,177.27,2,,v West Indies,Tarouba,3 Aug 2023,
T20,SA Yadav,39,34,29,5,2,134.48,1,,v Australia,Guwahati,28 Nov 2023,
T20,Shubman Gill,39,73,37,3,0,105.4,1,,v Sri Lanka,Pallekele,30 Jul 2024,
T20,SV Samson,39,30,23,1,3,169.56,1,,v Sri Lanka,Dubai (DICS),26 Sep 2025,
T20,RK Singh,39,38,30,3,2,130.0,2,,v New Zealand,Visakhapatnam,28 Jan 2026,
T20,Ishan Kishan,39,36,18,4,2,216.66,1,,v England,Wankhede,5 Mar 2026,
T20,D Mongia,38,63,45,4,1,84.44,2,,v South Africa,Johannesburg,1 Dec 2006,
T20,SK Raina,38,42,33,6,0,115.15,1,,v Afghanistan,Colombo (RPS),19 Sep 2012,
T20,Yuvraj Singh,38,21,21,2,3,180.95,2,,v England,Pune,20 Dec 2012,
T20,V Kohli,38,25,20,7,0,190.0,1,,v England,Wankhede,22 Dec 2012,
T20,MS Dhoni,38,23,18,3,2,211.11,1,,v England,Wankhede,22 Dec 2012,
T20,RR Pant,38,-,35,2,1,108.57,1,,v West Indies,Kingston,9 Jul 2017,
T20,RG Sharma,38,63,32,3,0,118.75,2,,v New Zealand,Hamilton,10 Feb 2019,
T20,V Kohli,38,31,27,2,1,140.74,1,,v New Zealand,Hamilton,29 Jan 2020,
T20,DJ Hooda,38,35,25,3,2,152.0,1,,v West Indies,Lauderhill,7 Aug 2022,
T20,RK Singh,38,38,21,2,3,180.95,1,,v Ireland,Dublin (Malahide),20 Aug 2023,
T20,Abhishek Sharma,38,39,15,5,2,253.33,1,,v Oman,Abu Dhabi,19 Sep 2025,
T20,HH Pandya,38,42,29,4,1,131.03,1,,v Bangladesh,Dubai (DICS),24 Sep 2025,
T20,Ishan Kishan,38,30,24,4,1,158.33,1,,v Zimbabwe,Chennai,26 Feb 2026,
T20,YK Pathan,37*,27,24,2,3,154.16,2,,v Zimbabwe,Harare,12 Jun 2010,
T20,RK Singh,37*,-,15,2,4,246.66,1,,v Nepal,Hangzhou,3 Oct 2023,
T20,Shubman Gill,37*,57,20,4,1,185.0,1,,v Australia,Canberra,29 Oct 2025,
T20,G Gambhir,37,42,31,3,1,119.35,2,,v Ireland,Nottingham,10 Jun 2009,
T20,Yuvraj Singh,37,43,30,3,2,123.33,1,,v South Africa,Gros Islet,2 May 2010,
T20,MK Pandey,37,-,35,3,1,105.71,1,,v Sri Lanka,Colombo (RPS),6 Mar 2018,
T20,SS Iyer,37,36,18,5,1,205.55,1,,v England,Ahmedabad,18 Mar 2021,
T20,Ishan Kishan,37,56,29,3,2,127.58,1,,v Sri Lanka,Wankhede,3 Jan 2023,
T20,YBK Jaiswal,37,27,28,6,1,132.14,1,,v Australia,Raipur,1 Dec 2023,
T20,V Kohli,37,34,28,1,3,132.14,1,,v Bangladesh,North Sound,22 Jun 2024,
T20,SV Samson,37,46,22,4,2,168.18,1,,v South Africa,Ahmedabad,19 Dec 2025,
T20,V Kohli,36*,45,32,4,1,112.5,2,,v Pakistan,Mirpur,21 Mar 2014,
T20,MS Dhoni,36*,47,27,3,0,133.33,1,,v England,Kanpur,26 Jan 2017,
T20,RR Pant,36*,46,26,3,2,138.46,2,,v Ireland,New York,5 Jun 2024,
T20,S Dube,36*,33,18,1,3,200.0,2,,v New Zealand,Raipur,23 Jan 2026,
T20,MS Dhoni,36,21,18,4,1,200.0,1,,v Australia,Durban,22 Sep 2007,
T20,RG Sharma,36,34,23,3,2,156.52,1,,v Bangladesh,Nottingham,6 Jun 2009,
T20,S Dhawan,36,35,25,4,2,144.0,1,,v South Africa,Bengaluru,22 Sep 2019,
T20,SS Iyer,36,48,27,1,3,133.33,1,,v South Africa,Delhi,9 Jun 2022,
T20,KL Rahul,36,62,39,0,2,92.3,1,,v Hong Kong,Dubai (DICS),31 Aug 2022,
T20,Ishan Kishan,36,49,31,5,1,116.12,1,,v New Zealand,Mount Maunganui,20 Nov 2022,
T20,RR Pant,36,36,24,4,2,150.0,1,,v Bangladesh,North Sound,22 Jun 2024,
T20,YBK Jaiswal,36,37,27,4,2,133.33,1,,v Zimbabwe,Harare,10 Jul 2024,
T20,Abhishek Sharma,36,33,18,2,4,200.0,1,,v South Africa,Johannesburg,15 Nov 2024,
T20,SK Raina,35*,50,24,3,1,145.83,1,,v England,Wankhede,22 Dec 2012,
T20,SK Raina,35*,34,28,4,1,125.0,2,,v Pakistan,Mirpur,21 Mar 2014,
T20,HH Pandya,35*,19,13,4,2,269.23,1,,v Afghanistan,Abu Dhabi,3 Nov 2021,
T20,VR Iyer,35*,40,19,4,2,184.21,1,,v West Indies,Eden Gardens,20 Feb 2022,
T20,RV Uthappa,35,38,26,6,0,134.61,2,,v Australia,Brabourne,20 Oct 2007,
T20,SK Raina,35,48,27,5,1,129.62,2,,v Sri Lanka,Colombo (RPS),10 Feb 2009,
T20,Yuvraj Singh,35,30,18,3,3,194.44,2,,v Sri Lanka,Mirpur,1 Mar 2016,
T20,S Dhawan,35,-,27,5,1,129.62,1,,v Bangladesh,Colombo (RPS),14 Mar 2018,
T20,Ishan Kishan,35,57,42,4,0,83.33,2,,v West Indies,Eden Gardens,16 Feb 2022,
T20,V Kohli,35,47,34,3,1,102.94,2,,v Pakistan,Dubai (DICS),28 Aug 2022,
T20,RA Jadeja,35,74,29,2,2,120.68,2,,v Pakistan,Dubai (DICS),28 Aug 2022,
T20,RA Tripathi,35,24,16,5,2,218.75,1,,v Sri Lanka,Rajkot,7 Jan 2023,
T20,JM Sharma,35,23,19,1,3,184.21,1,,v Australia,Raipur,1 Dec 2023,
T20,Harshit Rana,35,38,33,3,1,106.06,1,,v Australia,Melbourne,31 Oct 2025,
T20,Abhishek Sharma,35,27,18,3,3,194.44,2,,v South Africa,Dharamsala,14 Dec 2025,
T20,SK Raina,34*,43,25,3,1,136.0,1,,v Sri Lanka,Pallekele,7 Aug 2012,
T20,SA Yadav,34*,35,18,5,1,188.88,2,,v West Indies,Eden Gardens,16 Feb 2022,
T20,V Sehwag,34,45,29,5,1,117.24,2,,v South Africa,Johannesburg,1 Dec 2006,
T20,RV Uthappa,34,38,28,1,3,121.42,1,,v Australia,Durban,22 Sep 2007,
T20,Yuvraj Singh,34,49,26,1,2,130.76,2,,v New Zealand,Chennai,11 Sep 2012,
T20,M Vijay,34,35,19,5,1,178.94,1,,v Zimbabwe,Harare,17 Jul 2015,
T20,SK Raina,34,35,23,4,1,147.82,1,,v England,Kanpur,26 Jan 2017,
T20,SS Iyer,34,-,26,3,1,130.76,2,,v Sri Lanka,Indore,7 Jan 2020,
T20,Ishan Kishan,34,44,31,5,0,109.67,1,,v West Indies,Eden Gardens,20 Feb 2022,
T20,Ishan Kishan,34,31,21,2,3,161.9,1,,v South Africa,Cuttack,12 Jun 2022,
T20,SA Yadav,34,60,29,1,1,117.24,1,,v Sri Lanka,Dubai (DICS),6 Sep 2022,
T20,S Dube,34,38,24,0,3,141.66,1,,v Bangladesh,North Sound,22 Jun 2024,
T20,Shubman Gill,34,28,16,6,1,212.5,1,,v Sri Lanka,Pallekele,27 Jul 2024,
T20,R Parag,34,26,13,1,4,261.53,1,,v Bangladesh,Hyderabad,12 Oct 2024,
T20,Abhishek Sharma,34,28,21,6,1,161.9,1,,v South Africa,Ahmedabad,19 Dec 2025,
T20,SA Yadav,34,47,28,2,1,121.42,1,,v Netherlands,Ahmedabad,18 Feb 2026,
T20,IK Pathan,33*,22,16,2,2,206.25,2,,v Sri Lanka,Colombo (RPS),10 Feb 2009,
T20,YK Pathan,33*,29,17,1,2,194.11,2,,v England,Lord's,14 Jun 2009,
T20,HH Pandya,33*,-,14,4,2,235.71,2,,v England,Bristol,8 Jul 2018,
T20,KD Karthik,33*,29,16,0,4,206.25,2,,v New Zealand,Hamilton,10 Feb 2019,
T20,RR Pant,33*,-,22,3,1,150.0,1,,v West Indies,Thiruvananthapuram,8 Dec 2019,
T20,SS Iyer,33*,-,31,1,2,106.45,1,,v New Zealand,Mount Maunganui,2 Feb 2020,
T20,RR Pant,33*,39,26,3,1,126.92,2,,v West Indies,Basseterre,2 Aug 2022,
T20,HH Pandya,33*,41,17,4,1,194.11,2,,v Pakistan,Dubai (DICS),28 Aug 2022,
T20,MS Dhoni,33,46,31,3,1,106.45,1,,v Pakistan,Durban,14 Sep 2007,
T20,SK Raina,33,26,19,2,3,173.68,1,,v England,Manchester,31 Aug 2011,
T20,MS Dhoni,33,39,23,4,0,143.47,1,,v Pakistan,Ahmedabad,28 Dec 2012,
T20,S Dhawan,33,40,28,2,2,117.85,2,,v England,Birmingham,7 Sep 2014,
T20,AM Rahane,33,44,32,2,0,103.12,1,,v Zimbabwe,Harare,17 Jul 2015,
T20,VR Iyer,33,28,18,4,1,183.33,1,,v West Indies,Eden Gardens,18 Feb 2022,
T20,DJ Hooda,33,28,17,3,2,194.11,1,,v England,Southampton,7 Jul 2022,
T20,RG Sharma,33,24,16,2,3,206.25,1,,v West Indies,Lauderhill,6 Aug 2022,
T20,NT Tilak Varma,33,27,18,3,2,183.33,1,,v South Africa,Durban,8 Nov 2024,
T20,S Dube,33,42,22,2,2,150.0,2,,v Pakistan,Dubai (DICS),28 Sep 2025,
T20,SA Yadav,33,25,13,3,2,253.84,1,,v Zimbabwe,Chennai,26 Feb 2026,
T20,MK Pandey,32*,30,18,2,2,177.77,1,,v Sri Lanka,Cuttack,20 Dec 2017,
T20,HH Pandya,32*,-,9,1,4,355.55,1,,v Ireland,Dublin (Malahide),29 Jun 2018,
T20,MS Dhoni,32*,-,24,5,0,133.33,1,,v England,Cardiff,6 Jul 2018,
T20,Yuvraj Singh,32,43,21,3,2,152.38,2,,v Sri Lanka,Colombo (RPS),10 Feb 2009,
T20,SK Raina,32,38,25,4,1,128.0,2,,v West Indies,Bridgetown,9 May 2010,
T20,S Dhawan,32,40,19,5,0,168.42,2,,v Australia,Rajkot,10 Oct 2013,
T20,AM Rahane,32,41,30,2,1,106.66,2,,v South Africa,Mirpur,4 Apr 2014,
T20,MK Pandey,32,48,29,4,0,110.34,2,,v Sri Lanka,Wankhede,24 Dec 2017,
T20,RG Sharma,32,-,30,3,1,106.66,2,,v England,Manchester,3 Jul 2018,
T20,S Dhawan,32,-,29,2,0,110.34,2,,v Sri Lanka,Indore,7 Jan 2020,
T20,SA Yadav,32,22,17,3,2,188.23,1,,v England,Ahmedabad,20 Mar 2021,
T20,RD Gaikwad,32,58,28,3,1,114.28,1,,v Australia,Raipur,1 Dec 2023,
T20,HH Pandya,32,40,24,3,2,133.33,1,,v Afghanistan,Bridgetown,20 Jun 2024,
T20,HH Pandya,32,25,19,2,2,168.42,1,,v Bangladesh,Delhi,9 Oct 2024,
T20,SA Yadav,32,36,22,4,1,145.45,1,,v New Zealand,Nagpur,21 Jan 2026,
T20,SA Yadav,32,50,29,3,0,110.34,1,,v Pakistan,Colombo (RPS),15 Feb 2026,
T20,KD Karthik,31*,44,28,3,1,110.71,2,,v South Africa,Johannesburg,1 Dec 2006,
T20,Yuvraj Singh,31*,34,25,1,3,124.0,2,,v Australia,Brabourne,20 Oct 2007,
T20,R Ashwin,31*,33,24,5,0,129.16,1,,v Sri Lanka,Pune,9 Feb 2016,
T20,KD Karthik,31*,-,34,3,1,91.17,2,,v West Indies,Eden Gardens,4 Nov 2018,
T20,MK Pandey,31*,-,18,4,0,172.22,1,,v Sri Lanka,Pune,10 Jan 2020,
T20,HH Pandya,31*,20,12,2,3,258.33,1,,v South Africa,Delhi,9 Jun 2022,
T20,HH Pandya,31*,34,21,4,0,147.61,1,,v South Africa,Visakhapatnam,14 Jun 2022,
T20,AR Patel,31*,25,20,3,1,155.0,1,,v Sri Lanka,Wankhede,3 Jan 2023,
T20,RK Singh,31*,14,9,4,2,344.44,1,,v Australia,Thiruvananthapuram,26 Nov 2023,
T20,NT Tilak Varma,31*,46,24,4,0,129.16,1,,v Australia,Guwahati,28 Nov 2023,
T20,S Dube,31*,51,35,1,1,88.57,2,,v U.S.A.,New York,12 Jun 2024,
T20,YK Pathan,31,27,23,3,1,134.78,1,,v West Indies,Lord's,12 Jun 2009,
T20,R Dravid,31,23,21,0,3,147.61,1,,v England,Manchester,31 Aug 2011,
T20,V Kohli,31,29,24,3,0,129.16,2,,v Australia,Melbourne,3 Feb 2012,
T20,IK Pathan,31,48,30,2,1,103.33,1,,v Australia,Colombo (RPS),28 Sep 2012,
T20,RG Sharma,31,21,20,4,1,155.0,1,,v Australia,Adelaide,26 Jan 2016,
T20,HH Pandya,31,25,18,4,1,172.22,1,,v Bangladesh,Mirpur,24 Feb 2016,
T20,Mandeep Singh,31,-,27,5,0,114.81,2,,v Zimbabwe,Harare,18 Jun 2016,
T20,SK Raina,31,44,24,5,0,129.16,1,,v South Africa,Centurion,21 Feb 2018,
T20,S Dhawan,31,-,27,4,0,114.81,2,,v Bangladesh,Rajkot,7 Nov 2019,
T20,RG Sharma,31,26,20,3,2,155.0,1,,v England,Birmingham,9 Jul 2022,
T20,HH Pandya,31,44,31,1,2,100.0,1,,v West Indies,Basseterre,1 Aug 2022,
T20,DL Chahar,31,26,17,2,3,182.35,2,,v South Africa,Indore,4 Oct 2022,
T20,AR Patel,31,22,21,2,1,147.61,1,,v Australia,Bengaluru,3 Dec 2023,
T20,JM Sharma,31,21,20,5,0,155.0,2,,v Afghanistan,Mohali,11 Jan 2024,
T20,SA Yadav,31,29,16,3,2,193.75,1,,v Australia,Gros Islet,24 Jun 2024,
T20,Shubman Gill,31,53,29,5,0,106.89,2,,v Zimbabwe,Harare,6 Jul 2024,
T20,Abhishek Sharma,31,17,13,4,2,238.46,2,,v Pakistan,Dubai (DICS),14 Sep 2025,
T20,NT Tilak Varma,31,36,31,2,1,100.0,2,,v Pakistan,Dubai (DICS),14 Sep 2025,
T20,NT Tilak Varma,31,43,27,3,1,114.81,1,,v Netherlands,Ahmedabad,18 Feb 2026,
T20,RG Sharma,30*,22,16,2,1,187.5,1,,v Pakistan,Johannesburg,24 Sep 2007,
T20,MS Dhoni,30*,33,20,3,0,150.0,2,,v England,Lord's,14 Jun 2009,
T20,V Kohli,30*,-,17,1,2,176.47,2,,v Sri Lanka,Indore,7 Jan 2020,
T20,KD Karthik,30*,30,21,2,2,142.85,1,,v South Africa,Cuttack,12 Jun 2022,
T20,SV Samson,30*,45,23,2,1,130.43,1,,v West Indies,Lauderhill,6 Aug 2022,
T20,HH Pandya,30*,29,18,3,1,166.66,2,,v New Zealand,Napier,22 Nov 2022,
T20,NT Tilak Varma,30*,43,19,2,2,157.89,2,,v Pakistan,Dubai (DICS),21 Sep 2025,
T20,S Dhawan,30,35,28,5,0,107.14,2,,v Pakistan,Mirpur,21 Mar 2014,
T20,SK Raina,30,-,19,5,0,157.89,1,,v Sri Lanka,Ranchi,12 Feb 2016,
T20,MS Dhoni,30,-,30,1,1,100.0,2,,v New Zealand,Nagpur,15 Mar 2016,
T20,SK Raina,30,40,23,1,2,130.43,1,,v Bangladesh,Bengaluru,23 Mar 2016,
T20,MK Pandey,30,38,26,0,1,115.38,1,,v England,Nagpur,29 Jan 2017,
T20,SS Iyer,30,50,32,1,1,93.75,2,,v Sri Lanka,Wankhede,24 Dec 2017,
T20,KD Karthik,30,-,13,4,1,230.76,2,,v Australia,Brisbane,21 Nov 2018,
T20,S Dhawan,30,51,31,2,0,96.77,2,,v New Zealand,Auckland,8 Feb 2019,
T20,KL Rahul,30,-,22,2,1,136.36,2,,v Australia,Sydney,6 Dec 2020,
T20,RR Pant,30,48,23,4,0,130.43,1,,v England,Ahmedabad,18 Mar 2021,
T20,RG Sharma,30,29,16,5,1,187.5,2,,v Scotland,Dubai (DICS),5 Nov 2021,
T20,SA Yadav,30,18,16,4,0,187.5,1,,v Bangladesh,Adelaide,2 Nov 2022,
T20,HH Pandya,30,35,17,4,1,176.47,1,,v New Zealand,Ahmedabad,1 Feb 2023,
T20,YBK Jaiswal,30,28,15,3,2,200.0,2,,v Sri Lanka,Pallekele,28 Jul 2024,
T20,RK Singh,30,40,26,4,1,115.38,1,,v England,Pune,31 Jan 2025,
T20,S Dube,30,15,13,3,2,230.76,1,,v England,Wankhede,2 Feb 2025,
T20,Abhishek Sharma,30,18,16,2,3,187.5,2,,v U.A.E.,Dubai (DICS),10 Sep 2025,
T20,Abhishek Sharma,30,24,16,4,2,187.5,1,,v New Zealand,Thiruvananthapuram,31 Jan 2026,
T20,HH Pandya,30,36,21,0,3,142.85,1,,v Netherlands,Ahmedabad,18 Feb 2026,
T20,MK Pandey,29*,51,27,0,1,107.4,1,,v South Africa,Johannesburg,18 Feb 2018,
T20,KD Karthik,29*,-,8,2,3,362.5,2,,v Bangladesh,Colombo (RPS),18 Mar 2018,
T20,MS Dhoni,29*,48,37,0,1,78.37,1,,v Australia,Visakhapatnam,24 Feb 2019,
T20,Shubman Gill,29*,21,16,6,0,181.25,1,,v Australia,Brisbane,8 Nov 2025,
T20,RG Sharma,29,39,28,3,0,103.57,2,,v South Africa,Nottingham,16 Jun 2009,
T20,MS Dhoni,29,30,18,2,2,161.11,2,,v West Indies,Bridgetown,9 May 2010,
T20,V Sehwag,29,38,24,4,0,120.83,2,,v Pakistan,Colombo (RPS),30 Sep 2012,
T20,V Kohli,29,26,22,2,1,131.81,2,,v Australia,Rajkot,10 Oct 2013,
T20,RG Sharma,29,41,26,3,0,111.53,1,,v Sri Lanka,Mirpur,6 Apr 2014,
T20,V Kohli,29,34,26,4,0,111.53,1,,v England,Kanpur,26 Jan 2017,
T20,S Dhawan,29,26,18,2,3,161.11,2,,v New Zealand,Wellington,6 Feb 2019,
T20,D Padikkal,29,32,23,1,1,126.08,1,,v Sri Lanka,Colombo (RPS),28 Jul 2021,
T20,Ishan Kishan,29,35,21,6,0,138.09,1,,v New Zealand,Eden Gardens,21 Nov 2021,
T20,RR Pant,29,31,16,2,2,181.25,1,,v South Africa,Delhi,9 Jun 2022,
T20,HH Pandya,29,35,27,4,0,107.4,1,,v Sri Lanka,Wankhede,3 Jan 2023,
T20,NT Tilak Varma,29,28,20,4,1,145.0,1,,v South Africa,Gqeberha,12 Dec 2023,
T20,V Kohli,29,20,16,5,0,181.25,2,,v Afghanistan,Indore,14 Jan 2024,
T20,SV Samson,29,38,19,6,0,152.63,2,,v Bangladesh,Gwalior,6 Oct 2024,
T20,SA Yadav,29,18,14,2,3,207.14,2,,v Bangladesh,Gwalior,6 Oct 2024,
T20,Abhishek Sharma,29,37,19,4,1,152.63,1,,v England,Pune,31 Jan 2025,
T20,NT Tilak Varma,29,25,18,1,2,161.11,1,,v Oman,Abu Dhabi,19 Sep 2025,
T20,Shubman Gill,29,31,19,2,1,152.63,1,,v Bangladesh,Dubai (DICS),24 Sep 2025,
T20,NT Tilak Varma,29,42,26,1,1,111.53,2,,v Australia,Hobart,2 Nov 2025,
T20,MS Dhoni,28*,57,30,2,0,93.33,1,,v New Zealand,Wellington,27 Feb 2009,
T20,SK Raina,28,28,17,3,1,164.7,2,,v Zimbabwe,Harare,12 Jun 2010,
T20,V Kohli,28,28,19,5,0,147.36,1,,v South Africa,Durban,9 Jan 2011,
T20,AM Rahane,28,31,26,4,0,107.69,1,,v Pakistan,Ahmedabad,28 Dec 2012,
T20,MS Dhoni,28,41,21,2,2,133.33,1,,v Sri Lanka,Indore,22 Dec 2017,
T20,SK Raina,28,-,27,1,1,103.7,2,,v Bangladesh,Colombo (RPS),8 Mar 2018,
T20,MK Pandey,28,-,27,3,0,103.7,2,,v Bangladesh,Colombo (RPS),18 Mar 2018,
T20,RR Pant,28,17,12,1,3,233.33,2,,v New Zealand,Hamilton,10 Feb 2019,
T20,V Kohli,28,-,23,1,1,121.73,1,,v West Indies,Lauderhill,4 Aug 2019,
T20,S Dhawan,28,-,21,3,0,133.33,2,,v Australia,Sydney,8 Dec 2020,
T20,SS Iyer,28,54,23,0,2,121.73,2,,v England,Nottingham,10 Jul 2022,
T20,HH Pandya,28,40,16,2,2,175.0,1,,v West Indies,Lauderhill,7 Aug 2022,
T20,KL Rahul,28,34,20,1,2,140.0,1,,v Pakistan,Dubai (DICS),4 Sep 2022,
T20,RG Sharma,28,27,16,3,2,175.0,1,,v Pakistan,Dubai (DICS),4 Sep 2022,
T20,S Dube,28,33,22,2,1,127.27,1,,v Australia,Gros Islet,24 Jun 2024,
T20,Abhishek Sharma,28,32,21,3,1,133.33,1,,v Australia,Carrara,6 Nov 2025,
T20,Shubman Gill,28,56,28,5,0,100.0,2,,v South Africa,Dharamsala,14 Dec 2025,
T20,Ishan Kishan,28,18,13,3,2,215.38,2,,v New Zealand,Guwahati,25 Jan 2026,
T20,MS Dhoni,27*,35,18,2,1,150.0,2,,v England,Birmingham,7 Sep 2014,
T20,MK Pandey,27*,-,19,3,0,142.1,2,,v Bangladesh,Colombo (RPS),8 Mar 2018,
T20,RR Pant,27*,29,13,1,3,207.69,1,,v Afghanistan,Abu Dhabi,3 Nov 2021,
T20,HH Pandya,27*,24,17,1,2,158.82,1,,v Australia,Gros Islet,24 Jun 2024,
T20,SK Raina,27,31,22,2,1,122.72,2,,v New Zealand,Chennai,11 Sep 2012,
T20,V Kohli,27,31,22,3,0,122.72,1,,v Pakistan,Ahmedabad,28 Dec 2012,
T20,HH Pandya,27,-,12,1,2,225.0,1,,v Sri Lanka,Ranchi,12 Feb 2016,
T20,Yuvraj Singh,27,23,10,1,3,270.0,1,,v England,Bengaluru,1 Feb 2017,
T20,KM Jadhav,27,47,27,3,1,100.0,1,,v Australia,Guwahati,10 Oct 2017,
T20,RG Sharma,27,31,20,4,1,135.0,2,,v Sri Lanka,Wankhede,24 Dec 2017,
T20,SK Raina,27,-,15,2,2,180.0,2,,v Sri Lanka,Colombo (RPS),12 Mar 2018,
T20,SK Raina,27,-,20,2,1,135.0,1,,v England,Cardiff,6 Jul 2018,
T20,V Shankar,27,31,18,2,2,150.0,2,,v New Zealand,Wellington,6 Feb 2019,
T20,RR Pant,27,-,26,3,0,103.84,1,,v Bangladesh,Delhi,3 Nov 2019,
T20,KL Rahul,27,40,19,2,1,142.1,1,,v New Zealand,Hamilton,29 Jan 2020,
T20,SV Samson,27,-,20,2,1,135.0,1,,v Sri Lanka,Colombo (RPS),25 Jul 2021,
T20,Ishan Kishan,27,34,26,3,1,103.84,1,,v South Africa,Rajkot,17 Jun 2022,
T20,RA Jadeja,27,45,30,0,1,90.0,1,,v West Indies,Basseterre,1 Aug 2022,
T20,RR Pant,27,28,14,3,2,192.85,2,,v South Africa,Indore,4 Oct 2022,
T20,RG Sharma,27,37,28,4,0,96.42,1,,v England,Adelaide,10 Nov 2022,
T20,Ishan Kishan,27,44,23,2,2,117.39,1,,v West Indies,Providence,6 Aug 2023,
T20,NT Tilak Varma,27,26,18,3,2,150.0,1,,v West Indies,Lauderhill,13 Aug 2023,
T20,S Dube,27,32,16,3,1,168.75,1,,v South Africa,Bridgetown,29 Jun 2024,
T20,Washington Sundar,27,49,34,1,1,79.41,2,,v Zimbabwe,Harare,6 Jul 2024,
T20,AR Patel,27,29,21,4,0,128.57,1,,v South Africa,Gqeberha,10 Nov 2024,
T20,JM Sharma,27,17,17,2,2,158.82,2,,v South Africa,New Chandigarh,11 Dec 2025,
T20,S Dube,27,24,17,3,1,158.82,1,,v Pakistan,Colombo (RPS),15 Feb 2026,
T20,NT Tilak Varma,27,24,15,4,1,180.0,2,,v West Indies,Eden Gardens,1 Mar 2026,
T20,HH Pandya,27,25,12,3,2,225.0,1,,v England,Wankhede,5 Mar 2026,
T20,V Kohli,26*,30,21,3,1,123.8,2,,v Zimbabwe,Harare,12 Jun 2010,
T20,V Kohli,26*,19,11,0,3,236.36,1,,v New Zealand,Delhi,1 Nov 2017,
T20,KL Rahul,26*,20,14,2,1,185.71,1,,v West Indies,Lucknow,6 Nov 2018,
T20,KH Pandya,26*,25,13,2,2,200.0,2,,v New Zealand,Hamilton,10 Feb 2019,
T20,RA Jadeja,26*,27,19,2,1,136.84,1,,v New Zealand,Dubai (DICS),31 Oct 2021,
T20,SA Yadav,26*,56,31,1,0,83.87,2,,v New Zealand,Lucknow,29 Jan 2023,
T20,NT Tilak Varma,26*,50,34,3,0,76.47,2,,v South Africa,Dharamsala,14 Dec 2025,
T20,S Dube,26*,9,8,3,2,325.0,1,,v New Zealand,Ahmedabad,8 Mar 2026,
T20,IK Pathan,26,41,30,0,0,86.66,1,,v Australia,Melbourne,1 Feb 2008,
T20,V Sehwag,26,14,10,0,4,260.0,1,,v New Zealand,Christchurch,25 Feb 2009,
T20,MS Dhoni,26,26,21,0,1,123.8,1,,v Bangladesh,Nottingham,6 Jun 2009,
T20,G Gambhir,26,50,26,4,0,100.0,2,,v England,Lord's,14 Jun 2009,
T20,V Sehwag,26,-,14,3,1,185.71,2,,v Sri Lanka,Nagpur,9 Dec 2009,
T20,PA Patel,26,36,20,2,1,130.0,1,,v West Indies,Port of Spain,4 Jun 2011,
T20,RG Sharma,26,33,23,0,2,113.04,1,,v West Indies,Port of Spain,4 Jun 2011,
T20,SK Raina,26,40,19,4,0,136.84,1,,v Australia,Colombo (RPS),28 Sep 2012,
T20,SK Raina,26,36,19,1,1,136.84,2,,v England,Pune,20 Dec 2012,
T20,S Dhawan,26,18,9,4,1,288.88,2,,v Australia,Sydney,31 Jan 2016,
T20,V Kohli,26,26,20,2,1,130.0,1,,v South Africa,Johannesburg,18 Feb 2018,
T20,V Kohli,26,-,17,2,1,152.94,1,,v Sri Lanka,Pune,10 Jan 2020,
T20,RR Pant,26,17,13,2,2,200.0,2,,v England,Ahmedabad,14 Mar 2021,
T20,Ishan Kishan,26,11,11,3,2,236.36,2,,v Ireland,Dublin (Malahide),26 Jun 2022,
T20,RR Pant,26,35,15,4,1,173.33,1,,v England,Birmingham,9 Jul 2022,
T20,V Kohli,26,36,25,2,0,104.0,1,,v Zimbabwe,Melbourne,6 Nov 2022,
T20,Shivam Mavi,26,24,15,2,2,173.33,2,,v Sri Lanka,Pune,5 Jan 2023,
T20,NT Tilak Varma,26,34,22,2,1,118.18,2,,v Afghanistan,Mohali,11 Jan 2024,
T20,S Dube,26,25,12,2,2,216.66,1,,v Zimbabwe,Harare,14 Jul 2024,
T20,SA Yadav,26,15,12,4,1,216.66,2,,v Sri Lanka,Pallekele,28 Jul 2024,
T20,R Parag,26,29,18,1,2,144.44,1,,v Sri Lanka,Pallekele,30 Jul 2024,
T20,SV Samson,26,23,20,4,1,130.0,2,,v England,Eden Gardens,22 Jan 2025,
T20,Washington Sundar,26,21,19,3,1,136.84,2,,v England,Chennai,25 Jan 2025,
T20,AR Patel,26,17,13,3,1,200.0,1,,v Oman,Abu Dhabi,19 Sep 2025,
T20,NT Tilak Varma,26,41,32,2,1,81.25,1,,v South Africa,Cuttack,9 Dec 2025,
T20,Yuvraj Singh,25*,19,14,4,1,178.57,2,,v U.A.E.,Mirpur,3 Mar 2016,
T20,SA Yadav,25*,27,19,4,0,131.57,2,,v Namibia,Dubai (DICS),8 Nov 2021,
T20,HH Pandya,25*,34,16,2,1,156.25,2,,v Australia,Hyderabad,25 Sep 2022,
T20,S Dube,25*,-,19,2,1,131.57,1,,v Nepal,Hangzhou,3 Oct 2023,
T20,RA Jadeja,25,41,35,1,0,71.42,2,,v England,Lord's,14 Jun 2009,
T20,Yuvraj Singh,25,47,25,1,1,100.0,2,,v South Africa,Nottingham,16 Jun 2009,
T20,RG Sharma,25,48,27,2,0,92.59,1,,v South Africa,Colombo (RPS),2 Oct 2012,
T20,SK Raina,25,32,20,1,1,125.0,2,,v England,Birmingham,7 Sep 2014,
T20,AM Rahane,25,-,21,3,0,119.04,1,,v Sri Lanka,Ranchi,12 Feb 2016,
T20,SK Raina,25,35,26,2,0,96.15,2,,v Sri Lanka,Mirpur,1 Mar 2016,
T20,HH Pandya,25,39,23,0,1,108.69,1,,v Australia,Guwahati,10 Oct 2017,
T20,RR Pant,25,28,20,3,0,125.0,1,,v England,Ahmedabad,16 Mar 2021,
T20,SS Iyer,25,38,20,2,0,125.0,1,,v New Zealand,Eden Gardens,21 Nov 2021,
T20,SS Iyer,25,26,16,4,0,156.25,1,,v West Indies,Eden Gardens,20 Feb 2022,
T20,RD Gaikwad,25,-,23,4,0,108.69,1,,v Nepal,Hangzhou,3 Oct 2023,
T20,Washington Sundar,25,17,18,2,1,138.88,1,,v Sri Lanka,Pallekele,30 Jul 2024,
T20,Abhishek Sharma,25,17,16,2,2,156.25,2,,v Australia,Hobart,2 Nov 2025,
T20,HH Pandya,25,27,16,3,1,156.25,1,,v New Zealand,Nagpur,21 Jan 2026,
T20,NT Tilak Varma,25,25,16,3,1,156.25,1,,v U.S.A.,Wankhede,7 Feb 2026,
T20,NT Tilak Varma,25,46,21,3,0,119.04,1,,v Namibia,Delhi,12 Feb 2026,
T20,NT Tilak Varma,25,68,24,2,1,104.16,1,,v Pakistan,Colombo (RPS),15 Feb 2026,
T20,MS Dhoni,24*,29,21,2,0,114.28,2,,v England,Pune,20 Dec 2012,
T20,MS Dhoni,24*,44,21,2,0,114.28,2,,v Australia,Rajkot,10 Oct 2013,
T20,SS Iyer,24*,-,13,3,1,184.61,2,,v Bangladesh,Rajkot,7 Nov 2019,
T20,VR Iyer,24*,22,13,2,1,184.61,2,,v West Indies,Eden Gardens,16 Feb 2022,
T20,MS Dhoni,24,31,20,2,0,120.0,2,,v New Zealand,Johannesburg,16 Sep 2007,
T20,G Gambhir,24,37,25,4,0,96.0,1,,v Australia,Durban,22 Sep 2007,
T20,V Sehwag,24,15,11,5,0,218.18,1,,v New Zealand,Wellington,27 Feb 2009,
T20,RG Sharma,24,28,19,1,1,126.31,1,,v England,Wankhede,22 Dec 2012,
T20,RG Sharma,24,41,21,1,2,114.28,2,,v Pakistan,Mirpur,21 Mar 2014,
T20,MS Dhoni,24,36,20,1,1,120.0,1,,v Australia,Mirpur,30 Mar 2014,
T20,RG Sharma,24,17,13,4,1,184.61,2,,v South Africa,Mirpur,4 Apr 2014,
T20,STR Binny,24,-,23,2,0,104.34,2,,v Zimbabwe,Harare,19 Jul 2015,
T20,Yuvraj Singh,24,35,23,1,1,104.34,2,,v Pakistan,Eden Gardens,19 Mar 2016,
T20,V Kohli,24,37,24,0,1,100.0,1,,v Bangladesh,Bengaluru,23 Mar 2016,
T20,KL Rahul,24,-,18,3,0,133.33,2,,v Sri Lanka,Colombo (RPS),6 Sep 2017,
T20,SS Iyer,24,36,20,3,0,120.0,1,,v Sri Lanka,Cuttack,20 Dec 2017,
T20,S Dhawan,24,21,14,3,2,171.42,1,,v South Africa,Centurion,21 Feb 2018,
T20,KL Rahul,24,-,14,2,1,171.42,2,,v Bangladesh,Colombo (RPS),18 Mar 2018,
T20,V Kohli,24,25,17,3,0,141.17,1,,v Australia,Visakhapatnam,24 Feb 2019,
T20,RG Sharma,24,-,25,2,2,96.0,2,,v West Indies,Lauderhill,3 Aug 2019,
T20,HH Pandya,24,26,12,1,3,200.0,2,,v Ireland,Dublin (Malahide),26 Jun 2022,
T20,RG Sharma,24,14,14,5,0,171.42,1,,v England,Southampton,7 Jul 2022,
T20,SA Yadav,24,23,16,3,1,150.0,1,,v West Indies,Tarouba,29 Jul 2022,
T20,RR Pant,24,25,12,1,2,200.0,1,,v West Indies,Basseterre,1 Aug 2022,
T20,SS Iyer,24,50,27,2,0,88.88,2,,v West Indies,Basseterre,2 Aug 2022,
T20,SA Yadav,24,30,14,1,2,171.42,1,,v West Indies,Lauderhill,6 Aug 2022,
T20,SA Yadav,24,21,13,1,2,184.61,1,,v New Zealand,Ahmedabad,1 Feb 2023,
T20,HH Pandya,24,32,18,0,2,133.33,1,,v West Indies,Providence,6 Aug 2023,
T20,YBK Jaiswal,24,30,23,3,1,104.34,2,,v Ireland,Dublin (Malahide),18 Aug 2023,
T20,JM Sharma,24,15,16,3,1,150.0,1,,v Australia,Bengaluru,3 Dec 2023,
T20,V Kohli,24,41,24,0,1,100.0,1,,v Afghanistan,Bridgetown,20 Jun 2024,
T20,Abhishek Sharma,24,18,14,5,0,171.42,2,,v England,Rajkot,28 Jan 2025,
T20,NT Tilak Varma,24,31,15,3,1,160.0,1,,v England,Wankhede,2 Feb 2025,
T20,SV Samson,24,35,21,2,1,114.28,2,,v Pakistan,Dubai (DICS),28 Sep 2025,
T20,SA Yadav,24,24,11,1,2,218.18,2,,v Australia,Hobart,2 Nov 2025,
T20,SV Samson,24,32,15,3,1,160.0,2,,v New Zealand,Visakhapatnam,28 Jan 2026,
T20,SV Samson,24,21,15,1,2,160.0,1,,v Zimbabwe,Chennai,26 Feb 2026,
T20,Yuvraj Singh,23*,34,22,0,1,104.54,2,,v Afghanistan,Gros Islet,1 May 2010,
T20,MS Dhoni,23*,43,19,0,1,121.05,1,,v Sri Lanka,Gros Islet,11 May 2010,
T20,MS Dhoni,23*,20,13,3,0,176.92,1,,v South Africa,Colombo (RPS),2 Oct 2012,
T20,Kuldeep Yadav,23*,47,28,0,0,82.14,1,,v Sri Lanka,Colombo (RPS),29 Jul 2021,
T20,Abhishek Sharma,23*,21,13,1,1,176.92,1,,v Australia,Brisbane,8 Nov 2025,
T20,V Sehwag,23,32,16,2,1,143.75,2,,v Australia,Melbourne,3 Feb 2012,
T20,V Kohli,23,23,22,2,1,104.54,1,,v Australia,Mirpur,30 Mar 2014,
T20,V Kohli,23,-,27,2,0,85.18,2,,v New Zealand,Nagpur,15 Mar 2016,
T20,S Dhawan,23,33,22,2,1,104.54,1,,v Bangladesh,Bengaluru,23 Mar 2016,
T20,S Dhawan,23,-,12,5,0,191.66,1,,v West Indies,Kingston,9 Jul 2017,
T20,SS Iyer,23,29,21,4,0,109.52,2,,v New Zealand,Rajkot,4 Nov 2017,
T20,RR Pant,23,-,23,1,1,100.0,1,,v Sri Lanka,Colombo (RPS),6 Mar 2018,
T20,RG Sharma,23,-,16,1,2,143.75,2,,v Australia,Sydney,25 Nov 2018,
T20,S Dhawan,23,-,16,3,0,143.75,1,,v West Indies,Lauderhill,4 Aug 2019,
T20,SV Samson,23,-,15,1,1,153.33,1,,v Australia,Canberra,4 Dec 2020,
T20,HH Pandya,23,39,24,1,0,95.83,1,,v New Zealand,Dubai (DICS),31 Oct 2021,
T20,RD Gaikwad,23,28,15,0,3,153.33,1,,v South Africa,Delhi,9 Jun 2022,
T20,Shubman Gill,23,16,12,5,0,191.66,2,,v Afghanistan,Mohali,11 Jan 2024,
T20,RG Sharma,23,14,11,3,1,209.09,1,,v Bangladesh,North Sound,22 Jun 2024,
T20,HH Pandya,23,17,13,1,2,176.92,1,,v England,Providence,27 Jun 2024,
T20,AR Patel,23,33,21,0,1,109.52,1,,v South Africa,Cuttack,9 Dec 2025,
T20,S Dube,23,35,16,1,1,143.75,1,,v Namibia,Delhi,12 Feb 2026,
T20,YK Pathan,22*,26,10,1,2,220.0,2,,v Sri Lanka,Colombo (RPS),10 Feb 2009,
T20,MS Dhoni,22*,31,23,2,0,95.65,2,,v New Zealand,Chennai,11 Sep 2012,
T20,MS Dhoni,22*,16,12,1,2,183.33,2,,v Bangladesh,Mirpur,28 Mar 2014,
T20,AM Rahane,22*,-,24,1,0,91.66,2,,v Sri Lanka,Visakhapatnam,14 Feb 2016,
T20,V Kohli,22*,19,14,3,0,157.14,2,,v Australia,Ranchi,7 Oct 2017,
T20,KD Karthik,22*,-,18,1,1,122.22,2,,v Australia,Sydney,25 Nov 2018,
T20,MK Pandey,22*,-,13,3,0,169.23,1,,v Bangladesh,Nagpur,10 Nov 2019,
T20,SN Thakur,22*,-,8,1,2,275.0,1,,v Sri Lanka,Pune,10 Jan 2020,
T20,RA Jadeja,22*,24,15,3,0,146.66,2,,v Sri Lanka,Dharamsala,27 Feb 2022,
T20,S Dube,22*,27,16,0,2,137.5,1,,v Ireland,Dublin (Malahide),20 Aug 2023,
T20,RK Singh,22*,35,14,4,0,157.14,2,,v Australia,Visakhapatnam,23 Nov 2023,
T20,HH Pandya,22*,10,9,3,1,244.44,2,,v Sri Lanka,Pallekele,28 Jul 2024,
T20,JM Sharma,22*,20,13,3,0,169.23,2,,v Australia,Hobart,2 Nov 2025,
T20,A Nehra,22,-,13,1,2,169.23,2,,v Sri Lanka,Nagpur,9 Dec 2009,
T20,V Kohli,22,30,21,0,1,104.76,2,,v Australia,Sydney,1 Feb 2012,
T20,RG Sharma,22,40,24,2,0,91.66,1,,v South Africa,Cuttack,5 Oct 2015,
T20,SK Raina,22,46,24,3,0,91.66,1,,v South Africa,Cuttack,5 Oct 2015,
T20,KL Rahul,22,21,20,3,1,110.0,1,,v Zimbabwe,Harare,22 Jun 2016,
T20,KL Rahul,22,39,18,2,1,122.22,1,,v England,Bengaluru,1 Feb 2017,
T20,SS Iyer,22,-,13,1,2,169.23,1,,v Bangladesh,Delhi,3 Nov 2019,
T20,R Parag,22,40,24,0,1,91.66,1,,v Zimbabwe,Harare,14 Jul 2024,
T20,S Dube,22,23,18,1,1,122.22,1,,v Australia,Carrara,6 Nov 2025,
T20,SV Samson,22,10,8,1,3,275.0,1,,v Namibia,Delhi,12 Feb 2026,
T20,MS Dhoni,21*,26,18,2,0,116.66,2,,v Australia,Melbourne,3 Feb 2012,
T20,MK Pandey,21*,-,20,1,0,105.0,1,,v Ireland,Dublin (Malahide),29 Jun 2018,
T20,KH Pandya,21*,-,9,3,0,233.33,2,,v West Indies,Eden Gardens,4 Nov 2018,
T20,DL Chahar,21*,8,8,2,1,262.5,1,,v New Zealand,Eden Gardens,21 Nov 2021,
T20,AR Patel,21*,15,9,4,0,233.33,1,,v Sri Lanka,Rajkot,7 Jan 2023,
T20,AR Patel,21*,22,15,1,1,140.0,1,,v Sri Lanka,Dubai (DICS),26 Sep 2025,
T20,AR Patel,21*,19,11,1,1,190.9,1,,v Australia,Carrara,6 Nov 2025,
T20,Harbhajan Singh,21,25,22,2,0,95.45,1,,v New Zealand,Christchurch,25 Feb 2009,
T20,G Gambhir,21,27,19,3,0,110.52,2,,v South Africa,Nottingham,16 Jun 2009,
T20,SK Raina,21,-,13,1,1,161.53,2,,v Sri Lanka,Nagpur,9 Dec 2009,
T20,G Gambhir,21,30,18,1,0,116.66,2,,v Sri Lanka,Mohali,12 Dec 2009,
T20,MS Dhoni,21,44,26,0,1,80.76,1,,v England,Eden Gardens,29 Oct 2011,
T20,AM Rahane,21,46,25,0,1,84.0,1,,v Sri Lanka,Pallekele,7 Aug 2012,
T20,Yuvraj Singh,21,18,15,1,2,140.0,1,,v South Africa,Colombo (RPS),2 Oct 2012,
T20,V Kohli,21,35,17,2,0,123.52,2,,v England,Pune,20 Dec 2012,
T20,G Gambhir,21,22,11,4,0,190.9,1,,v Pakistan,Ahmedabad,28 Dec 2012,
T20,SK Raina,21,15,10,3,1,210.0,2,,v South Africa,Mirpur,4 Apr 2014,
T20,Yuvraj Singh,21,31,18,1,1,116.66,2,,v Australia,Mohali,27 Mar 2016,
T20,V Kohli,21,17,15,2,1,140.0,1,,v England,Nagpur,29 Jan 2017,
T20,RG Sharma,21,8,9,2,2,233.33,1,,v South Africa,Johannesburg,18 Feb 2018,
T20,HH Pandya,21,33,17,0,1,123.52,1,,v South Africa,Cape Town,24 Feb 2018,
T20,HH Pandya,21,13,11,1,2,190.9,2,,v New Zealand,Hamilton,10 Feb 2019,
T20,RR Pant,21,34,23,2,1,91.3,1,,v England,Ahmedabad,12 Mar 2021,
T20,RD Gaikwad,21,35,18,1,0,116.66,1,,v Sri Lanka,Colombo (RPS),28 Jul 2021,
T20,DJ Hooda,21,20,16,1,1,131.25,2,,v Sri Lanka,Dharamsala,27 Feb 2022,
T20,DJ Hooda,21,38,19,2,0,110.52,1,,v West Indies,Lauderhill,6 Aug 2022,
T20,RG Sharma,21,28,13,2,1,161.53,1,,v Hong Kong,Dubai (DICS),31 Aug 2022,
T20,HH Pandya,21,46,20,1,1,105.0,2,,v New Zealand,Ranchi,27 Jan 2023,
T20,SA Yadav,21,37,21,2,1,100.0,2,,v West Indies,Tarouba,3 Aug 2023,
T20,YBK Jaiswal,21,12,8,2,2,262.5,2,,v Australia,Visakhapatnam,23 Nov 2023,
T20,YBK Jaiswal,21,17,15,1,2,140.0,1,,v Australia,Bengaluru,3 Dec 2023,
T20,SA Yadav,21,29,17,2,1,123.52,1,,v South Africa,Durban,8 Nov 2024,
T20,AR Patel,21,34,21,1,1,100.0,2,,v South Africa,New Chandigarh,11 Dec 2025,
T20,NT Tilak Varma,21,10,7,0,3,300.0,1,,v England,Wankhede,5 Mar 2026,
T20,MS Dhoni,20*,22,12,2,1,166.66,1,,v South Africa,Dharamsala,2 Oct 2015,
T20,MS Dhoni,20*,7,6,1,2,333.33,2,,v Bangladesh,Mirpur,6 Mar 2016,
T20,AR Patel,20*,20,11,0,1,181.81,1,,v Zimbabwe,Harare,22 Jun 2016,
T20,V Kohli,20*,-,22,0,1,90.9,2,,v England,Manchester,3 Jul 2018,
T20,MS Dhoni,20*,23,17,1,0,117.64,2,,v New Zealand,Auckland,8 Feb 2019,
T20,KH Pandya,20*,-,13,0,2,153.84,1,,v West Indies,Lauderhill,4 Aug 2019,
T20,Ishan Kishan,20*,-,14,1,1,142.85,1,,v Sri Lanka,Colombo (RPS),25 Jul 2021,
T20,AR Patel,20*,11,8,1,2,250.0,1,,v West Indies,Lauderhill,6 Aug 2022,
T20,RR Pant,20*,34,16,3,0,125.0,1,,v Afghanistan,Dubai (DICS),8 Sep 2022,
T20,UT Yadav,20*,30,17,2,0,117.64,2,,v South Africa,Indore,4 Oct 2022,
T20,HH Pandya,20*,26,15,1,1,133.33,2,,v West Indies,Providence,8 Aug 2023,
T20,Shubman Gill,20*,22,9,2,1,222.22,2,,v U.A.E.,Dubai (DICS),10 Sep 2025,
T20,IK Pathan,20,11,15,0,2,133.33,1,,v Pakistan,Durban,14 Sep 2007,
T20,YK Pathan,20,7,8,0,3,250.0,1,,v New Zealand,Christchurch,25 Feb 2009,
T20,G Gambhir,20,27,14,3,0,142.85,2,,v Australia,Sydney,1 Feb 2012,
T20,SK Raina,20,33,20,1,1,100.0,1,,v Sri Lanka,Pune,9 Feb 2016,
T20,AT Rayudu,20,47,26,1,0,76.92,1,,v Zimbabwe,Harare,22 Jun 2016,
T20,RR Pant,20,-,16,1,1,125.0,2,,v Australia,Brisbane,21 Nov 2018,
T20,KH Pandya,20,24,18,1,1,111.11,2,,v New Zealand,Wellington,6 Feb 2019,
T20,KL Rahul,20,-,18,2,1,111.11,2,,v West Indies,Providence,6 Aug 2019,
T20,SN Thakur,20,22,15,2,0,133.33,1,,v New Zealand,Wellington,31 Jan 2020,
T20,HH Pandya,20,-,13,1,2,153.84,2,,v Australia,Sydney,8 Dec 2020,
T20,VR Iyer,20,24,15,1,1,133.33,1,,v New Zealand,Eden Gardens,21 Nov 2021,
T20,AR Patel,20,26,18,2,1,111.11,1,,v Pakistan,New York,9 Jun 2024,
T20,RR Pant,20,20,11,4,0,181.81,1,,v Afghanistan,Bridgetown,20 Jun 2024,
T20,NT Tilak Varma,20,29,20,1,1,100.0,1,,v South Africa,Gqeberha,10 Nov 2024,
T20,SA Yadav,20,21,10,0,2,200.0,1,,v Australia,Carrara,6 Nov 2025,
T20,HH Pandya,20,31,23,0,1,86.95,2,,v South Africa,New Chandigarh,11 Dec 2025,
T20,Ishan Kishan,20,27,16,1,2,125.0,1,,v U.S.A.,Wankhede,7 Feb 2026,
T20,S Sreesanth,19*,11,10,4,0,190.0,2,,v New Zealand,Johannesburg,16 Sep 2007,
T20,Yuvraj Singh,19*,24,16,2,0,118.75,2,,v Pakistan,Colombo (RPS),30 Sep 2012,
T20,MS Dhoni,19*,-,17,1,0,111.76,2,,v Zimbabwe,Harare,18 Jun 2016,
T20,RD Gaikwad,19*,35,16,1,1,118.75,2,,v Ireland,Dublin (Malahide),18 Aug 2023,
T20,NT Tilak Varma,19*,37,16,3,0,118.75,2,,v England,Eden Gardens,22 Jan 2025,
T20,G Gambhir,19,19,19,3,0,100.0,1,,v South Africa,Durban,20 Sep 2007,
T20,RA Jadeja,19,14,16,1,1,118.75,1,,v New Zealand,Wellington,27 Feb 2009,
T20,AB Dinda,19,-,20,1,0,95.0,2,,v Sri Lanka,Nagpur,9 Dec 2009,
T20,AM Rahane,19,25,13,0,2,146.15,2,,v England,Pune,20 Dec 2012,
T20,SK Raina,19,17,13,2,1,146.15,2,,v Australia,Rajkot,10 Oct 2013,
T20,AM Rahane,19,34,16,2,0,118.75,1,,v Australia,Mirpur,30 Mar 2014,
T20,MK Pandey,19,23,19,1,1,100.0,1,,v Zimbabwe,Harare,17 Jul 2015,
T20,SV Samson,19,-,24,1,0,79.16,2,,v Zimbabwe,Harare,19 Jul 2015,
T20,AT Rayudu,19,-,16,4,0,118.75,2,,v Zimbabwe,Harare,18 Jun 2016,
T20,KM Jadhav,19,-,13,1,1,146.15,2,,v Zimbabwe,Harare,18 Jun 2016,
T20,KL Rahul,19,-,10,1,2,190.0,2,,v England,Bristol,8 Jul 2018,
T20,MK Pandey,19,-,24,2,0,79.16,2,,v West Indies,Eden Gardens,4 Nov 2018,
T20,V Kohli,19,-,29,1,0,65.51,2,,v West Indies,Lauderhill,3 Aug 2019,
T20,MK Pandey,19,-,14,2,0,135.71,2,,v West Indies,Lauderhill,3 Aug 2019,
T20,RR Pant,19,25,20,1,1,95.0,1,,v South Africa,Bengaluru,22 Sep 2019,
T20,RA Jadeja,19,22,17,1,1,111.76,1,,v South Africa,Bengaluru,22 Sep 2019,
T20,S Dhawan,19,-,16,4,0,118.75,1,,v Bangladesh,Nagpur,10 Nov 2019,
T20,V Kohli,19,-,17,2,0,111.76,1,,v West Indies,Thiruvananthapuram,8 Dec 2019,
T20,HH Pandya,19,37,21,1,1,90.47,1,,v England,Ahmedabad,12 Mar 2021,
T20,RG Sharma,19,39,18,2,1,105.55,1,,v West Indies,Eden Gardens,18 Feb 2022,
T20,Ishan Kishan,19,38,32,2,0,59.37,2,,v New Zealand,Lucknow,29 Jan 2023,
T20,HH Pandya,19,29,19,3,0,100.0,2,,v West Indies,Tarouba,3 Aug 2023,
T20,SA Yadav,19,13,10,0,2,190.0,1,,v Australia,Thiruvananthapuram,26 Nov 2023,
T20,RA Jadeja,19,16,14,1,1,135.71,1,,v South Africa,Gqeberha,12 Dec 2023,
T20,Abhishek Sharma,19,22,14,4,0,135.71,1,,v Australia,Canberra,29 Oct 2025,
T20,RV Uthappa,18*,36,19,1,0,94.73,2,,v South Africa,Johannesburg,30 Mar 2012,
T20,MS Dhoni,18*,21,9,2,1,200.0,1,,v Afghanistan,Colombo (RPS),19 Sep 2012,
T20,MS Dhoni,18*,29,10,3,0,180.0,2,,v Australia,Mohali,27 Mar 2016,
T20,KD Karthik,18*,27,12,0,1,150.0,2,,v Sri Lanka,Wankhede,24 Dec 2017,
T20,SK Raina,18,14,13,1,1,138.46,2,,v Afghanistan,Gros Islet,1 May 2010,
T20,Yuvraj Singh,18,26,20,0,1,90.0,1,,v Afghanistan,Colombo (RPS),19 Sep 2012,
T20,Yuvraj Singh,18,24,17,2,0,105.88,2,,v South Africa,Mirpur,4 Apr 2014,
T20,RG Sharma,18,29,16,1,1,112.5,1,,v Bangladesh,Bengaluru,23 Mar 2016,
T20,AR Patel,18,-,9,1,2,200.0,2,,v Zimbabwe,Harare,18 Jun 2016,
T20,KL Rahul,18,-,17,1,0,105.88,2,,v Sri Lanka,Colombo (RPS),12 Mar 2018,
T20,RR Pant,18,-,9,0,2,200.0,2,,v West Indies,Hyderabad,6 Dec 2019,
T20,KL Rahul,18,29,16,3,0,112.5,1,,v New Zealand,Dubai (DICS),31 Oct 2021,
T20,HV Patel,18,15,11,2,1,163.63,1,,v New Zealand,Eden Gardens,21 Nov 2021,
T20,SV Samson,18,32,12,3,0,150.0,2,,v Sri Lanka,Dharamsala,27 Feb 2022,
T20,SA Yadav,18,31,18,1,0,100.0,2,,v Pakistan,Dubai (DICS),28 Aug 2022,
T20,HH Pandya,18,29,18,2,0,100.0,1,,v Zimbabwe,Melbourne,6 Nov 2022,
T20,YBK Jaiswal,18,15,11,2,1,163.63,1,,v Ireland,Dublin (Malahide),20 Aug 2023,
T20,RR Pant,18,38,20,1,1,90.0,2,,v U.S.A.,New York,12 Jun 2024,
T20,HH Pandya,18,14,16,3,0,112.5,1,,v South Africa,Centurion,13 Nov 2024,
T20,NT Tilak Varma,18,19,14,1,1,128.57,2,,v England,Rajkot,28 Jan 2025,
T20,Ishan Kishan,18,21,7,2,1,257.14,1,,v Netherlands,Ahmedabad,18 Feb 2026,
T20,SA Yadav,18,41,22,2,0,81.81,2,,v South Africa,Ahmedabad,22 Feb 2026,
T20,HH Pandya,18,24,17,0,1,105.88,2,,v South Africa,Ahmedabad,22 Feb 2026,
T20,SA Yadav,18,32,16,1,1,112.5,2,,v West Indies,Eden Gardens,1 Mar 2026,
T20,HH Pandya,18,17,13,1,1,138.46,1,,v New Zealand,Ahmedabad,8 Mar 2026,
T20,R Ashwin,17*,14,11,3,0,154.54,1,,v England,Eden Gardens,29 Oct 2011,
T20,SN Thakur,17*,-,7,0,2,242.85,2,,v Australia,Sydney,8 Dec 2020,
T20,RR Pant,17*,38,17,2,0,100.0,2,,v New Zealand,Jaipur,17 Nov 2021,
T20,KD Karthik,17*,8,7,1,2,242.85,1,,v South Africa,Guwahati,2 Oct 2022,
T20,RA Jadeja,17*,24,9,2,0,188.88,1,,v England,Providence,27 Jun 2024,
T20,KD Karthik,17,18,12,3,0,141.66,2,,v New Zealand,Johannesburg,16 Sep 2007,
T20,Yuvraj Singh,17,14,9,0,2,188.88,2,,v England,Lord's,14 Jun 2009,
T20,YK Pathan,17,12,10,0,2,170.0,2,,v West Indies,Bridgetown,9 May 2010,
T20,G Gambhir,17,12,12,3,0,141.66,1,,v Australia,Colombo (RPS),28 Sep 2012,
T20,V Sehwag,17,25,14,1,1,121.42,1,,v South Africa,Colombo (RPS),2 Oct 2012,
T20,G Gambhir,17,52,27,1,0,62.96,1,,v England,Wankhede,22 Dec 2012,
T20,MK Pandey,17,16,11,1,1,154.54,1,,v New Zealand,Thiruvananthapuram,7 Nov 2017,
T20,RG Sharma,17,21,13,2,0,130.76,1,,v Sri Lanka,Cuttack,20 Dec 2017,
T20,RG Sharma,17,-,13,3,0,130.76,2,,v Bangladesh,Colombo (RPS),8 Mar 2018,
T20,V Shankar,17,-,19,3,0,89.47,2,,v Bangladesh,Colombo (RPS),18 Mar 2018,
T20,KL Rahul,17,-,10,4,0,170.0,2,,v West Indies,Chennai,11 Nov 2018,
T20,SS Iyer,17,20,16,0,1,106.25,1,,v New Zealand,Hamilton,29 Jan 2020,
T20,HH Pandya,17,33,15,0,2,113.33,1,,v England,Ahmedabad,16 Mar 2021,
T20,V Kohli,17,25,13,1,0,130.76,2,,v West Indies,Eden Gardens,16 Feb 2022,
T20,RR Pant,17,48,23,2,0,73.91,1,,v South Africa,Rajkot,17 Jun 2022,
T20,AR Patel,17,24,12,3,0,141.66,1,,v England,Southampton,7 Jul 2022,
T20,HH Pandya,17,25,13,0,1,130.76,1,,v Sri Lanka,Dubai (DICS),6 Sep 2022,
T20,RR Pant,17,24,13,3,0,130.76,1,,v Sri Lanka,Dubai (DICS),6 Sep 2022,
T20,RG Sharma,17,19,14,2,1,121.42,2,,v Australia,Hyderabad,25 Sep 2022,
T20,HV Patel,17,17,12,2,1,141.66,2,,v South Africa,Indore,4 Oct 2022,
T20,AR Patel,17,16,12,1,0,141.66,2,,v Australia,Hobart,2 Nov 2025,
T20,Abhishek Sharma,17,32,12,2,1,141.66,1,,v South Africa,Cuttack,9 Dec 2025,
T20,Abhishek Sharma,17,11,8,0,2,212.5,2,,v South Africa,New Chandigarh,11 Dec 2025,
T20,HH Pandya,17,21,14,2,0,121.42,2,,v West Indies,Eden Gardens,1 Mar 2026,
T20,MS Dhoni,16*,6,6,1,1,266.66,1,,v South Africa,Gros Islet,2 May 2010,
T20,MS Dhoni,16*,13,14,2,0,114.28,1,,v Sri Lanka,Pallekele,7 Aug 2012,
T20,R Ashwin,16*,18,12,1,1,133.33,1,,v Australia,Colombo (RPS),28 Sep 2012,
T20,S Dhawan,16*,46,20,3,0,80.0,2,,v U.A.E.,Mirpur,3 Mar 2016,
T20,MS Dhoni,16*,20,10,2,0,160.0,2,,v Sri Lanka,Wankhede,24 Dec 2017,
T20,SS Iyer,16*,20,14,2,0,114.28,2,,v South Africa,Mohali,18 Sep 2019,
T20,RK Singh,16*,19,9,2,0,177.77,2,,v Afghanistan,Mohali,11 Jan 2024,
T20,K Nitish Kumar Reddy,16*,30,15,0,1,106.66,2,,v Bangladesh,Gwalior,6 Oct 2024,
T20,KD Karthik,16,26,17,2,0,94.11,1,,v South Africa,Gros Islet,2 May 2010,
T20,G Gambhir,16,23,16,3,0,100.0,2,,v England,Pune,20 Dec 2012,
T20,V Kohli,16,8,9,3,0,177.77,2,,v West Indies,Lauderhill,27 Aug 2016,
T20,Kuldeep Yadav,16,39,19,1,0,84.21,1,,v Australia,Guwahati,10 Oct 2017,
T20,MS Dhoni,16,17,11,2,0,145.45,1,,v South Africa,Johannesburg,18 Feb 2018,
T20,KL Rahul,16,-,22,2,0,72.72,2,,v West Indies,Eden Gardens,4 Nov 2018,
T20,HH Pandya,16,-,15,0,1,106.66,1,,v Australia,Canberra,4 Dec 2020,
T20,B Kumar,16,37,32,0,0,50.0,1,,v Sri Lanka,Colombo (RPS),29 Jul 2021,
T20,Ishan Kishan,16,28,15,2,0,106.66,2,,v Sri Lanka,Dharamsala,26 Feb 2022,
T20,RA Jadeja,16,25,13,2,0,123.07,1,,v West Indies,Tarouba,29 Jul 2022,
T20,DJ Hooda,16,23,14,2,0,114.28,1,,v Pakistan,Dubai (DICS),4 Sep 2022,
T20,Avesh Khan,16,12,12,3,0,133.33,2,,v Zimbabwe,Harare,6 Jul 2024,
T20,Abhishek Sharma,16,9,7,2,1,228.57,2,,v Bangladesh,Gwalior,6 Oct 2024,
T20,SV Samson,16,12,7,1,2,228.57,1,,v England,Wankhede,2 Feb 2025,
T20,IK Pathan,15*,13,10,0,1,150.0,1,,v New Zealand,Wellington,27 Feb 2009,
T20,MS Dhoni,15*,2,6,0,2,250.0,2,,v Afghanistan,Gros Islet,1 May 2010,
T20,YK Pathan,15*,1,6,0,2,250.0,1,,v West Indies,Port of Spain,4 Jun 2011,
T20,Harbhajan Singh,15*,5,7,1,1,214.28,1,,v West Indies,Port of Spain,4 Jun 2011,
T20,R Ashwin,15*,30,16,1,0,93.75,2,,v Australia,Sydney,1 Feb 2012,
T20,Yuvraj Singh,15*,28,12,1,1,125.0,2,,v Australia,Sydney,31 Jan 2016,
T20,MS Dhoni,15*,24,9,1,0,166.66,1,,v West Indies,Wankhede,31 Mar 2016,
T20,S Dhawan,15*,25,12,3,0,125.0,2,,v Australia,Ranchi,7 Oct 2017,
T20,KH Pandya,15*,-,8,1,1,187.5,1,,v Bangladesh,Delhi,3 Nov 2019,
T20,R Ashwin,15*,13,7,0,1,214.28,1,,v Sri Lanka,Dubai (DICS),6 Sep 2022,
T20,HH Pandya,15*,26,20,1,0,75.0,2,,v New Zealand,Lucknow,29 Jan 2023,
T20,RV Uthappa,15,22,16,1,1,93.75,1,,v South Africa,Durban,20 Sep 2007,
T20,YK Pathan,15,12,8,1,1,187.5,1,,v Pakistan,Johannesburg,24 Sep 2007,
T20,G Gambhir,15,22,14,3,0,107.14,2,,v West Indies,Bridgetown,9 May 2010,
T20,V Kohli,15,21,16,3,0,93.75,1,,v England,Eden Gardens,29 Oct 2011,
T20,MK Tiwary,15,22,17,0,0,88.23,1,,v England,Eden Gardens,29 Oct 2011,
T20,V Kohli,15,18,13,2,0,115.38,1,,v Australia,Colombo (RPS),28 Sep 2012,
T20,MS Dhoni,15,21,21,2,0,71.42,1,,v Australia,Colombo (RPS),28 Sep 2012,
T20,Yuvraj Singh,15,29,16,1,0,93.75,1,,v Bangladesh,Mirpur,24 Feb 2016,
T20,RG Sharma,15,15,14,3,0,107.14,2,,v Sri Lanka,Mirpur,1 Mar 2016,
T20,HH Pandya,15,9,7,2,1,214.28,1,,v Bangladesh,Bengaluru,23 Mar 2016,
T20,SK Raina,15,11,7,2,1,214.28,1,,v South Africa,Johannesburg,18 Feb 2018,
T20,KL Rahul,15,-,17,2,0,88.23,1,,v Bangladesh,Delhi,3 Nov 2019,
T20,RG Sharma,15,-,18,2,0,83.33,1,,v West Indies,Thiruvananthapuram,8 Dec 2019,
T20,SV Samson,15,-,10,1,1,150.0,2,,v Australia,Sydney,6 Dec 2020,
T20,RG Sharma,15,22,17,2,0,88.23,1,,v England,Ahmedabad,16 Mar 2021,
T20,KL Rahul,15,27,14,1,1,107.14,2,,v New Zealand,Jaipur,17 Nov 2021,
T20,Ishan Kishan,15,8,7,0,2,214.28,1,,v South Africa,Bengaluru,19 Jun 2022,
T20,SA Yadav,15,6,5,2,1,300.0,1,,v Ireland,Dublin (Malahide),28 Jun 2022,
T20,SA Yadav,15,24,11,2,0,136.36,1,,v England,Birmingham,9 Jul 2022,
T20,SV Samson,15,21,11,2,0,136.36,1,,v West Indies,Lauderhill,7 Aug 2022,
T20,SA Yadav,15,11,10,2,0,150.0,2,,v Pakistan,Melbourne,23 Oct 2022,
T20,RG Sharma,15,22,14,1,1,107.14,1,,v South Africa,Perth,30 Oct 2022,
T20,RG Sharma,15,20,13,2,0,115.38,1,,v Zimbabwe,Melbourne,6 Nov 2022,
T20,RR Pant,15,33,14,1,1,107.14,1,,v Australia,Gros Islet,24 Jun 2024,
T20,Abhishek Sharma,15,13,11,3,0,136.36,1,,v Bangladesh,Delhi,9 Oct 2024,
T20,R Parag,15,8,6,0,2,250.0,1,,v Bangladesh,Delhi,9 Oct 2024,
T20,Ramandeep Singh,15,11,6,1,1,250.0,1,,v South Africa,Centurion,13 Nov 2024,
T20,AR Patel,15,25,16,2,0,93.75,2,,v England,Rajkot,28 Jan 2025,
T20,AR Patel,15,18,11,2,0,136.36,1,,v England,Wankhede,2 Feb 2025,
T20,Shubman Gill,15,30,12,1,0,125.0,2,,v Australia,Hobart,2 Nov 2025,
T20,Abhishek Sharma,15,23,12,2,1,125.0,2,,v South Africa,Ahmedabad,22 Feb 2026,
T20,Yuvraj Singh,14*,66,32,2,0,43.75,2,,v Pakistan,Mirpur,27 Feb 2016,
T20,HH Pandya,14*,11,10,0,1,140.0,1,,v New Zealand,Thiruvananthapuram,7 Nov 2017,
T20,Washington Sundar,14*,-,5,0,2,280.0,1,,v Bangladesh,Delhi,3 Nov 2019,
T20,MK Pandey,14*,-,12,0,1,116.66,2,,v New Zealand,Auckland,24 Jan 2020,
T20,MK Pandey,14*,15,6,1,1,233.33,1,,v New Zealand,Hamilton,29 Jan 2020,
T20,AB Agarkar,14,9,9,2,0,155.55,1,,v Pakistan,Durban,14 Sep 2007,
T20,Yuvraj Singh,14,28,19,1,0,73.68,1,,v Pakistan,Johannesburg,24 Sep 2007,
T20,MS Dhoni,14,9,13,1,0,107.69,2,,v Ireland,Nottingham,10 Jun 2009,
T20,G Gambhir,14,23,13,2,0,107.69,1,,v West Indies,Lord's,12 Jun 2009,
T20,Harbhajan Singh,14,18,15,1,1,93.33,2,,v South Africa,Nottingham,16 Jun 2009,
T20,Harbhajan Singh,14,18,10,1,1,140.0,2,,v West Indies,Bridgetown,9 May 2010,
T20,M Vijay,14,11,12,3,0,116.66,1,,v South Africa,Durban,9 Jan 2011,
T20,V Kohli,14,15,12,2,0,116.66,1,,v West Indies,Port of Spain,4 Jun 2011,
T20,SK Raina,14,23,15,1,0,93.33,2,,v Australia,Sydney,1 Feb 2012,
T20,SK Raina,14,16,8,0,2,175.0,1,,v South Africa,Dharamsala,2 Oct 2015,
T20,MS Dhoni,14,18,9,2,0,155.55,1,,v Australia,Melbourne,29 Jan 2016,
T20,KL Rahul,14,-,20,0,1,70.0,2,,v Australia,Sydney,25 Nov 2018,
T20,V Shankar,14,14,8,1,1,175.0,2,,v New Zealand,Auckland,8 Feb 2019,
T20,S Dhawan,14,48,24,1,0,58.33,1,,v Australia,Bengaluru,27 Feb 2019,
T20,HH Pandya,14,37,18,1,0,77.77,1,,v South Africa,Bengaluru,22 Sep 2019,
T20,KL Rahul,14,41,17,2,0,82.35,1,,v England,Ahmedabad,18 Mar 2021,
T20,RD Gaikwad,14,29,10,2,0,140.0,1,,v Sri Lanka,Colombo (RPS),29 Jul 2021,
T20,RG Sharma,14,23,14,1,1,100.0,1,,v New Zealand,Dubai (DICS),31 Oct 2021,
T20,SS Iyer,14,14,11,0,2,127.27,1,,v South Africa,Visakhapatnam,14 Jun 2022,
T20,RR Pant,14,24,12,2,0,116.66,1,,v West Indies,Tarouba,29 Jul 2022,
T20,RR Pant,14,23,12,2,0,116.66,1,,v Pakistan,Dubai (DICS),4 Sep 2022,
T20,SA Yadav,14,14,10,1,1,140.0,1,,v England,Adelaide,10 Nov 2022,
T20,AR Patel,14,16,12,1,0,116.66,1,,v West Indies,Providence,6 Aug 2023,
T20,HH Pandya,14,28,18,0,1,77.77,1,,v West Indies,Lauderhill,13 Aug 2023,
T20,RK Singh,14,25,10,0,1,140.0,1,,v South Africa,Johannesburg,14 Dec 2023,
T20,Abhishek Sharma,14,15,11,1,1,127.27,1,,v Zimbabwe,Harare,14 Jul 2024,
T20,SA Yadav,14,15,7,1,1,200.0,2,,v England,Rajkot,28 Jan 2025,
T20,AR Patel,14,23,11,2,0,127.27,1,,v U.S.A.,Wankhede,7 Feb 2026,
T20,Harbhajan Singh,13*,3,4,3,0,325.0,1,,v West Indies,Lord's,12 Jun 2009,
T20,MS Dhoni,13*,15,9,0,1,144.44,2,,v Pakistan,Eden Gardens,19 Mar 2016,
T20,MS Dhoni,13*,29,12,1,0,108.33,1,,v Bangladesh,Bengaluru,23 Mar 2016,
T20,RA Jadeja,13*,-,8,0,1,162.5,1,,v West Indies,Kingston,9 Jul 2017,
T20,HH Pandya,13*,10,7,2,0,185.71,1,,v South Africa,Johannesburg,18 Feb 2018,
T20,KD Karthik,13*,-,6,2,0,216.66,1,,v Sri Lanka,Colombo (RPS),6 Mar 2018,
T20,B Kumar,13*,17,11,0,0,118.18,1,,v Sri Lanka,Colombo (RPS),28 Jul 2021,
T20,HH Pandya,13*,17,9,2,0,144.44,1,,v Ireland,Dublin (Malahide),28 Jun 2022,
T20,R Ashwin,13*,24,10,0,1,130.0,1,,v West Indies,Tarouba,29 Jul 2022,
T20,R Ashwin,13*,9,6,1,1,216.66,1,,v Bangladesh,Adelaide,2 Nov 2022,
T20,Harshit Rana,13*,13,8,0,1,162.5,1,,v Oman,Abu Dhabi,19 Sep 2025,
T20,G Gambhir,13,6,6,3,0,216.66,2,,v Sri Lanka,Colombo (RPS),10 Feb 2009,
T20,MS Dhoni,13,17,17,1,0,76.47,2,,v Sri Lanka,Colombo (RPS),10 Feb 2009,
T20,Harbhajan Singh,13,15,11,1,1,118.18,2,,v Australia,Bridgetown,7 May 2010,
T20,KD Karthik,13,20,12,2,0,108.33,1,,v Sri Lanka,Gros Islet,11 May 2010,
T20,YK Pathan,13,10,9,2,0,144.44,1,,v Sri Lanka,Gros Islet,11 May 2010,
T20,M Vijay,13,-,11,0,1,118.18,2,,v Zimbabwe,Harare,19 Jul 2015,
T20,AR Patel,13,-,15,1,0,86.66,2,,v Zimbabwe,Harare,19 Jul 2015,
T20,RG Sharma,13,-,13,1,1,100.0,2,,v Sri Lanka,Visakhapatnam,14 Feb 2016,
T20,SK Raina,13,14,13,2,0,100.0,1,,v Bangladesh,Mirpur,24 Feb 2016,
T20,S Dhawan,13,16,12,1,1,108.33,2,,v Australia,Mohali,27 Mar 2016,
T20,MS Dhoni,13,24,16,1,0,81.25,1,,v Australia,Guwahati,10 Oct 2017,
T20,V Kohli,13,6,6,1,1,216.66,1,,v New Zealand,Thiruvananthapuram,7 Nov 2017,
T20,MK Pandey,13,15,10,0,1,130.0,1,,v South Africa,Cape Town,24 Feb 2018,
T20,KD Karthik,13,10,6,3,0,216.66,1,,v South Africa,Cape Town,24 Feb 2018,
T20,KL Rahul,13,-,12,1,0,108.33,2,,v Australia,Brisbane,21 Nov 2018,
T20,S Dube,13,-,9,1,1,144.44,2,,v New Zealand,Auckland,24 Jan 2020,
T20,RA Jadeja,13,28,13,1,0,100.0,1,,v Pakistan,Dubai (DICS),24 Oct 2021,
T20,HV Patel,13,9,6,1,1,216.66,1,,v England,Birmingham,9 Jul 2022,
T20,SA Yadav,13,13,10,2,0,130.0,1,,v Pakistan,Dubai (DICS),4 Sep 2022,
T20,SS Iyer,13,17,9,1,1,144.44,1,,v New Zealand,Mount Maunganui,20 Nov 2022,
T20,HH Pandya,13,27,13,0,0,100.0,1,,v New Zealand,Mount Maunganui,20 Nov 2022,
T20,SA Yadav,13,25,10,1,1,130.0,2,,v New Zealand,Napier,22 Nov 2022,
T20,RA Tripathi,13,34,18,1,0,72.22,2,,v New Zealand,Lucknow,29 Jan 2023,
T20,AR Patel,13,17,11,0,1,118.18,2,,v West Indies,Tarouba,3 Aug 2023,
T20,SV Samson,13,11,9,2,0,144.44,1,,v West Indies,Lauderhill,13 Aug 2023,
T20,AR Patel,13,20,10,0,1,130.0,1,,v West Indies,Lauderhill,13 Aug 2023,
T20,RG Sharma,13,15,12,1,1,108.33,1,,v Pakistan,New York,9 Jun 2024,
T20,Shubman Gill,13,25,14,2,0,92.85,1,,v Zimbabwe,Harare,14 Jul 2024,
T20,S Dube,13,15,14,0,0,92.85,1,,v Sri Lanka,Pallekele,30 Jul 2024,
T20,SV Samson,13,20,17,1,0,76.47,2,,v Pakistan,Dubai (DICS),21 Sep 2025,
T20,HH Pandya,12*,-,10,0,1,120.0,1,,v England,Cardiff,6 Jul 2018,
T20,SS Iyer,12*,-,5,1,1,240.0,2,,v Australia,Sydney,6 Dec 2020,
T20,VR Iyer,12*,22,11,2,0,109.09,2,,v New Zealand,Ranchi,19 Nov 2021,
T20,RR Pant,12*,8,6,0,2,200.0,2,,v New Zealand,Ranchi,19 Nov 2021,
T20,HV Patel,12*,14,9,2,0,133.33,1,,v South Africa,Cuttack,12 Jun 2022,
T20,SV Samson,12*,12,7,2,0,171.42,1,,v Zimbabwe,Harare,10 Jul 2024,
T20,IK Pathan,12,13,14,1,0,85.71,1,,v New Zealand,Christchurch,25 Feb 2009,
T20,Yuvraj Singh,12,22,14,1,0,85.71,2,,v West Indies,Bridgetown,9 May 2010,
T20,Yuvraj Singh,12,20,13,1,0,92.3,1,,v South Africa,Durban,9 Jan 2011,
T20,RA Jadeja,12,15,8,2,0,150.0,1,,v Bangladesh,Bengaluru,23 Mar 2016,
T20,RG Sharma,12,25,17,1,0,70.58,2,,v Australia,Mohali,27 Mar 2016,
T20,Yuvraj Singh,12,13,13,1,0,92.3,1,,v England,Kanpur,26 Jan 2017,
T20,MS Dhoni,12,14,11,1,0,109.09,1,,v South Africa,Cape Town,24 Feb 2018,
T20,KH Pandya,12,-,14,1,0,85.71,2,,v West Indies,Lauderhill,3 Aug 2019,
T20,RG Sharma,12,21,12,0,2,100.0,2,,v South Africa,Mohali,18 Sep 2019,
T20,S Dube,12,18,9,2,0,133.33,1,,v New Zealand,Wellington,31 Jan 2020,
T20,RG Sharma,12,17,12,1,1,100.0,1,,v England,Ahmedabad,18 Mar 2021,
T20,RR Pant,12,33,19,0,0,63.15,1,,v New Zealand,Dubai (DICS),31 Oct 2021,
T20,HH Pandya,12,23,15,1,0,80.0,1,,v England,Birmingham,9 Jul 2022,
T20,KD Karthik,12,22,17,1,0,70.58,1,,v England,Birmingham,9 Jul 2022,
T20,KD Karthik,12,13,9,2,0,133.33,1,,v West Indies,Lauderhill,7 Aug 2022,
T20,RG Sharma,12,44,18,0,1,66.66,2,,v Pakistan,Dubai (DICS),28 Aug 2022,
T20,V Kohli,12,13,11,2,0,109.09,1,,v South Africa,Perth,30 Oct 2022,
T20,HH Pandya,12,15,12,1,1,100.0,2,,v Sri Lanka,Pune,5 Jan 2023,
T20,SV Samson,12,23,12,0,1,100.0,2,,v West Indies,Tarouba,3 Aug 2023,
T20,Arshdeep Singh,12,11,7,2,0,171.42,2,,v West Indies,Tarouba,3 Aug 2023,
T20,NT Tilak Varma,12,10,10,2,0,120.0,2,,v Australia,Visakhapatnam,23 Nov 2023,
T20,AR Patel,12,11,6,2,0,200.0,1,,v Afghanistan,Bridgetown,20 Jun 2024,
T20,YBK Jaiswal,12,2,5,0,2,240.0,1,,v Zimbabwe,Harare,14 Jul 2024,
T20,Abhishek Sharma,12,9,6,3,0,200.0,2,,v England,Chennai,25 Jan 2025,
T20,SA Yadav,12,16,7,3,0,171.42,2,,v England,Chennai,25 Jan 2025,
T20,SA Yadav,12,32,13,1,0,92.3,1,,v Sri Lanka,Dubai (DICS),26 Sep 2025,
T20,Shubman Gill,12,29,10,1,0,120.0,2,,v Pakistan,Dubai (DICS),28 Sep 2025,
T20,Washington Sundar,12,14,7,2,0,171.42,1,,v Australia,Carrara,6 Nov 2025,
T20,SA Yadav,12,10,11,1,1,109.09,1,,v South Africa,Cuttack,9 Dec 2025,
T20,SA Yadav,12,15,11,2,0,109.09,2,,v South Africa,Dharamsala,14 Dec 2025,
T20,SA Yadav,12,11,13,0,1,92.3,1,,v Namibia,Delhi,12 Feb 2026,
T20,IK Pathan,11*,2,3,1,1,366.66,1,,v Bangladesh,Nottingham,6 Jun 2009,
T20,MS Dhoni,11*,3,3,1,1,366.66,1,,v Australia,Adelaide,26 Jan 2016,
T20,R Ashwin,11*,-,7,1,0,157.14,1,,v West Indies,Kingston,9 Jul 2017,
T20,NA Saini,11*,13,9,2,0,122.22,1,,v New Zealand,Wellington,31 Jan 2020,
T20,MK Pandey,11*,-,4,1,1,275.0,1,,v New Zealand,Mount Maunganui,2 Feb 2020,
T20,RG Sharma,11*,7,5,1,1,220.0,2,,v West Indies,Basseterre,2 Aug 2022,
T20,RK Singh,11*,14,9,0,1,122.22,1,,v Zimbabwe,Harare,14 Jul 2024,
T20,RK Singh,11*,6,4,1,1,275.0,1,,v Pakistan,Colombo (RPS),15 Feb 2026,
T20,KD Karthik,11,12,9,2,0,122.22,1,,v Pakistan,Durban,14 Sep 2007,
T20,IK Pathan,11,9,10,2,0,110.0,2,,v New Zealand,Johannesburg,16 Sep 2007,
T20,V Sehwag,11,23,11,1,0,100.0,1,,v South Africa,Durban,20 Sep 2007,
T20,MS Dhoni,11,24,23,0,0,47.82,1,,v West Indies,Lord's,12 Jun 2009,
T20,YK Pathan,11,11,7,0,1,157.14,1,,v South Africa,Gros Islet,2 May 2010,
T20,Yuvraj Singh,11,30,21,0,0,52.38,1,,v Sri Lanka,Mirpur,6 Apr 2014,
T20,STR Binny,11,8,6,0,1,183.33,1,,v Zimbabwe,Harare,17 Jul 2015,
T20,S Dhawan,11,19,12,2,0,91.66,1,,v South Africa,Cuttack,5 Oct 2015,
T20,R Ashwin,11,24,15,1,0,73.33,1,,v South Africa,Cuttack,5 Oct 2015,
T20,HH Pandya,11,3,4,0,1,275.0,1,,v England,Bengaluru,1 Feb 2017,
T20,RG Sharma,11,5,7,1,1,157.14,2,,v Australia,Ranchi,7 Oct 2017,
T20,RG Sharma,11,9,8,2,0,137.5,1,,v South Africa,Cape Town,24 Feb 2018,
T20,RG Sharma,11,-,7,1,1,157.14,2,,v Sri Lanka,Colombo (RPS),12 Mar 2018,
T20,MS Dhoni,11,8,5,1,1,220.0,1,,v Ireland,Dublin (Malahide),27 Jun 2018,
T20,KL Rahul,11,-,11,1,0,100.0,1,,v West Indies,Thiruvananthapuram,8 Dec 2019,
T20,V Kohli,11,21,12,1,0,91.66,2,,v New Zealand,Auckland,26 Jan 2020,
T20,V Kohli,11,16,9,2,0,122.22,1,,v New Zealand,Wellington,31 Jan 2020,
T20,HH Pandya,11,14,8,0,1,137.5,1,,v England,Ahmedabad,18 Mar 2021,
T20,SA Yadav,11,18,8,1,1,137.5,1,,v Pakistan,Dubai (DICS),24 Oct 2021,
T20,HH Pandya,11,10,8,2,0,137.5,1,,v Pakistan,Dubai (DICS),24 Oct 2021,
T20,KD Karthik,11,17,7,2,0,157.14,1,,v England,Southampton,7 Jul 2022,
T20,RG Sharma,11,26,12,2,0,91.66,2,,v England,Nottingham,10 Jul 2022,
T20,V Kohli,11,8,6,1,1,183.33,2,,v England,Nottingham,10 Jul 2022,
T20,SA Yadav,11,11,6,0,1,183.33,1,,v West Indies,Basseterre,1 Aug 2022,
T20,Ishan Kishan,11,23,13,1,0,84.61,1,,v West Indies,Lauderhill,7 Aug 2022,
T20,RG Sharma,11,13,9,1,1,122.22,1,,v Australia,Mohali,20 Sep 2022,
T20,V Kohli,11,-,6,2,0,183.33,2,,v Australia,Nagpur,23 Sep 2022,
T20,RR Pant,11,17,5,2,0,220.0,2,,v New Zealand,Napier,22 Nov 2022,
T20,Shubman Gill,11,15,9,2,0,122.22,2,,v New Zealand,Lucknow,29 Jan 2023,
T20,RK Singh,11,14,10,2,0,110.0,1,,v South Africa,Durban,8 Nov 2024,
T20,S Dube,11,16,9,2,0,122.22,1,,v South Africa,Cuttack,9 Dec 2025,
T20,Washington Sundar,11,14,11,0,1,100.0,2,,v South Africa,Ahmedabad,22 Feb 2026,
T20,SA Yadav,11,12,6,0,1,183.33,1,,v England,Wankhede,5 Mar 2026,
T20,MS Dhoni,10*,22,8,0,0,125.0,1,,v England,Durban,19 Sep 2007,
T20,PP Ojha,10*,-,6,0,1,166.66,2,,v Sri Lanka,Nagpur,9 Dec 2009,
T20,MS Dhoni,10*,19,11,0,0,90.9,1,,v South Africa,Durban,9 Jan 2011,
T20,RG Sharma,10*,9,8,0,1,125.0,2,,v West Indies,Lauderhill,28 Aug 2016,
T20,RA Jadeja,10*,-,9,0,0,111.11,2,,v West Indies,Lauderhill,3 Aug 2019,
T20,RA Jadeja,10*,6,5,0,1,200.0,1,,v New Zealand,Hamilton,29 Jan 2020,
T20,SN Thakur,10*,11,4,2,0,250.0,1,,v England,Ahmedabad,18 Mar 2021,
T20,DJ Hooda,10*,9,7,1,0,142.85,2,,v West Indies,Basseterre,2 Aug 2022,
T20,KD Karthik,10*,-,2,1,1,500.0,2,,v Australia,Nagpur,23 Sep 2022,
T20,AR Patel,10*,7,5,0,1,200.0,1,,v Sri Lanka,Pallekele,27 Jul 2024,
T20,S Dube,10*,15,7,0,1,142.85,2,,v Pakistan,Dubai (DICS),14 Sep 2025,
T20,AR Patel,10*,26,15,0,0,66.66,1,,v Bangladesh,Dubai (DICS),24 Sep 2025,
T20,JM Sharma,10*,13,5,0,1,200.0,1,,v South Africa,Cuttack,9 Dec 2025,
T20,S Dube,10*,5,4,1,1,250.0,2,,v South Africa,Dharamsala,14 Dec 2025,
T20,S Dube,10*,5,3,1,1,333.33,1,,v South Africa,Ahmedabad,19 Dec 2025,
T20,Ravi Bishnoi,10*,16,10,1,0,100.0,2,,v New Zealand,Visakhapatnam,28 Jan 2026,
T20,SR Tendulkar,10,18,12,2,0,83.33,2,,v South Africa,Johannesburg,1 Dec 2006,
T20,G Gambhir,10,29,13,0,1,76.92,1,,v New Zealand,Wellington,27 Feb 2009,
T20,SK Raina,10,12,8,1,0,125.0,1,,v Bangladesh,Nottingham,6 Jun 2009,
T20,RG Sharma,10,22,15,1,0,66.66,2,,v Zimbabwe,Harare,12 Jun 2010,
T20,NV Ojha,10,22,18,2,0,55.55,2,,v Zimbabwe,Harare,13 Jun 2010,
T20,PA Patel,10,19,12,2,0,83.33,1,,v England,Manchester,31 Aug 2011,
T20,YK Pathan,10,17,12,1,0,83.33,1,,v England,Eden Gardens,29 Oct 2011,
T20,G Gambhir,10,14,8,1,0,125.0,1,,v Afghanistan,Colombo (RPS),19 Sep 2012,
T20,Yuvraj Singh,10,21,9,0,1,111.11,1,,v Pakistan,Bengaluru,25 Dec 2012,
T20,SK Raina,10,11,9,1,0,111.11,1,,v Pakistan,Bengaluru,25 Dec 2012,
T20,Yuvraj Singh,10,19,19,1,0,52.63,2,,v West Indies,Mirpur,23 Mar 2014,
T20,Yuvraj Singh,10,22,14,0,1,71.42,1,,v Sri Lanka,Pune,9 Feb 2016,
T20,R Ashwin,10,-,20,0,0,50.0,2,,v New Zealand,Nagpur,15 Mar 2016,
T20,RG Sharma,10,11,11,2,0,90.9,2,,v Pakistan,Eden Gardens,19 Mar 2016,
T20,SK Raina,10,9,7,1,0,142.85,2,,v Australia,Mohali,27 Mar 2016,
T20,HH Pandya,10,3,3,1,1,333.33,1,,v Sri Lanka,Indore,22 Dec 2017,
T20,S Dhawan,10,-,7,0,1,142.85,2,,v Bangladesh,Colombo (RPS),18 Mar 2018,
T20,SK Raina,10,11,6,2,0,166.66,1,,v Ireland,Dublin (Malahide),27 Jun 2018,
T20,S Dhawan,10,-,12,1,0,83.33,1,,v England,Cardiff,6 Jul 2018,
T20,SS Iyer,10,-,11,1,0,90.9,1,,v West Indies,Thiruvananthapuram,8 Dec 2019,
T20,SV Samson,10,-,9,0,0,111.11,2,,v Australia,Sydney,8 Dec 2020,
T20,HH Pandya,10,-,12,0,0,83.33,1,,v Sri Lanka,Colombo (RPS),25 Jul 2021,
T20,AR Patel,10,22,11,1,0,90.9,1,,v South Africa,Cuttack,12 Jun 2022,
T20,RD Gaikwad,10,14,12,1,0,83.33,1,,v South Africa,Bengaluru,19 Jun 2022,
T20,SS Iyer,10,22,11,0,1,90.9,1,,v West Indies,Basseterre,1 Aug 2022,
T20,R Ashwin,10,12,6,2,0,166.66,1,,v West Indies,Basseterre,1 Aug 2022,
T20,KL Rahul,10,-,6,0,1,166.66,2,,v Australia,Nagpur,23 Sep 2022,
T20,Ishan Kishan,10,13,11,1,1,90.9,2,,v New Zealand,Napier,22 Nov 2022,
T20,DJ Hooda,10,15,10,0,1,100.0,2,,v New Zealand,Ranchi,27 Jan 2023,
T20,Washington Sundar,10,22,9,1,0,111.11,2,,v New Zealand,Lucknow,29 Jan 2023,
T20,RD Gaikwad,10,20,12,2,0,83.33,1,,v Australia,Bengaluru,3 Dec 2023,
T20,S Dube,10,11,7,0,1,142.85,1,,v Afghanistan,Bridgetown,20 Jun 2024,
T20,AR Patel,10,10,6,0,1,166.66,1,,v England,Providence,27 Jun 2024,
T20,Abhishek Sharma,10,8,9,1,0,111.11,1,,v Zimbabwe,Harare,10 Jul 2024,
T20,YBK Jaiswal,10,9,9,2,0,111.11,1,,v Sri Lanka,Pallekele,30 Jul 2024,
T20,SV Samson,10,9,7,2,0,142.85,1,,v Bangladesh,Delhi,9 Oct 2024,
T20,Shubman Gill,10,8,7,2,0,142.85,2,,v Pakistan,Dubai (DICS),14 Sep 2025,
T20,SV Samson,10,9,7,2,0,142.85,1,,v New Zealand,Nagpur,21 Jan 2026,
T20,Abhishek Sharma,10,15,11,2,0,90.9,2,,v West Indies,Eden Gardens,1 Mar 2026,
T20,Ishan Kishan,10,6,6,2,0,166.66,2,,v West Indies,Eden Gardens,1 Mar 2026,
T20,MS Dhoni,9*,11,5,0,1,180.0,2,,v Australia,Brabourne,20 Oct 2007,
T20,MS Dhoni,9*,-,5,1,0,180.0,1,,v Sri Lanka,Ranchi,12 Feb 2016,
T20,RA Jadeja,9*,-,4,0,1,225.0,1,,v West Indies,Lauderhill,4 Aug 2019,
T20,S Dube,9*,-,8,0,0,112.5,1,,v Bangladesh,Nagpur,10 Nov 2019,
T20,DJ Hooda,9*,9,9,0,0,100.0,2,,v New Zealand,Napier,22 Nov 2022,
T20,RK Singh,9*,12,9,1,0,100.0,2,,v Afghanistan,Indore,14 Jan 2024,
T20,RA Jadeja,9*,4,5,0,1,180.0,1,,v Australia,Gros Islet,24 Jun 2024,
T20,Ravi Bishnoi,9*,15,5,2,0,180.0,2,,v England,Chennai,25 Jan 2025,
T20,V Sehwag,9,25,13,1,0,69.23,1,,v Australia,Durban,22 Sep 2007,
T20,G Gambhir,9,9,6,1,0,150.0,1,,v Australia,Melbourne,1 Feb 2008,
T20,MS Dhoni,9,30,27,0,0,33.33,1,,v Australia,Melbourne,1 Feb 2008,
T20,RG Sharma,9,7,8,1,0,112.5,2,,v England,Lord's,14 Jun 2009,
T20,MS Dhoni,9,-,12,0,0,75.0,2,,v Sri Lanka,Nagpur,9 Dec 2009,
T20,SK Raina,9,9,7,2,0,128.57,2,,v Sri Lanka,Mohali,12 Dec 2009,
T20,G Gambhir,9,14,10,2,0,90.0,2,,v Australia,Bridgetown,7 May 2010,
T20,Z Khan,9,6,6,0,1,150.0,2,,v Australia,Bridgetown,7 May 2010,
T20,MS Dhoni,9,23,8,1,0,112.5,1,,v England,Colombo (RPS),23 Sep 2012,
T20,V Kohli,9,15,11,1,0,81.81,1,,v Pakistan,Bengaluru,25 Dec 2012,
T20,KM Jadhav,9,10,7,1,0,128.57,1,,v Zimbabwe,Harare,17 Jul 2015,
T20,B Kumar,9,-,6,0,0,150.0,2,,v Zimbabwe,Harare,19 Jul 2015,
T20,AR Patel,9,18,12,0,0,75.0,1,,v South Africa,Cuttack,5 Oct 2015,
T20,S Dhawan,9,25,13,0,1,69.23,1,,v Sri Lanka,Pune,9 Feb 2016,
T20,MS Dhoni,9,19,13,1,0,69.23,1,,v Zimbabwe,Harare,22 Jun 2016,
T20,HH Pandya,9,14,12,0,0,75.0,1,,v England,Kanpur,26 Jan 2017,
T20,RG Sharma,9,-,8,1,0,112.5,2,,v Sri Lanka,Colombo (RPS),6 Sep 2017,
T20,V Kohli,9,-,8,1,0,112.5,1,,v Ireland,Dublin (Malahide),29 Jun 2018,
T20,RG Sharma,9,11,8,2,0,112.5,1,,v South Africa,Bengaluru,22 Sep 2019,
T20,V Kohli,9,28,15,0,0,60.0,1,,v South Africa,Bengaluru,22 Sep 2019,
T20,RG Sharma,9,-,5,2,0,180.0,1,,v Bangladesh,Delhi,3 Nov 2019,
T20,RA Jadeja,9,-,11,0,0,81.81,1,,v West Indies,Thiruvananthapuram,8 Dec 2019,
T20,V Kohli,9,-,9,1,0,100.0,1,,v Australia,Canberra,4 Dec 2020,
T20,SS Iyer,9,13,9,1,0,100.0,1,,v England,Ahmedabad,16 Mar 2021,
T20,N Rana,9,21,12,0,0,75.0,1,,v Sri Lanka,Colombo (RPS),28 Jul 2021,
T20,D Padikkal,9,18,15,1,0,60.0,1,,v Sri Lanka,Colombo (RPS),29 Jul 2021,
T20,V Kohli,9,20,17,0,0,52.94,1,,v New Zealand,Dubai (DICS),31 Oct 2021,
T20,HH Pandya,9,15,12,1,0,75.0,1,,v South Africa,Cuttack,12 Jun 2022,
T20,AR Patel,9,15,7,0,1,128.57,1,,v West Indies,Lauderhill,7 Aug 2022,
T20,HH Pandya,9,-,9,1,0,100.0,2,,v Australia,Nagpur,23 Sep 2022,
T20,AR Patel,9,29,8,1,0,112.5,2,,v South Africa,Indore,4 Oct 2022,
T20,KL Rahul,9,12,12,1,0,75.0,1,,v Netherlands,Sydney,27 Oct 2022,
T20,KL Rahul,9,25,14,0,1,64.28,1,,v South Africa,Perth,30 Oct 2022,
T20,DJ Hooda,9,23,12,0,0,75.0,2,,v Sri Lanka,Pune,5 Jan 2023,
T20,Shubman Gill,9,12,9,1,0,100.0,1,,v West Indies,Lauderhill,13 Aug 2023,
T20,Arshdeep Singh,9,26,13,1,0,69.23,1,,v Pakistan,New York,9 Jun 2024,
T20,V Kohli,9,10,9,0,1,100.0,1,,v England,Providence,27 Jun 2024,
T20,RG Sharma,9,7,5,2,0,180.0,1,,v South Africa,Bridgetown,29 Jun 2024,
T20,Ravi Bishnoi,9,11,8,2,0,112.5,2,,v Zimbabwe,Harare,6 Jul 2024,
T20,HH Pandya,9,15,10,1,0,90.0,1,,v Sri Lanka,Pallekele,27 Jul 2024,
T20,RK Singh,9,14,11,0,0,81.81,1,,v South Africa,Gqeberha,10 Nov 2024,
T20,HH Pandya,9,6,6,0,1,150.0,1,,v England,Wankhede,2 Feb 2025,
T20,RK Singh,9,6,6,1,0,150.0,1,,v England,Wankhede,2 Feb 2025,
T20,S Dube,9,8,4,0,1,225.0,1,,v New Zealand,Nagpur,21 Jan 2026,
T20,Harshit Rana,9,32,13,1,0,69.23,2,,v New Zealand,Visakhapatnam,28 Jan 2026,
T20,Abhishek Sharma,9,8,7,2,0,128.57,1,,v England,Wankhede,5 Mar 2026,
T20,RG Sharma,8*,11,5,0,1,160.0,1,,v Australia,Durban,22 Sep 2007,
T20,Harbhajan Singh,8*,3,3,1,0,266.66,1,,v Zimbabwe,Harare,17 Jul 2015,
T20,MS Dhoni,8*,4,2,0,1,400.0,1,,v Bangladesh,Mirpur,24 Feb 2016,
T20,KD Karthik,8*,4,3,2,0,266.66,1,,v Australia,Bengaluru,27 Feb 2019,
T20,Washington Sundar,8*,-,5,0,1,160.0,2,,v West Indies,Lauderhill,3 Aug 2019,
T20,KL Rahul,8*,-,11,0,0,72.72,2,,v Bangladesh,Rajkot,7 Nov 2019,
T20,S Dube,8*,5,4,0,1,200.0,2,,v New Zealand,Auckland,26 Jan 2020,
T20,SS Iyer,8*,22,8,0,0,100.0,2,,v England,Ahmedabad,14 Mar 2021,
T20,AR Patel,8*,10,4,1,0,200.0,1,,v South Africa,Rajkot,17 Jun 2022,
T20,Ravi Bishnoi,8*,3,2,2,0,400.0,1,,v Pakistan,Dubai (DICS),4 Sep 2022,
T20,Ravi Bishnoi,8*,9,4,0,1,200.0,1,,v West Indies,Providence,6 Aug 2023,
T20,Ravi Bishnoi,8*,16,8,1,0,100.0,1,,v Sri Lanka,Pallekele,30 Jul 2024,
T20,RK Singh,8*,8,4,0,1,200.0,1,,v Bangladesh,Hyderabad,12 Oct 2024,
T20,RK Singh,8*,14,8,1,0,100.0,1,,v New Zealand,Thiruvananthapuram,31 Jan 2026,
T20,S Dube,8*,6,4,2,0,200.0,2,,v West Indies,Eden Gardens,1 Mar 2026,
T20,NT Tilak Varma,8*,22,6,0,0,133.33,1,,v New Zealand,Ahmedabad,8 Mar 2026,
T20,RV Uthappa,8,13,11,1,0,72.72,1,,v Pakistan,Johannesburg,24 Sep 2007,
T20,KD Karthik,8,9,8,1,0,100.0,1,,v Australia,Melbourne,1 Feb 2008,
T20,RG Sharma,8,15,8,1,0,100.0,1,,v Australia,Melbourne,1 Feb 2008,
T20,MS Dhoni,8,15,8,1,0,100.0,1,,v England,Manchester,31 Aug 2011,
T20,V Sehwag,8,25,10,1,0,80.0,1,,v Afghanistan,Colombo (RPS),19 Sep 2012,
T20,IK Pathan,8,14,8,1,0,100.0,1,,v England,Colombo (RPS),23 Sep 2012,
T20,Yuvraj Singh,8,11,10,1,0,80.0,1,,v Australia,Colombo (RPS),28 Sep 2012,
T20,G Gambhir,8,15,12,1,0,66.66,1,,v South Africa,Colombo (RPS),2 Oct 2012,
T20,RG Sharma,8,8,8,0,1,100.0,2,,v Australia,Rajkot,10 Oct 2013,
T20,AM Rahane,8,6,4,0,1,200.0,2,,v England,Birmingham,7 Sep 2014,
T20,KL Rahul,8,21,9,1,0,88.88,1,,v England,Kanpur,26 Jan 2017,
T20,RG Sharma,8,3,4,2,0,200.0,1,,v Australia,Guwahati,10 Oct 2017,
T20,RG Sharma,8,11,9,1,0,88.88,1,,v New Zealand,Thiruvananthapuram,7 Nov 2017,
T20,S Dhawan,8,-,10,1,0,80.0,2,,v Sri Lanka,Colombo (RPS),12 Mar 2018,
T20,RG Sharma,8,-,10,1,0,80.0,2,,v West Indies,Hyderabad,6 Dec 2019,
T20,RG Sharma,8,3,6,2,0,133.33,2,,v New Zealand,Auckland,26 Jan 2020,
T20,SV Samson,8,9,5,0,1,160.0,1,,v New Zealand,Wellington,31 Jan 2020,
T20,RR Pant,8,17,8,0,0,100.0,2,,v West Indies,Eden Gardens,16 Feb 2022,
T20,SA Yadav,8,9,6,1,0,133.33,1,,v West Indies,Eden Gardens,18 Feb 2022,
T20,Ishan Kishan,8,25,10,0,0,80.0,1,,v England,Southampton,7 Jul 2022,
T20,Avesh Khan,8,8,4,0,1,200.0,1,,v West Indies,Basseterre,1 Aug 2022,
T20,SA Yadav,8,17,6,0,1,133.33,2,,v South Africa,Indore,4 Oct 2022,
T20,Arshdeep Singh,8,3,4,0,1,200.0,1,,v West Indies,Lauderhill,13 Aug 2023,
T20,SS Iyer,8,6,7,0,0,114.28,1,,v Australia,Raipur,1 Dec 2023,
T20,Shubman Gill,8,11,6,2,0,133.33,1,,v South Africa,Johannesburg,14 Dec 2023,
T20,RG Sharma,8,13,13,1,0,61.53,1,,v Afghanistan,Bridgetown,20 Jun 2024,
T20,SA Yadav,8,11,9,1,0,88.88,1,,v Sri Lanka,Pallekele,30 Jul 2024,
T20,SA Yadav,8,16,10,1,0,80.0,1,,v Bangladesh,Delhi,9 Oct 2024,
T20,RK Singh,8,22,13,0,0,61.53,1,,v South Africa,Centurion,13 Nov 2024,
T20,Ishan Kishan,8,4,5,2,0,160.0,1,,v New Zealand,Nagpur,21 Jan 2026,
T20,SA Yadav,8,8,8,2,0,100.0,2,,v New Zealand,Visakhapatnam,28 Jan 2026,
T20,RA Jadeja,7*,14,6,0,0,116.66,2,,v South Africa,Nottingham,16 Jun 2009,
T20,MS Dhoni,7*,6,3,1,0,233.33,2,,v Pakistan,Mirpur,27 Feb 2016,
T20,MS Dhoni,7*,7,4,0,1,175.0,2,,v Sri Lanka,Mirpur,1 Mar 2016,
T20,MS Dhoni,7*,4,2,0,1,350.0,1,,v New Zealand,Delhi,1 Nov 2017,
T20,AR Patel,7*,3,3,1,0,233.33,1,,v England,Ahmedabad,12 Mar 2021,
T20,HV Patel,7*,10,4,1,0,175.0,1,,v Australia,Mohali,20 Sep 2022,
T20,NT Tilak Varma,7*,8,5,1,0,140.0,2,,v West Indies,Lauderhill,12 Aug 2023,
T20,NT Tilak Varma,7*,4,2,0,1,350.0,1,,v Australia,Thiruvananthapuram,26 Nov 2023,
T20,Mohammed Siraj,7*,7,7,0,0,100.0,1,,v Pakistan,New York,9 Jun 2024,
T20,Arshdeep Singh,7*,25,6,0,1,116.66,1,,v South Africa,Gqeberha,10 Nov 2024,
T20,SA Yadav,7*,3,2,0,1,350.0,2,,v U.A.E.,Dubai (DICS),10 Sep 2025,
T20,HH Pandya,7*,11,7,1,0,100.0,2,,v Pakistan,Dubai (DICS),21 Sep 2025,
T20,S Dube,7*,5,2,0,1,350.0,1,,v New Zealand,Thiruvananthapuram,31 Jan 2026,
T20,Harbhajan Singh,7,7,6,1,0,116.66,2,,v New Zealand,Johannesburg,16 Sep 2007,
T20,RG Sharma,7,9,7,0,1,100.0,1,,v New Zealand,Christchurch,25 Feb 2009,
T20,M Vijay,7,14,14,0,0,50.0,2,,v West Indies,Bridgetown,9 May 2010,
T20,RA Jadeja,7,9,8,1,0,87.5,2,,v Australia,Sydney,1 Feb 2012,
T20,RA Jadeja,7,8,4,1,0,175.0,2,,v England,Birmingham,7 Sep 2014,
T20,V Kohli,7,13,12,1,0,58.33,1,,v Bangladesh,Mirpur,24 Feb 2016,
T20,AM Rahane,7,14,7,1,0,100.0,2,,v West Indies,Lauderhill,27 Aug 2016,
T20,SK Raina,7,16,10,0,0,70.0,1,,v England,Nagpur,29 Jan 2017,
T20,JJ Bumrah,7,11,9,1,0,77.77,1,,v Australia,Guwahati,10 Oct 2017,
T20,RR Pant,7,-,8,1,0,87.5,2,,v Bangladesh,Colombo (RPS),8 Mar 2018,
T20,RG Sharma,7,-,8,0,0,87.5,2,,v Australia,Brisbane,21 Nov 2018,
T20,RG Sharma,7,-,6,0,1,116.66,2,,v New Zealand,Auckland,24 Jan 2020,
T20,Washington Sundar,7,-,5,1,0,140.0,1,,v Australia,Canberra,4 Dec 2020,
T20,Washington Sundar,7,-,6,1,0,116.66,2,,v Australia,Sydney,8 Dec 2020,
T20,SV Samson,7,19,13,0,0,53.84,1,,v Sri Lanka,Colombo (RPS),28 Jul 2021,
T20,RG Sharma,7,25,15,0,0,46.66,1,,v West Indies,Eden Gardens,20 Feb 2022,
T20,RA Jadeja,7,7,4,0,1,175.0,2,,v England,Nottingham,10 Jul 2022,
T20,KD Karthik,7,21,13,0,0,53.84,1,,v West Indies,Basseterre,1 Aug 2022,
T20,R Ashwin,7,15,11,0,0,63.63,1,,v South Africa,Perth,30 Oct 2022,
T20,KD Karthik,7,12,5,1,0,140.0,1,,v Bangladesh,Adelaide,2 Nov 2022,
T20,AR Patel,7,6,6,1,0,116.66,1,,v Bangladesh,Adelaide,2 Nov 2022,
T20,Shubman Gill,7,16,5,1,0,140.0,1,,v Sri Lanka,Wankhede,3 Jan 2023,
T20,SA Yadav,7,13,10,1,0,70.0,1,,v Sri Lanka,Wankhede,3 Jan 2023,
T20,Shubman Gill,7,17,6,1,0,116.66,2,,v New Zealand,Ranchi,27 Jan 2023,
T20,Shubman Gill,7,12,9,0,1,77.77,1,,v West Indies,Providence,6 Aug 2023,
T20,SV Samson,7,8,7,1,0,100.0,1,,v West Indies,Providence,6 Aug 2023,
T20,SA Yadav,7,16,8,1,0,87.5,1,,v Pakistan,New York,9 Jun 2024,
T20,HH Pandya,7,24,12,1,0,58.33,1,,v Pakistan,New York,9 Jun 2024,
T20,RA Jadeja,7,11,5,1,0,140.0,1,,v Afghanistan,Bridgetown,20 Jun 2024,
T20,RD Gaikwad,7,13,9,1,0,77.77,2,,v Zimbabwe,Harare,6 Jul 2024,
T20,R Parag,7,8,6,1,0,116.66,1,,v Sri Lanka,Pallekele,27 Jul 2024,
T20,Abhishek Sharma,7,13,8,1,0,87.5,1,,v South Africa,Durban,8 Nov 2024,
T20,AR Patel,7,12,7,1,0,100.0,1,,v South Africa,Durban,8 Nov 2024,
T20,HH Pandya,7,5,6,1,0,116.66,2,,v England,Chennai,25 Jan 2025,
T20,AR Patel,7,13,12,0,0,58.33,1,,v Australia,Melbourne,31 Oct 2025,
T20,B Kumar,6*,13,6,0,0,100.0,1,,v Pakistan,Bengaluru,25 Dec 2012,
T20,HH Pandya,6*,3,1,0,1,600.0,1,,v Ireland,Dublin (Malahide),27 Jun 2018,
T20,SA Yadav,6*,3,2,0,1,300.0,2,,v Scotland,Dubai (DICS),5 Nov 2021,
T20,Arshdeep Singh,6*,3,3,1,0,200.0,1,,v West Indies,Providence,6 Aug 2023,
T20,Arshdeep Singh,6*,13,6,1,0,100.0,1,,v New Zealand,Nagpur,21 Jan 2026,
T20,RK Singh,6*,2,3,0,1,200.0,1,,v Netherlands,Ahmedabad,18 Feb 2026,
T20,RV Uthappa,6,8,4,1,0,150.0,1,,v England,Durban,19 Sep 2007,
T20,MS Dhoni,6,9,10,0,0,60.0,1,,v Pakistan,Johannesburg,24 Sep 2007,
T20,P Kumar,6,8,10,0,0,60.0,1,,v Australia,Melbourne,1 Feb 2008,
T20,G Gambhir,6,8,7,1,0,85.71,1,,v New Zealand,Christchurch,25 Feb 2009,
T20,Yuvraj Singh,6,-,8,0,0,75.0,2,,v Sri Lanka,Nagpur,9 Dec 2009,
T20,YK Pathan,6,16,8,0,0,75.0,1,,v South Africa,Durban,9 Jan 2011,
T20,G Gambhir,6,7,8,1,0,75.0,1,,v Sri Lanka,Pallekele,7 Aug 2012,
T20,SK Raina,6,11,10,0,0,60.0,1,,v Australia,Mirpur,30 Mar 2014,
T20,RA Jadeja,6,15,9,0,0,66.66,1,,v Sri Lanka,Pune,9 Feb 2016,
T20,A Nehra,6,21,19,0,0,31.57,1,,v Sri Lanka,Pune,9 Feb 2016,
T20,S Dhawan,6,24,15,1,0,40.0,2,,v Pakistan,Eden Gardens,19 Mar 2016,
T20,MK Pandey,6,7,7,1,0,85.71,1,,v Australia,Guwahati,10 Oct 2017,
T20,S Dhawan,6,9,6,1,0,100.0,1,,v New Zealand,Thiruvananthapuram,7 Nov 2017,
T20,SS Iyer,6,13,6,0,0,100.0,1,,v New Zealand,Thiruvananthapuram,7 Nov 2017,
T20,KL Rahul,6,-,8,0,0,75.0,1,,v England,Cardiff,6 Jul 2018,
T20,RG Sharma,6,-,6,1,0,100.0,2,,v West Indies,Eden Gardens,4 Nov 2018,
T20,MK Pandey,6,-,8,0,0,75.0,1,,v West Indies,Lauderhill,4 Aug 2019,
T20,RR Pant,6,-,9,0,0,66.66,1,,v Bangladesh,Nagpur,10 Nov 2019,
T20,SV Samson,6,-,2,0,1,300.0,1,,v Sri Lanka,Pune,10 Jan 2020,
T20,N Rana,6,21,15,0,0,40.0,1,,v Sri Lanka,Colombo (RPS),29 Jul 2021,
T20,RR Pant,6,17,8,0,0,75.0,1,,v South Africa,Visakhapatnam,14 Jun 2022,
T20,KD Karthik,6,14,8,0,0,75.0,1,,v South Africa,Visakhapatnam,14 Jun 2022,
T20,KD Karthik,6,11,7,1,0,85.71,2,,v England,Nottingham,10 Jul 2022,
T20,KD Karthik,6,14,9,0,0,66.66,1,,v West Indies,Lauderhill,6 Aug 2022,
T20,KL Rahul,6,14,7,1,0,85.71,1,,v Sri Lanka,Dubai (DICS),6 Sep 2022,
T20,SA Yadav,6,3,2,0,1,300.0,1,,v Afghanistan,Dubai (DICS),8 Sep 2022,
T20,AR Patel,6,13,5,1,0,120.0,1,,v Australia,Mohali,20 Sep 2022,
T20,KD Karthik,6,17,5,0,0,120.0,1,,v Australia,Mohali,20 Sep 2022,
T20,KD Karthik,6,33,15,0,0,40.0,1,,v South Africa,Perth,30 Oct 2022,
T20,RR Pant,6,13,4,1,0,150.0,1,,v England,Adelaide,10 Nov 2022,
T20,RR Pant,6,34,13,1,0,46.15,1,,v New Zealand,Mount Maunganui,20 Nov 2022,
T20,Ishan Kishan,6,23,9,1,0,66.66,2,,v West Indies,Tarouba,3 Aug 2023,
T20,Shubman Gill,6,20,11,1,0,54.54,2,,v West Indies,Providence,8 Aug 2023,
T20,YBK Jaiswal,6,8,6,1,0,100.0,1,,v Australia,Guwahati,28 Nov 2023,
T20,RK Singh,6,10,8,1,0,75.0,1,,v Australia,Bengaluru,3 Dec 2023,
T20,SA Yadav,6,2,2,0,1,300.0,1,,v Bangladesh,North Sound,22 Jun 2024,
T20,DC Jurel,6,24,14,1,0,42.85,2,,v Zimbabwe,Harare,6 Jul 2024,
T20,Arshdeep Singh,6,1,2,0,1,300.0,1,,v Bangladesh,Delhi,9 Oct 2024,
T20,Arshdeep Singh,6,10,4,1,0,150.0,2,,v England,Chennai,25 Jan 2025,
T20,Washington Sundar,6,11,15,0,0,40.0,2,,v England,Rajkot,28 Jan 2025,
T20,Mohammed Shami,6,3,4,0,1,150.0,2,,v England,Rajkot,28 Jan 2025,
T20,SV Samson,6,3,5,0,1,120.0,2,,v New Zealand,Raipur,23 Jan 2026,
T20,SV Samson,6,14,6,1,0,100.0,1,,v New Zealand,Thiruvananthapuram,31 Jan 2026,
T20,RK Singh,6,20,14,0,0,42.85,1,,v U.S.A.,Wankhede,7 Feb 2026,
T20,I Sharma,5*,-,2,1,0,250.0,2,,v Sri Lanka,Nagpur,9 Dec 2009,
T20,RA Jadeja,5*,10,6,0,0,83.33,2,,v West Indies,Bridgetown,9 May 2010,
T20,R Ashwin,5*,4,2,1,0,250.0,1,,v Bangladesh,Bengaluru,23 Mar 2016,
T20,RR Pant,5*,11,3,1,0,166.66,1,,v England,Bengaluru,1 Feb 2017,
T20,KD Karthik,5*,1,2,1,0,250.0,1,,v Sri Lanka,Indore,22 Dec 2017,
T20,C Sakariya,5*,17,9,0,0,55.55,1,,v Sri Lanka,Colombo (RPS),29 Jul 2021,
T20,B Kumar,5*,3,4,0,0,125.0,1,,v Pakistan,Dubai (DICS),24 Oct 2021,
T20,AR Patel,5*,8,2,1,0,250.0,1,,v South Africa,Visakhapatnam,14 Jun 2022,
T20,KD Karthik,5*,7,4,1,0,125.0,2,,v Ireland,Dublin (Malahide),26 Jun 2022,
T20,HH Pandya,5*,7,2,1,0,250.0,1,,v South Africa,Bridgetown,29 Jun 2024,
T20,Arshdeep Singh,5*,9,4,1,0,125.0,1,,v South Africa,Durban,8 Nov 2024,
T20,V Sehwag,5,10,3,1,0,166.66,1,,v Pakistan,Durban,14 Sep 2007,
T20,Yuvraj Singh,5,8,7,0,0,71.42,2,,v New Zealand,Johannesburg,16 Sep 2007,
T20,V Sehwag,5,12,4,1,0,125.0,2,,v Australia,Brabourne,20 Oct 2007,
T20,RA Jadeja,5,7,7,0,0,71.42,2,,v Sri Lanka,Colombo (RPS),10 Feb 2009,
T20,RG Sharma,5,6,3,1,0,166.66,1,,v West Indies,Lord's,12 Jun 2009,
T20,SK Raina,5,12,8,0,0,62.5,1,,v West Indies,Lord's,12 Jun 2009,
T20,MS Dhoni,5,11,12,0,0,41.66,2,,v South Africa,Nottingham,16 Jun 2009,
T20,SK Raina,5,7,5,1,0,100.0,2,,v Australia,Bridgetown,7 May 2010,
T20,RG Sharma,5,10,8,1,0,62.5,2,,v West Indies,Bridgetown,9 May 2010,
T20,M Vijay,5,3,5,1,0,100.0,2,,v Zimbabwe,Harare,12 Jun 2010,
T20,S Dhawan,5,13,11,0,0,45.45,1,,v West Indies,Port of Spain,4 Jun 2011,
T20,RG Sharma,5,1,3,1,0,166.66,1,,v Australia,Mirpur,30 Mar 2014,
T20,KM Jadhav,5,-,6,0,0,83.33,2,,v Zimbabwe,Harare,19 Jul 2015,
T20,MS Dhoni,5,20,8,0,0,62.5,1,,v South Africa,Cuttack,5 Oct 2015,
T20,S Dhawan,5,24,8,0,0,62.5,1,,v Australia,Adelaide,26 Jan 2016,
T20,RG Sharma,5,-,7,0,0,71.42,2,,v New Zealand,Nagpur,15 Mar 2016,
T20,Parvez Rasool,5,15,6,0,0,83.33,1,,v England,Kanpur,26 Jan 2017,
T20,MS Dhoni,5,16,7,0,0,71.42,1,,v England,Nagpur,29 Jan 2017,
T20,RG Sharma,5,9,6,1,0,83.33,2,,v New Zealand,Rajkot,4 Nov 2017,
T20,AR Patel,5,5,3,1,0,166.66,2,,v New Zealand,Rajkot,4 Nov 2017,
T20,RG Sharma,5,-,9,1,0,55.55,1,,v England,Cardiff,6 Jul 2018,
T20,S Dhawan,5,-,3,1,0,166.66,2,,v England,Bristol,8 Jul 2018,
T20,RR Pant,5,6,6,1,0,83.33,1,,v West Indies,Lucknow,6 Nov 2018,
T20,KD Karthik,5,8,6,0,0,83.33,2,,v New Zealand,Wellington,6 Feb 2019,
T20,S Dhawan,5,2,4,1,0,125.0,2,,v New Zealand,Hamilton,10 Feb 2019,
T20,RG Sharma,5,11,8,0,0,62.5,1,,v Australia,Visakhapatnam,24 Feb 2019,
T20,SS Iyer,5,21,8,0,0,62.5,1,,v South Africa,Bengaluru,22 Sep 2019,
T20,S Dube,5,-,6,1,0,83.33,1,,v New Zealand,Mount Maunganui,2 Feb 2020,
T20,RD Chahar,5,8,5,1,0,100.0,1,,v Sri Lanka,Colombo (RPS),29 Jul 2021,
T20,SS Iyer,5,14,8,0,0,62.5,2,,v New Zealand,Jaipur,17 Nov 2021,
T20,RG Sharma,5,8,9,1,0,55.55,2,,v Sri Lanka,Dharamsala,27 Feb 2022,
T20,VR Iyer,5,11,4,1,0,125.0,2,,v Sri Lanka,Dharamsala,27 Feb 2022,
T20,RR Pant,5,15,7,0,0,71.42,1,,v South Africa,Cuttack,12 Jun 2022,
T20,RD Gaikwad,5,11,7,1,0,71.42,1,,v South Africa,Rajkot,17 Jun 2022,
T20,HV Patel,5,13,6,1,0,83.33,2,,v England,Nottingham,10 Jul 2022,
T20,Mohammed Siraj,5,10,7,1,0,71.42,2,,v South Africa,Indore,4 Oct 2022,
T20,HH Pandya,5,8,6,0,0,83.33,1,,v Bangladesh,Adelaide,2 Nov 2022,
T20,KL Rahul,5,8,5,1,0,100.0,1,,v England,Adelaide,10 Nov 2022,
T20,SV Samson,5,10,6,0,0,83.33,1,,v Sri Lanka,Wankhede,3 Jan 2023,
T20,Shubman Gill,5,13,3,1,0,166.66,2,,v Sri Lanka,Pune,5 Jan 2023,
T20,RA Tripathi,5,9,5,1,0,100.0,2,,v Sri Lanka,Pune,5 Jan 2023,
T20,YBK Jaiswal,5,3,4,1,0,125.0,1,,v West Indies,Lauderhill,13 Aug 2023,
T20,JM Sharma,5,-,4,1,0,125.0,1,,v Nepal,Hangzhou,3 Oct 2023,
T20,SA Yadav,5,10,7,0,0,71.42,1,,v Australia,Bengaluru,3 Dec 2023,
T20,SV Samson,5,15,7,0,0,71.42,2,,v England,Chennai,25 Jan 2025,
T20,AR Patel,5,5,4,0,0,125.0,1,,v England,Pune,31 Jan 2025,
T20,Shubman Gill,5,7,8,1,0,62.5,1,,v Oman,Abu Dhabi,19 Sep 2025,
T20,S Dube,5,7,8,0,0,62.5,1,,v Oman,Abu Dhabi,19 Sep 2025,
T20,SA Yadav,5,17,11,0,0,45.45,1,,v Bangladesh,Dubai (DICS),24 Sep 2025,
T20,NT Tilak Varma,5,10,7,0,0,71.42,1,,v Bangladesh,Dubai (DICS),24 Sep 2025,
T20,Abhishek Sharma,5,6,6,1,0,83.33,2,,v Pakistan,Dubai (DICS),28 Sep 2025,
T20,Shubman Gill,5,16,10,0,0,50.0,1,,v Australia,Melbourne,31 Oct 2025,
T20,NT Tilak Varma,5,12,6,0,0,83.33,1,,v Australia,Carrara,6 Nov 2025,
T20,SA Yadav,5,9,4,1,0,125.0,2,,v South Africa,New Chandigarh,11 Dec 2025,
T20,SA Yadav,5,14,7,0,0,71.42,1,,v South Africa,Ahmedabad,19 Dec 2025,
T20,AR Patel,5,10,5,0,0,100.0,1,,v New Zealand,Nagpur,21 Jan 2026,
T20,HH Pandya,5,4,6,1,0,83.33,1,,v U.S.A.,Wankhede,7 Feb 2026,
T20,KD Karthik,4*,2,1,1,0,400.0,2,,v Sri Lanka,Mohali,12 Dec 2009,
T20,RG Sharma,4*,2,2,0,0,200.0,2,,v New Zealand,Chennai,11 Sep 2012,
T20,RG Sharma,4*,1,2,1,0,200.0,1,,v Pakistan,Ahmedabad,28 Dec 2012,
T20,MS Dhoni,4*,10,7,0,0,57.14,1,,v Sri Lanka,Mirpur,6 Apr 2014,
T20,AM Rahane,4*,9,4,0,0,100.0,2,,v West Indies,Lauderhill,28 Aug 2016,
T20,MK Pandey,4*,-,6,0,0,66.66,2,,v West Indies,Chennai,11 Nov 2018,
T20,Kuldeep Yadav,4*,-,1,1,0,400.0,2,,v Australia,Brisbane,21 Nov 2018,
T20,B Kumar,4*,9,6,0,0,66.66,1,,v South Africa,Perth,30 Oct 2022,
T20,Umran Malik,4*,1,1,1,0,400.0,2,,v New Zealand,Ranchi,27 Jan 2023,
T20,Mukesh Kumar,4*,1,1,1,0,400.0,1,,v West Indies,Lauderhill,13 Aug 2023,
T20,Ravi Bishnoi,4*,4,3,1,0,133.33,2,,v England,Rajkot,28 Jan 2025,
T20,RK Singh,4*,4,1,1,0,400.0,2,,v Pakistan,Dubai (DICS),28 Sep 2025,
T20,RG Sharma,4,13,11,0,0,36.36,2,,v Sri Lanka,Colombo (RPS),10 Feb 2009,
T20,Z Khan,4,1,3,0,0,133.33,2,,v South Africa,Nottingham,16 Jun 2009,
T20,G Gambhir,4,11,6,0,0,66.66,2,,v Afghanistan,Gros Islet,1 May 2010,
T20,RA Jadeja,4,6,5,0,0,80.0,2,,v Australia,Bridgetown,7 May 2010,
T20,YK Pathan,4,16,7,0,0,57.14,2,,v Zimbabwe,Harare,13 Jun 2010,
T20,V Kohli,4,5,5,0,0,80.0,1,,v England,Manchester,31 Aug 2011,
T20,R Ashwin,4,1,2,1,0,200.0,1,,v England,Manchester,31 Aug 2011,
T20,V Sehwag,4,2,3,1,0,133.33,2,,v Australia,Sydney,1 Feb 2012,
T20,Yuvraj Singh,4,6,5,0,0,80.0,1,,v England,Wankhede,22 Dec 2012,
T20,AM Rahane,4,-,3,1,0,133.33,2,,v Zimbabwe,Harare,19 Jul 2015,
T20,AM Rahane,4,3,4,1,0,100.0,1,,v Sri Lanka,Pune,9 Feb 2016,
T20,Yuvraj Singh,4,-,5,1,0,80.0,2,,v New Zealand,Nagpur,15 Mar 2016,
T20,Mandeep Singh,4,14,6,0,0,66.66,1,,v Zimbabwe,Harare,22 Jun 2016,
T20,Yuvraj Singh,4,9,12,0,0,33.33,1,,v England,Nagpur,29 Jan 2017,
T20,KM Jadhav,4,-,4,0,0,100.0,1,,v West Indies,Kingston,9 Jul 2017,
T20,KL Rahul,4,14,9,0,0,44.44,2,,v Sri Lanka,Wankhede,24 Dec 2017,
T20,HH Pandya,4,7,4,0,0,100.0,2,,v Sri Lanka,Wankhede,24 Dec 2017,
T20,S Dhawan,4,-,4,1,0,100.0,2,,v England,Manchester,3 Jul 2018,
T20,RG Sharma,4,-,6,1,0,66.66,2,,v West Indies,Chennai,11 Nov 2018,
T20,V Kohli,4,-,8,0,0,50.0,2,,v Australia,Brisbane,21 Nov 2018,
T20,RR Pant,4,13,10,0,0,40.0,2,,v New Zealand,Wellington,6 Feb 2019,
T20,HH Pandya,4,3,4,1,0,100.0,2,,v New Zealand,Wellington,6 Feb 2019,
T20,RR Pant,4,-,5,0,0,80.0,1,,v West Indies,Lauderhill,4 Aug 2019,
T20,RR Pant,4,11,5,0,0,80.0,2,,v South Africa,Mohali,18 Sep 2019,
T20,KH Pandya,4,8,7,0,0,57.14,1,,v South Africa,Bengaluru,22 Sep 2019,
T20,Washington Sundar,4,3,1,1,0,400.0,1,,v South Africa,Bengaluru,22 Sep 2019,
T20,SS Iyer,4,-,6,0,0,66.66,2,,v West Indies,Hyderabad,6 Dec 2019,
T20,SS Iyer,4,-,2,1,0,200.0,1,,v Sri Lanka,Pune,10 Jan 2020,
T20,S Dhawan,4,23,12,0,0,33.33,1,,v England,Ahmedabad,12 Mar 2021,
T20,Ishan Kishan,4,14,9,0,0,44.44,1,,v England,Ahmedabad,16 Mar 2021,
T20,Washington Sundar,4,5,2,1,0,200.0,1,,v England,Ahmedabad,18 Mar 2021,
T20,Ishan Kishan,4,14,8,1,0,50.0,1,,v New Zealand,Dubai (DICS),31 Oct 2021,
T20,VR Iyer,4,5,2,1,0,200.0,2,,v New Zealand,Jaipur,17 Nov 2021,
T20,RR Pant,4,9,6,0,0,66.66,1,,v New Zealand,Eden Gardens,21 Nov 2021,
T20,RD Gaikwad,4,13,8,1,0,50.0,1,,v West Indies,Eden Gardens,20 Feb 2022,
T20,SS Iyer,4,8,2,1,0,200.0,1,,v South Africa,Rajkot,17 Jun 2022,
T20,HH Pandya,4,15,6,0,0,66.66,2,,v West Indies,Basseterre,2 Aug 2022,
T20,KL Rahul,4,13,8,0,0,50.0,2,,v Pakistan,Melbourne,23 Oct 2022,
T20,RG Sharma,4,20,7,0,0,57.14,2,,v Pakistan,Melbourne,23 Oct 2022,
T20,HH Pandya,4,6,4,0,0,100.0,1,,v Sri Lanka,Rajkot,7 Jan 2023,
T20,DJ Hooda,4,7,2,1,0,200.0,1,,v Sri Lanka,Rajkot,7 Jan 2023,
T20,Ishan Kishan,4,7,5,1,0,80.0,2,,v New Zealand,Ranchi,27 Jan 2023,
T20,Ravi Bishnoi,4,5,3,0,0,133.33,1,,v Australia,Raipur,1 Dec 2023,
T20,JM Sharma,4,10,4,1,0,100.0,1,,v South Africa,Johannesburg,14 Dec 2023,
T20,RA Jadeja,4,4,2,1,0,200.0,1,,v South Africa,Johannesburg,14 Dec 2023,
T20,YBK Jaiswal,4,12,6,0,0,66.66,1,,v Afghanistan,Bengaluru,17 Jan 2024,
T20,V Kohli,4,7,3,1,0,133.33,1,,v Pakistan,New York,9 Jun 2024,
T20,RR Pant,4,12,6,0,0,66.66,1,,v England,Providence,27 Jun 2024,
T20,Abhishek Sharma,4,10,4,1,0,100.0,1,,v Bangladesh,Hyderabad,12 Oct 2024,
T20,Abhishek Sharma,4,10,5,1,0,80.0,1,,v South Africa,Gqeberha,10 Nov 2024,
T20,SA Yadav,4,23,9,0,0,44.44,1,,v South Africa,Gqeberha,10 Nov 2024,
T20,DC Jurel,4,8,5,0,0,80.0,2,,v England,Chennai,25 Jan 2025,
T20,Shubman Gill,4,9,3,1,0,133.33,1,,v Sri Lanka,Dubai (DICS),26 Sep 2025,
T20,S Dube,4,2,2,1,0,200.0,1,,v Australia,Melbourne,31 Oct 2025,
T20,Shubman Gill,4,3,2,1,0,200.0,1,,v South Africa,Cuttack,9 Dec 2025,
T20,Arshdeep Singh,4,2,3,1,0,133.33,2,,v South Africa,New Chandigarh,11 Dec 2025,
T20,JJ Bumrah,4,4,2,1,0,200.0,2,,v New Zealand,Visakhapatnam,28 Jan 2026,
T20,Arshdeep Singh,4,16,6,1,0,66.66,1,,v U.S.A.,Wankhede,7 Feb 2026,
T20,SK Raina,3*,15,4,0,0,75.0,2,,v South Africa,Johannesburg,1 Dec 2006,
T20,IK Pathan,3*,9,3,0,0,100.0,1,,v Pakistan,Johannesburg,24 Sep 2007,
T20,I Sharma,3*,8,6,0,0,50.0,1,,v Australia,Melbourne,1 Feb 2008,
T20,Yuvraj Singh,3*,7,4,0,0,75.0,2,,v Ireland,Nottingham,10 Jun 2009,
T20,AB Dinda,3*,8,4,0,0,75.0,1,,v Pakistan,Bengaluru,25 Dec 2012,
T20,AT Rayudu,3*,15,5,0,0,60.0,2,,v England,Birmingham,7 Sep 2014,
T20,MM Sharma,3*,-,3,0,0,100.0,2,,v Zimbabwe,Harare,19 Jul 2015,
T20,YS Chahal,3*,1,2,0,0,150.0,1,,v Australia,Guwahati,10 Oct 2017,
T20,B Kumar,3*,2,1,0,0,300.0,1,,v South Africa,Cape Town,24 Feb 2018,
T20,Washington Sundar,3*,15,3,0,0,100.0,1,,v England,Ahmedabad,12 Mar 2021,
T20,KH Pandya,3*,-,3,0,0,100.0,1,,v Sri Lanka,Colombo (RPS),25 Jul 2021,
T20,RA Jadeja,3*,14,4,0,0,75.0,1,,v Sri Lanka,Lucknow,24 Feb 2022,
T20,AR Patel,3*,13,5,0,0,60.0,1,,v Bangladesh,North Sound,22 Jun 2024,
T20,HH Pandya,3*,5,4,0,0,75.0,2,,v England,Eden Gardens,22 Jan 2025,
T20,SK Raina,3,7,8,0,0,37.5,2,,v South Africa,Nottingham,16 Jun 2009,
T20,RG Sharma,3,-,4,0,0,75.0,2,,v Sri Lanka,Nagpur,9 Dec 2009,
T20,G Gambhir,3,12,6,0,0,50.0,2,,v New Zealand,Chennai,11 Sep 2012,
T20,AM Rahane,3,8,5,0,0,60.0,1,,v England,Wankhede,22 Dec 2012,
T20,RA Jadeja,3,9,3,0,0,100.0,1,,v Australia,Mirpur,30 Mar 2014,
T20,AM Rahane,3,6,8,0,0,37.5,1,,v Sri Lanka,Mirpur,6 Apr 2014,
T20,S Dhawan,3,16,4,0,0,75.0,1,,v South Africa,Dharamsala,2 Oct 2015,
T20,Yuvraj Singh,3,8,6,0,0,50.0,1,,v Bangladesh,Bengaluru,23 Mar 2016,
T20,MK Pandey,3,4,5,0,0,60.0,1,,v England,Kanpur,26 Jan 2017,
T20,S Dhawan,3,-,8,0,0,37.5,2,,v West Indies,Eden Gardens,4 Nov 2018,
T20,RR Pant,3,6,5,0,0,60.0,1,,v Australia,Visakhapatnam,24 Feb 2019,
T20,S Dhawan,3,-,5,0,0,60.0,2,,v West Indies,Providence,6 Aug 2019,
T20,S Dube,3,11,7,0,0,42.85,1,,v New Zealand,Hamilton,29 Jan 2020,
T20,KL Rahul,3,15,8,0,0,37.5,1,,v Pakistan,Dubai (DICS),24 Oct 2021,
T20,Ishan Kishan,3,9,5,0,0,60.0,1,,v Ireland,Dublin (Malahide),28 Jun 2022,
T20,HV Patel,3,13,6,0,0,50.0,1,,v England,Southampton,7 Jul 2022,
T20,DJ Hooda,3,8,4,0,0,75.0,1,,v Sri Lanka,Dubai (DICS),6 Sep 2022,
T20,V Kohli,3,19,9,0,0,33.33,2,,v South Africa,Thiruvananthapuram,28 Sep 2022,
T20,RR Pant,3,7,5,0,0,60.0,1,,v Zimbabwe,Melbourne,6 Nov 2022,
T20,Shubman Gill,3,9,9,0,0,33.33,2,,v West Indies,Tarouba,3 Aug 2023,
T20,Kuldeep Yadav,3,21,9,0,0,33.33,2,,v West Indies,Tarouba,3 Aug 2023,
T20,S Dube,3,7,9,0,0,33.33,1,,v Pakistan,New York,9 Jun 2024,
T20,RG Sharma,3,12,6,0,0,50.0,2,,v U.S.A.,New York,12 Jun 2024,
T20,SA Yadav,3,9,4,0,0,75.0,1,,v South Africa,Bridgetown,29 Jun 2024,
T20,SV Samson,3,11,6,0,0,50.0,2,,v England,Rajkot,28 Jan 2025,
T20,JM Sharma,3,9,4,0,0,75.0,1,,v Australia,Carrara,6 Nov 2025,
T20,RP Singh,2*,4,2,0,0,100.0,2,,v South Africa,Nottingham,16 Jun 2009,
T20,R Vinay Kumar,2*,5,4,0,0,50.0,1,,v England,Manchester,31 Aug 2011,
T20,R Ashwin,2*,5,3,0,0,66.66,1,,v Australia,Mirpur,30 Mar 2014,
T20,AR Patel,2*,7,3,0,0,66.66,1,,v South Africa,Dharamsala,2 Oct 2015,
T20,B Kumar,2*,12,3,0,0,66.66,2,,v New Zealand,Rajkot,4 Nov 2017,
T20,KD Karthik,2*,-,2,0,0,100.0,2,,v Bangladesh,Colombo (RPS),8 Mar 2018,
T20,KD Karthik,2*,-,2,0,0,100.0,1,,v Bangladesh,Colombo (RPS),14 Mar 2018,
T20,MK Pandey,2*,-,5,0,0,40.0,2,,v West Indies,Providence,6 Aug 2019,
T20,V Kohli,2*,7,2,0,0,100.0,2,,v Scotland,Dubai (DICS),5 Nov 2021,
T20,AR Patel,2*,26,4,0,0,50.0,1,,v New Zealand,Eden Gardens,21 Nov 2021,
T20,Arshdeep Singh,2*,2,1,0,0,200.0,1,,v England,Southampton,7 Jul 2022,
T20,Arshdeep Singh,2*,2,1,0,0,200.0,1,,v South Africa,Perth,30 Oct 2022,
T20,DJ Hooda,2*,6,2,0,0,100.0,1,,v New Zealand,Ahmedabad,1 Feb 2023,
T20,Arshdeep Singh,2*,4,2,0,0,100.0,1,,v Australia,Bengaluru,3 Dec 2023,
T20,Mohammed Siraj,2*,2,1,0,0,200.0,1,,v South Africa,Johannesburg,14 Dec 2023,
T20,Arshdeep Singh,2*,8,2,0,0,100.0,1,,v Afghanistan,Bridgetown,20 Jun 2024,
T20,RR Pant,2*,4,2,0,0,100.0,2,,v Sri Lanka,Pallekele,28 Jul 2024,
T20,AR Patel,2*,5,2,0,0,100.0,1,,v England,Wankhede,5 Mar 2026,
T20,MS Dhoni,2,5,6,0,0,33.33,1,,v New Zealand,Christchurch,25 Feb 2009,
T20,IK Pathan,2,7,3,0,0,66.66,1,,v West Indies,Lord's,12 Jun 2009,
T20,SK Raina,2,7,5,0,0,40.0,2,,v England,Lord's,14 Jun 2009,
T20,M Vijay,2,8,7,0,0,28.57,2,,v Australia,Bridgetown,7 May 2010,
T20,MS Dhoni,2,10,8,0,0,25.0,2,,v Australia,Bridgetown,7 May 2010,
T20,NV Ojha,2,12,9,0,0,22.22,2,,v Zimbabwe,Harare,12 Jun 2010,
T20,SK Raina,2,5,6,0,0,33.33,1,,v West Indies,Port of Spain,4 Jun 2011,
T20,V Kohli,2,5,6,0,0,33.33,1,,v South Africa,Colombo (RPS),2 Oct 2012,
T20,RG Sharma,2,8,2,0,0,100.0,1,,v Pakistan,Bengaluru,25 Dec 2012,
T20,RA Jadeja,2,4,4,0,0,50.0,1,,v Pakistan,Bengaluru,25 Dec 2012,
T20,MS Dhoni,2,2,2,0,0,100.0,1,,v Sri Lanka,Pune,9 Feb 2016,
T20,HH Pandya,2,10,6,0,0,33.33,1,,v Sri Lanka,Pune,9 Feb 2016,
T20,S Dhawan,2,6,4,0,0,50.0,1,,v Bangladesh,Mirpur,24 Feb 2016,
T20,HH Pandya,2,3,4,0,0,50.0,2,,v Sri Lanka,Mirpur,1 Mar 2016,
T20,HH Pandya,2,3,3,0,0,66.66,1,,v England,Nagpur,29 Jan 2017,
T20,V Kohli,2,6,4,0,0,50.0,1,,v England,Bengaluru,1 Feb 2017,
T20,MS Dhoni,2,-,3,0,0,66.66,1,,v West Indies,Kingston,9 Jul 2017,
T20,S Dhawan,2,25,6,0,0,33.33,1,,v Australia,Guwahati,10 Oct 2017,
T20,KH Pandya,2,-,4,0,0,50.0,2,,v Australia,Brisbane,21 Nov 2018,
T20,MS Dhoni,2,9,4,0,0,50.0,2,,v New Zealand,Hamilton,10 Feb 2019,
T20,UT Yadav,2,8,4,0,0,50.0,1,,v Australia,Visakhapatnam,24 Feb 2019,
T20,RG Sharma,2,-,6,0,0,33.33,1,,v Bangladesh,Nagpur,10 Nov 2019,
T20,SV Samson,2,-,5,0,0,40.0,1,,v New Zealand,Mount Maunganui,2 Feb 2020,
T20,MK Pandey,2,-,8,0,0,25.0,1,,v Australia,Canberra,4 Dec 2020,
T20,Ishan Kishan,2,12,10,0,0,20.0,1,,v West Indies,Eden Gardens,18 Feb 2022,
T20,B Kumar,2,10,4,0,0,50.0,1,,v England,Birmingham,9 Jul 2022,
T20,Ravi Bishnoi,2,2,2,0,0,100.0,2,,v England,Nottingham,10 Jul 2022,
T20,V Kohli,2,12,7,0,0,28.57,1,,v Australia,Mohali,20 Sep 2022,
T20,R Ashwin,2,11,4,0,0,50.0,2,,v South Africa,Indore,4 Oct 2022,
T20,AR Patel,2,7,3,0,0,66.66,2,,v Pakistan,Melbourne,23 Oct 2022,
T20,HH Pandya,2,6,3,0,0,66.66,1,,v South Africa,Perth,30 Oct 2022,
T20,RG Sharma,2,18,8,0,0,25.0,1,,v Bangladesh,Adelaide,2 Nov 2022,
T20,Ishan Kishan,2,6,5,0,0,40.0,2,,v Sri Lanka,Pune,5 Jan 2023,
T20,Shivam Mavi,2,5,3,0,0,66.66,2,,v New Zealand,Ranchi,27 Jan 2023,
T20,NT Tilak Varma,2,-,10,0,0,20.0,1,,v Nepal,Hangzhou,3 Oct 2023,
T20,AR Patel,2,11,6,0,0,33.33,2,,v Australia,Visakhapatnam,23 Nov 2023,
T20,Ravi Bishnoi,2,9,2,0,0,100.0,1,,v Australia,Bengaluru,3 Dec 2023,
T20,SA Yadav,2,9,4,0,0,50.0,2,,v Ireland,New York,5 Jun 2024,
T20,RA Jadeja,2,1,2,0,0,100.0,1,,v South Africa,Bridgetown,29 Jun 2024,
T20,R Parag,2,6,3,0,0,66.66,2,,v Zimbabwe,Harare,6 Jul 2024,
T20,Shubman Gill,2,5,4,0,0,50.0,1,,v Zimbabwe,Harare,7 Jul 2024,
T20,HH Pandya,2,10,6,0,0,33.33,1,,v South Africa,Durban,8 Nov 2024,
T20,AR Patel,2,5,3,0,0,66.66,2,,v England,Chennai,25 Jan 2025,
T20,DC Jurel,2,52,4,0,0,50.0,2,,v England,Rajkot,28 Jan 2025,
T20,SA Yadav,2,6,3,0,0,66.66,1,,v England,Wankhede,2 Feb 2025,
T20,S Dube,2,6,3,0,0,66.66,1,,v Bangladesh,Dubai (DICS),24 Sep 2025,
T20,HH Pandya,2,4,3,0,0,66.66,1,,v Sri Lanka,Dubai (DICS),26 Sep 2025,
T20,SV Samson,2,5,4,0,0,50.0,1,,v Australia,Melbourne,31 Oct 2025,
T20,HH Pandya,2,9,5,0,0,40.0,2,,v New Zealand,Visakhapatnam,28 Jan 2026,
T20,Arshdeep Singh,2,2,2,0,0,100.0,1,,v Namibia,Delhi,12 Feb 2026,
T20,S Sreesanth,1*,2,3,0,0,33.33,1,,v Pakistan,Durban,14 Sep 2007,
T20,RP Singh,1*,5,1,0,0,100.0,2,,v New Zealand,Johannesburg,16 Sep 2007,
T20,YK Pathan,1*,10,1,0,0,100.0,1,,v Bangladesh,Nottingham,6 Jun 2009,
T20,RG Sharma,1*,2,1,0,0,100.0,1,,v Afghanistan,Colombo (RPS),19 Sep 2012,
T20,SK Raina,1*,2,1,0,0,100.0,1,,v England,Colombo (RPS),23 Sep 2012,
T20,Harbhajan Singh,1*,2,1,0,0,100.0,1,,v Australia,Colombo (RPS),28 Sep 2012,
T20,SK Raina,1*,4,1,0,0,100.0,1,,v Pakistan,Ahmedabad,28 Dec 2012,
T20,SK Raina,1*,2,1,0,0,100.0,2,,v West Indies,Mirpur,23 Mar 2014,
T20,Sandeep Sharma,1*,-,1,0,0,100.0,2,,v Zimbabwe,Harare,19 Jul 2015,
T20,RA Jadeja,1*,-,1,0,0,100.0,1,,v Sri Lanka,Ranchi,12 Feb 2016,
T20,R Dhawan,1*,-,2,0,0,50.0,2,,v Zimbabwe,Harare,18 Jun 2016,
T20,DS Kulkarni,1*,7,1,0,0,100.0,1,,v Zimbabwe,Harare,22 Jun 2016,
T20,MS Dhoni,1*,-,1,0,0,100.0,2,,v Sri Lanka,Colombo (RPS),6 Sep 2017,
T20,JJ Bumrah,1*,2,2,0,0,50.0,2,,v New Zealand,Rajkot,4 Nov 2017,
T20,MK Pandey,1*,4,1,0,0,100.0,1,,v Sri Lanka,Indore,22 Dec 2017,
T20,AR Patel,1*,5,1,0,0,100.0,1,,v South Africa,Cape Town,24 Feb 2018,
T20,B Kumar,1*,-,1,0,0,100.0,2,,v Australia,Brisbane,21 Nov 2018,
T20,KK Ahmed,1*,2,1,0,0,100.0,2,,v New Zealand,Wellington,6 Feb 2019,
T20,DL Chahar,1*,-,1,0,0,100.0,1,,v West Indies,Thiruvananthapuram,8 Dec 2019,
T20,RR Pant,1*,-,1,0,0,100.0,2,,v Sri Lanka,Indore,7 Jan 2020,
T20,NA Saini,1*,1,1,0,0,100.0,1,,v Sri Lanka,Colombo (RPS),28 Jul 2021,
T20,AR Patel,1*,4,1,0,0,100.0,2,,v New Zealand,Jaipur,17 Nov 2021,
T20,HV Patel,1*,3,1,0,0,100.0,1,,v West Indies,Eden Gardens,18 Feb 2022,
T20,KD Karthik,1*,5,2,0,0,50.0,1,,v South Africa,Delhi,9 Jun 2022,
T20,HV Patel,1*,4,1,0,0,100.0,1,,v South Africa,Rajkot,17 Jun 2022,
T20,RR Pant,1*,2,1,0,0,100.0,1,,v South Africa,Bengaluru,19 Jun 2022,
T20,B Kumar,1*,3,1,0,0,100.0,1,,v Ireland,Dublin (Malahide),28 Jun 2022,
T20,B Kumar,1*,4,1,0,0,100.0,1,,v England,Southampton,7 Jul 2022,
T20,Avesh Khan,1*,7,1,0,0,100.0,2,,v England,Nottingham,10 Jul 2022,
T20,Arshdeep Singh,1*,4,1,0,0,100.0,1,,v West Indies,Basseterre,1 Aug 2022,
T20,Avesh Khan,1*,2,2,0,0,50.0,1,,v West Indies,Lauderhill,7 Aug 2022,
T20,KD Karthik,1*,3,1,0,0,100.0,2,,v Pakistan,Dubai (DICS),28 Aug 2022,
T20,Arshdeep Singh,1*,4,1,0,0,100.0,1,,v Sri Lanka,Dubai (DICS),6 Sep 2022,
T20,KD Karthik,1*,4,1,0,0,100.0,2,,v Australia,Hyderabad,25 Sep 2022,
T20,R Ashwin,1*,2,1,0,0,100.0,2,,v Pakistan,Melbourne,23 Oct 2022,
T20,B Kumar,1*,1,1,0,0,100.0,1,,v New Zealand,Mount Maunganui,20 Nov 2022,
T20,Umran Malik,1*,3,1,0,0,100.0,2,,v Sri Lanka,Pune,5 Jan 2023,
T20,YS Chahal,1*,5,1,0,0,100.0,2,,v West Indies,Tarouba,3 Aug 2023,
T20,Mukesh Kumar,1*,1,1,0,0,100.0,2,,v West Indies,Tarouba,3 Aug 2023,
T20,SV Samson,1*,1,1,0,0,100.0,2,,v Ireland,Dublin (Malahide),18 Aug 2023,
T20,Avesh Khan,1*,3,1,0,0,100.0,1,,v Australia,Raipur,1 Dec 2023,
T20,Arshdeep Singh,1*,1,1,0,0,100.0,1,,v England,Providence,27 Jun 2024,
T20,RK Singh,1*,1,1,0,0,100.0,1,,v Zimbabwe,Harare,10 Jul 2024,
T20,Washington Sundar,1*,3,1,0,0,100.0,1,,v Zimbabwe,Harare,14 Jul 2024,
T20,Arshdeep Singh,1*,1,1,0,0,100.0,1,,v Sri Lanka,Pallekele,27 Jul 2024,
T20,MP Yadav,1*,1,1,0,0,100.0,1,,v Bangladesh,Delhi,9 Oct 2024,
T20,Washington Sundar,1*,1,1,0,0,100.0,1,,v Bangladesh,Hyderabad,12 Oct 2024,
T20,AR Patel,1*,1,1,0,0,100.0,1,,v South Africa,Centurion,13 Nov 2024,
T20,CV Varun,1*,2,2,0,0,50.0,2,,v England,Rajkot,28 Jan 2025,
T20,Kuldeep Yadav,1*,5,3,0,0,33.33,1,,v Oman,Abu Dhabi,19 Sep 2025,
T20,CV Varun,1*,2,1,0,0,100.0,1,,v Australia,Carrara,6 Nov 2025,
T20,CV Varun,1*,5,1,0,0,100.0,1,,v Namibia,Delhi,12 Feb 2026,
T20,Yuvraj Singh,1,8,4,0,0,25.0,1,,v Pakistan,Durban,14 Sep 2007,
T20,Harbhajan Singh,1,4,4,0,0,25.0,1,,v Pakistan,Durban,14 Sep 2007,
T20,AB Agarkar,1,4,2,0,0,50.0,2,,v New Zealand,Johannesburg,16 Sep 2007,
T20,RV Uthappa,1,7,3,0,0,33.33,1,,v Australia,Melbourne,1 Feb 2008,
T20,Harbhajan Singh,1,5,3,0,0,33.33,1,,v Australia,Melbourne,1 Feb 2008,
T20,V Sehwag,1,4,1,0,0,100.0,2,,v Sri Lanka,Colombo (RPS),10 Feb 2009,
T20,Yuvraj Singh,1,4,3,0,0,33.33,1,,v New Zealand,Christchurch,25 Feb 2009,
T20,Yuvraj Singh,1,5,2,0,0,50.0,2,,v Australia,Bridgetown,7 May 2010,
T20,YK Pathan,1,6,5,0,0,20.0,2,,v Australia,Bridgetown,7 May 2010,
T20,Yuvraj Singh,1,2,2,0,0,50.0,1,,v Sri Lanka,Gros Islet,11 May 2010,
T20,RG Sharma,1,7,3,0,0,33.33,1,,v England,Manchester,31 Aug 2011,
T20,P Kumar,1,5,4,0,0,25.0,1,,v England,Manchester,31 Aug 2011,
T20,RV Uthappa,1,6,3,0,0,33.33,1,,v England,Eden Gardens,29 Oct 2011,
T20,RG Sharma,1,5,2,0,0,50.0,1,,v Australia,Colombo (RPS),28 Sep 2012,
T20,R Ashwin,1,5,3,0,0,33.33,1,,v England,Wankhede,22 Dec 2012,
T20,MS Dhoni,1,7,2,0,0,50.0,1,,v Pakistan,Bengaluru,25 Dec 2012,
T20,Yuvraj Singh,1,3,2,0,0,50.0,2,,v Pakistan,Mirpur,21 Mar 2014,
T20,S Dhawan,1,11,6,0,0,16.66,2,,v Bangladesh,Mirpur,28 Mar 2014,
T20,V Kohli,1,3,1,0,0,100.0,1,,v South Africa,Cuttack,5 Oct 2015,
T20,SK Raina,1,10,4,0,0,25.0,2,,v Pakistan,Mirpur,27 Feb 2016,
T20,S Dhawan,1,9,3,0,0,33.33,2,,v Sri Lanka,Mirpur,1 Mar 2016,
T20,RG Sharma,1,8,5,0,0,20.0,2,,v Bangladesh,Mirpur,6 Mar 2016,
T20,S Dhawan,1,-,3,0,0,33.33,2,,v New Zealand,Nagpur,15 Mar 2016,
T20,SK Raina,1,-,2,0,0,50.0,2,,v New Zealand,Nagpur,15 Mar 2016,
T20,HH Pandya,1,-,7,0,0,14.28,2,,v New Zealand,Nagpur,15 Mar 2016,
T20,B Kumar,1,6,6,0,0,16.66,1,,v Australia,Guwahati,10 Oct 2017,
T20,S Dhawan,1,6,4,0,0,25.0,2,,v New Zealand,Rajkot,4 Nov 2017,
T20,HH Pandya,1,3,2,0,0,50.0,2,,v New Zealand,Rajkot,4 Nov 2017,
T20,V Kohli,1,6,5,0,0,20.0,1,,v South Africa,Centurion,21 Feb 2018,
T20,SK Raina,1,-,3,0,0,33.33,1,,v Sri Lanka,Colombo (RPS),6 Mar 2018,
T20,RR Pant,1,-,4,0,0,25.0,2,,v West Indies,Eden Gardens,4 Nov 2018,
T20,RG Sharma,1,10,5,0,0,20.0,2,,v New Zealand,Wellington,6 Feb 2019,
T20,B Kumar,1,3,3,0,0,33.33,2,,v New Zealand,Wellington,6 Feb 2019,
T20,YS Chahal,1,7,3,0,0,33.33,2,,v New Zealand,Wellington,6 Feb 2019,
T20,KD Karthik,1,2,3,0,0,33.33,1,,v Australia,Visakhapatnam,24 Feb 2019,
T20,KH Pandya,1,8,6,0,0,16.66,1,,v Australia,Visakhapatnam,24 Feb 2019,
T20,RR Pant,1,6,6,0,0,16.66,1,,v Australia,Bengaluru,27 Feb 2019,
T20,S Dhawan,1,-,7,0,0,14.28,2,,v West Indies,Lauderhill,3 Aug 2019,
T20,S Dube,1,-,4,0,0,25.0,1,,v Bangladesh,Delhi,3 Nov 2019,
T20,SS Iyer,1,10,7,0,0,14.28,1,,v New Zealand,Wellington,31 Jan 2020,
T20,YS Chahal,1,6,2,0,0,50,1,,v New Zealand,Wellington,31 Jan 2020,
T20,S Dhawan,1,-,6,0,0,16.66,1,,v Australia,Canberra,4 Dec 2020,
T20,KL Rahul,1,5,4,0,0,25,1,,v England,Ahmedabad,12 Mar 2021,
T20,V Kohli,1,3,5,0,0,20,1,,v England,Ahmedabad,18 Mar 2021,
T20,SA Yadav,1,3,2,0,0,50,2,,v New Zealand,Ranchi,19 Nov 2021,
T20,RG Sharma,1,5,2,0,0,50,2,,v Sri Lanka,Dharamsala,26 Feb 2022,
T20,RD Gaikwad,1,5,4,0,0,25,1,,v South Africa,Cuttack,12 Jun 2022,
T20,V Kohli,1,8,3,0,0,33.33,1,,v England,Birmingham,9 Jul 2022,
T20,RR Pant,1,7,5,0,0,20,2,,v England,Nottingham,10 Jul 2022,
T20,HH Pandya,1,10,3,0,0,33.33,1,,v West Indies,Tarouba,29 Jul 2022,
T20,B Kumar,1,6,3,0,0,33.33,1,,v West Indies,Basseterre,1 Aug 2022,
T20,KL Rahul,1,6,4,0,0,25,2,,v Australia,Hyderabad,25 Sep 2022,
T20,SS Iyer,1,9,4,0,0,25,2,,v South Africa,Indore,4 Oct 2022,
T20,KD Karthik,1,10,2,0,0,50,2,,v Pakistan,Melbourne,23 Oct 2022,
T20,Ishan Kishan,1,4,2,0,0,50,1,,v Sri Lanka,Rajkot,7 Jan 2023,
T20,Ishan Kishan,1,8,3,0,0,33.33,1,,v New Zealand,Ahmedabad,1 Feb 2023,
T20,SA Yadav,1,4,3,0,0,33.33,1,,v West Indies,Providence,6 Aug 2023,
T20,YBK Jaiswal,1,3,2,0,0,50,2,,v West Indies,Providence,8 Aug 2023,
T20,NT Tilak Varma,1,2,2,0,0,50,1,,v Ireland,Dublin (Malahide),20 Aug 2023,
T20,SA Yadav,1,2,2,0,0,50,1,,v Australia,Raipur,1 Dec 2023,
T20,JM Sharma,1,7,3,0,0,33.33,1,,v South Africa,Gqeberha,12 Dec 2023,
T20,S Dube,1,5,6,0,0,16.66,1,,v Afghanistan,Bengaluru,17 Jan 2024,
T20,V Kohli,1,13,5,0,0,20,2,,v Ireland,New York,5 Jun 2024,
T20,RK Singh,1,8,2,0,0,50,1,,v Sri Lanka,Pallekele,27 Jul 2024,
T20,RK Singh,1,2,2,0,0,50,1,,v Sri Lanka,Pallekele,30 Jul 2024,
T20,Ravi Bishnoi,1,6,3,0,0,33.33,1,,v South Africa,Durban,8 Nov 2024,
T20,SA Yadav,1,4,4,0,0,25,1,,v South Africa,Centurion,13 Nov 2024,
T20,SV Samson,1,7,3,0,0,33.33,1,,v England,Pune,31 Jan 2025,
T20,HH Pandya,1,2,1,0,0,100,1,,v Oman,Abu Dhabi,19 Sep 2025,
T20,Arshdeep Singh,1,2,1,0,0,100,1,,v Oman,Abu Dhabi,19 Sep 2025,
T20,SA Yadav,1,7,5,0,0,20,2,,v Pakistan,Dubai (DICS),28 Sep 2025,
T20,SA Yadav,1,5,4,0,0,25,1,,v Australia,Melbourne,31 Oct 2025,
T20,S Dube,1,2,2,0,0,50,2,,v South Africa,New Chandigarh,11 Dec 2025,
T20,Kuldeep Yadav,1,4,3,0,0,33.33,2,,v New Zealand,Visakhapatnam,28 Jan 2026,
T20,RK Singh,1,6,6,0,0,16.66,1,,v Namibia,Delhi,12 Feb 2026,
T20,NT Tilak Varma,1,3,2,0,0,50,2,,v South Africa,Ahmedabad,22 Feb 2026,
T20,Arshdeep Singh,1,2,2,0,0,50,2,,v South Africa,Ahmedabad,22 Feb 2026,
T20,IK Pathan,0*,1,0,0,0,-,1,,v England,Durban,19 Sep 2007,
T20,IK Pathan,0*,1,1,0,0,0,1,,v South Africa,Durban,20 Sep 2007,
T20,IK Pathan,0*,1,1,0,0,0,1,,v Australia,Durban,22 Sep 2007,
T20,Z Khan,0*,1,0,0,0,-,1,,v West Indies,Lord's,12 Jun 2009,
T20,Harbhajan Singh,0*,1,0,0,0,-,1,,v South Africa,Gros Islet,2 May 2010,
T20,Z Khan,0*,1,1,0,0,0,2,,v West Indies,Bridgetown,9 May 2010,
T20,RG Sharma,0*,1,0,0,0,-,2,,v Zimbabwe,Harare,13 Jun 2010,
T20,RA Jadeja,0*,3,0,0,0,-,2,,v England,Pune,20 Dec 2012,
T20,B Kumar,0*,1,1,0,0,0,1,,v Australia,Mirpur,30 Mar 2014,
T20,MS Dhoni,0*,3,1,0,0,0,2,,v South Africa,Mirpur,4 Apr 2014,
T20,MM Sharma,0*,9,4,0,0,0,1,,v South Africa,Cuttack,5 Oct 2015,
T20,SK Raina,0*,1,0,0,0,-,1,,v Australia,Melbourne,29 Jan 2016,
T20,RA Jadeja,0*,1,0,0,0,-,1,,v Bangladesh,Mirpur,24 Feb 2016,
T20,JJ Bumrah,0*,-,2,0,0,0,2,,v New Zealand,Nagpur,15 Mar 2016,
T20,JJ Bumrah,0*,2,0,0,0,-,1,,v England,Kanpur,26 Jan 2017,
T20,JJ Bumrah,0*,1,0,0,0,-,1,,v England,Nagpur,29 Jan 2017,
T20,MS Dhoni,0*,3,0,0,0,-,1,,v New Zealand,Thiruvananthapuram,7 Nov 2017,
T20,Washington Sundar,0*,-,0,0,0,-,2,,v Bangladesh,Colombo (RPS),18 Mar 2018,
T20,MK Pandey,0*,1,0,0,0,-,1,,v Ireland,Dublin (Malahide),27 Jun 2018,
T20,KD Karthik,0*,-,0,0,0,-,2,,v West Indies,Chennai,11 Nov 2018,
T20,YS Chahal,0*,15,4,0,0,0,1,,v Australia,Visakhapatnam,24 Feb 2019,
T20,DL Chahar,0*,3,0,0,0,-,1,,v South Africa,Bengaluru,22 Sep 2019,
T20,NA Saini,0*,2,1,0,0,0,1,,v South Africa,Bengaluru,22 Sep 2019,
T20,S Dube,0*,-,0,0,0,-,2,,v West Indies,Hyderabad,6 Dec 2019,
T20,SS Iyer,0*,-,0,0,0,-,1,,v West Indies,Wankhede,11 Dec 2019,
T20,DL Chahar,0*,-,0,0,0,-,1,,v Australia,Canberra,4 Dec 2020,
T20,DL Chahar,0*,-,0,0,0,-,2,,v Australia,Sydney,8 Dec 2020,
T20,B Kumar,0*,2,0,0,0,-,1,,v England,Ahmedabad,18 Mar 2021,
T20,Mohammed Shami,0*,-,0,0,0,-,1,,v Pakistan,Dubai (DICS),24 Oct 2021,
T20,Mohammed Shami,0*,6,0,0,0,-,1,,v New Zealand,Dubai (DICS),31 Oct 2021,
T20,SS Iyer,0*,8,1,0,0,0,1,,v South Africa,Bengaluru,19 Jun 2022,
T20,JJ Bumrah,0*,5,0,0,0,-,1,,v England,Birmingham,9 Jul 2022,
T20,Kuldeep Yadav,0*,5,0,0,0,-,1,,v West Indies,Lauderhill,7 Aug 2022,
T20,B Kumar,0*,9,0,0,0,-,1,,v Pakistan,Dubai (DICS),4 Sep 2022,
T20,AR Patel,0*,6,0,0,0,-,1,,v Zimbabwe,Melbourne,6 Nov 2022,
T20,R Ashwin,0*,4,0,0,0,-,1,,v England,Adelaide,10 Nov 2022,
T20,Arshdeep Singh,0*,15,6,0,0,0,2,,v New Zealand,Ranchi,27 Jan 2023,
T20,YS Chahal,0*,6,1,0,0,0,1,,v West Indies,Lauderhill,13 Aug 2023,
T20,Washington Sundar,0*,1,1,0,0,0,1,,v Ireland,Dublin (Malahide),20 Aug 2023,
T20,Mukesh Kumar,0*,1,0,0,0,-,2,,v Australia,Visakhapatnam,23 Nov 2023,
T20,Arshdeep Singh,0*,4,0,0,0,-,1,,v South Africa,Johannesburg,14 Dec 2023,
T20,S Dube,0*,3,2,0,0,0,2,,v Ireland,New York,5 Jun 2024,
T20,KK Ahmed,0*,14,1,0,0,0,2,,v Zimbabwe,Harare,6 Jul 2024,
T20,Washington Sundar,0*,6,0,0,0,-,1,,v Bangladesh,Delhi,9 Oct 2024,
T20,Ravi Bishnoi,0*,3,0,0,0,-,1,,v England,Pune,31 Jan 2025,
T20,Mohammed Shami,0*,8,4,0,0,0,1,,v England,Wankhede,2 Feb 2025,
T20,CV Varun,0*,10,1,0,0,0,1,,v Australia,Melbourne,31 Oct 2025,
T20,JJ Bumrah,0*,1,0,0,0,-,2,,v South Africa,New Chandigarh,11 Dec 2025,
T20,JM Sharma,0*,1,0,0,0,-,1,,v South Africa,Ahmedabad,19 Dec 2025,
T20,CV Varun,0*,17,3,0,0,0,2,,v South Africa,Ahmedabad,22 Feb 2026,
T20,CV Varun,0*,1,1,0,0,0,1,,v England,Wankhede,5 Mar 2026,
T20,MS Dhoni,0,8,2,0,0,0,2,,v South Africa,Johannesburg,1 Dec 2006,
T20,G Gambhir,0,2,3,0,0,0,1,,v Pakistan,Durban,14 Sep 2007,
T20,RV Uthappa,0,3,2,0,0,0,2,,v New Zealand,Johannesburg,16 Sep 2007,
T20,KD Karthik,0,1,1,0,0,0,1,,v South Africa,Durban,20 Sep 2007,
T20,V Sehwag,0,5,3,0,0,0,1,,v Australia,Melbourne,1 Feb 2008,
T20,S Sreesanth,0,1,1,0,0,0,1,,v Australia,Melbourne,1 Feb 2008,
T20,SK Raina,0,4,4,0,0,0,1,,v New Zealand,Wellington,27 Feb 2009,
T20,YK Pathan,0,3,2,0,0,0,1,,v New Zealand,Wellington,27 Feb 2009,
T20,YK Pathan,0,2,2,0,0,0,2,,v South Africa,Nottingham,16 Jun 2009,
T20,YK Pathan,0,-,2,0,0,0,2,,v Sri Lanka,Nagpur,9 Dec 2009,
T20,M Vijay,0,2,1,0,0,0,1,,v South Africa,Gros Islet,2 May 2010,
T20,A Nehra,0,1,1,0,0,0,2,,v Australia,Bridgetown,7 May 2010,
T20,A Nehra,0,1,2,0,0,0,2,,v West Indies,Bridgetown,9 May 2010,
T20,MM Patel,0,1,1,0,0,0,1,,v England,Manchester,31 Aug 2011,
T20,AM Rahane,0,2,3,0,0,0,1,,v England,Eden Gardens,29 Oct 2011,
T20,RA Jadeja,0,1,1,0,0,0,1,,v England,Eden Gardens,29 Oct 2011,
T20,P Kumar,0,2,2,0,0,0,1,,v England,Eden Gardens,29 Oct 2011,
T20,RG Sharma,0,2,1,0,0,0,2,,v Australia,Sydney,1 Feb 2012,
T20,G Gambhir,0,2,2,0,0,0,2,,v Pakistan,Colombo (RPS),30 Sep 2012,
T20,PP Chawla,0,3,1,0,0,0,1,,v England,Wankhede,22 Dec 2012,
T20,I Sharma,0,1,1,0,0,0,1,,v Pakistan,Bengaluru,25 Dec 2012,
T20,S Dhawan,0,10,3,0,0,0,2,,v West Indies,Mirpur,23 Mar 2014,
T20,MK Pandey,0,-,3,0,0,0,2,,v Zimbabwe,Harare,19 Jul 2015,
T20,AT Rayudu,0,1,1,0,0,0,1,,v South Africa,Dharamsala,2 Oct 2015,
T20,AT Rayudu,0,4,2,0,0,0,1,,v South Africa,Cuttack,5 Oct 2015,
T20,Harbhajan Singh,0,1,1,0,0,0,1,,v South Africa,Cuttack,5 Oct 2015,
T20,B Kumar,0,1,2,0,0,0,1,,v South Africa,Cuttack,5 Oct 2015,
T20,RG Sharma,0,2,2,0,0,0,1,,v Sri Lanka,Pune,9 Feb 2016,
T20,JJ Bumrah,0,1,0,0,0,-,1,,v Sri Lanka,Pune,9 Feb 2016,
T20,Yuvraj Singh,0,-,1,0,0,0,1,,v Sri Lanka,Ranchi,12 Feb 2016,
T20,RG Sharma,0,2,2,0,0,0,2,,v Pakistan,Mirpur,27 Feb 2016,
T20,AM Rahane,0,5,1,0,0,0,2,,v Pakistan,Mirpur,27 Feb 2016,
T20,HH Pandya,0,1,2,0,0,0,2,,v Pakistan,Mirpur,27 Feb 2016,
T20,RA Jadeja,0,-,3,0,0,0,2,,v New Zealand,Nagpur,15 Mar 2016,
T20,A Nehra,0,-,4,0,0,0,2,,v New Zealand,Nagpur,15 Mar 2016,
T20,SK Raina,0,1,1,0,0,0,2,,v Pakistan,Eden Gardens,19 Mar 2016,
T20,KL Rahul,0,-,1,0,0,0,2,,v Zimbabwe,Harare,18 Jun 2016,
T20,MK Pandey,0,2,1,0,0,0,1,,v Zimbabwe,Harare,22 Jun 2016,
T20,A Mishra,0,2,0,0,0,-,1,,v England,Nagpur,29 Jan 2017,
T20,V Kohli,0,2,2,0,0,0,1,,v Australia,Guwahati,10 Oct 2017,
T20,HH Pandya,0,1,2,0,0,0,1,,v New Zealand,Delhi,1 Nov 2017,
T20,SS Iyer,0,1,1,0,0,0,1,,v Sri Lanka,Indore,22 Dec 2017,
T20,RG Sharma,0,5,1,0,0,0,1,,v South Africa,Centurion,21 Feb 2018,
T20,RG Sharma,0,-,4,0,0,0,1,,v Sri Lanka,Colombo (RPS),6 Mar 2018,
T20,SK Raina,0,-,3,0,0,0,2,,v Bangladesh,Colombo (RPS),18 Mar 2018,
T20,V Kohli,0,1,2,0,0,0,1,,v Ireland,Dublin (Malahide),27 Jun 2018,
T20,RG Sharma,0,-,2,0,0,0,1,,v Ireland,Dublin (Malahide),29 Jun 2018,
T20,RR Pant,0,-,1,0,0,0,2,,v Australia,Sydney,25 Nov 2018,
T20,RR Pant,0,-,1,0,0,0,2,,v West Indies,Lauderhill,3 Aug 2019,
T20,Washington Sundar,0,-,1,0,0,0,1,,v West Indies,Thiruvananthapuram,8 Dec 2019,
T20,RR Pant,0,-,2,0,0,0,1,,v West Indies,Wankhede,11 Dec 2019,
T20,Washington Sundar,0,-,1,0,0,0,1,,v Sri Lanka,Pune,10 Jan 2020,
T20,Washington Sundar,0,4,3,0,0,0,1,,v New Zealand,Wellington,31 Jan 2020,
T20,KL Rahul,0,-,2,0,0,0,2,,v Australia,Sydney,8 Dec 2020,
T20,SS Iyer,0,-,1,0,0,0,2,,v Australia,Sydney,8 Dec 2020,
T20,V Kohli,0,6,5,0,0,0,1,,v England,Ahmedabad,12 Mar 2021,
T20,SN Thakur,0,1,1,0,0,0,1,,v England,Ahmedabad,12 Mar 2021,
T20,KL Rahul,0,3,6,0,0,0,2,,v England,Ahmedabad,14 Mar 2021,
T20,KL Rahul,0,11,4,0,0,0,1,,v England,Ahmedabad,16 Mar 2021,
T20,PP Shaw,0,-,1,0,0,0,1,,v Sri Lanka,Colombo (RPS),25 Jul 2021,
T20,S Dhawan,0,6,1,0,0,0,1,,v Sri Lanka,Colombo (RPS),29 Jul 2021,
T20,SV Samson,0,4,3,0,0,0,1,,v Sri Lanka,Colombo (RPS),29 Jul 2021,
T20,CV Varun,0,5,2,0,0,0,1,,v Sri Lanka,Colombo (RPS),29 Jul 2021,
T20,RG Sharma,0,6,1,0,0,0,1,,v Pakistan,Dubai (DICS),24 Oct 2021,
T20,SN Thakur,0,3,3,0,0,0,1,,v New Zealand,Dubai (DICS),31 Oct 2021,
T20,SA Yadav,0,5,4,0,0,0,1,,v New Zealand,Eden Gardens,21 Nov 2021,
T20,SA Yadav,0,2,1,0,0,0,2,,v Ireland,Dublin (Malahide),26 Jun 2022,
T20,KD Karthik,0,4,1,0,0,0,1,,v Ireland,Dublin (Malahide),28 Jun 2022,
T20,AR Patel,0,1,1,0,0,0,1,,v Ireland,Dublin (Malahide),28 Jun 2022,
T20,HV Patel,0,4,1,0,0,0,1,,v Ireland,Dublin (Malahide),28 Jun 2022,
T20,SS Iyer,0,8,4,0,0,0,1,,v West Indies,Tarouba,29 Jul 2022,
T20,RG Sharma,0,2,1,0,0,0,1,,v West Indies,Basseterre,1 Aug 2022,
T20,KL Rahul,0,4,1,0,0,0,2,,v Pakistan,Dubai (DICS),28 Aug 2022,
T20,HH Pandya,0,5,2,0,0,0,1,,v Pakistan,Dubai (DICS),4 Sep 2022,
T20,V Kohli,0,6,4,0,0,0,1,,v Sri Lanka,Dubai (DICS),6 Sep 2022,
T20,B Kumar,0,6,2,0,0,0,1,,v Sri Lanka,Dubai (DICS),6 Sep 2022,
T20,SA Yadav,0,-,1,0,0,0,2,,v Australia,Nagpur,23 Sep 2022,
T20,RG Sharma,0,14,2,0,0,0,2,,v South Africa,Thiruvananthapuram,28 Sep 2022,
T20,RG Sharma,0,3,2,0,0,0,2,,v South Africa,Indore,4 Oct 2022,
T20,DJ Hooda,0,4,3,0,0,0,1,,v South Africa,Perth,30 Oct 2022,
T20,Mohammed Shami,0,5,2,0,0,0,1,,v South Africa,Perth,30 Oct 2022,
T20,DJ Hooda,0,2,1,0,0,0,1,,v New Zealand,Mount Maunganui,20 Nov 2022,
T20,Washington Sundar,0,2,1,0,0,0,1,,v New Zealand,Mount Maunganui,20 Nov 2022,
T20,SS Iyer,0,1,1,0,0,0,2,,v New Zealand,Napier,22 Nov 2022,
T20,RA Tripathi,0,7,6,0,0,0,2,,v New Zealand,Ranchi,27 Jan 2023,
T20,Kuldeep Yadav,0,6,1,0,0,0,2,,v New Zealand,Ranchi,27 Jan 2023,
T20,Kuldeep Yadav,0,1,1,0,0,0,1,,v West Indies,Lauderhill,13 Aug 2023,
T20,NT Tilak Varma,0,1,1,0,0,0,2,,v Ireland,Dublin (Malahide),18 Aug 2023,
T20,YBK Jaiswal,0,-,4,0,0,0,2,,v Bangladesh,Hangzhou,6 Oct 2023,
T20,RD Gaikwad,0,5,0,0,0,-,2,,v Australia,Visakhapatnam,23 Nov 2023,
T20,Ravi Bishnoi,0,1,1,0,0,0,2,,v Australia,Visakhapatnam,23 Nov 2023,
T20,Arshdeep Singh,0,2,0,0,0,-,2,,v Australia,Visakhapatnam,23 Nov 2023,
T20,Ishan Kishan,0,6,5,0,0,0,1,,v Australia,Guwahati,28 Nov 2023,
T20,AR Patel,0,2,1,0,0,0,1,,v Australia,Raipur,1 Dec 2023,
T20,DL Chahar,0,5,2,0,0,0,1,,v Australia,Raipur,1 Dec 2023,
T20,YBK Jaiswal,0,2,3,0,0,0,1,,v South Africa,Gqeberha,12 Dec 2023,
T20,Shubman Gill,0,11,2,0,0,0,1,,v South Africa,Gqeberha,12 Dec 2023,
T20,Arshdeep Singh,0,1,1,0,0,0,1,,v South Africa,Gqeberha,12 Dec 2023,
T20,NT Tilak Varma,0,2,1,0,0,0,1,,v South Africa,Johannesburg,14 Dec 2023,
T20,RG Sharma,0,1,2,0,0,0,2,,v Afghanistan,Mohali,11 Jan 2024,
T20,RG Sharma,0,6,1,0,0,0,2,,v Afghanistan,Indore,14 Jan 2024,
T20,JM Sharma,0,2,2,0,0,0,2,,v Afghanistan,Indore,14 Jan 2024,
T20,V Kohli,0,1,1,0,0,0,1,,v Afghanistan,Bengaluru,17 Jan 2024,
T20,SV Samson,0,2,1,0,0,0,1,,v Afghanistan,Bengaluru,17 Jan 2024,
T20,RA Jadeja,0,1,1,0,0,0,1,,v Pakistan,New York,9 Jun 2024,
T20,JJ Bumrah,0,1,1,0,0,0,1,,v Pakistan,New York,9 Jun 2024,
T20,V Kohli,0,1,1,0,0,0,2,,v U.S.A.,New York,12 Jun 2024,
T20,V Kohli,0,8,5,0,0,0,1,,v Australia,Gros Islet,24 Jun 2024,
T20,S Dube,0,1,1,0,0,0,1,,v England,Providence,27 Jun 2024,
T20,RR Pant,0,2,2,0,0,0,1,,v South Africa,Bridgetown,29 Jun 2024,
T20,Abhishek Sharma,0,2,4,0,0,0,2,,v Zimbabwe,Harare,6 Jul 2024,
T20,RK Singh,0,3,2,0,0,0,2,,v Zimbabwe,Harare,6 Jul 2024,
T20,Mukesh Kumar,0,6,3,0,0,0,2,,v Zimbabwe,Harare,6 Jul 2024,
T20,SV Samson,0,6,1,0,0,0,2,,v Sri Lanka,Pallekele,28 Jul 2024,
T20,SV Samson,0,4,4,0,0,0,1,,v Sri Lanka,Pallekele,30 Jul 2024,
T20,Mohammed Siraj,0,1,1,0,0,0,1,,v Sri Lanka,Pallekele,30 Jul 2024,
T20,CV Varun,0,1,2,0,0,0,1,,v Bangladesh,Delhi,9 Oct 2024,
T20,K Nitish Kumar Reddy,0,1,1,0,0,0,1,,v Bangladesh,Hyderabad,12 Oct 2024,
T20,SV Samson,0,2,3,0,0,0,1,,v South Africa,Gqeberha,10 Nov 2024,
T20,SV Samson,0,1,2,0,0,0,1,,v South Africa,Centurion,13 Nov 2024,
T20,SA Yadav,0,2,3,0,0,0,2,,v England,Eden Gardens,22 Jan 2025,
T20,NT Tilak Varma,0,1,1,0,0,0,1,,v England,Pune,31 Jan 2025,
T20,SA Yadav,0,3,4,0,0,0,1,,v England,Pune,31 Jan 2025,
T20,Arshdeep Singh,0,1,1,0,0,0,1,,v England,Pune,31 Jan 2025,
T20,Ravi Bishnoi,0,1,1,0,0,0,1,,v England,Wankhede,2 Feb 2025,
T20,SA Yadav,0,4,3,0,0,0,2,,v Pakistan,Dubai (DICS),21 Sep 2025,
T20,NT Tilak Varma,0,2,2,0,0,0,1,,v Australia,Melbourne,31 Oct 2025,
T20,Kuldeep Yadav,0,5,6,0,0,0,1,,v Australia,Melbourne,31 Oct 2025,
T20,JJ Bumrah,0,1,1,0,0,0,1,,v Australia,Melbourne,31 Oct 2025,
T20,Arshdeep Singh,0,6,3,0,0,0,1,,v Australia,Carrara,6 Nov 2025,
T20,Shubman Gill,0,4,1,0,0,0,2,,v South Africa,New Chandigarh,11 Dec 2025,
T20,CV Varun,0,2,2,0,0,0,2,,v South Africa,New Chandigarh,11 Dec 2025,
T20,Abhishek Sharma,0,7,1,0,0,0,2,,v New Zealand,Raipur,23 Jan 2026,
T20,SV Samson,0,1,1,0,0,0,2,,v New Zealand,Guwahati,25 Jan 2026,
T20,Abhishek Sharma,0,1,1,0,0,0,2,,v New Zealand,Visakhapatnam,28 Jan 2026,
T20,Arshdeep Singh,0,1,2,0,0,0,2,,v New Zealand,Visakhapatnam,28 Jan 2026,
T20,Abhishek Sharma,0,8,1,0,0,0,1,,v U.S.A.,Wankhede,7 Feb 2026,
T20,S Dube,0,1,1,0,0,0,1,,v U.S.A.,Wankhede,7 Feb 2026,
T20,CV Varun,0,6,0,0,0,-,1,,v U.S.A.,Wankhede,7 Feb 2026,
T20,AR Patel,0,2,1,0,0,0,1,,v Namibia,Delhi,12 Feb 2026,
T20,Abhishek Sharma,0,3,4,0,0,0,1,,v Pakistan,Colombo (RPS),15 Feb 2026,
T20,HH Pandya,0,1,1,0,0,0,1,,v Pakistan,Colombo (RPS),15 Feb 2026,
T20,AR Patel,0,1,1,0,0,0,1,,v Pakistan,Colombo (RPS),15 Feb 2026,
T20,Abhishek Sharma,0,2,3,0,0,0,1,,v Netherlands,Ahmedabad,18 Feb 2026,
T20,Ishan Kishan,0,2,4,0,0,0,2,,v South Africa,Ahmedabad,22 Feb 2026,
T20,RK Singh,0,1,2,0,0,0,2,,v South Africa,Ahmedabad,22 Feb 2026,
T20,JJ Bumrah,0,1,1,0,0,0,2,,v South Africa,Ahmedabad,22 Feb 2026,
T20,SA Yadav,0,1,1,0,0,0,1,,v New Zealand,Ahmedabad,8 Mar 2026,
T20,AB Agarkar,DNB,-,-,-,-,-,2,,v South Africa,Johannesburg,1 Dec 2006,
T20,Harbhajan Singh,DNB,-,-,-,-,-,2,,v South Africa,Johannesburg,1 Dec 2006,
T20,Z Khan,DNB,-,-,-,-,-,2,,v South Africa,Johannesburg,1 Dec 2006,
T20,IK Pathan,DNB,-,-,-,-,-,2,,v South Africa,Johannesburg,1 Dec 2006,
T20,S Sreesanth,DNB,-,-,-,-,-,2,,v South Africa,Johannesburg,1 Dec 2006,
T20,AB Agarkar,TDNB,-,-,-,-,-,-,,v Scotland,Durban,13 Sep 2007,
T20,Harbhajan Singh,TDNB,-,-,-,-,-,-,,v Scotland,Durban,13 Sep 2007,
T20,MS Dhoni,TDNB,-,-,-,-,-,-,,v Scotland,Durban,13 Sep 2007,
T20,Yuvraj Singh,TDNB,-,-,-,-,-,-,,v Scotland,Durban,13 Sep 2007,
T20,G Gambhir,TDNB,-,-,-,-,-,-,,v Scotland,Durban,13 Sep 2007,
T20,V Sehwag,TDNB,-,-,-,-,-,-,,v Scotland,Durban,13 Sep 2007,
T20,RV Uthappa,TDNB,-,-,-,-,-,-,,v Scotland,Durban,13 Sep 2007,
T20,KD Karthik,TDNB,-,-,-,-,-,-,,v Scotland,Durban,13 Sep 2007,
T20,IK Pathan,TDNB,-,-,-,-,-,-,,v Scotland,Durban,13 Sep 2007,
T20,S Sreesanth,TDNB,-,-,-,-,-,-,,v Scotland,Durban,13 Sep 2007,
T20,RP Singh,TDNB,-,-,-,-,-,-,,v Scotland,Durban,13 Sep 2007,
T20,RP Singh,DNB,-,-,-,-,-,1,,v Pakistan,Durban,14 Sep 2007,
T20,Harbhajan Singh,DNB,-,-,-,-,-,1,,v England,Durban,19 Sep 2007,
T20,S Sreesanth,DNB,-,-,-,-,-,1,,v England,Durban,19 Sep 2007,
T20,Joginder Sharma,DNB,-,-,-,-,-,1,,v England,Durban,19 Sep 2007,
T20,RP Singh,DNB,-,-,-,-,-,1,,v England,Durban,19 Sep 2007,
T20,RG Sharma,DNB,-,-,-,-,-,1,,v England,Durban,19 Sep 2007,
T20,Harbhajan Singh,DNB,-,-,-,-,-,1,,v South Africa,Durban,20 Sep 2007,
T20,S Sreesanth,DNB,-,-,-,-,-,1,,v South Africa,Durban,20 Sep 2007,
T20,Joginder Sharma,DNB,-,-,-,-,-,1,,v South Africa,Durban,20 Sep 2007,
T20,RP Singh,DNB,-,-,-,-,-,1,,v South Africa,Durban,20 Sep 2007,
T20,Harbhajan Singh,DNB,-,-,-,-,-,1,,v Australia,Durban,22 Sep 2007,
T20,S Sreesanth,DNB,-,-,-,-,-,1,,v Australia,Durban,22 Sep 2007,
T20,Joginder Sharma,DNB,-,-,-,-,-,1,,v Australia,Durban,22 Sep 2007,
T20,RP Singh,DNB,-,-,-,-,-,1,,v Australia,Durban,22 Sep 2007,
T20,Harbhajan Singh,DNB,-,-,-,-,-,1,,v Pakistan,Johannesburg,24 Sep 2007,
T20,S Sreesanth,DNB,-,-,-,-,-,1,,v Pakistan,Johannesburg,24 Sep 2007,
T20,Joginder Sharma,DNB,-,-,-,-,-,1,,v Pakistan,Johannesburg,24 Sep 2007,
T20,RP Singh,DNB,-,-,-,-,-,1,,v Pakistan,Johannesburg,24 Sep 2007,
T20,M Kartik,DNB,-,-,-,-,-,2,,v Australia,Brabourne,20 Oct 2007,
T20,Harbhajan Singh,DNB,-,-,-,-,-,2,,v Australia,Brabourne,20 Oct 2007,
T20,IK Pathan,DNB,-,-,-,-,-,2,,v Australia,Brabourne,20 Oct 2007,
T20,S Sreesanth,DNB,-,-,-,-,-,2,,v Australia,Brabourne,20 Oct 2007,
T20,RP Singh,DNB,-,-,-,-,-,2,,v Australia,Brabourne,20 Oct 2007,
T20,RG Sharma,DNB,-,-,-,-,-,2,,v Australia,Brabourne,20 Oct 2007,
T20,Z Khan,DNB,-,-,-,-,-,2,,v Sri Lanka,Colombo (RPS),10 Feb 2009,
T20,I Sharma,DNB,-,-,-,-,-,2,,v Sri Lanka,Colombo (RPS),10 Feb 2009,
T20,Z Khan,DNB,-,-,-,-,-,1,,v New Zealand,Christchurch,25 Feb 2009,
T20,I Sharma,DNB,-,-,-,-,-,1,,v New Zealand,Christchurch,25 Feb 2009,
T20,Harbhajan Singh,DNB,-,-,-,-,-,1,,v New Zealand,Wellington,27 Feb 2009,
T20,Z Khan,DNB,-,-,-,-,-,1,,v New Zealand,Wellington,27 Feb 2009,
T20,I Sharma,DNB,-,-,-,-,-,1,,v New Zealand,Wellington,27 Feb 2009,
T20,Harbhajan Singh,DNB,-,-,-,-,-,1,,v Bangladesh,Nottingham,6 Jun 2009,
T20,Z Khan,DNB,-,-,-,-,-,1,,v Bangladesh,Nottingham,6 Jun 2009,
T20,PP Ojha,DNB,-,-,-,-,-,1,,v Bangladesh,Nottingham,6 Jun 2009,
T20,I Sharma,DNB,-,-,-,-,-,1,,v Bangladesh,Nottingham,6 Jun 2009,
T20,Harbhajan Singh,DNB,-,-,-,-,-,2,,v Ireland,Nottingham,10 Jun 2009,
T20,Z Khan,DNB,-,-,-,-,-,2,,v Ireland,Nottingham,10 Jun 2009,
T20,IK Pathan,DNB,-,-,-,-,-,2,,v Ireland,Nottingham,10 Jun 2009,
T20,YK Pathan,DNB,-,-,-,-,-,2,,v Ireland,Nottingham,10 Jun 2009,
T20,SK Raina,DNB,-,-,-,-,-,2,,v Ireland,Nottingham,10 Jun 2009,
T20,PP Ojha,DNB,-,-,-,-,-,2,,v Ireland,Nottingham,10 Jun 2009,
T20,I Sharma,DNB,-,-,-,-,-,2,,v Ireland,Nottingham,10 Jun 2009,
T20,PP Ojha,DNB,-,-,-,-,-,1,,v West Indies,Lord's,12 Jun 2009,
T20,I Sharma,DNB,-,-,-,-,-,1,,v West Indies,Lord's,12 Jun 2009,
T20,Harbhajan Singh,DNB,-,-,-,-,-,2,,v England,Lord's,14 Jun 2009,
T20,Z Khan,DNB,-,-,-,-,-,2,,v England,Lord's,14 Jun 2009,
T20,RP Singh,DNB,-,-,-,-,-,2,,v England,Lord's,14 Jun 2009,
T20,I Sharma,DNB,-,-,-,-,-,2,,v England,Lord's,14 Jun 2009,
T20,I Sharma,DNB,-,-,-,-,-,2,,v South Africa,Nottingham,16 Jun 2009,
T20,A Nehra,DNB,-,-,-,-,-,2,,v Sri Lanka,Mohali,12 Dec 2009,
T20,YK Pathan,DNB,-,-,-,-,-,2,,v Sri Lanka,Mohali,12 Dec 2009,
T20,RA Jadeja,DNB,-,-,-,-,-,2,,v Sri Lanka,Mohali,12 Dec 2009,
T20,I Sharma,DNB,-,-,-,-,-,2,,v Sri Lanka,Mohali,12 Dec 2009,
T20,S Tyagi,DNB,-,-,-,-,-,2,,v Sri Lanka,Mohali,12 Dec 2009,
T20,Harbhajan Singh,DNB,-,-,-,-,-,2,,v Afghanistan,Gros Islet,1 May 2010,
T20,Z Khan,DNB,-,-,-,-,-,2,,v Afghanistan,Gros Islet,1 May 2010,
T20,A Nehra,DNB,-,-,-,-,-,2,,v Afghanistan,Gros Islet,1 May 2010,
T20,YK Pathan,DNB,-,-,-,-,-,2,,v Afghanistan,Gros Islet,1 May 2010,
T20,P Kumar,DNB,-,-,-,-,-,2,,v Afghanistan,Gros Islet,1 May 2010,
T20,RA Jadeja,DNB,-,-,-,-,-,2,,v Afghanistan,Gros Islet,1 May 2010,
T20,A Nehra,DNB,-,-,-,-,-,1,,v South Africa,Gros Islet,2 May 2010,
T20,PP Chawla,DNB,-,-,-,-,-,1,,v South Africa,Gros Islet,2 May 2010,
T20,P Kumar,DNB,-,-,-,-,-,1,,v South Africa,Gros Islet,2 May 2010,
T20,RA Jadeja,DNB,-,-,-,-,-,1,,v South Africa,Gros Islet,2 May 2010,
T20,Harbhajan Singh,DNB,-,-,-,-,-,1,,v Sri Lanka,Gros Islet,11 May 2010,
T20,A Nehra,DNB,-,-,-,-,-,1,,v Sri Lanka,Gros Islet,11 May 2010,
T20,R Vinay Kumar,DNB,-,-,-,-,-,1,,v Sri Lanka,Gros Islet,11 May 2010,
T20,PP Chawla,DNB,-,-,-,-,-,1,,v Sri Lanka,Gros Islet,11 May 2010,
T20,RG Sharma,DNB,-,-,-,-,-,1,,v Sri Lanka,Gros Islet,11 May 2010,
T20,R Vinay Kumar,DNB,-,-,-,-,-,2,,v Zimbabwe,Harare,12 Jun 2010,
T20,R Ashwin,DNB,-,-,-,-,-,2,,v Zimbabwe,Harare,12 Jun 2010,
T20,PP Chawla,DNB,-,-,-,-,-,2,,v Zimbabwe,Harare,12 Jun 2010,
T20,PP Ojha,DNB,-,-,-,-,-,2,,v Zimbabwe,Harare,12 Jun 2010,
T20,AB Dinda,DNB,-,-,-,-,-,2,,v Zimbabwe,Harare,12 Jun 2010,
T20,R Vinay Kumar,DNB,-,-,-,-,-,2,,v Zimbabwe,Harare,13 Jun 2010,
T20,A Mishra,DNB,-,-,-,-,-,2,,v Zimbabwe,Harare,13 Jun 2010,
T20,R Ashwin,DNB,-,-,-,-,-,2,,v Zimbabwe,Harare,13 Jun 2010,
T20,PP Ojha,DNB,-,-,-,-,-,2,,v Zimbabwe,Harare,13 Jun 2010,
T20,AB Dinda,DNB,-,-,-,-,-,2,,v Zimbabwe,Harare,13 Jun 2010,
T20,V Kohli,DNB,-,-,-,-,-,2,,v Zimbabwe,Harare,13 Jun 2010,
T20,A Nehra,DNB,-,-,-,-,-,1,,v South Africa,Durban,9 Jan 2011,
T20,R Ashwin,DNB,-,-,-,-,-,1,,v South Africa,Durban,9 Jan 2011,
T20,MM Patel,DNB,-,-,-,-,-,1,,v South Africa,Durban,9 Jan 2011,
T20,P Kumar,DNB,-,-,-,-,-,1,,v South Africa,Durban,9 Jan 2011,
T20,R Ashwin,DNB,-,-,-,-,-,1,,v West Indies,Port of Spain,4 Jun 2011,
T20,MM Patel,DNB,-,-,-,-,-,1,,v West Indies,Port of Spain,4 Jun 2011,
T20,P Kumar,DNB,-,-,-,-,-,1,,v West Indies,Port of Spain,4 Jun 2011,
T20,R Vinay Kumar,DNB,-,-,-,-,-,1,,v England,Eden Gardens,29 Oct 2011,
T20,R Vinay Kumar,DNB,-,-,-,-,-,2,,v Australia,Sydney,1 Feb 2012,
T20,P Kumar,DNB,-,-,-,-,-,2,,v Australia,Sydney,1 Feb 2012,
T20,R Sharma,DNB,-,-,-,-,-,2,,v Australia,Sydney,1 Feb 2012,
T20,R Vinay Kumar,DNB,-,-,-,-,-,2,,v Australia,Melbourne,3 Feb 2012,
T20,R Ashwin,DNB,-,-,-,-,-,2,,v Australia,Melbourne,3 Feb 2012,
T20,SK Raina,DNB,-,-,-,-,-,2,,v Australia,Melbourne,3 Feb 2012,
T20,P Kumar,DNB,-,-,-,-,-,2,,v Australia,Melbourne,3 Feb 2012,
T20,RG Sharma,DNB,-,-,-,-,-,2,,v Australia,Melbourne,3 Feb 2012,
T20,RA Jadeja,DNB,-,-,-,-,-,2,,v Australia,Melbourne,3 Feb 2012,
T20,R Sharma,DNB,-,-,-,-,-,2,,v Australia,Melbourne,3 Feb 2012,
T20,MS Dhoni,DNB,-,-,-,-,-,2,,v South Africa,Johannesburg,30 Mar 2012,
T20,R Vinay Kumar,DNB,-,-,-,-,-,2,,v South Africa,Johannesburg,30 Mar 2012,
T20,IK Pathan,DNB,-,-,-,-,-,2,,v South Africa,Johannesburg,30 Mar 2012,
T20,R Ashwin,DNB,-,-,-,-,-,2,,v South Africa,Johannesburg,30 Mar 2012,
T20,YK Pathan,DNB,-,-,-,-,-,2,,v South Africa,Johannesburg,30 Mar 2012,
T20,SK Raina,DNB,-,-,-,-,-,2,,v South Africa,Johannesburg,30 Mar 2012,
T20,P Kumar,DNB,-,-,-,-,-,2,,v South Africa,Johannesburg,30 Mar 2012,
T20,RG Sharma,DNB,-,-,-,-,-,2,,v South Africa,Johannesburg,30 Mar 2012,
T20,V Kohli,DNB,-,-,-,-,-,2,,v South Africa,Johannesburg,30 Mar 2012,
T20,IK Pathan,DNB,-,-,-,-,-,1,,v Sri Lanka,Pallekele,7 Aug 2012,
T20,R Ashwin,DNB,-,-,-,-,-,1,,v Sri Lanka,Pallekele,7 Aug 2012,
T20,MK Tiwary,DNB,-,-,-,-,-,1,,v Sri Lanka,Pallekele,7 Aug 2012,
T20,RG Sharma,DNB,-,-,-,-,-,1,,v Sri Lanka,Pallekele,7 Aug 2012,
T20,AB Dinda,DNB,-,-,-,-,-,1,,v Sri Lanka,Pallekele,7 Aug 2012,
T20,UT Yadav,DNB,-,-,-,-,-,1,,v Sri Lanka,Pallekele,7 Aug 2012,
T20,Z Khan,DNB,-,-,-,-,-,2,,v New Zealand,Chennai,11 Sep 2012,
T20,L Balaji,DNB,-,-,-,-,-,2,,v New Zealand,Chennai,11 Sep 2012,
T20,IK Pathan,DNB,-,-,-,-,-,2,,v New Zealand,Chennai,11 Sep 2012,
T20,R Ashwin,DNB,-,-,-,-,-,2,,v New Zealand,Chennai,11 Sep 2012,
T20,MK Tiwary,DNB,-,-,-,-,-,2,,v New Zealand,Chennai,11 Sep 2012,
T20,Z Khan,DNB,-,-,-,-,-,1,,v Afghanistan,Colombo (RPS),19 Sep 2012,
T20,L Balaji,DNB,-,-,-,-,-,1,,v Afghanistan,Colombo (RPS),19 Sep 2012,
T20,IK Pathan,DNB,-,-,-,-,-,1,,v Afghanistan,Colombo (RPS),19 Sep 2012,
T20,R Ashwin,DNB,-,-,-,-,-,1,,v Afghanistan,Colombo (RPS),19 Sep 2012,
T20,Harbhajan Singh,DNB,-,-,-,-,-,1,,v England,Colombo (RPS),23 Sep 2012,
T20,Yuvraj Singh,DNB,-,-,-,-,-,1,,v England,Colombo (RPS),23 Sep 2012,
T20,L Balaji,DNB,-,-,-,-,-,1,,v England,Colombo (RPS),23 Sep 2012,
T20,PP Chawla,DNB,-,-,-,-,-,1,,v England,Colombo (RPS),23 Sep 2012,
T20,AB Dinda,DNB,-,-,-,-,-,1,,v England,Colombo (RPS),23 Sep 2012,
T20,Z Khan,DNB,-,-,-,-,-,1,,v Australia,Colombo (RPS),28 Sep 2012,
T20,PP Chawla,DNB,-,-,-,-,-,1,,v Australia,Colombo (RPS),28 Sep 2012,
T20,MS Dhoni,DNB,-,-,-,-,-,2,,v Pakistan,Colombo (RPS),30 Sep 2012,
T20,Z Khan,DNB,-,-,-,-,-,2,,v Pakistan,Colombo (RPS),30 Sep 2012,
T20,L Balaji,DNB,-,-,-,-,-,2,,v Pakistan,Colombo (RPS),30 Sep 2012,
T20,IK Pathan,DNB,-,-,-,-,-,2,,v Pakistan,Colombo (RPS),30 Sep 2012,
T20,R Ashwin,DNB,-,-,-,-,-,2,,v Pakistan,Colombo (RPS),30 Sep 2012,
T20,SK Raina,DNB,-,-,-,-,-,2,,v Pakistan,Colombo (RPS),30 Sep 2012,
T20,RG Sharma,DNB,-,-,-,-,-,2,,v Pakistan,Colombo (RPS),30 Sep 2012,
T20,Z Khan,DNB,-,-,-,-,-,1,,v South Africa,Colombo (RPS),2 Oct 2012,
T20,L Balaji,DNB,-,-,-,-,-,1,,v South Africa,Colombo (RPS),2 Oct 2012,
T20,IK Pathan,DNB,-,-,-,-,-,1,,v South Africa,Colombo (RPS),2 Oct 2012,
T20,R Ashwin,DNB,-,-,-,-,-,1,,v South Africa,Colombo (RPS),2 Oct 2012,
T20,R Ashwin,DNB,-,-,-,-,-,2,,v England,Pune,20 Dec 2012,
T20,PP Chawla,DNB,-,-,-,-,-,2,,v England,Pune,20 Dec 2012,
T20,AB Dinda,DNB,-,-,-,-,-,2,,v England,Pune,20 Dec 2012,
T20,P Awana,DNB,-,-,-,-,-,2,,v England,Pune,20 Dec 2012,
T20,AB Dinda,DNB,-,-,-,-,-,1,,v England,Wankhede,22 Dec 2012,
T20,P Awana,DNB,-,-,-,-,-,1,,v England,Wankhede,22 Dec 2012,
T20,R Ashwin,DNB,-,-,-,-,-,1,,v Pakistan,Ahmedabad,28 Dec 2012,
T20,AB Dinda,DNB,-,-,-,-,-,1,,v Pakistan,Ahmedabad,28 Dec 2012,
T20,I Sharma,DNB,-,-,-,-,-,1,,v Pakistan,Ahmedabad,28 Dec 2012,
T20,B Kumar,DNB,-,-,-,-,-,1,,v Pakistan,Ahmedabad,28 Dec 2012,
T20,R Vinay Kumar,DNB,-,-,-,-,-,2,,v Australia,Rajkot,10 Oct 2013,
T20,R Ashwin,DNB,-,-,-,-,-,2,,v Australia,Rajkot,10 Oct 2013,
T20,RA Jadeja,DNB,-,-,-,-,-,2,,v Australia,Rajkot,10 Oct 2013,
T20,I Sharma,DNB,-,-,-,-,-,2,,v Australia,Rajkot,10 Oct 2013,
T20,B Kumar,DNB,-,-,-,-,-,2,,v Australia,Rajkot,10 Oct 2013,
T20,MS Dhoni,DNB,-,-,-,-,-,2,,v Pakistan,Mirpur,21 Mar 2014,
T20,A Mishra,DNB,-,-,-,-,-,2,,v Pakistan,Mirpur,21 Mar 2014,
T20,R Ashwin,DNB,-,-,-,-,-,2,,v Pakistan,Mirpur,21 Mar 2014,
T20,RA Jadeja,DNB,-,-,-,-,-,2,,v Pakistan,Mirpur,21 Mar 2014,
T20,B Kumar,DNB,-,-,-,-,-,2,,v Pakistan,Mirpur,21 Mar 2014,
T20,Mohammed Shami,DNB,-,-,-,-,-,2,,v Pakistan,Mirpur,21 Mar 2014,
T20,MS Dhoni,DNB,-,-,-,-,-,2,,v West Indies,Mirpur,23 Mar 2014,
T20,A Mishra,DNB,-,-,-,-,-,2,,v West Indies,Mirpur,23 Mar 2014,
T20,R Ashwin,DNB,-,-,-,-,-,2,,v West Indies,Mirpur,23 Mar 2014,
T20,RA Jadeja,DNB,-,-,-,-,-,2,,v West Indies,Mirpur,23 Mar 2014,
T20,B Kumar,DNB,-,-,-,-,-,2,,v West Indies,Mirpur,23 Mar 2014,
T20,Mohammed Shami,DNB,-,-,-,-,-,2,,v West Indies,Mirpur,23 Mar 2014,
T20,Yuvraj Singh,DNB,-,-,-,-,-,2,,v Bangladesh,Mirpur,28 Mar 2014,
T20,A Mishra,DNB,-,-,-,-,-,2,,v Bangladesh,Mirpur,28 Mar 2014,
T20,R Ashwin,DNB,-,-,-,-,-,2,,v Bangladesh,Mirpur,28 Mar 2014,
T20,SK Raina,DNB,-,-,-,-,-,2,,v Bangladesh,Mirpur,28 Mar 2014,
T20,RA Jadeja,DNB,-,-,-,-,-,2,,v Bangladesh,Mirpur,28 Mar 2014,
T20,B Kumar,DNB,-,-,-,-,-,2,,v Bangladesh,Mirpur,28 Mar 2014,
T20,Mohammed Shami,DNB,-,-,-,-,-,2,,v Bangladesh,Mirpur,28 Mar 2014,
T20,A Mishra,DNB,-,-,-,-,-,1,,v Australia,Mirpur,30 Mar 2014,
T20,MM Sharma,DNB,-,-,-,-,-,1,,v Australia,Mirpur,30 Mar 2014,
T20,A Mishra,DNB,-,-,-,-,-,2,,v South Africa,Mirpur,4 Apr 2014,
T20,R Ashwin,DNB,-,-,-,-,-,2,,v South Africa,Mirpur,4 Apr 2014,
T20,RA Jadeja,DNB,-,-,-,-,-,2,,v South Africa,Mirpur,4 Apr 2014,
T20,B Kumar,DNB,-,-,-,-,-,2,,v South Africa,Mirpur,4 Apr 2014,
T20,MM Sharma,DNB,-,-,-,-,-,2,,v South Africa,Mirpur,4 Apr 2014,
T20,A Mishra,DNB,-,-,-,-,-,1,,v Sri Lanka,Mirpur,6 Apr 2014,
T20,R Ashwin,DNB,-,-,-,-,-,1,,v Sri Lanka,Mirpur,6 Apr 2014,
T20,SK Raina,DNB,-,-,-,-,-,1,,v Sri Lanka,Mirpur,6 Apr 2014,
T20,RA Jadeja,DNB,-,-,-,-,-,1,,v Sri Lanka,Mirpur,6 Apr 2014,
T20,B Kumar,DNB,-,-,-,-,-,1,,v Sri Lanka,Mirpur,6 Apr 2014,
T20,MM Sharma,DNB,-,-,-,-,-,1,,v Sri Lanka,Mirpur,6 Apr 2014,
T20,R Ashwin,DNB,-,-,-,-,-,2,,v England,Birmingham,7 Sep 2014,
T20,KV Sharma,DNB,-,-,-,-,-,2,,v England,Birmingham,7 Sep 2014,
T20,Mohammed Shami,DNB,-,-,-,-,-,2,,v England,Birmingham,7 Sep 2014,
T20,MM Sharma,DNB,-,-,-,-,-,2,,v England,Birmingham,7 Sep 2014,
T20,B Kumar,DNB,-,-,-,-,-,1,,v Zimbabwe,Harare,17 Jul 2015,
T20,Sandeep Sharma,DNB,-,-,-,-,-,1,,v Zimbabwe,Harare,17 Jul 2015,
T20,MM Sharma,DNB,-,-,-,-,-,1,,v Zimbabwe,Harare,17 Jul 2015,
T20,AR Patel,DNB,-,-,-,-,-,1,,v Zimbabwe,Harare,17 Jul 2015,
T20,R Ashwin,DNB,-,-,-,-,-,1,,v South Africa,Dharamsala,2 Oct 2015,
T20,S Aravind,DNB,-,-,-,-,-,1,,v South Africa,Dharamsala,2 Oct 2015,
T20,B Kumar,DNB,-,-,-,-,-,1,,v South Africa,Dharamsala,2 Oct 2015,
T20,MM Sharma,DNB,-,-,-,-,-,1,,v South Africa,Dharamsala,2 Oct 2015,
T20,Yuvraj Singh,DNB,-,-,-,-,-,1,,v Australia,Adelaide,26 Jan 2016,
T20,A Nehra,DNB,-,-,-,-,-,1,,v Australia,Adelaide,26 Jan 2016,
T20,R Ashwin,DNB,-,-,-,-,-,1,,v Australia,Adelaide,26 Jan 2016,
T20,RA Jadeja,DNB,-,-,-,-,-,1,,v Australia,Adelaide,26 Jan 2016,
T20,HH Pandya,DNB,-,-,-,-,-,1,,v Australia,Adelaide,26 Jan 2016,
T20,JJ Bumrah,DNB,-,-,-,-,-,1,,v Australia,Adelaide,26 Jan 2016,
T20,Yuvraj Singh,DNB,-,-,-,-,-,1,,v Australia,Melbourne,29 Jan 2016,
T20,A Nehra,DNB,-,-,-,-,-,1,,v Australia,Melbourne,29 Jan 2016,
T20,R Ashwin,DNB,-,-,-,-,-,1,,v Australia,Melbourne,29 Jan 2016,
T20,RA Jadeja,DNB,-,-,-,-,-,1,,v Australia,Melbourne,29 Jan 2016,
T20,HH Pandya,DNB,-,-,-,-,-,1,,v Australia,Melbourne,29 Jan 2016,
T20,JJ Bumrah,DNB,-,-,-,-,-,1,,v Australia,Melbourne,29 Jan 2016,
T20,MS Dhoni,DNB,-,-,-,-,-,2,,v Australia,Sydney,31 Jan 2016,
T20,A Nehra,DNB,-,-,-,-,-,2,,v Australia,Sydney,31 Jan 2016,
T20,R Ashwin,DNB,-,-,-,-,-,2,,v Australia,Sydney,31 Jan 2016,
T20,RA Jadeja,DNB,-,-,-,-,-,2,,v Australia,Sydney,31 Jan 2016,
T20,HH Pandya,DNB,-,-,-,-,-,2,,v Australia,Sydney,31 Jan 2016,
T20,JJ Bumrah,DNB,-,-,-,-,-,2,,v Australia,Sydney,31 Jan 2016,
T20,A Nehra,DNB,-,-,-,-,-,1,,v Sri Lanka,Ranchi,12 Feb 2016,
T20,R Ashwin,DNB,-,-,-,-,-,1,,v Sri Lanka,Ranchi,12 Feb 2016,
T20,JJ Bumrah,DNB,-,-,-,-,-,1,,v Sri Lanka,Ranchi,12 Feb 2016,
T20,MS Dhoni,DNB,-,-,-,-,-,2,,v Sri Lanka,Visakhapatnam,14 Feb 2016,
T20,Yuvraj Singh,DNB,-,-,-,-,-,2,,v Sri Lanka,Visakhapatnam,14 Feb 2016,
T20,A Nehra,DNB,-,-,-,-,-,2,,v Sri Lanka,Visakhapatnam,14 Feb 2016,
T20,R Ashwin,DNB,-,-,-,-,-,2,,v Sri Lanka,Visakhapatnam,14 Feb 2016,
T20,SK Raina,DNB,-,-,-,-,-,2,,v Sri Lanka,Visakhapatnam,14 Feb 2016,
T20,RA Jadeja,DNB,-,-,-,-,-,2,,v Sri Lanka,Visakhapatnam,14 Feb 2016,
T20,HH Pandya,DNB,-,-,-,-,-,2,,v Sri Lanka,Visakhapatnam,14 Feb 2016,
T20,JJ Bumrah,DNB,-,-,-,-,-,2,,v Sri Lanka,Visakhapatnam,14 Feb 2016,
T20,A Nehra,DNB,-,-,-,-,-,1,,v Bangladesh,Mirpur,24 Feb 2016,
T20,R Ashwin,DNB,-,-,-,-,-,1,,v Bangladesh,Mirpur,24 Feb 2016,
T20,JJ Bumrah,DNB,-,-,-,-,-,1,,v Bangladesh,Mirpur,24 Feb 2016,
T20,A Nehra,DNB,-,-,-,-,-,2,,v Pakistan,Mirpur,27 Feb 2016,
T20,R Ashwin,DNB,-,-,-,-,-,2,,v Pakistan,Mirpur,27 Feb 2016,
T20,RA Jadeja,DNB,-,-,-,-,-,2,,v Pakistan,Mirpur,27 Feb 2016,
T20,JJ Bumrah,DNB,-,-,-,-,-,2,,v Pakistan,Mirpur,27 Feb 2016,
T20,A Nehra,DNB,-,-,-,-,-,2,,v Sri Lanka,Mirpur,1 Mar 2016,
T20,R Ashwin,DNB,-,-,-,-,-,2,,v Sri Lanka,Mirpur,1 Mar 2016,
T20,RA Jadeja,DNB,-,-,-,-,-,2,,v Sri Lanka,Mirpur,1 Mar 2016,
T20,JJ Bumrah,DNB,-,-,-,-,-,2,,v Sri Lanka,Mirpur,1 Mar 2016,
T20,Harbhajan Singh,DNB,-,-,-,-,-,2,,v U.A.E.,Mirpur,3 Mar 2016,
T20,MS Dhoni,DNB,-,-,-,-,-,2,,v U.A.E.,Mirpur,3 Mar 2016,
T20,SK Raina,DNB,-,-,-,-,-,2,,v U.A.E.,Mirpur,3 Mar 2016,
T20,V Kohli,DNB,-,-,-,-,-,2,,v U.A.E.,Mirpur,3 Mar 2016,
T20,B Kumar,DNB,-,-,-,-,-,2,,v U.A.E.,Mirpur,3 Mar 2016,
T20,P Negi,DNB,-,-,-,-,-,2,,v U.A.E.,Mirpur,3 Mar 2016,
T20,HH Pandya,DNB,-,-,-,-,-,2,,v U.A.E.,Mirpur,3 Mar 2016,
T20,JJ Bumrah,DNB,-,-,-,-,-,2,,v U.A.E.,Mirpur,3 Mar 2016,
T20,Yuvraj Singh,DNB,-,-,-,-,-,2,,v Bangladesh,Mirpur,6 Mar 2016,
T20,A Nehra,DNB,-,-,-,-,-,2,,v Bangladesh,Mirpur,6 Mar 2016,
T20,R Ashwin,DNB,-,-,-,-,-,2,,v Bangladesh,Mirpur,6 Mar 2016,
T20,SK Raina,DNB,-,-,-,-,-,2,,v Bangladesh,Mirpur,6 Mar 2016,
T20,RA Jadeja,DNB,-,-,-,-,-,2,,v Bangladesh,Mirpur,6 Mar 2016,
T20,HH Pandya,DNB,-,-,-,-,-,2,,v Bangladesh,Mirpur,6 Mar 2016,
T20,JJ Bumrah,DNB,-,-,-,-,-,2,,v Bangladesh,Mirpur,6 Mar 2016,
T20,A Nehra,DNB,-,-,-,-,-,2,,v Pakistan,Eden Gardens,19 Mar 2016,
T20,R Ashwin,DNB,-,-,-,-,-,2,,v Pakistan,Eden Gardens,19 Mar 2016,
T20,RA Jadeja,DNB,-,-,-,-,-,2,,v Pakistan,Eden Gardens,19 Mar 2016,
T20,HH Pandya,DNB,-,-,-,-,-,2,,v Pakistan,Eden Gardens,19 Mar 2016,
T20,JJ Bumrah,DNB,-,-,-,-,-,2,,v Pakistan,Eden Gardens,19 Mar 2016,
T20,A Nehra,DNB,-,-,-,-,-,1,,v Bangladesh,Bengaluru,23 Mar 2016,
T20,JJ Bumrah,DNB,-,-,-,-,-,1,,v Bangladesh,Bengaluru,23 Mar 2016,
T20,A Nehra,DNB,-,-,-,-,-,2,,v Australia,Mohali,27 Mar 2016,
T20,R Ashwin,DNB,-,-,-,-,-,2,,v Australia,Mohali,27 Mar 2016,
T20,RA Jadeja,DNB,-,-,-,-,-,2,,v Australia,Mohali,27 Mar 2016,
T20,HH Pandya,DNB,-,-,-,-,-,2,,v Australia,Mohali,27 Mar 2016,
T20,JJ Bumrah,DNB,-,-,-,-,-,2,,v Australia,Mohali,27 Mar 2016,
T20,A Nehra,DNB,-,-,-,-,-,1,,v West Indies,Wankhede,31 Mar 2016,
T20,R Ashwin,DNB,-,-,-,-,-,1,,v West Indies,Wankhede,31 Mar 2016,
T20,SK Raina,DNB,-,-,-,-,-,1,,v West Indies,Wankhede,31 Mar 2016,
T20,RA Jadeja,DNB,-,-,-,-,-,1,,v West Indies,Wankhede,31 Mar 2016,
T20,MK Pandey,DNB,-,-,-,-,-,1,,v West Indies,Wankhede,31 Mar 2016,
T20,HH Pandya,DNB,-,-,-,-,-,1,,v West Indies,Wankhede,31 Mar 2016,
T20,JJ Bumrah,DNB,-,-,-,-,-,1,,v West Indies,Wankhede,31 Mar 2016,
T20,JD Unadkat,DNB,-,-,-,-,-,2,,v Zimbabwe,Harare,18 Jun 2016,
T20,YS Chahal,DNB,-,-,-,-,-,2,,v Zimbabwe,Harare,18 Jun 2016,
T20,JJ Bumrah,DNB,-,-,-,-,-,2,,v Zimbabwe,Harare,18 Jun 2016,
T20,MS Dhoni,DNB,-,-,-,-,-,2,,v Zimbabwe,Harare,20 Jun 2016,
T20,AT Rayudu,DNB,-,-,-,-,-,2,,v Zimbabwe,Harare,20 Jun 2016,
T20,DS Kulkarni,DNB,-,-,-,-,-,2,,v Zimbabwe,Harare,20 Jun 2016,
T20,MK Pandey,DNB,-,-,-,-,-,2,,v Zimbabwe,Harare,20 Jun 2016,
T20,KM Jadhav,DNB,-,-,-,-,-,2,,v Zimbabwe,Harare,20 Jun 2016,
T20,YS Chahal,DNB,-,-,-,-,-,2,,v Zimbabwe,Harare,20 Jun 2016,
T20,BB Sran,DNB,-,-,-,-,-,2,,v Zimbabwe,Harare,20 Jun 2016,
T20,AR Patel,DNB,-,-,-,-,-,2,,v Zimbabwe,Harare,20 Jun 2016,
T20,JJ Bumrah,DNB,-,-,-,-,-,2,,v Zimbabwe,Harare,20 Jun 2016,
T20,YS Chahal,DNB,-,-,-,-,-,1,,v Zimbabwe,Harare,22 Jun 2016,
T20,BB Sran,DNB,-,-,-,-,-,1,,v Zimbabwe,Harare,22 Jun 2016,
T20,JJ Bumrah,DNB,-,-,-,-,-,1,,v Zimbabwe,Harare,22 Jun 2016,
T20,STR Binny,DNB,-,-,-,-,-,2,,v West Indies,Lauderhill,27 Aug 2016,
T20,R Ashwin,DNB,-,-,-,-,-,2,,v West Indies,Lauderhill,27 Aug 2016,
T20,RA Jadeja,DNB,-,-,-,-,-,2,,v West Indies,Lauderhill,27 Aug 2016,
T20,B Kumar,DNB,-,-,-,-,-,2,,v West Indies,Lauderhill,27 Aug 2016,
T20,Mohammed Shami,DNB,-,-,-,-,-,2,,v West Indies,Lauderhill,27 Aug 2016,
T20,JJ Bumrah,DNB,-,-,-,-,-,2,,v West Indies,Lauderhill,27 Aug 2016,
T20,MS Dhoni,DNB,-,-,-,-,-,2,,v West Indies,Lauderhill,28 Aug 2016,
T20,A Mishra,DNB,-,-,-,-,-,2,,v West Indies,Lauderhill,28 Aug 2016,
T20,R Ashwin,DNB,-,-,-,-,-,2,,v West Indies,Lauderhill,28 Aug 2016,
T20,RA Jadeja,DNB,-,-,-,-,-,2,,v West Indies,Lauderhill,28 Aug 2016,
T20,V Kohli,DNB,-,-,-,-,-,2,,v West Indies,Lauderhill,28 Aug 2016,
T20,B Kumar,DNB,-,-,-,-,-,2,,v West Indies,Lauderhill,28 Aug 2016,
T20,KL Rahul,DNB,-,-,-,-,-,2,,v West Indies,Lauderhill,28 Aug 2016,
T20,Mohammed Shami,DNB,-,-,-,-,-,2,,v West Indies,Lauderhill,28 Aug 2016,
T20,JJ Bumrah,DNB,-,-,-,-,-,2,,v West Indies,Lauderhill,28 Aug 2016,
T20,A Nehra,DNB,-,-,-,-,-,1,,v England,Kanpur,26 Jan 2017,
T20,YS Chahal,DNB,-,-,-,-,-,1,,v England,Kanpur,26 Jan 2017,
T20,A Nehra,DNB,-,-,-,-,-,1,,v England,Nagpur,29 Jan 2017,
T20,YS Chahal,DNB,-,-,-,-,-,1,,v England,Nagpur,29 Jan 2017,
T20,A Nehra,DNB,-,-,-,-,-,1,,v England,Bengaluru,1 Feb 2017,
T20,A Mishra,DNB,-,-,-,-,-,1,,v England,Bengaluru,1 Feb 2017,
T20,YS Chahal,DNB,-,-,-,-,-,1,,v England,Bengaluru,1 Feb 2017,
T20,JJ Bumrah,DNB,-,-,-,-,-,1,,v England,Bengaluru,1 Feb 2017,
T20,B Kumar,DNB,-,-,-,-,-,1,,v West Indies,Kingston,9 Jul 2017,
T20,Mohammed Shami,DNB,-,-,-,-,-,1,,v West Indies,Kingston,9 Jul 2017,
T20,Kuldeep Yadav,DNB,-,-,-,-,-,1,,v West Indies,Kingston,9 Jul 2017,
T20,KM Jadhav,DNB,-,-,-,-,-,2,,v Sri Lanka,Colombo (RPS),6 Sep 2017,
T20,B Kumar,DNB,-,-,-,-,-,2,,v Sri Lanka,Colombo (RPS),6 Sep 2017,
T20,YS Chahal,DNB,-,-,-,-,-,2,,v Sri Lanka,Colombo (RPS),6 Sep 2017,
T20,AR Patel,DNB,-,-,-,-,-,2,,v Sri Lanka,Colombo (RPS),6 Sep 2017,
T20,Kuldeep Yadav,DNB,-,-,-,-,-,2,,v Sri Lanka,Colombo (RPS),6 Sep 2017,
T20,JJ Bumrah,DNB,-,-,-,-,-,2,,v Sri Lanka,Colombo (RPS),6 Sep 2017,
T20,MS Dhoni,DNB,-,-,-,-,-,2,,v Australia,Ranchi,7 Oct 2017,
T20,MK Pandey,DNB,-,-,-,-,-,2,,v Australia,Ranchi,7 Oct 2017,
T20,KM Jadhav,DNB,-,-,-,-,-,2,,v Australia,Ranchi,7 Oct 2017,
T20,B Kumar,DNB,-,-,-,-,-,2,,v Australia,Ranchi,7 Oct 2017,
T20,YS Chahal,DNB,-,-,-,-,-,2,,v Australia,Ranchi,7 Oct 2017,
T20,Kuldeep Yadav,DNB,-,-,-,-,-,2,,v Australia,Ranchi,7 Oct 2017,
T20,HH Pandya,DNB,-,-,-,-,-,2,,v Australia,Ranchi,7 Oct 2017,
T20,JJ Bumrah,DNB,-,-,-,-,-,2,,v Australia,Ranchi,7 Oct 2017,
T20,A Nehra,DNB,-,-,-,-,-,1,,v New Zealand,Delhi,1 Nov 2017,
T20,B Kumar,DNB,-,-,-,-,-,1,,v New Zealand,Delhi,1 Nov 2017,
T20,YS Chahal,DNB,-,-,-,-,-,1,,v New Zealand,Delhi,1 Nov 2017,
T20,AR Patel,DNB,-,-,-,-,-,1,,v New Zealand,Delhi,1 Nov 2017,
T20,JJ Bumrah,DNB,-,-,-,-,-,1,,v New Zealand,Delhi,1 Nov 2017,
T20,SS Iyer,DNB,-,-,-,-,-,1,,v New Zealand,Delhi,1 Nov 2017,
T20,YS Chahal,DNB,-,-,-,-,-,2,,v New Zealand,Rajkot,4 Nov 2017,
T20,Mohammed Siraj,DNB,-,-,-,-,-,2,,v New Zealand,Rajkot,4 Nov 2017,
T20,B Kumar,DNB,-,-,-,-,-,1,,v New Zealand,Thiruvananthapuram,7 Nov 2017,
T20,YS Chahal,DNB,-,-,-,-,-,1,,v New Zealand,Thiruvananthapuram,7 Nov 2017,
T20,Kuldeep Yadav,DNB,-,-,-,-,-,1,,v New Zealand,Thiruvananthapuram,7 Nov 2017,
T20,JJ Bumrah,DNB,-,-,-,-,-,1,,v New Zealand,Thiruvananthapuram,7 Nov 2017,
T20,KD Karthik,DNB,-,-,-,-,-,1,,v Sri Lanka,Cuttack,20 Dec 2017,
T20,JD Unadkat,DNB,-,-,-,-,-,1,,v Sri Lanka,Cuttack,20 Dec 2017,
T20,YS Chahal,DNB,-,-,-,-,-,1,,v Sri Lanka,Cuttack,20 Dec 2017,
T20,Kuldeep Yadav,DNB,-,-,-,-,-,1,,v Sri Lanka,Cuttack,20 Dec 2017,
T20,HH Pandya,DNB,-,-,-,-,-,1,,v Sri Lanka,Cuttack,20 Dec 2017,
T20,JJ Bumrah,DNB,-,-,-,-,-,1,,v Sri Lanka,Cuttack,20 Dec 2017,
T20,JD Unadkat,DNB,-,-,-,-,-,1,,v Sri Lanka,Indore,22 Dec 2017,
T20,YS Chahal,DNB,-,-,-,-,-,1,,v Sri Lanka,Indore,22 Dec 2017,
T20,Kuldeep Yadav,DNB,-,-,-,-,-,1,,v Sri Lanka,Indore,22 Dec 2017,
T20,JJ Bumrah,DNB,-,-,-,-,-,1,,v Sri Lanka,Indore,22 Dec 2017,
T20,JD Unadkat,DNB,-,-,-,-,-,2,,v Sri Lanka,Wankhede,24 Dec 2017,
T20,Kuldeep Yadav,DNB,-,-,-,-,-,2,,v Sri Lanka,Wankhede,24 Dec 2017,
T20,Washington Sundar,DNB,-,-,-,-,-,2,,v Sri Lanka,Wankhede,24 Dec 2017,
T20,Mohammed Siraj,DNB,-,-,-,-,-,2,,v Sri Lanka,Wankhede,24 Dec 2017,
T20,B Kumar,DNB,-,-,-,-,-,1,,v South Africa,Johannesburg,18 Feb 2018,
T20,JD Unadkat,DNB,-,-,-,-,-,1,,v South Africa,Johannesburg,18 Feb 2018,
T20,YS Chahal,DNB,-,-,-,-,-,1,,v South Africa,Johannesburg,18 Feb 2018,
T20,JJ Bumrah,DNB,-,-,-,-,-,1,,v South Africa,Johannesburg,18 Feb 2018,
T20,B Kumar,DNB,-,-,-,-,-,1,,v South Africa,Centurion,21 Feb 2018,
T20,JD Unadkat,DNB,-,-,-,-,-,1,,v South Africa,Centurion,21 Feb 2018,
T20,YS Chahal,DNB,-,-,-,-,-,1,,v South Africa,Centurion,21 Feb 2018,
T20,SN Thakur,DNB,-,-,-,-,-,1,,v South Africa,Centurion,21 Feb 2018,
T20,HH Pandya,DNB,-,-,-,-,-,1,,v South Africa,Centurion,21 Feb 2018,
T20,SN Thakur,DNB,-,-,-,-,-,1,,v South Africa,Cape Town,24 Feb 2018,
T20,JJ Bumrah,DNB,-,-,-,-,-,1,,v South Africa,Cape Town,24 Feb 2018,
T20,JD Unadkat,DNB,-,-,-,-,-,1,,v Sri Lanka,Colombo (RPS),6 Mar 2018,
T20,YS Chahal,DNB,-,-,-,-,-,1,,v Sri Lanka,Colombo (RPS),6 Mar 2018,
T20,SN Thakur,DNB,-,-,-,-,-,1,,v Sri Lanka,Colombo (RPS),6 Mar 2018,
T20,V Shankar,DNB,-,-,-,-,-,1,,v Sri Lanka,Colombo (RPS),6 Mar 2018,
T20,Washington Sundar,DNB,-,-,-,-,-,1,,v Sri Lanka,Colombo (RPS),6 Mar 2018,
T20,JD Unadkat,DNB,-,-,-,-,-,2,,v Bangladesh,Colombo (RPS),8 Mar 2018,
T20,YS Chahal,DNB,-,-,-,-,-,2,,v Bangladesh,Colombo (RPS),8 Mar 2018,
T20,SN Thakur,DNB,-,-,-,-,-,2,,v Bangladesh,Colombo (RPS),8 Mar 2018,
T20,V Shankar,DNB,-,-,-,-,-,2,,v Bangladesh,Colombo (RPS),8 Mar 2018,
T20,Washington Sundar,DNB,-,-,-,-,-,2,,v Bangladesh,Colombo (RPS),8 Mar 2018,
T20,JD Unadkat,DNB,-,-,-,-,-,2,,v Sri Lanka,Colombo (RPS),12 Mar 2018,
T20,YS Chahal,DNB,-,-,-,-,-,2,,v Sri Lanka,Colombo (RPS),12 Mar 2018,
T20,SN Thakur,DNB,-,-,-,-,-,2,,v Sri Lanka,Colombo (RPS),12 Mar 2018,
T20,V Shankar,DNB,-,-,-,-,-,2,,v Sri Lanka,Colombo (RPS),12 Mar 2018,
T20,Washington Sundar,DNB,-,-,-,-,-,2,,v Sri Lanka,Colombo (RPS),12 Mar 2018,
T20,MK Pandey,DNB,-,-,-,-,-,1,,v Bangladesh,Colombo (RPS),14 Mar 2018,
T20,KL Rahul,DNB,-,-,-,-,-,1,,v Bangladesh,Colombo (RPS),14 Mar 2018,
T20,YS Chahal,DNB,-,-,-,-,-,1,,v Bangladesh,Colombo (RPS),14 Mar 2018,
T20,SN Thakur,DNB,-,-,-,-,-,1,,v Bangladesh,Colombo (RPS),14 Mar 2018,
T20,V Shankar,DNB,-,-,-,-,-,1,,v Bangladesh,Colombo (RPS),14 Mar 2018,
T20,Washington Sundar,DNB,-,-,-,-,-,1,,v Bangladesh,Colombo (RPS),14 Mar 2018,
T20,Mohammed Siraj,DNB,-,-,-,-,-,1,,v Bangladesh,Colombo (RPS),14 Mar 2018,
T20,JD Unadkat,DNB,-,-,-,-,-,2,,v Bangladesh,Colombo (RPS),18 Mar 2018,
T20,YS Chahal,DNB,-,-,-,-,-,2,,v Bangladesh,Colombo (RPS),18 Mar 2018,
T20,SN Thakur,DNB,-,-,-,-,-,2,,v Bangladesh,Colombo (RPS),18 Mar 2018,
T20,B Kumar,DNB,-,-,-,-,-,1,,v Ireland,Dublin (Malahide),27 Jun 2018,
T20,YS Chahal,DNB,-,-,-,-,-,1,,v Ireland,Dublin (Malahide),27 Jun 2018,
T20,Kuldeep Yadav,DNB,-,-,-,-,-,1,,v Ireland,Dublin (Malahide),27 Jun 2018,
T20,JJ Bumrah,DNB,-,-,-,-,-,1,,v Ireland,Dublin (Malahide),27 Jun 2018,
T20,KD Karthik,DNB,-,-,-,-,-,1,,v Ireland,Dublin (Malahide),29 Jun 2018,
T20,S Kaul,DNB,-,-,-,-,-,1,,v Ireland,Dublin (Malahide),29 Jun 2018,
T20,UT Yadav,DNB,-,-,-,-,-,1,,v Ireland,Dublin (Malahide),29 Jun 2018,
T20,YS Chahal,DNB,-,-,-,-,-,1,,v Ireland,Dublin (Malahide),29 Jun 2018,
T20,Kuldeep Yadav,DNB,-,-,-,-,-,1,,v Ireland,Dublin (Malahide),29 Jun 2018,
T20,MS Dhoni,DNB,-,-,-,-,-,2,,v England,Manchester,3 Jul 2018,
T20,SK Raina,DNB,-,-,-,-,-,2,,v England,Manchester,3 Jul 2018,
T20,B Kumar,DNB,-,-,-,-,-,2,,v England,Manchester,3 Jul 2018,
T20,UT Yadav,DNB,-,-,-,-,-,2,,v England,Manchester,3 Jul 2018,
T20,YS Chahal,DNB,-,-,-,-,-,2,,v England,Manchester,3 Jul 2018,
T20,Kuldeep Yadav,DNB,-,-,-,-,-,2,,v England,Manchester,3 Jul 2018,
T20,HH Pandya,DNB,-,-,-,-,-,2,,v England,Manchester,3 Jul 2018,
T20,B Kumar,DNB,-,-,-,-,-,1,,v England,Cardiff,6 Jul 2018,
T20,UT Yadav,DNB,-,-,-,-,-,1,,v England,Cardiff,6 Jul 2018,
T20,YS Chahal,DNB,-,-,-,-,-,1,,v England,Cardiff,6 Jul 2018,
T20,Kuldeep Yadav,DNB,-,-,-,-,-,1,,v England,Cardiff,6 Jul 2018,
T20,MS Dhoni,DNB,-,-,-,-,-,2,,v England,Bristol,8 Jul 2018,
T20,SK Raina,DNB,-,-,-,-,-,2,,v England,Bristol,8 Jul 2018,
T20,S Kaul,DNB,-,-,-,-,-,2,,v England,Bristol,8 Jul 2018,
T20,UT Yadav,DNB,-,-,-,-,-,2,,v England,Bristol,8 Jul 2018,
T20,YS Chahal,DNB,-,-,-,-,-,2,,v England,Bristol,8 Jul 2018,
T20,DL Chahar,DNB,-,-,-,-,-,2,,v England,Bristol,8 Jul 2018,
T20,UT Yadav,DNB,-,-,-,-,-,2,,v West Indies,Eden Gardens,4 Nov 2018,
T20,Kuldeep Yadav,DNB,-,-,-,-,-,2,,v West Indies,Eden Gardens,4 Nov 2018,
T20,JJ Bumrah,DNB,-,-,-,-,-,2,,v West Indies,Eden Gardens,4 Nov 2018,
T20,KK Ahmed,DNB,-,-,-,-,-,2,,v West Indies,Eden Gardens,4 Nov 2018,
T20,KD Karthik,DNB,-,-,-,-,-,1,,v West Indies,Lucknow,6 Nov 2018,
T20,MK Pandey,DNB,-,-,-,-,-,1,,v West Indies,Lucknow,6 Nov 2018,
T20,B Kumar,DNB,-,-,-,-,-,1,,v West Indies,Lucknow,6 Nov 2018,
T20,KH Pandya,DNB,-,-,-,-,-,1,,v West Indies,Lucknow,6 Nov 2018,
T20,Kuldeep Yadav,DNB,-,-,-,-,-,1,,v West Indies,Lucknow,6 Nov 2018,
T20,JJ Bumrah,DNB,-,-,-,-,-,1,,v West Indies,Lucknow,6 Nov 2018,
T20,KK Ahmed,DNB,-,-,-,-,-,1,,v West Indies,Lucknow,6 Nov 2018,
T20,B Kumar,DNB,-,-,-,-,-,2,,v West Indies,Chennai,11 Nov 2018,
T20,YS Chahal,DNB,-,-,-,-,-,2,,v West Indies,Chennai,11 Nov 2018,
T20,KH Pandya,DNB,-,-,-,-,-,2,,v West Indies,Chennai,11 Nov 2018,
T20,Washington Sundar,DNB,-,-,-,-,-,2,,v West Indies,Chennai,11 Nov 2018,
T20,KK Ahmed,DNB,-,-,-,-,-,2,,v West Indies,Chennai,11 Nov 2018,
T20,JJ Bumrah,DNB,-,-,-,-,-,2,,v Australia,Brisbane,21 Nov 2018,
T20,KK Ahmed,DNB,-,-,-,-,-,2,,v Australia,Brisbane,21 Nov 2018,
T20,KD Karthik,TDNB,-,-,-,-,-,-,,v Australia,Melbourne,23 Nov 2018,
T20,S Dhawan,TDNB,-,-,-,-,-,-,,v Australia,Melbourne,23 Nov 2018,
T20,RG Sharma,TDNB,-,-,-,-,-,-,,v Australia,Melbourne,23 Nov 2018,
T20,V Kohli,TDNB,-,-,-,-,-,-,,v Australia,Melbourne,23 Nov 2018,
T20,B Kumar,TDNB,-,-,-,-,-,-,,v Australia,Melbourne,23 Nov 2018,
T20,KL Rahul,TDNB,-,-,-,-,-,-,,v Australia,Melbourne,23 Nov 2018,
T20,KH Pandya,TDNB,-,-,-,-,-,-,,v Australia,Melbourne,23 Nov 2018,
T20,Kuldeep Yadav,TDNB,-,-,-,-,-,-,,v Australia,Melbourne,23 Nov 2018,
T20,JJ Bumrah,TDNB,-,-,-,-,-,-,,v Australia,Melbourne,23 Nov 2018,
T20,RR Pant,TDNB,-,-,-,-,-,-,,v Australia,Melbourne,23 Nov 2018,
T20,KK Ahmed,TDNB,-,-,-,-,-,-,,v Australia,Melbourne,23 Nov 2018,
T20,B Kumar,DNB,-,-,-,-,-,2,,v Australia,Sydney,25 Nov 2018,
T20,KH Pandya,DNB,-,-,-,-,-,2,,v Australia,Sydney,25 Nov 2018,
T20,Kuldeep Yadav,DNB,-,-,-,-,-,2,,v Australia,Sydney,25 Nov 2018,
T20,JJ Bumrah,DNB,-,-,-,-,-,2,,v Australia,Sydney,25 Nov 2018,
T20,KK Ahmed,DNB,-,-,-,-,-,2,,v Australia,Sydney,25 Nov 2018,
T20,KD Karthik,DNB,-,-,-,-,-,2,,v New Zealand,Auckland,8 Feb 2019,
T20,B Kumar,DNB,-,-,-,-,-,2,,v New Zealand,Auckland,8 Feb 2019,
T20,YS Chahal,DNB,-,-,-,-,-,2,,v New Zealand,Auckland,8 Feb 2019,
T20,KH Pandya,DNB,-,-,-,-,-,2,,v New Zealand,Auckland,8 Feb 2019,
T20,HH Pandya,DNB,-,-,-,-,-,2,,v New Zealand,Auckland,8 Feb 2019,
T20,KK Ahmed,DNB,-,-,-,-,-,2,,v New Zealand,Auckland,8 Feb 2019,
T20,B Kumar,DNB,-,-,-,-,-,2,,v New Zealand,Hamilton,10 Feb 2019,
T20,Kuldeep Yadav,DNB,-,-,-,-,-,2,,v New Zealand,Hamilton,10 Feb 2019,
T20,KK Ahmed,DNB,-,-,-,-,-,2,,v New Zealand,Hamilton,10 Feb 2019,
T20,JJ Bumrah,DNB,-,-,-,-,-,1,,v Australia,Visakhapatnam,24 Feb 2019,
T20,M Markande,DNB,-,-,-,-,-,1,,v Australia,Visakhapatnam,24 Feb 2019,
T20,S Kaul,DNB,-,-,-,-,-,1,,v Australia,Bengaluru,27 Feb 2019,
T20,YS Chahal,DNB,-,-,-,-,-,1,,v Australia,Bengaluru,27 Feb 2019,
T20,KH Pandya,DNB,-,-,-,-,-,1,,v Australia,Bengaluru,27 Feb 2019,
T20,V Shankar,DNB,-,-,-,-,-,1,,v Australia,Bengaluru,27 Feb 2019,
T20,JJ Bumrah,DNB,-,-,-,-,-,1,,v Australia,Bengaluru,27 Feb 2019,
T20,B Kumar,DNB,-,-,-,-,-,2,,v West Indies,Lauderhill,3 Aug 2019,
T20,NA Saini,DNB,-,-,-,-,-,2,,v West Indies,Lauderhill,3 Aug 2019,
T20,KK Ahmed,DNB,-,-,-,-,-,2,,v West Indies,Lauderhill,3 Aug 2019,
T20,B Kumar,DNB,-,-,-,-,-,1,,v West Indies,Lauderhill,4 Aug 2019,
T20,NA Saini,DNB,-,-,-,-,-,1,,v West Indies,Lauderhill,4 Aug 2019,
T20,Washington Sundar,DNB,-,-,-,-,-,1,,v West Indies,Lauderhill,4 Aug 2019,
T20,KK Ahmed,DNB,-,-,-,-,-,1,,v West Indies,Lauderhill,4 Aug 2019,
T20,B Kumar,DNB,-,-,-,-,-,2,,v West Indies,Providence,6 Aug 2019,
T20,DL Chahar,DNB,-,-,-,-,-,2,,v West Indies,Providence,6 Aug 2019,
T20,KH Pandya,DNB,-,-,-,-,-,2,,v West Indies,Providence,6 Aug 2019,
T20,NA Saini,DNB,-,-,-,-,-,2,,v West Indies,Providence,6 Aug 2019,
T20,Washington Sundar,DNB,-,-,-,-,-,2,,v West Indies,Providence,6 Aug 2019,
T20,RD Chahar,DNB,-,-,-,-,-,2,,v West Indies,Providence,6 Aug 2019,
T20,RA Jadeja,DNB,-,-,-,-,-,2,,v South Africa,Mohali,18 Sep 2019,
T20,DL Chahar,DNB,-,-,-,-,-,2,,v South Africa,Mohali,18 Sep 2019,
T20,KH Pandya,DNB,-,-,-,-,-,2,,v South Africa,Mohali,18 Sep 2019,
T20,HH Pandya,DNB,-,-,-,-,-,2,,v South Africa,Mohali,18 Sep 2019,
T20,NA Saini,DNB,-,-,-,-,-,2,,v South Africa,Mohali,18 Sep 2019,
T20,Washington Sundar,DNB,-,-,-,-,-,2,,v South Africa,Mohali,18 Sep 2019,
T20,YS Chahal,DNB,-,-,-,-,-,1,,v Bangladesh,Delhi,3 Nov 2019,
T20,DL Chahar,DNB,-,-,-,-,-,1,,v Bangladesh,Delhi,3 Nov 2019,
T20,KK Ahmed,DNB,-,-,-,-,-,1,,v Bangladesh,Delhi,3 Nov 2019,
T20,YS Chahal,DNB,-,-,-,-,-,2,,v Bangladesh,Rajkot,7 Nov 2019,
T20,DL Chahar,DNB,-,-,-,-,-,2,,v Bangladesh,Rajkot,7 Nov 2019,
T20,KH Pandya,DNB,-,-,-,-,-,2,,v Bangladesh,Rajkot,7 Nov 2019,
T20,S Dube,DNB,-,-,-,-,-,2,,v Bangladesh,Rajkot,7 Nov 2019,
T20,Washington Sundar,DNB,-,-,-,-,-,2,,v Bangladesh,Rajkot,7 Nov 2019,
T20,RR Pant,DNB,-,-,-,-,-,2,,v Bangladesh,Rajkot,7 Nov 2019,
T20,KK Ahmed,DNB,-,-,-,-,-,2,,v Bangladesh,Rajkot,7 Nov 2019,
T20,YS Chahal,DNB,-,-,-,-,-,1,,v Bangladesh,Nagpur,10 Nov 2019,
T20,DL Chahar,DNB,-,-,-,-,-,1,,v Bangladesh,Nagpur,10 Nov 2019,
T20,Washington Sundar,DNB,-,-,-,-,-,1,,v Bangladesh,Nagpur,10 Nov 2019,
T20,KK Ahmed,DNB,-,-,-,-,-,1,,v Bangladesh,Nagpur,10 Nov 2019,
T20,RA Jadeja,DNB,-,-,-,-,-,2,,v West Indies,Hyderabad,6 Dec 2019,
T20,B Kumar,DNB,-,-,-,-,-,2,,v West Indies,Hyderabad,6 Dec 2019,
T20,YS Chahal,DNB,-,-,-,-,-,2,,v West Indies,Hyderabad,6 Dec 2019,
T20,DL Chahar,DNB,-,-,-,-,-,2,,v West Indies,Hyderabad,6 Dec 2019,
T20,Washington Sundar,DNB,-,-,-,-,-,2,,v West Indies,Hyderabad,6 Dec 2019,
T20,B Kumar,DNB,-,-,-,-,-,1,,v West Indies,Thiruvananthapuram,8 Dec 2019,
T20,YS Chahal,DNB,-,-,-,-,-,1,,v West Indies,Thiruvananthapuram,8 Dec 2019,
T20,B Kumar,DNB,-,-,-,-,-,1,,v West Indies,Wankhede,11 Dec 2019,
T20,DL Chahar,DNB,-,-,-,-,-,1,,v West Indies,Wankhede,11 Dec 2019,
T20,Mohammed Shami,DNB,-,-,-,-,-,1,,v West Indies,Wankhede,11 Dec 2019,
T20,Kuldeep Yadav,DNB,-,-,-,-,-,1,,v West Indies,Wankhede,11 Dec 2019,
T20,S Dube,DNB,-,-,-,-,-,1,,v West Indies,Wankhede,11 Dec 2019,
T20,Washington Sundar,DNB,-,-,-,-,-,1,,v West Indies,Wankhede,11 Dec 2019,
T20,S Dhawan,TDNB,-,-,-,-,-,-,,v Sri Lanka,Guwahati,5 Jan 2020,
T20,V Kohli,TDNB,-,-,-,-,-,-,,v Sri Lanka,Guwahati,5 Jan 2020,
T20,KL Rahul,TDNB,-,-,-,-,-,-,,v Sri Lanka,Guwahati,5 Jan 2020,
T20,SN Thakur,TDNB,-,-,-,-,-,-,,v Sri Lanka,Guwahati,5 Jan 2020,
T20,Kuldeep Yadav,TDNB,-,-,-,-,-,-,,v Sri Lanka,Guwahati,5 Jan 2020,
T20,JJ Bumrah,TDNB,-,-,-,-,-,-,,v Sri Lanka,Guwahati,5 Jan 2020,
T20,SS Iyer,TDNB,-,-,-,-,-,-,,v Sri Lanka,Guwahati,5 Jan 2020,
T20,NA Saini,TDNB,-,-,-,-,-,-,,v Sri Lanka,Guwahati,5 Jan 2020,
T20,S Dube,TDNB,-,-,-,-,-,-,,v Sri Lanka,Guwahati,5 Jan 2020,
T20,Washington Sundar,TDNB,-,-,-,-,-,-,,v Sri Lanka,Guwahati,5 Jan 2020,
T20,RR Pant,TDNB,-,-,-,-,-,-,,v Sri Lanka,Guwahati,5 Jan 2020,
T20,SN Thakur,DNB,-,-,-,-,-,2,,v Sri Lanka,Indore,7 Jan 2020,
T20,Kuldeep Yadav,DNB,-,-,-,-,-,2,,v Sri Lanka,Indore,7 Jan 2020,
T20,JJ Bumrah,DNB,-,-,-,-,-,2,,v Sri Lanka,Indore,7 Jan 2020,
T20,NA Saini,DNB,-,-,-,-,-,2,,v Sri Lanka,Indore,7 Jan 2020,
T20,S Dube,DNB,-,-,-,-,-,2,,v Sri Lanka,Indore,7 Jan 2020,
T20,Washington Sundar,DNB,-,-,-,-,-,2,,v Sri Lanka,Indore,7 Jan 2020,
T20,YS Chahal,DNB,-,-,-,-,-,1,,v Sri Lanka,Pune,10 Jan 2020,
T20,JJ Bumrah,DNB,-,-,-,-,-,1,,v Sri Lanka,Pune,10 Jan 2020,
T20,NA Saini,DNB,-,-,-,-,-,1,,v Sri Lanka,Pune,10 Jan 2020,
T20,RA Jadeja,DNB,-,-,-,-,-,2,,v New Zealand,Auckland,24 Jan 2020,
T20,YS Chahal,DNB,-,-,-,-,-,2,,v New Zealand,Auckland,24 Jan 2020,
T20,SN Thakur,DNB,-,-,-,-,-,2,,v New Zealand,Auckland,24 Jan 2020,
T20,Mohammed Shami,DNB,-,-,-,-,-,2,,v New Zealand,Auckland,24 Jan 2020,
T20,JJ Bumrah,DNB,-,-,-,-,-,2,,v New Zealand,Auckland,24 Jan 2020,
T20,RA Jadeja,DNB,-,-,-,-,-,2,,v New Zealand,Auckland,26 Jan 2020,
T20,MK Pandey,DNB,-,-,-,-,-,2,,v New Zealand,Auckland,26 Jan 2020,
T20,YS Chahal,DNB,-,-,-,-,-,2,,v New Zealand,Auckland,26 Jan 2020,
T20,SN Thakur,DNB,-,-,-,-,-,2,,v New Zealand,Auckland,26 Jan 2020,
T20,Mohammed Shami,DNB,-,-,-,-,-,2,,v New Zealand,Auckland,26 Jan 2020,
T20,JJ Bumrah,DNB,-,-,-,-,-,2,,v New Zealand,Auckland,26 Jan 2020,
T20,YS Chahal,DNB,-,-,-,-,-,1,,v New Zealand,Hamilton,29 Jan 2020,
T20,SN Thakur,DNB,-,-,-,-,-,1,,v New Zealand,Hamilton,29 Jan 2020,
T20,Mohammed Shami,DNB,-,-,-,-,-,1,,v New Zealand,Hamilton,29 Jan 2020,
T20,JJ Bumrah,DNB,-,-,-,-,-,1,,v New Zealand,Hamilton,29 Jan 2020,
T20,JJ Bumrah,DNB,-,-,-,-,-,1,,v New Zealand,Wellington,31 Jan 2020,
T20,YS Chahal,DNB,-,-,-,-,-,1,,v New Zealand,Mount Maunganui,2 Feb 2020,
T20,SN Thakur,DNB,-,-,-,-,-,1,,v New Zealand,Mount Maunganui,2 Feb 2020,
T20,JJ Bumrah,DNB,-,-,-,-,-,1,,v New Zealand,Mount Maunganui,2 Feb 2020,
T20,NA Saini,DNB,-,-,-,-,-,1,,v New Zealand,Mount Maunganui,2 Feb 2020,
T20,Washington Sundar,DNB,-,-,-,-,-,1,,v New Zealand,Mount Maunganui,2 Feb 2020,
T20,YS Chahal,sub,-,-,-,-,-,1,,v Australia,Canberra,4 Dec 2020,
T20,Mohammed Shami,DNB,-,-,-,-,-,1,,v Australia,Canberra,4 Dec 2020,
T20,T Natarajan,DNB,-,-,-,-,-,1,,v Australia,Canberra,4 Dec 2020,
T20,YS Chahal,DNB,-,-,-,-,-,2,,v Australia,Sydney,6 Dec 2020,
T20,DL Chahar,DNB,-,-,-,-,-,2,,v Australia,Sydney,6 Dec 2020,
T20,SN Thakur,DNB,-,-,-,-,-,2,,v Australia,Sydney,6 Dec 2020,
T20,Washington Sundar,DNB,-,-,-,-,-,2,,v Australia,Sydney,6 Dec 2020,
T20,T Natarajan,DNB,-,-,-,-,-,2,,v Australia,Sydney,6 Dec 2020,
T20,YS Chahal,DNB,-,-,-,-,-,2,,v Australia,Sydney,8 Dec 2020,
T20,T Natarajan,DNB,-,-,-,-,-,2,,v Australia,Sydney,8 Dec 2020,
T20,B Kumar,DNB,-,-,-,-,-,1,,v England,Ahmedabad,12 Mar 2021,
T20,YS Chahal,DNB,-,-,-,-,-,1,,v England,Ahmedabad,12 Mar 2021,
T20,B Kumar,DNB,-,-,-,-,-,2,,v England,Ahmedabad,14 Mar 2021,
T20,YS Chahal,DNB,-,-,-,-,-,2,,v England,Ahmedabad,14 Mar 2021,
T20,SA Yadav,DNB,-,-,-,-,-,2,,v England,Ahmedabad,14 Mar 2021,
T20,SN Thakur,DNB,-,-,-,-,-,2,,v England,Ahmedabad,14 Mar 2021,
T20,HH Pandya,DNB,-,-,-,-,-,2,,v England,Ahmedabad,14 Mar 2021,
T20,Washington Sundar,DNB,-,-,-,-,-,2,,v England,Ahmedabad,14 Mar 2021,
T20,B Kumar,DNB,-,-,-,-,-,1,,v England,Ahmedabad,16 Mar 2021,
T20,YS Chahal,DNB,-,-,-,-,-,1,,v England,Ahmedabad,16 Mar 2021,
T20,SN Thakur,DNB,-,-,-,-,-,1,,v England,Ahmedabad,16 Mar 2021,
T20,Washington Sundar,DNB,-,-,-,-,-,1,,v England,Ahmedabad,16 Mar 2021,
T20,RD Chahar,DNB,-,-,-,-,-,1,,v England,Ahmedabad,18 Mar 2021,
T20,B Kumar,DNB,-,-,-,-,-,1,,v England,Ahmedabad,20 Mar 2021,
T20,SN Thakur,DNB,-,-,-,-,-,1,,v England,Ahmedabad,20 Mar 2021,
T20,SS Iyer,DNB,-,-,-,-,-,1,,v England,Ahmedabad,20 Mar 2021,
T20,Washington Sundar,DNB,-,-,-,-,-,1,,v England,Ahmedabad,20 Mar 2021,
T20,T Natarajan,DNB,-,-,-,-,-,1,,v England,Ahmedabad,20 Mar 2021,
T20,RR Pant,DNB,-,-,-,-,-,1,,v England,Ahmedabad,20 Mar 2021,
T20,RD Chahar,DNB,-,-,-,-,-,1,,v England,Ahmedabad,20 Mar 2021,
T20,B Kumar,DNB,-,-,-,-,-,1,,v Sri Lanka,Colombo (RPS),25 Jul 2021,
T20,YS Chahal,DNB,-,-,-,-,-,1,,v Sri Lanka,Colombo (RPS),25 Jul 2021,
T20,DL Chahar,DNB,-,-,-,-,-,1,,v Sri Lanka,Colombo (RPS),25 Jul 2021,
T20,CV Varun,DNB,-,-,-,-,-,1,,v Sri Lanka,Colombo (RPS),25 Jul 2021,
T20,Kuldeep Yadav,DNB,-,-,-,-,-,1,,v Sri Lanka,Colombo (RPS),28 Jul 2021,
T20,RD Chahar,DNB,-,-,-,-,-,1,,v Sri Lanka,Colombo (RPS),28 Jul 2021,
T20,CV Varun,DNB,-,-,-,-,-,1,,v Sri Lanka,Colombo (RPS),28 Jul 2021,
T20,C Sakariya,DNB,-,-,-,-,-,1,,v Sri Lanka,Colombo (RPS),28 Jul 2021,
T20,S Sandeep Warrier,DNB,-,-,-,-,-,1,,v Sri Lanka,Colombo (RPS),29 Jul 2021,
T20,JJ Bumrah,DNB,-,-,-,-,-,1,,v Pakistan,Dubai (DICS),24 Oct 2021,
T20,CV Varun,DNB,-,-,-,-,-,1,,v Pakistan,Dubai (DICS),24 Oct 2021,
T20,JJ Bumrah,DNB,-,-,-,-,-,1,,v New Zealand,Dubai (DICS),31 Oct 2021,
T20,CV Varun,DNB,-,-,-,-,-,1,,v New Zealand,Dubai (DICS),31 Oct 2021,
T20,R Ashwin,DNB,-,-,-,-,-,1,,v Afghanistan,Abu Dhabi,3 Nov 2021,
T20,RA Jadeja,DNB,-,-,-,-,-,1,,v Afghanistan,Abu Dhabi,3 Nov 2021,
T20,V Kohli,DNB,-,-,-,-,-,1,,v Afghanistan,Abu Dhabi,3 Nov 2021,
T20,SA Yadav,DNB,-,-,-,-,-,1,,v Afghanistan,Abu Dhabi,3 Nov 2021,
T20,SN Thakur,DNB,-,-,-,-,-,1,,v Afghanistan,Abu Dhabi,3 Nov 2021,
T20,Mohammed Shami,DNB,-,-,-,-,-,1,,v Afghanistan,Abu Dhabi,3 Nov 2021,
T20,JJ Bumrah,DNB,-,-,-,-,-,1,,v Afghanistan,Abu Dhabi,3 Nov 2021,
T20,R Ashwin,DNB,-,-,-,-,-,2,,v Scotland,Dubai (DICS),5 Nov 2021,
T20,RA Jadeja,DNB,-,-,-,-,-,2,,v Scotland,Dubai (DICS),5 Nov 2021,
T20,Mohammed Shami,DNB,-,-,-,-,-,2,,v Scotland,Dubai (DICS),5 Nov 2021,
T20,HH Pandya,DNB,-,-,-,-,-,2,,v Scotland,Dubai (DICS),5 Nov 2021,
T20,JJ Bumrah,DNB,-,-,-,-,-,2,,v Scotland,Dubai (DICS),5 Nov 2021,
T20,RR Pant,DNB,-,-,-,-,-,2,,v Scotland,Dubai (DICS),5 Nov 2021,
T20,CV Varun,DNB,-,-,-,-,-,2,,v Scotland,Dubai (DICS),5 Nov 2021,
T20,R Ashwin,DNB,-,-,-,-,-,2,,v Namibia,Dubai (DICS),8 Nov 2021,
T20,RA Jadeja,DNB,-,-,-,-,-,2,,v Namibia,Dubai (DICS),8 Nov 2021,
T20,V Kohli,DNB,-,-,-,-,-,2,,v Namibia,Dubai (DICS),8 Nov 2021,
T20,Mohammed Shami,DNB,-,-,-,-,-,2,,v Namibia,Dubai (DICS),8 Nov 2021,
T20,HH Pandya,DNB,-,-,-,-,-,2,,v Namibia,Dubai (DICS),8 Nov 2021,
T20,JJ Bumrah,DNB,-,-,-,-,-,2,,v Namibia,Dubai (DICS),8 Nov 2021,
T20,RR Pant,DNB,-,-,-,-,-,2,,v Namibia,Dubai (DICS),8 Nov 2021,
T20,RD Chahar,DNB,-,-,-,-,-,2,,v Namibia,Dubai (DICS),8 Nov 2021,
T20,R Ashwin,DNB,-,-,-,-,-,2,,v New Zealand,Jaipur,17 Nov 2021,
T20,B Kumar,DNB,-,-,-,-,-,2,,v New Zealand,Jaipur,17 Nov 2021,
T20,DL Chahar,DNB,-,-,-,-,-,2,,v New Zealand,Jaipur,17 Nov 2021,
T20,Mohammed Siraj,DNB,-,-,-,-,-,2,,v New Zealand,Jaipur,17 Nov 2021,
T20,R Ashwin,DNB,-,-,-,-,-,2,,v New Zealand,Ranchi,19 Nov 2021,
T20,B Kumar,DNB,-,-,-,-,-,2,,v New Zealand,Ranchi,19 Nov 2021,
T20,HV Patel,DNB,-,-,-,-,-,2,,v New Zealand,Ranchi,19 Nov 2021,
T20,DL Chahar,DNB,-,-,-,-,-,2,,v New Zealand,Ranchi,19 Nov 2021,
T20,AR Patel,DNB,-,-,-,-,-,2,,v New Zealand,Ranchi,19 Nov 2021,
T20,SS Iyer,DNB,-,-,-,-,-,2,,v New Zealand,Ranchi,19 Nov 2021,
T20,B Kumar,DNB,-,-,-,-,-,1,,v New Zealand,Eden Gardens,21 Nov 2021,
T20,YS Chahal,DNB,-,-,-,-,-,1,,v New Zealand,Eden Gardens,21 Nov 2021,
T20,B Kumar,DNB,-,-,-,-,-,2,,v West Indies,Eden Gardens,16 Feb 2022,
T20,HV Patel,DNB,-,-,-,-,-,2,,v West Indies,Eden Gardens,16 Feb 2022,
T20,YS Chahal,DNB,-,-,-,-,-,2,,v West Indies,Eden Gardens,16 Feb 2022,
T20,DL Chahar,DNB,-,-,-,-,-,2,,v West Indies,Eden Gardens,16 Feb 2022,
T20,Ravi Bishnoi,DNB,-,-,-,-,-,2,,v West Indies,Eden Gardens,16 Feb 2022,
T20,B Kumar,DNB,-,-,-,-,-,1,,v West Indies,Eden Gardens,18 Feb 2022,
T20,YS Chahal,DNB,-,-,-,-,-,1,,v West Indies,Eden Gardens,18 Feb 2022,
T20,DL Chahar,DNB,-,-,-,-,-,1,,v West Indies,Eden Gardens,18 Feb 2022,
T20,Ravi Bishnoi,DNB,-,-,-,-,-,1,,v West Indies,Eden Gardens,18 Feb 2022,
T20,HV Patel,DNB,-,-,-,-,-,1,,v West Indies,Eden Gardens,20 Feb 2022,
T20,DL Chahar,DNB,-,-,-,-,-,1,,v West Indies,Eden Gardens,20 Feb 2022,
T20,SN Thakur,DNB,-,-,-,-,-,1,,v West Indies,Eden Gardens,20 Feb 2022,
T20,Avesh Khan,DNB,-,-,-,-,-,1,,v West Indies,Eden Gardens,20 Feb 2022,
T20,Ravi Bishnoi,DNB,-,-,-,-,-,1,,v West Indies,Eden Gardens,20 Feb 2022,
T20,B Kumar,DNB,-,-,-,-,-,1,,v Sri Lanka,Lucknow,24 Feb 2022,
T20,HV Patel,DNB,-,-,-,-,-,1,,v Sri Lanka,Lucknow,24 Feb 2022,
T20,SV Samson,DNB,-,-,-,-,-,1,,v Sri Lanka,Lucknow,24 Feb 2022,
T20,YS Chahal,DNB,-,-,-,-,-,1,,v Sri Lanka,Lucknow,24 Feb 2022,
T20,DJ Hooda,DNB,-,-,-,-,-,1,,v Sri Lanka,Lucknow,24 Feb 2022,
T20,JJ Bumrah,DNB,-,-,-,-,-,1,,v Sri Lanka,Lucknow,24 Feb 2022,
T20,VR Iyer,DNB,-,-,-,-,-,1,,v Sri Lanka,Lucknow,24 Feb 2022,
T20,B Kumar,DNB,-,-,-,-,-,2,,v Sri Lanka,Dharamsala,26 Feb 2022,
T20,HV Patel,DNB,-,-,-,-,-,2,,v Sri Lanka,Dharamsala,26 Feb 2022,
T20,YS Chahal,DNB,-,-,-,-,-,2,,v Sri Lanka,Dharamsala,26 Feb 2022,
T20,DJ Hooda,DNB,-,-,-,-,-,2,,v Sri Lanka,Dharamsala,26 Feb 2022,
T20,JJ Bumrah,DNB,-,-,-,-,-,2,,v Sri Lanka,Dharamsala,26 Feb 2022,
T20,VR Iyer,DNB,-,-,-,-,-,2,,v Sri Lanka,Dharamsala,26 Feb 2022,
T20,HV Patel,DNB,-,-,-,-,-,2,,v Sri Lanka,Dharamsala,27 Feb 2022,
T20,Kuldeep Yadav,DNB,-,-,-,-,-,2,,v Sri Lanka,Dharamsala,27 Feb 2022,
T20,Avesh Khan,DNB,-,-,-,-,-,2,,v Sri Lanka,Dharamsala,27 Feb 2022,
T20,Mohammed Siraj,DNB,-,-,-,-,-,2,,v Sri Lanka,Dharamsala,27 Feb 2022,
T20,Ravi Bishnoi,DNB,-,-,-,-,-,2,,v Sri Lanka,Dharamsala,27 Feb 2022,
T20,B Kumar,DNB,-,-,-,-,-,1,,v South Africa,Delhi,9 Jun 2022,
T20,HV Patel,DNB,-,-,-,-,-,1,,v South Africa,Delhi,9 Jun 2022,
T20,YS Chahal,DNB,-,-,-,-,-,1,,v South Africa,Delhi,9 Jun 2022,
T20,AR Patel,DNB,-,-,-,-,-,1,,v South Africa,Delhi,9 Jun 2022,
T20,Avesh Khan,DNB,-,-,-,-,-,1,,v South Africa,Delhi,9 Jun 2022,
T20,B Kumar,DNB,-,-,-,-,-,1,,v South Africa,Cuttack,12 Jun 2022,
T20,YS Chahal,DNB,-,-,-,-,-,1,,v South Africa,Cuttack,12 Jun 2022,
T20,Avesh Khan,DNB,-,-,-,-,-,1,,v South Africa,Cuttack,12 Jun 2022,
T20,B Kumar,DNB,-,-,-,-,-,1,,v South Africa,Visakhapatnam,14 Jun 2022,
T20,HV Patel,DNB,-,-,-,-,-,1,,v South Africa,Visakhapatnam,14 Jun 2022,
T20,YS Chahal,DNB,-,-,-,-,-,1,,v South Africa,Visakhapatnam,14 Jun 2022,
T20,Avesh Khan,DNB,-,-,-,-,-,1,,v South Africa,Visakhapatnam,14 Jun 2022,
T20,B Kumar,DNB,-,-,-,-,-,1,,v South Africa,Rajkot,17 Jun 2022,
T20,YS Chahal,DNB,-,-,-,-,-,1,,v South Africa,Rajkot,17 Jun 2022,
T20,Avesh Khan,DNB,-,-,-,-,-,1,,v South Africa,Rajkot,17 Jun 2022,
T20,KD Karthik,DNB,-,-,-,-,-,1,,v South Africa,Bengaluru,19 Jun 2022,
T20,B Kumar,DNB,-,-,-,-,-,1,,v South Africa,Bengaluru,19 Jun 2022,
T20,HV Patel,DNB,-,-,-,-,-,1,,v South Africa,Bengaluru,19 Jun 2022,
T20,YS Chahal,DNB,-,-,-,-,-,1,,v South Africa,Bengaluru,19 Jun 2022,
T20,AR Patel,DNB,-,-,-,-,-,1,,v South Africa,Bengaluru,19 Jun 2022,
T20,HH Pandya,DNB,-,-,-,-,-,1,,v South Africa,Bengaluru,19 Jun 2022,
T20,Avesh Khan,DNB,-,-,-,-,-,1,,v South Africa,Bengaluru,19 Jun 2022,
T20,B Kumar,DNB,-,-,-,-,-,2,,v Ireland,Dublin (Malahide),26 Jun 2022,
T20,YS Chahal,DNB,-,-,-,-,-,2,,v Ireland,Dublin (Malahide),26 Jun 2022,
T20,AR Patel,DNB,-,-,-,-,-,2,,v Ireland,Dublin (Malahide),26 Jun 2022,
T20,Avesh Khan,DNB,-,-,-,-,-,2,,v Ireland,Dublin (Malahide),26 Jun 2022,
T20,RD Gaikwad,DNB,-,-,-,-,-,2,,v Ireland,Dublin (Malahide),26 Jun 2022,
T20,Umran Malik,DNB,-,-,-,-,-,2,,v Ireland,Dublin (Malahide),26 Jun 2022,
T20,Ravi Bishnoi,DNB,-,-,-,-,-,1,,v Ireland,Dublin (Malahide),28 Jun 2022,
T20,Umran Malik,DNB,-,-,-,-,-,1,,v Ireland,Dublin (Malahide),28 Jun 2022,
T20,YS Chahal,DNB,-,-,-,-,-,1,,v England,Southampton,7 Jul 2022,
T20,YS Chahal,DNB,-,-,-,-,-,1,,v England,Birmingham,9 Jul 2022,
T20,Umran Malik,DNB,-,-,-,-,-,2,,v England,Nottingham,10 Jul 2022,
T20,B Kumar,DNB,-,-,-,-,-,1,,v West Indies,Tarouba,29 Jul 2022,
T20,Arshdeep Singh,DNB,-,-,-,-,-,1,,v West Indies,Tarouba,29 Jul 2022,
T20,Ravi Bishnoi,DNB,-,-,-,-,-,1,,v West Indies,Tarouba,29 Jul 2022,
T20,KD Karthik,DNB,-,-,-,-,-,2,,v West Indies,Basseterre,2 Aug 2022,
T20,R Ashwin,DNB,-,-,-,-,-,2,,v West Indies,Basseterre,2 Aug 2022,
T20,B Kumar,DNB,-,-,-,-,-,2,,v West Indies,Basseterre,2 Aug 2022,
T20,Avesh Khan,DNB,-,-,-,-,-,2,,v West Indies,Basseterre,2 Aug 2022,
T20,Arshdeep Singh,DNB,-,-,-,-,-,2,,v West Indies,Basseterre,2 Aug 2022,
T20,B Kumar,DNB,-,-,-,-,-,1,,v West Indies,Lauderhill,6 Aug 2022,
T20,Avesh Khan,DNB,-,-,-,-,-,1,,v West Indies,Lauderhill,6 Aug 2022,
T20,Arshdeep Singh,DNB,-,-,-,-,-,1,,v West Indies,Lauderhill,6 Aug 2022,
T20,Ravi Bishnoi,DNB,-,-,-,-,-,1,,v West Indies,Lauderhill,6 Aug 2022,
T20,Arshdeep Singh,DNB,-,-,-,-,-,1,,v West Indies,Lauderhill,7 Aug 2022,
T20,Ravi Bishnoi,DNB,-,-,-,-,-,1,,v West Indies,Lauderhill,7 Aug 2022,
T20,B Kumar,DNB,-,-,-,-,-,2,,v Pakistan,Dubai (DICS),28 Aug 2022,
T20,YS Chahal,DNB,-,-,-,-,-,2,,v Pakistan,Dubai (DICS),28 Aug 2022,
T20,Avesh Khan,DNB,-,-,-,-,-,2,,v Pakistan,Dubai (DICS),28 Aug 2022,
T20,Arshdeep Singh,DNB,-,-,-,-,-,2,,v Pakistan,Dubai (DICS),28 Aug 2022,
T20,KD Karthik,DNB,-,-,-,-,-,1,,v Hong Kong,Dubai (DICS),31 Aug 2022,
T20,RA Jadeja,DNB,-,-,-,-,-,1,,v Hong Kong,Dubai (DICS),31 Aug 2022,
T20,B Kumar,DNB,-,-,-,-,-,1,,v Hong Kong,Dubai (DICS),31 Aug 2022,
T20,YS Chahal,DNB,-,-,-,-,-,1,,v Hong Kong,Dubai (DICS),31 Aug 2022,
T20,Avesh Khan,DNB,-,-,-,-,-,1,,v Hong Kong,Dubai (DICS),31 Aug 2022,
T20,RR Pant,DNB,-,-,-,-,-,1,,v Hong Kong,Dubai (DICS),31 Aug 2022,
T20,Arshdeep Singh,DNB,-,-,-,-,-,1,,v Hong Kong,Dubai (DICS),31 Aug 2022,
T20,YS Chahal,DNB,-,-,-,-,-,1,,v Pakistan,Dubai (DICS),4 Sep 2022,
T20,Arshdeep Singh,DNB,-,-,-,-,-,1,,v Pakistan,Dubai (DICS),4 Sep 2022,
T20,YS Chahal,DNB,-,-,-,-,-,1,,v Sri Lanka,Dubai (DICS),6 Sep 2022,
T20,KD Karthik,DNB,-,-,-,-,-,1,,v Afghanistan,Dubai (DICS),8 Sep 2022,
T20,R Ashwin,DNB,-,-,-,-,-,1,,v Afghanistan,Dubai (DICS),8 Sep 2022,
T20,B Kumar,DNB,-,-,-,-,-,1,,v Afghanistan,Dubai (DICS),8 Sep 2022,
T20,DL Chahar,DNB,-,-,-,-,-,1,,v Afghanistan,Dubai (DICS),8 Sep 2022,
T20,DJ Hooda,DNB,-,-,-,-,-,1,,v Afghanistan,Dubai (DICS),8 Sep 2022,
T20,AR Patel,DNB,-,-,-,-,-,1,,v Afghanistan,Dubai (DICS),8 Sep 2022,
T20,Arshdeep Singh,DNB,-,-,-,-,-,1,,v Afghanistan,Dubai (DICS),8 Sep 2022,
T20,B Kumar,DNB,-,-,-,-,-,1,,v Australia,Mohali,20 Sep 2022,
T20,UT Yadav,DNB,-,-,-,-,-,1,,v Australia,Mohali,20 Sep 2022,
T20,YS Chahal,DNB,-,-,-,-,-,1,,v Australia,Mohali,20 Sep 2022,
T20,HV Patel,DNB,-,-,-,-,-,2,,v Australia,Nagpur,23 Sep 2022,
T20,YS Chahal,DNB,-,-,-,-,-,2,,v Australia,Nagpur,23 Sep 2022,
T20,AR Patel,DNB,-,-,-,-,-,2,,v Australia,Nagpur,23 Sep 2022,
T20,JJ Bumrah,DNB,-,-,-,-,-,2,,v Australia,Nagpur,23 Sep 2022,
T20,RR Pant,DNB,-,-,-,-,-,2,,v Australia,Nagpur,23 Sep 2022,
T20,B Kumar,DNB,-,-,-,-,-,2,,v Australia,Hyderabad,25 Sep 2022,
T20,HV Patel,DNB,-,-,-,-,-,2,,v Australia,Hyderabad,25 Sep 2022,
T20,YS Chahal,DNB,-,-,-,-,-,2,,v Australia,Hyderabad,25 Sep 2022,
T20,AR Patel,DNB,-,-,-,-,-,2,,v Australia,Hyderabad,25 Sep 2022,
T20,JJ Bumrah,DNB,-,-,-,-,-,2,,v Australia,Hyderabad,25 Sep 2022,
T20,KD Karthik,DNB,-,-,-,-,-,2,,v South Africa,Thiruvananthapuram,28 Sep 2022,
T20,R Ashwin,DNB,-,-,-,-,-,2,,v South Africa,Thiruvananthapuram,28 Sep 2022,
T20,HV Patel,DNB,-,-,-,-,-,2,,v South Africa,Thiruvananthapuram,28 Sep 2022,
T20,DL Chahar,DNB,-,-,-,-,-,2,,v South Africa,Thiruvananthapuram,28 Sep 2022,
T20,AR Patel,DNB,-,-,-,-,-,2,,v South Africa,Thiruvananthapuram,28 Sep 2022,
T20,RR Pant,DNB,-,-,-,-,-,2,,v South Africa,Thiruvananthapuram,28 Sep 2022,
T20,Arshdeep Singh,DNB,-,-,-,-,-,2,,v South Africa,Thiruvananthapuram,28 Sep 2022,
T20,R Ashwin,DNB,-,-,-,-,-,1,,v South Africa,Guwahati,2 Oct 2022,
T20,HV Patel,DNB,-,-,-,-,-,1,,v South Africa,Guwahati,2 Oct 2022,
T20,DL Chahar,DNB,-,-,-,-,-,1,,v South Africa,Guwahati,2 Oct 2022,
T20,AR Patel,DNB,-,-,-,-,-,1,,v South Africa,Guwahati,2 Oct 2022,
T20,RR Pant,DNB,-,-,-,-,-,1,,v South Africa,Guwahati,2 Oct 2022,
T20,Arshdeep Singh,DNB,-,-,-,-,-,1,,v South Africa,Guwahati,2 Oct 2022,
T20,B Kumar,DNB,-,-,-,-,-,2,,v Pakistan,Melbourne,23 Oct 2022,
T20,Mohammed Shami,DNB,-,-,-,-,-,2,,v Pakistan,Melbourne,23 Oct 2022,
T20,Arshdeep Singh,DNB,-,-,-,-,-,2,,v Pakistan,Melbourne,23 Oct 2022,
T20,KD Karthik,DNB,-,-,-,-,-,1,,v Netherlands,Sydney,27 Oct 2022,
T20,R Ashwin,DNB,-,-,-,-,-,1,,v Netherlands,Sydney,27 Oct 2022,
T20,B Kumar,DNB,-,-,-,-,-,1,,v Netherlands,Sydney,27 Oct 2022,
T20,Mohammed Shami,DNB,-,-,-,-,-,1,,v Netherlands,Sydney,27 Oct 2022,
T20,AR Patel,DNB,-,-,-,-,-,1,,v Netherlands,Sydney,27 Oct 2022,
T20,HH Pandya,DNB,-,-,-,-,-,1,,v Netherlands,Sydney,27 Oct 2022,
T20,Arshdeep Singh,DNB,-,-,-,-,-,1,,v Netherlands,Sydney,27 Oct 2022,
T20,B Kumar,DNB,-,-,-,-,-,1,,v Bangladesh,Adelaide,2 Nov 2022,
T20,Mohammed Shami,DNB,-,-,-,-,-,1,,v Bangladesh,Adelaide,2 Nov 2022,
T20,Arshdeep Singh,DNB,-,-,-,-,-,1,,v Bangladesh,Adelaide,2 Nov 2022,
T20,R Ashwin,DNB,-,-,-,-,-,1,,v Zimbabwe,Melbourne,6 Nov 2022,
T20,B Kumar,DNB,-,-,-,-,-,1,,v Zimbabwe,Melbourne,6 Nov 2022,
T20,Mohammed Shami,DNB,-,-,-,-,-,1,,v Zimbabwe,Melbourne,6 Nov 2022,
T20,Arshdeep Singh,DNB,-,-,-,-,-,1,,v Zimbabwe,Melbourne,6 Nov 2022,
T20,B Kumar,DNB,-,-,-,-,-,1,,v England,Adelaide,10 Nov 2022,
T20,Mohammed Shami,DNB,-,-,-,-,-,1,,v England,Adelaide,10 Nov 2022,
T20,AR Patel,DNB,-,-,-,-,-,1,,v England,Adelaide,10 Nov 2022,
T20,Arshdeep Singh,DNB,-,-,-,-,-,1,,v England,Adelaide,10 Nov 2022,
T20,YS Chahal,DNB,-,-,-,-,-,1,,v New Zealand,Mount Maunganui,20 Nov 2022,
T20,Mohammed Siraj,DNB,-,-,-,-,-,1,,v New Zealand,Mount Maunganui,20 Nov 2022,
T20,Arshdeep Singh,DNB,-,-,-,-,-,1,,v New Zealand,Mount Maunganui,20 Nov 2022,
T20,B Kumar,DNB,-,-,-,-,-,2,,v New Zealand,Napier,22 Nov 2022,
T20,HV Patel,DNB,-,-,-,-,-,2,,v New Zealand,Napier,22 Nov 2022,
T20,YS Chahal,DNB,-,-,-,-,-,2,,v New Zealand,Napier,22 Nov 2022,
T20,Mohammed Siraj,DNB,-,-,-,-,-,2,,v New Zealand,Napier,22 Nov 2022,
T20,Arshdeep Singh,DNB,-,-,-,-,-,2,,v New Zealand,Napier,22 Nov 2022,
T20,HV Patel,DNB,-,-,-,-,-,1,,v Sri Lanka,Wankhede,3 Jan 2023,
T20,YS Chahal,DNB,-,-,-,-,-,1,,v Sri Lanka,Wankhede,3 Jan 2023,
T20,Shivam Mavi,DNB,-,-,-,-,-,1,,v Sri Lanka,Wankhede,3 Jan 2023,
T20,Umran Malik,DNB,-,-,-,-,-,1,,v Sri Lanka,Wankhede,3 Jan 2023,
T20,YS Chahal,DNB,-,-,-,-,-,2,,v Sri Lanka,Pune,5 Jan 2023,
T20,Arshdeep Singh,DNB,-,-,-,-,-,2,,v Sri Lanka,Pune,5 Jan 2023,
T20,YS Chahal,DNB,-,-,-,-,-,1,,v Sri Lanka,Rajkot,7 Jan 2023,
T20,Shivam Mavi,DNB,-,-,-,-,-,1,,v Sri Lanka,Rajkot,7 Jan 2023,
T20,Arshdeep Singh,DNB,-,-,-,-,-,1,,v Sri Lanka,Rajkot,7 Jan 2023,
T20,Umran Malik,DNB,-,-,-,-,-,1,,v Sri Lanka,Rajkot,7 Jan 2023,
T20,YS Chahal,DNB,-,-,-,-,-,2,,v New Zealand,Lucknow,29 Jan 2023,
T20,DJ Hooda,DNB,-,-,-,-,-,2,,v New Zealand,Lucknow,29 Jan 2023,
T20,Kuldeep Yadav,DNB,-,-,-,-,-,2,,v New Zealand,Lucknow,29 Jan 2023,
T20,Shivam Mavi,DNB,-,-,-,-,-,2,,v New Zealand,Lucknow,29 Jan 2023,
T20,Arshdeep Singh,DNB,-,-,-,-,-,2,,v New Zealand,Lucknow,29 Jan 2023,
T20,Kuldeep Yadav,DNB,-,-,-,-,-,1,,v New Zealand,Ahmedabad,1 Feb 2023,
T20,Washington Sundar,DNB,-,-,-,-,-,1,,v New Zealand,Ahmedabad,1 Feb 2023,
T20,Shivam Mavi,DNB,-,-,-,-,-,1,,v New Zealand,Ahmedabad,1 Feb 2023,
T20,Arshdeep Singh,DNB,-,-,-,-,-,1,,v New Zealand,Ahmedabad,1 Feb 2023,
T20,Umran Malik,DNB,-,-,-,-,-,1,,v New Zealand,Ahmedabad,1 Feb 2023,
T20,YS Chahal,DNB,-,-,-,-,-,1,,v West Indies,Providence,6 Aug 2023,
T20,Mukesh Kumar,DNB,-,-,-,-,-,1,,v West Indies,Providence,6 Aug 2023,
T20,SV Samson,DNB,-,-,-,-,-,2,,v West Indies,Providence,8 Aug 2023,
T20,YS Chahal,DNB,-,-,-,-,-,2,,v West Indies,Providence,8 Aug 2023,
T20,AR Patel,DNB,-,-,-,-,-,2,,v West Indies,Providence,8 Aug 2023,
T20,Kuldeep Yadav,DNB,-,-,-,-,-,2,,v West Indies,Providence,8 Aug 2023,
T20,Mukesh Kumar,DNB,-,-,-,-,-,2,,v West Indies,Providence,8 Aug 2023,
T20,Arshdeep Singh,DNB,-,-,-,-,-,2,,v West Indies,Providence,8 Aug 2023,
T20,SV Samson,DNB,-,-,-,-,-,2,,v West Indies,Lauderhill,12 Aug 2023,
T20,YS Chahal,DNB,-,-,-,-,-,2,,v West Indies,Lauderhill,12 Aug 2023,
T20,SA Yadav,DNB,-,-,-,-,-,2,,v West Indies,Lauderhill,12 Aug 2023,
T20,AR Patel,DNB,-,-,-,-,-,2,,v West Indies,Lauderhill,12 Aug 2023,
T20,Kuldeep Yadav,DNB,-,-,-,-,-,2,,v West Indies,Lauderhill,12 Aug 2023,
T20,HH Pandya,DNB,-,-,-,-,-,2,,v West Indies,Lauderhill,12 Aug 2023,
T20,Mukesh Kumar,DNB,-,-,-,-,-,2,,v West Indies,Lauderhill,12 Aug 2023,
T20,Arshdeep Singh,DNB,-,-,-,-,-,2,,v West Indies,Lauderhill,12 Aug 2023,
T20,JJ Bumrah,DNB,-,-,-,-,-,2,,v Ireland,Dublin (Malahide),18 Aug 2023,
T20,S Dube,DNB,-,-,-,-,-,2,,v Ireland,Dublin (Malahide),18 Aug 2023,
T20,Washington Sundar,DNB,-,-,-,-,-,2,,v Ireland,Dublin (Malahide),18 Aug 2023,
T20,RK Singh,DNB,-,-,-,-,-,2,,v Ireland,Dublin (Malahide),18 Aug 2023,
T20,M Prasidh Krishna,DNB,-,-,-,-,-,2,,v Ireland,Dublin (Malahide),18 Aug 2023,
T20,Arshdeep Singh,DNB,-,-,-,-,-,2,,v Ireland,Dublin (Malahide),18 Aug 2023,
T20,Ravi Bishnoi,DNB,-,-,-,-,-,2,,v Ireland,Dublin (Malahide),18 Aug 2023,
T20,JJ Bumrah,DNB,-,-,-,-,-,1,,v Ireland,Dublin (Malahide),20 Aug 2023,
T20,M Prasidh Krishna,DNB,-,-,-,-,-,1,,v Ireland,Dublin (Malahide),20 Aug 2023,
T20,Arshdeep Singh,DNB,-,-,-,-,-,1,,v Ireland,Dublin (Malahide),20 Aug 2023,
T20,Ravi Bishnoi,DNB,-,-,-,-,-,1,,v Ireland,Dublin (Malahide),20 Aug 2023,
T20,Avesh Khan,DNB,-,-,-,-,-,1,,v Nepal,Hangzhou,3 Oct 2023,
T20,Washington Sundar,DNB,-,-,-,-,-,1,,v Nepal,Hangzhou,3 Oct 2023,
T20,R Sai Kishore,DNB,-,-,-,-,-,1,,v Nepal,Hangzhou,3 Oct 2023,
T20,Arshdeep Singh,DNB,-,-,-,-,-,1,,v Nepal,Hangzhou,3 Oct 2023,
T20,Ravi Bishnoi,DNB,-,-,-,-,-,1,,v Nepal,Hangzhou,3 Oct 2023,
T20,S Dube,DNB,-,-,-,-,-,2,,v Bangladesh,Hangzhou,6 Oct 2023,
T20,Washington Sundar,DNB,-,-,-,-,-,2,,v Bangladesh,Hangzhou,6 Oct 2023,
T20,JM Sharma,DNB,-,-,-,-,-,2,,v Bangladesh,Hangzhou,6 Oct 2023,
T20,RK Singh,DNB,-,-,-,-,-,2,,v Bangladesh,Hangzhou,6 Oct 2023,
T20,R Sai Kishore,DNB,-,-,-,-,-,2,,v Bangladesh,Hangzhou,6 Oct 2023,
T20,Arshdeep Singh,DNB,-,-,-,-,-,2,,v Bangladesh,Hangzhou,6 Oct 2023,
T20,Shahbaz Ahmed,DNB,-,-,-,-,-,2,,v Bangladesh,Hangzhou,6 Oct 2023,
T20,Ravi Bishnoi,DNB,-,-,-,-,-,2,,v Bangladesh,Hangzhou,6 Oct 2023,
T20,S Dube,TDNB,-,-,-,-,-,-,,v Afghanistan,Hangzhou,7 Oct 2023,
T20,Washington Sundar,TDNB,-,-,-,-,-,-,,v Afghanistan,Hangzhou,7 Oct 2023,
T20,JM Sharma,TDNB,-,-,-,-,-,-,,v Afghanistan,Hangzhou,7 Oct 2023,
T20,RK Singh,TDNB,-,-,-,-,-,-,,v Afghanistan,Hangzhou,7 Oct 2023,
T20,R Sai Kishore,TDNB,-,-,-,-,-,-,,v Afghanistan,Hangzhou,7 Oct 2023,
T20,RD Gaikwad,TDNB,-,-,-,-,-,-,,v Afghanistan,Hangzhou,7 Oct 2023,
T20,Arshdeep Singh,TDNB,-,-,-,-,-,-,,v Afghanistan,Hangzhou,7 Oct 2023,
T20,YBK Jaiswal,TDNB,-,-,-,-,-,-,,v Afghanistan,Hangzhou,7 Oct 2023,
T20,Shahbaz Ahmed,TDNB,-,-,-,-,-,-,,v Afghanistan,Hangzhou,7 Oct 2023,
T20,NT Tilak Varma,TDNB,-,-,-,-,-,-,,v Afghanistan,Hangzhou,7 Oct 2023,
T20,Ravi Bishnoi,TDNB,-,-,-,-,-,-,,v Afghanistan,Hangzhou,7 Oct 2023,
T20,M Prasidh Krishna,DNB,-,-,-,-,-,2,,v Australia,Visakhapatnam,23 Nov 2023,
T20,AR Patel,DNB,-,-,-,-,-,1,,v Australia,Thiruvananthapuram,26 Nov 2023,
T20,M Prasidh Krishna,DNB,-,-,-,-,-,1,,v Australia,Thiruvananthapuram,26 Nov 2023,
T20,Mukesh Kumar,DNB,-,-,-,-,-,1,,v Australia,Thiruvananthapuram,26 Nov 2023,
T20,Arshdeep Singh,DNB,-,-,-,-,-,1,,v Australia,Thiruvananthapuram,26 Nov 2023,
T20,Ravi Bishnoi,DNB,-,-,-,-,-,1,,v Australia,Thiruvananthapuram,26 Nov 2023,
T20,AR Patel,DNB,-,-,-,-,-,1,,v Australia,Guwahati,28 Nov 2023,
T20,Avesh Khan,DNB,-,-,-,-,-,1,,v Australia,Guwahati,28 Nov 2023,
T20,RK Singh,DNB,-,-,-,-,-,1,,v Australia,Guwahati,28 Nov 2023,
T20,M Prasidh Krishna,DNB,-,-,-,-,-,1,,v Australia,Guwahati,28 Nov 2023,
T20,Arshdeep Singh,DNB,-,-,-,-,-,1,,v Australia,Guwahati,28 Nov 2023,
T20,Ravi Bishnoi,DNB,-,-,-,-,-,1,,v Australia,Guwahati,28 Nov 2023,
T20,Mukesh Kumar,DNB,-,-,-,-,-,1,,v Australia,Raipur,1 Dec 2023,
T20,Avesh Khan,DNB,-,-,-,-,-,1,,v Australia,Bengaluru,3 Dec 2023,
T20,Mukesh Kumar,DNB,-,-,-,-,-,1,,v Australia,Bengaluru,3 Dec 2023,
T20,Kuldeep Yadav,DNB,-,-,-,-,-,1,,v South Africa,Gqeberha,12 Dec 2023,
T20,Mukesh Kumar,DNB,-,-,-,-,-,1,,v South Africa,Gqeberha,12 Dec 2023,
T20,Mohammed Siraj,DNB,-,-,-,-,-,1,,v South Africa,Gqeberha,12 Dec 2023,
T20,Kuldeep Yadav,DNB,-,-,-,-,-,1,,v South Africa,Johannesburg,14 Dec 2023,
T20,Mukesh Kumar,DNB,-,-,-,-,-,1,,v South Africa,Johannesburg,14 Dec 2023,
T20,AR Patel,DNB,-,-,-,-,-,2,,v Afghanistan,Mohali,11 Jan 2024,
T20,Washington Sundar,DNB,-,-,-,-,-,2,,v Afghanistan,Mohali,11 Jan 2024,
T20,Mukesh Kumar,DNB,-,-,-,-,-,2,,v Afghanistan,Mohali,11 Jan 2024,
T20,Arshdeep Singh,DNB,-,-,-,-,-,2,,v Afghanistan,Mohali,11 Jan 2024,
T20,Ravi Bishnoi,DNB,-,-,-,-,-,2,,v Afghanistan,Mohali,11 Jan 2024,
T20,AR Patel,DNB,-,-,-,-,-,2,,v Afghanistan,Indore,14 Jan 2024,
T20,Washington Sundar,DNB,-,-,-,-,-,2,,v Afghanistan,Indore,14 Jan 2024,
T20,Mukesh Kumar,DNB,-,-,-,-,-,2,,v Afghanistan,Indore,14 Jan 2024,
T20,Arshdeep Singh,DNB,-,-,-,-,-,2,,v Afghanistan,Indore,14 Jan 2024,
T20,Ravi Bishnoi,DNB,-,-,-,-,-,2,,v Afghanistan,Indore,14 Jan 2024,
T20,Kuldeep Yadav,DNB,-,-,-,-,-,1,,v Afghanistan,Bengaluru,17 Jan 2024,
T20,Avesh Khan,DNB,-,-,-,-,-,1,,v Afghanistan,Bengaluru,17 Jan 2024,
T20,Washington Sundar,DNB,-,-,-,-,-,1,,v Afghanistan,Bengaluru,17 Jan 2024,
T20,Mukesh Kumar,DNB,-,-,-,-,-,1,,v Afghanistan,Bengaluru,17 Jan 2024,
T20,Ravi Bishnoi,DNB,-,-,-,-,-,1,,v Afghanistan,Bengaluru,17 Jan 2024,
T20,RA Jadeja,DNB,-,-,-,-,-,2,,v Ireland,New York,5 Jun 2024,
T20,AR Patel,DNB,-,-,-,-,-,2,,v Ireland,New York,5 Jun 2024,
T20,HH Pandya,DNB,-,-,-,-,-,2,,v Ireland,New York,5 Jun 2024,
T20,JJ Bumrah,DNB,-,-,-,-,-,2,,v Ireland,New York,5 Jun 2024,
T20,Mohammed Siraj,DNB,-,-,-,-,-,2,,v Ireland,New York,5 Jun 2024,
T20,Arshdeep Singh,DNB,-,-,-,-,-,2,,v Ireland,New York,5 Jun 2024,
T20,RA Jadeja,DNB,-,-,-,-,-,2,,v U.S.A.,New York,12 Jun 2024,
T20,AR Patel,DNB,-,-,-,-,-,2,,v U.S.A.,New York,12 Jun 2024,
T20,HH Pandya,DNB,-,-,-,-,-,2,,v U.S.A.,New York,12 Jun 2024,
T20,JJ Bumrah,DNB,-,-,-,-,-,2,,v U.S.A.,New York,12 Jun 2024,
T20,Mohammed Siraj,DNB,-,-,-,-,-,2,,v U.S.A.,New York,12 Jun 2024,
T20,Arshdeep Singh,DNB,-,-,-,-,-,2,,v U.S.A.,New York,12 Jun 2024,
T20,Kuldeep Yadav,DNB,-,-,-,-,-,1,,v Afghanistan,Bridgetown,20 Jun 2024,
T20,JJ Bumrah,DNB,-,-,-,-,-,1,,v Afghanistan,Bridgetown,20 Jun 2024,
T20,RA Jadeja,DNB,-,-,-,-,-,1,,v Bangladesh,North Sound,22 Jun 2024,
T20,Kuldeep Yadav,DNB,-,-,-,-,-,1,,v Bangladesh,North Sound,22 Jun 2024,
T20,JJ Bumrah,DNB,-,-,-,-,-,1,,v Bangladesh,North Sound,22 Jun 2024,
T20,Arshdeep Singh,DNB,-,-,-,-,-,1,,v Bangladesh,North Sound,22 Jun 2024,
T20,AR Patel,DNB,-,-,-,-,-,1,,v Australia,Gros Islet,24 Jun 2024,
T20,Kuldeep Yadav,DNB,-,-,-,-,-,1,,v Australia,Gros Islet,24 Jun 2024,
T20,JJ Bumrah,DNB,-,-,-,-,-,1,,v Australia,Gros Islet,24 Jun 2024,
T20,Arshdeep Singh,DNB,-,-,-,-,-,1,,v Australia,Gros Islet,24 Jun 2024,
T20,Kuldeep Yadav,DNB,-,-,-,-,-,1,,v England,Providence,27 Jun 2024,
T20,JJ Bumrah,DNB,-,-,-,-,-,1,,v England,Providence,27 Jun 2024,
T20,Kuldeep Yadav,DNB,-,-,-,-,-,1,,v South Africa,Bridgetown,29 Jun 2024,
T20,JJ Bumrah,DNB,-,-,-,-,-,1,,v South Africa,Bridgetown,29 Jun 2024,
T20,Arshdeep Singh,DNB,-,-,-,-,-,1,,v South Africa,Bridgetown,29 Jun 2024,
T20,Avesh Khan,DNB,-,-,-,-,-,1,,v Zimbabwe,Harare,7 Jul 2024,
T20,Washington Sundar,DNB,-,-,-,-,-,1,,v Zimbabwe,Harare,7 Jul 2024,
T20,Mukesh Kumar,DNB,-,-,-,-,-,1,,v Zimbabwe,Harare,7 Jul 2024,
T20,R Parag,DNB,-,-,-,-,-,1,,v Zimbabwe,Harare,7 Jul 2024,
T20,B Sai Sudharsan,DNB,-,-,-,-,-,1,,v Zimbabwe,Harare,7 Jul 2024,
T20,Ravi Bishnoi,DNB,-,-,-,-,-,1,,v Zimbabwe,Harare,7 Jul 2024,
T20,DC Jurel,DNB,-,-,-,-,-,1,,v Zimbabwe,Harare,7 Jul 2024,
T20,Avesh Khan,DNB,-,-,-,-,-,1,,v Zimbabwe,Harare,10 Jul 2024,
T20,S Dube,DNB,-,-,-,-,-,1,,v Zimbabwe,Harare,10 Jul 2024,
T20,Washington Sundar,DNB,-,-,-,-,-,1,,v Zimbabwe,Harare,10 Jul 2024,
T20,KK Ahmed,DNB,-,-,-,-,-,1,,v Zimbabwe,Harare,10 Jul 2024,
T20,Ravi Bishnoi,DNB,-,-,-,-,-,1,,v Zimbabwe,Harare,10 Jul 2024,
T20,SV Samson,DNB,-,-,-,-,-,2,,v Zimbabwe,Harare,13 Jul 2024,
T20,S Dube,DNB,-,-,-,-,-,2,,v Zimbabwe,Harare,13 Jul 2024,
T20,Washington Sundar,DNB,-,-,-,-,-,2,,v Zimbabwe,Harare,13 Jul 2024,
T20,RK Singh,DNB,-,-,-,-,-,2,,v Zimbabwe,Harare,13 Jul 2024,
T20,TU Deshpande,DNB,-,-,-,-,-,2,,v Zimbabwe,Harare,13 Jul 2024,
T20,KK Ahmed,DNB,-,-,-,-,-,2,,v Zimbabwe,Harare,13 Jul 2024,
T20,RD Gaikwad,DNB,-,-,-,-,-,2,,v Zimbabwe,Harare,13 Jul 2024,
T20,Abhishek Sharma,DNB,-,-,-,-,-,2,,v Zimbabwe,Harare,13 Jul 2024,
T20,Ravi Bishnoi,DNB,-,-,-,-,-,2,,v Zimbabwe,Harare,13 Jul 2024,
T20,TU Deshpande,DNB,-,-,-,-,-,1,,v Zimbabwe,Harare,14 Jul 2024,
T20,Mukesh Kumar,DNB,-,-,-,-,-,1,,v Zimbabwe,Harare,14 Jul 2024,
T20,Ravi Bishnoi,DNB,-,-,-,-,-,1,,v Zimbabwe,Harare,14 Jul 2024,
T20,Mohammed Siraj,DNB,-,-,-,-,-,1,,v Sri Lanka,Pallekele,27 Jul 2024,
T20,Ravi Bishnoi,DNB,-,-,-,-,-,1,,v Sri Lanka,Pallekele,27 Jul 2024,
T20,AR Patel,DNB,-,-,-,-,-,2,,v Sri Lanka,Pallekele,28 Jul 2024,
T20,RK Singh,DNB,-,-,-,-,-,2,,v Sri Lanka,Pallekele,28 Jul 2024,
T20,Mohammed Siraj,DNB,-,-,-,-,-,2,,v Sri Lanka,Pallekele,28 Jul 2024,
T20,R Parag,DNB,-,-,-,-,-,2,,v Sri Lanka,Pallekele,28 Jul 2024,
T20,Arshdeep Singh,DNB,-,-,-,-,-,2,,v Sri Lanka,Pallekele,28 Jul 2024,
T20,Ravi Bishnoi,DNB,-,-,-,-,-,2,,v Sri Lanka,Pallekele,28 Jul 2024,
T20,KK Ahmed,DNB,-,-,-,-,-,1,,v Sri Lanka,Pallekele,30 Jul 2024,
T20,Washington Sundar,DNB,-,-,-,-,-,2,,v Bangladesh,Gwalior,6 Oct 2024,
T20,RK Singh,DNB,-,-,-,-,-,2,,v Bangladesh,Gwalior,6 Oct 2024,
T20,R Parag,DNB,-,-,-,-,-,2,,v Bangladesh,Gwalior,6 Oct 2024,
T20,CV Varun,DNB,-,-,-,-,-,2,,v Bangladesh,Gwalior,6 Oct 2024,
T20,Arshdeep Singh,DNB,-,-,-,-,-,2,,v Bangladesh,Gwalior,6 Oct 2024,
T20,MP Yadav,DNB,-,-,-,-,-,2,,v Bangladesh,Gwalior,6 Oct 2024,
T20,CV Varun,DNB,-,-,-,-,-,1,,v Bangladesh,Hyderabad,12 Oct 2024,
T20,Ravi Bishnoi,DNB,-,-,-,-,-,1,,v Bangladesh,Hyderabad,12 Oct 2024,
T20,MP Yadav,DNB,-,-,-,-,-,1,,v Bangladesh,Hyderabad,12 Oct 2024,
T20,Avesh Khan,DNB,-,-,-,-,-,1,,v South Africa,Durban,8 Nov 2024,
T20,CV Varun,DNB,-,-,-,-,-,1,,v South Africa,Durban,8 Nov 2024,
T20,Avesh Khan,DNB,-,-,-,-,-,1,,v South Africa,Gqeberha,10 Nov 2024,
T20,CV Varun,DNB,-,-,-,-,-,1,,v South Africa,Gqeberha,10 Nov 2024,
T20,Ravi Bishnoi,DNB,-,-,-,-,-,1,,v South Africa,Gqeberha,10 Nov 2024,
T20,CV Varun,DNB,-,-,-,-,-,1,,v South Africa,Centurion,13 Nov 2024,
T20,Arshdeep Singh,DNB,-,-,-,-,-,1,,v South Africa,Centurion,13 Nov 2024,
T20,Ravi Bishnoi,DNB,-,-,-,-,-,1,,v South Africa,Centurion,13 Nov 2024,
T20,SA Yadav,DNB,-,-,-,-,-,1,,v South Africa,Johannesburg,15 Nov 2024,
T20,AR Patel,DNB,-,-,-,-,-,1,,v South Africa,Johannesburg,15 Nov 2024,
T20,HH Pandya,DNB,-,-,-,-,-,1,,v South Africa,Johannesburg,15 Nov 2024,
T20,RK Singh,DNB,-,-,-,-,-,1,,v South Africa,Johannesburg,15 Nov 2024,
T20,Ramandeep Singh,DNB,-,-,-,-,-,1,,v South Africa,Johannesburg,15 Nov 2024,
T20,CV Varun,DNB,-,-,-,-,-,1,,v South Africa,Johannesburg,15 Nov 2024,
T20,Arshdeep Singh,DNB,-,-,-,-,-,1,,v South Africa,Johannesburg,15 Nov 2024,
T20,Ravi Bishnoi,DNB,-,-,-,-,-,1,,v South Africa,Johannesburg,15 Nov 2024,
T20,AR Patel,DNB,-,-,-,-,-,2,,v England,Eden Gardens,22 Jan 2025,
T20,RK Singh,DNB,-,-,-,-,-,2,,v England,Eden Gardens,22 Jan 2025,
T20,CV Varun,DNB,-,-,-,-,-,2,,v England,Eden Gardens,22 Jan 2025,
T20,Arshdeep Singh,DNB,-,-,-,-,-,2,,v England,Eden Gardens,22 Jan 2025,
T20,Ravi Bishnoi,DNB,-,-,-,-,-,2,,v England,Eden Gardens,22 Jan 2025,
T20,K Nitish Kumar Reddy,DNB,-,-,-,-,-,2,,v England,Eden Gardens,22 Jan 2025,
T20,CV Varun,DNB,-,-,-,-,-,2,,v England,Chennai,25 Jan 2025,
T20,CV Varun,DNB,-,-,-,-,-,1,,v England,Pune,31 Jan 2025,
T20,Harshit Rana,DNB,-,-,-,-,-,1,,v England,Pune,31 Jan 2025,
T20,CV Varun,DNB,-,-,-,-,-,1,,v England,Wankhede,2 Feb 2025,
T20,SV Samson,DNB,-,-,-,-,-,2,,v U.A.E.,Dubai (DICS),10 Sep 2025,
T20,AR Patel,DNB,-,-,-,-,-,2,,v U.A.E.,Dubai (DICS),10 Sep 2025,
T20,Kuldeep Yadav,DNB,-,-,-,-,-,2,,v U.A.E.,Dubai (DICS),10 Sep 2025,
T20,HH Pandya,DNB,-,-,-,-,-,2,,v U.A.E.,Dubai (DICS),10 Sep 2025,
T20,JJ Bumrah,DNB,-,-,-,-,-,2,,v U.A.E.,Dubai (DICS),10 Sep 2025,
T20,S Dube,DNB,-,-,-,-,-,2,,v U.A.E.,Dubai (DICS),10 Sep 2025,
T20,CV Varun,DNB,-,-,-,-,-,2,,v U.A.E.,Dubai (DICS),10 Sep 2025,
T20,NT Tilak Varma,DNB,-,-,-,-,-,2,,v U.A.E.,Dubai (DICS),10 Sep 2025,
T20,SV Samson,DNB,-,-,-,-,-,2,,v Pakistan,Dubai (DICS),14 Sep 2025,
T20,AR Patel,DNB,-,-,-,-,-,2,,v Pakistan,Dubai (DICS),14 Sep 2025,
T20,Kuldeep Yadav,DNB,-,-,-,-,-,2,,v Pakistan,Dubai (DICS),14 Sep 2025,
T20,HH Pandya,DNB,-,-,-,-,-,2,,v Pakistan,Dubai (DICS),14 Sep 2025,
T20,JJ Bumrah,DNB,-,-,-,-,-,2,,v Pakistan,Dubai (DICS),14 Sep 2025,
T20,CV Varun,DNB,-,-,-,-,-,2,,v Pakistan,Dubai (DICS),14 Sep 2025,
T20,SA Yadav,DNB,-,-,-,-,-,1,,v Oman,Abu Dhabi,19 Sep 2025,
T20,AR Patel,DNB,-,-,-,-,-,2,,v Pakistan,Dubai (DICS),21 Sep 2025,
T20,Kuldeep Yadav,DNB,-,-,-,-,-,2,,v Pakistan,Dubai (DICS),21 Sep 2025,
T20,JJ Bumrah,DNB,-,-,-,-,-,2,,v Pakistan,Dubai (DICS),21 Sep 2025,
T20,S Dube,DNB,-,-,-,-,-,2,,v Pakistan,Dubai (DICS),21 Sep 2025,
T20,CV Varun,DNB,-,-,-,-,-,2,,v Pakistan,Dubai (DICS),21 Sep 2025,
T20,SV Samson,DNB,-,-,-,-,-,1,,v Bangladesh,Dubai (DICS),24 Sep 2025,
T20,Kuldeep Yadav,DNB,-,-,-,-,-,1,,v Bangladesh,Dubai (DICS),24 Sep 2025,
T20,JJ Bumrah,DNB,-,-,-,-,-,1,,v Bangladesh,Dubai (DICS),24 Sep 2025,
T20,CV Varun,DNB,-,-,-,-,-,1,,v Bangladesh,Dubai (DICS),24 Sep 2025,
T20,Kuldeep Yadav,DNB,-,-,-,-,-,1,,v Sri Lanka,Dubai (DICS),26 Sep 2025,
T20,CV Varun,DNB,-,-,-,-,-,1,,v Sri Lanka,Dubai (DICS),26 Sep 2025,
T20,Arshdeep Singh,DNB,-,-,-,-,-,1,,v Sri Lanka,Dubai (DICS),26 Sep 2025,
T20,Harshit Rana,DNB,-,-,-,-,-,1,,v Sri Lanka,Dubai (DICS),26 Sep 2025,
T20,AR Patel,DNB,-,-,-,-,-,2,,v Pakistan,Dubai (DICS),28 Sep 2025,
T20,Kuldeep Yadav,DNB,-,-,-,-,-,2,,v Pakistan,Dubai (DICS),28 Sep 2025,
T20,JJ Bumrah,DNB,-,-,-,-,-,2,,v Pakistan,Dubai (DICS),28 Sep 2025,
T20,CV Varun,DNB,-,-,-,-,-,2,,v Pakistan,Dubai (DICS),28 Sep 2025,
T20,SV Samson,DNB,-,-,-,-,-,1,,v Australia,Canberra,29 Oct 2025,
T20,AR Patel,DNB,-,-,-,-,-,1,,v Australia,Canberra,29 Oct 2025,
T20,Kuldeep Yadav,DNB,-,-,-,-,-,1,,v Australia,Canberra,29 Oct 2025,
T20,JJ Bumrah,DNB,-,-,-,-,-,1,,v Australia,Canberra,29 Oct 2025,
T20,S Dube,DNB,-,-,-,-,-,1,,v Australia,Canberra,29 Oct 2025,
T20,CV Varun,DNB,-,-,-,-,-,1,,v Australia,Canberra,29 Oct 2025,
T20,NT Tilak Varma,DNB,-,-,-,-,-,1,,v Australia,Canberra,29 Oct 2025,
T20,Harshit Rana,DNB,-,-,-,-,-,1,,v Australia,Canberra,29 Oct 2025,
T20,JJ Bumrah,DNB,-,-,-,-,-,2,,v Australia,Hobart,2 Nov 2025,
T20,S Dube,DNB,-,-,-,-,-,2,,v Australia,Hobart,2 Nov 2025,
T20,CV Varun,DNB,-,-,-,-,-,2,,v Australia,Hobart,2 Nov 2025,
T20,Arshdeep Singh,DNB,-,-,-,-,-,2,,v Australia,Hobart,2 Nov 2025,
T20,JJ Bumrah,DNB,-,-,-,-,-,1,,v Australia,Carrara,6 Nov 2025,
T20,SA Yadav,DNB,-,-,-,-,-,1,,v Australia,Brisbane,8 Nov 2025,
T20,AR Patel,DNB,-,-,-,-,-,1,,v Australia,Brisbane,8 Nov 2025,
T20,JJ Bumrah,DNB,-,-,-,-,-,1,,v Australia,Brisbane,8 Nov 2025,
T20,S Dube,DNB,-,-,-,-,-,1,,v Australia,Brisbane,8 Nov 2025,
T20,Washington Sundar,DNB,-,-,-,-,-,1,,v Australia,Brisbane,8 Nov 2025,
T20,JM Sharma,DNB,-,-,-,-,-,1,,v Australia,Brisbane,8 Nov 2025,
T20,RK Singh,DNB,-,-,-,-,-,1,,v Australia,Brisbane,8 Nov 2025,
T20,CV Varun,DNB,-,-,-,-,-,1,,v Australia,Brisbane,8 Nov 2025,
T20,Arshdeep Singh,DNB,-,-,-,-,-,1,,v Australia,Brisbane,8 Nov 2025,
T20,JJ Bumrah,DNB,-,-,-,-,-,1,,v South Africa,Cuttack,9 Dec 2025,
T20,CV Varun,DNB,-,-,-,-,-,1,,v South Africa,Cuttack,9 Dec 2025,
T20,Arshdeep Singh,DNB,-,-,-,-,-,1,,v South Africa,Cuttack,9 Dec 2025,
T20,Kuldeep Yadav,DNB,-,-,-,-,-,2,,v South Africa,Dharamsala,14 Dec 2025,
T20,HH Pandya,DNB,-,-,-,-,-,2,,v South Africa,Dharamsala,14 Dec 2025,
T20,JM Sharma,DNB,-,-,-,-,-,2,,v South Africa,Dharamsala,14 Dec 2025,
T20,CV Varun,DNB,-,-,-,-,-,2,,v South Africa,Dharamsala,14 Dec 2025,
T20,Arshdeep Singh,DNB,-,-,-,-,-,2,,v South Africa,Dharamsala,14 Dec 2025,
T20,Harshit Rana,DNB,-,-,-,-,-,2,,v South Africa,Dharamsala,14 Dec 2025,
T20,JJ Bumrah,DNB,-,-,-,-,-,1,,v South Africa,Ahmedabad,19 Dec 2025,
T20,Washington Sundar,DNB,-,-,-,-,-,1,,v South Africa,Ahmedabad,19 Dec 2025,
T20,CV Varun,DNB,-,-,-,-,-,1,,v South Africa,Ahmedabad,19 Dec 2025,
T20,Arshdeep Singh,DNB,-,-,-,-,-,1,,v South Africa,Ahmedabad,19 Dec 2025,
T20,JJ Bumrah,DNB,-,-,-,-,-,1,,v New Zealand,Nagpur,21 Jan 2026,
T20,CV Varun,DNB,-,-,-,-,-,1,,v New Zealand,Nagpur,21 Jan 2026,
T20,Kuldeep Yadav,DNB,-,-,-,-,-,2,,v New Zealand,Raipur,23 Jan 2026,
T20,HH Pandya,DNB,-,-,-,-,-,2,,v New Zealand,Raipur,23 Jan 2026,
T20,RK Singh,DNB,-,-,-,-,-,2,,v New Zealand,Raipur,23 Jan 2026,
T20,CV Varun,DNB,-,-,-,-,-,2,,v New Zealand,Raipur,23 Jan 2026,
T20,Arshdeep Singh,DNB,-,-,-,-,-,2,,v New Zealand,Raipur,23 Jan 2026,
T20,Harshit Rana,DNB,-,-,-,-,-,2,,v New Zealand,Raipur,23 Jan 2026,
T20,Kuldeep Yadav,DNB,-,-,-,-,-,2,,v New Zealand,Guwahati,25 Jan 2026,
T20,HH Pandya,DNB,-,-,-,-,-,2,,v New Zealand,Guwahati,25 Jan 2026,
T20,JJ Bumrah,DNB,-,-,-,-,-,2,,v New Zealand,Guwahati,25 Jan 2026,
T20,S Dube,DNB,-,-,-,-,-,2,,v New Zealand,Guwahati,25 Jan 2026,
T20,RK Singh,DNB,-,-,-,-,-,2,,v New Zealand,Guwahati,25 Jan 2026,
T20,Ravi Bishnoi,DNB,-,-,-,-,-,2,,v New Zealand,Guwahati,25 Jan 2026,
T20,Harshit Rana,DNB,-,-,-,-,-,2,,v New Zealand,Guwahati,25 Jan 2026,
T20,AR Patel,DNB,-,-,-,-,-,1,,v New Zealand,Thiruvananthapuram,31 Jan 2026,
T20,JJ Bumrah,DNB,-,-,-,-,-,1,,v New Zealand,Thiruvananthapuram,31 Jan 2026,
T20,CV Varun,DNB,-,-,-,-,-,1,,v New Zealand,Thiruvananthapuram,31 Jan 2026,
T20,Arshdeep Singh,DNB,-,-,-,-,-,1,,v New Zealand,Thiruvananthapuram,31 Jan 2026,
T20,Mohammed Siraj,DNB,-,-,-,-,-,1,,v U.S.A.,Wankhede,7 Feb 2026,
T20,JJ Bumrah,DNB,-,-,-,-,-,1,,v Namibia,Delhi,12 Feb 2026,
T20,Kuldeep Yadav,DNB,-,-,-,-,-,1,,v Pakistan,Colombo (RPS),15 Feb 2026,
T20,JJ Bumrah,DNB,-,-,-,-,-,1,,v Pakistan,Colombo (RPS),15 Feb 2026,
T20,CV Varun,DNB,-,-,-,-,-,1,,v Pakistan,Colombo (RPS),15 Feb 2026,
T20,JJ Bumrah,DNB,-,-,-,-,-,1,,v Netherlands,Ahmedabad,18 Feb 2026,
T20,Washington Sundar,DNB,-,-,-,-,-,1,,v Netherlands,Ahmedabad,18 Feb 2026,
T20,CV Varun,DNB,-,-,-,-,-,1,,v Netherlands,Ahmedabad,18 Feb 2026,
T20,Arshdeep Singh,DNB,-,-,-,-,-,1,,v Netherlands,Ahmedabad,18 Feb 2026,
T20,AR Patel,DNB,-,-,-,-,-,1,,v Zimbabwe,Chennai,26 Feb 2026,
T20,JJ Bumrah,DNB,-,-,-,-,-,1,,v Zimbabwe,Chennai,26 Feb 2026,
T20,S Dube,DNB,-,-,-,-,-,1,,v Zimbabwe,Chennai,26 Feb 2026,
T20,CV Varun,DNB,-,-,-,-,-,1,,v Zimbabwe,Chennai,26 Feb 2026,
T20,Arshdeep Singh,DNB,-,-,-,-,-,1,,v Zimbabwe,Chennai,26 Feb 2026,
T20,AR Patel,DNB,-,-,-,-,-,2,,v West Indies,Eden Gardens,1 Mar 2026,
T20,JJ Bumrah,DNB,-,-,-,-,-,2,,v West Indies,Eden Gardens,1 Mar 2026,
T20,CV Varun,DNB,-,-,-,-,-,2,,v West Indies,Eden Gardens,1 Mar 2026,
T20,Arshdeep Singh,DNB,-,-,-,-,-,2,,v West Indies,Eden Gardens,1 Mar 2026,
T20,JJ Bumrah,DNB,-,-,-,-,-,1,,v England,Wankhede,5 Mar 2026,
T20,Arshdeep Singh,DNB,-,-,-,-,-,1,,v England,Wankhede,5 Mar 2026,
T20,AR Patel,DNB,-,-,-,-,-,1,,v New Zealand,Ahmedabad,8 Mar 2026,
T20,JJ Bumrah,DNB,-,-,-,-,-,1,,v New Zealand,Ahmedabad,8 Mar 2026,
T20,CV Varun,DNB,-,-,-,-,-,1,,v New Zealand,Ahmedabad,8 Mar 2026,
T20,Arshdeep Singh,DNB,-,-,-,-,-,1,,v New Zealand,Ahmedabad,8 Mar 2026,
